timestamp,bidPrice,askPrice,transportFees,exportTariff,importTariff,sugarPrice,sunlightIndex,
0,671,672.5,2.1,10,-3,199,55,671.75
100,672,673.5,2.1,10,-3,199.0640894,55,672.75
200,668.5,670,2.1,10,-3,198.7831682,55.01,669.25
300,668.5,670,2.1,10,-3,198.5451204,55.02,669.25
400,668,669.5,2.1,10,-3,198.4552608,55.02,668.75
500,668.5,670,2.1,10,-3,198.3275292,55.02,669.25
600,668.5,670,2.1,10,-3,198.3160221,55.03,669.25
700,666.5,668,2.1,10,-3,197.9338146,55.04,667.25
800,665.5,667,2.1,10,-3,197.9476105,55.04,666.25
900,667,668.5,2.1,10,-3,198.029885,55.04,667.75
1000,663.5,665,2.1,10,-3,197.9052371,55.05,664.25
1100,662.5,664,2.1,10,-3,198.0165933,55.06,663.25
1200,660,661.5,2.1,10,-3,197.8808047,55.06,660.75
1300,660,661.5,2.1,10,-3,197.9579259,55.06,660.75
1400,658,659.5,2.1,10,-3,197.7650736,55.07,658.75
1500,656,657.5,2.1,10,-3,197.7011287,55.08,656.75
1600,655.5,657,2.1,10,-3,197.506908,55.08,656.25
1700,658,659.5,2.1,10,-3,197.7254109,55.08,658.75
1800,656.5,658,2.1,10,-3,197.7306778,55.09,657.25
1900,661,662.5,2.1,10,-3,197.9388818,55.1,661.75
2000,658.5,660,2.1,10,-3,197.8649755,55.1,659.25
2100,654,655.5,2.1,10,-3,197.5084966,55.1,654.75
2200,656.5,658,2.1,10,-3,197.4749907,55.11,657.25
2300,654,655.5,2.1,10,-3,197.3785734,55.12,654.75
2400,653,654.5,2.1,10,-3,197.4769789,55.12,653.75
2500,650,651.5,2.1,10,-3,197.4289708,55.12,650.75
2600,646.5,648,2.1,10,-3,197.1049164,55.13,647.25
2700,642,643.5,2.1,10,-3,196.8151291,55.14,642.75
2800,636,637.5,2.1,10,-3,196.6080591,55.14,636.75
2900,637.5,639,2.1,10,-3,196.7270344,55.14,638.25
3000,639.5,641,2.1,10,-3,196.8061914,55.15,640.25
3100,643.5,645,2.1,10,-3,197.0319121,55.16,644.25
3200,645,646.5,2.1,10,-3,197.2418309,55.16,645.75
3300,647.5,649,2.1,10,-3,197.7410486,55.16,648.25
3400,647,649,2.1,10,-3,197.6283245,55.17,648
3500,649.5,651,2.1,10,-3,197.6716396,55.18,650.25
3600,652.5,654,2.1,10,-3,197.7762554,55.18,653.25
3700,653.5,655,2.1,10,-3,197.8638461,55.18,654.25
3800,654,655.5,2.1,10,-3,198.0563327,55.19,654.75
3900,655,656.5,2.1,10,-3,197.8040823,55.2,655.75
4000,654,655.5,2.1,10,-3,197.9078994,55.2,654.75
4100,649,650.5,2.1,10,-3,197.7267691,55.2,649.75
4200,646,647.5,2.1,10,-3,197.5140617,55.21,646.75
4300,647.5,649,2.1,10,-3,197.7370195,55.22,648.25
4400,652,653.5,2.1,10,-3,198.1300682,55.22,652.75
4500,650.5,652,2.1,10,-3,198.0328116,55.22,651.25
4600,648,649.5,2.1,10,-3,197.9835385,55.23,648.75
4700,651,652.5,2.1,10,-3,198.0426404,55.24,651.75
4800,648.5,650,2.1,10,-3,198.0311312,55.24,649.25
4900,648,649.5,2.1,10,-3,198.1962438,55.24,648.75
5000,649.5,651,2.1,10,-3,198.5463064,55.25,650.25
5100,651,652.5,2.1,10,-3,198.7740048,55.26,651.75
5200,650.5,652,2.1,10,-3,198.8424022,55.26,651.25
5300,649,650.5,2.1,10,-3,198.8973777,55.26,649.75
5400,646.5,648,2.1,10,-3,198.7336147,55.27,647.25
5500,648.5,650,2.1,10,-3,198.6999058,55.28,649.25
5600,644.5,646,2.1,10,-3,198.5195137,55.28,645.25
5700,646,647.5,2.1,10,-3,198.7046312,55.28,646.75
5800,644.5,646,2.1,10,-3,198.5928008,55.29,645.25
5900,645,646.5,2.1,10,-3,198.6953928,55.3,645.75
6000,647.5,649,2.1,10,-3,198.8844658,55.3,648.25
6100,643.5,645,2.1,10,-3,198.7828907,55.3,644.25
6200,641.5,643,2.1,10,-3,198.6176113,55.31,642.25
6300,639,640.5,2.1,10,-3,198.5270389,55.32,639.75
6400,641.5,643,2.1,10,-3,198.9566143,55.32,642.25
6500,642,643.5,2.1,10,-3,198.7590122,55.32,642.75
6600,641.5,643.5,2.1,10,-3,199.1362841,55.33,642.5
6700,644,645.5,2.1,10,-3,199.2907488,55.34,644.75
6800,643.5,645,2.1,10,-3,199.2296189,55.34,644.25
6900,646.5,648,2.1,10,-3,199.3880121,55.34,647.25
7000,645.5,647,2.1,10,-3,199.1739169,55.35,646.25
7100,642,643.5,2.1,10,-3,199.0313137,55.36,642.75
7200,642,643.5,2.1,10,-3,198.9237524,55.36,642.75
7300,646.5,648,2.1,10,-3,199.0144076,55.36,647.25
7400,642.5,644,2.1,10,-3,198.8119841,55.37,643.25
7500,641,642.5,2.1,10,-3,198.7407841,55.38,641.75
7600,638.5,640,2.1,10,-3,198.5621674,55.38,639.25
7700,640.5,642,2.1,10,-3,198.823016,55.38,641.25
7800,643,644.5,2.1,10,-3,198.8346586,55.39,643.75
7900,643.5,645,2.1,10,-3,198.7495693,55.4,644.25
8000,645,646.5,2.1,10,-3,198.7053337,55.4,645.75
8100,645,646.5,2.1,10,-3,198.4696663,55.4,645.75
8200,642.5,644,2.1,10,-3,198.311118,55.41,643.25
8300,645.5,647,2.1,10,-3,198.5174485,55.42,646.25
8400,646,647.5,2.1,10,-3,198.6670245,55.42,646.75
8500,645.5,647.5,2.1,10,-3,198.4442749,55.42,646.5
8600,644.5,646,2.1,10,-3,198.4160903,55.43,645.25
8700,646,647.5,2.1,10,-3,198.458402,55.44,646.75
8800,642,643.5,2.1,10,-3,198.4163727,55.44,642.75
8900,644,645.5,2.1,10,-3,198.6590574,55.44,644.75
9000,640.5,642,2.1,10,-3,198.6279864,55.45,641.25
9100,644,645.5,2.1,10,-3,198.8582809,55.46,644.75
9200,643.5,645,2.1,10,-3,198.6469571,55.46,644.25
9300,646.5,648,2.1,10,-3,198.8440299,55.46,647.25
9400,644.5,646,2.1,10,-3,198.7001717,55.47,645.25
9500,641.5,643,2.1,10,-3,198.6722716,55.48,642.25
9600,638,639.5,2.1,10,-3,198.4375877,55.48,638.75
9700,638.5,640,2.1,10,-3,198.4531492,55.48,639.25
9800,638,639.5,2.1,10,-3,198.4401619,55.49,638.75
9900,641,642.5,2.1,10,-3,198.5943605,55.5,641.75
10000,644.5,646,2.1,10,-3,198.6043028,55.5,645.25
10100,645,646.5,2.1,10,-3,198.8595599,55.5,645.75
10200,641.5,643,2.1,10,-3,198.5994381,55.51,642.25
10300,643.5,645,2.1,10,-3,198.7983053,55.52,644.25
10400,643.5,645.5,2.1,10,-3,198.6583787,55.52,644.5
10500,643.5,645.5,2.1,10,-3,198.6162818,55.52,644.5
10600,643,644.5,2.1,10,-3,198.8485581,55.53,643.75
10700,641.5,643,2.1,10,-3,198.8296615,55.54,642.25
10800,644,645.5,2.1,10.5,-3,198.9245065,55.54,644.75
10900,644,645.5,2.1,10.5,-3,198.794079,55.54,644.75
11000,645.5,647,2.1,10.5,-3,198.9465959,55.55,646.25
11100,646,647.5,2.1,10.5,-3,199.2806863,55.56,646.75
11200,646,647.5,2.1,10.5,-3,199.32012,55.56,646.75
11300,645.5,647,2.1,10.5,-3,199.517789,55.56,646.25
11400,646,647.5,2.1,10.5,-3,199.4791694,55.57,646.75
11500,645,646.5,2.1,10.5,-3,199.4427665,55.58,645.75
11600,640.5,642,2.1,10.5,-3,199.0013625,55.58,641.25
11700,642,643.5,2.1,10.5,-3,198.7457465,55.58,642.75
11800,640.5,642,2.1,10.5,-3,198.5097837,55.59,641.25
11900,637,638.5,2.1,10.5,-3,198.1528036,55.6,637.75
12000,637.5,639,2.1,10.5,-3,198.3999842,55.6,638.25
12100,633.5,635,2.1,10.5,-3,198.2600447,55.6,634.25
12200,631.5,633,2.1,10.5,-3,198.1353148,55.61,632.25
12300,632,633.5,2.1,10.5,-3,198.2409611,55.62,632.75
12400,634,635.5,2.1,10.5,-3,198.2727434,55.62,634.75
12500,634,635.5,2.1,10.5,-3,198.2570274,55.62,634.75
12600,636.5,638,2.1,10.5,-3,198.4141298,55.63,637.25
12700,636.5,638,2.1,10.5,-3,198.691056,55.64,637.25
12800,637.5,639,2.1,10.5,-3,198.7303254,55.64,638.25
12900,639,640.5,2.1,10.5,-3,198.9325477,55.64,639.75
13000,638,639.5,2.1,10.5,-3,198.796519,55.65,638.75
13100,635.5,637,2.1,10.5,-3,198.6862058,55.66,636.25
13200,638,639.5,2.1,10.5,-3,198.8528902,55.66,638.75
13300,637,638.5,2.1,10.5,-3,199.0284498,55.66,637.75
13400,632.5,634,2.1,10.5,-3,198.9733025,55.67,633.25
13500,630,631.5,2.1,10.5,-3,198.768256,55.68,630.75
13600,629,630.5,2.1,10.5,-3,198.6893886,55.68,629.75
13700,626.5,628,2.1,10.5,-3,198.512514,55.68,627.25
13800,624.5,626,2.1,10.5,-3,198.4921725,55.69,625.25
13900,625.5,627,2.1,10.5,-3,198.495849,55.7,626.25
14000,625.5,627,2.1,10.5,-3,198.4280564,55.7,626.25
14100,626.5,628,2.1,10.5,-3,198.49997,55.7,627.25
14200,624.5,626,2.1,10.5,-3,198.5531517,55.71,625.25
14300,624.5,626,2.1,10.5,-3,198.8264714,55.72,625.25
14400,622,623.5,2.1,10.5,-3,198.7977468,55.72,622.75
14500,619.5,621,2.1,10.5,-3,198.585223,55.72,620.25
14600,617,618.5,2.1,10.5,-3,198.6385434,55.73,617.75
14700,615,616.5,2.1,10.5,-3,198.703277,55.74,615.75
14800,618,619.5,2.1,10.5,-3,198.873373,55.74,618.75
14900,622.5,624,2.1,10.5,-3,199.0736827,55.74,623.25
15000,618.5,620,2.1,10.5,-3,198.8524985,55.75,619.25
15100,617,618.5,2.1,10.5,-3,198.6531397,55.76,617.75
15200,616,617.5,2.1,10.5,-3,198.4334779,55.76,616.75
15300,616,617.5,2.1,10.5,-3,198.4519184,55.76,616.75
15400,617.5,619,2.1,10.5,-3,198.6409335,55.77,618.25
15500,615.5,617,2.1,10.5,-3,198.3354236,55.78,616.25
15600,617.5,619,2.1,10.5,-3,198.4524274,55.78,618.25
15700,620.5,622,2.1,10.5,-3,198.6190438,55.78,621.25
15800,623,624.5,2.1,10.5,-3,198.6601116,55.79,623.75
15900,626,627.5,2.1,10.5,-3,198.7733087,55.8,626.75
16000,623,624.5,2.1,10.5,-3,198.7728287,55.8,623.75
16100,626,627.5,2.1,10.5,-3,198.8770373,55.8,626.75
16200,626,627.5,2.1,10.5,-3,198.9072298,55.81,626.75
16300,623.5,625,2.1,10.5,-3,198.9322911,55.82,624.25
16400,623.5,625,2.1,10.5,-3,199.0081106,55.82,624.25
16500,624,625.5,2.1,10.5,-3,199.0090353,55.82,624.75
16600,627.5,629,2.1,10.5,-3,199.1058306,55.83,628.25
16700,625,626.5,2.1,10.5,-3,198.8290448,55.84,625.75
16800,624.5,626.5,2.1,10.5,-3,199.1325732,55.84,625.5
16900,623,624.5,2.1,10.5,-3,199.0136895,55.84,623.75
17000,621,622.5,2.1,10.5,-3,198.7790536,55.85,621.75
17100,626.5,628,2.1,10.5,-3,198.9150081,55.86,627.25
17200,627,628.5,2.1,10.5,-3,199.0278007,55.86,627.75
17300,625.5,627,2.1,10.5,-3,198.8034176,55.86,626.25
17400,624,625.5,2.1,10.5,-3,198.6888995,55.87,624.75
17500,621,622.5,2.1,10.5,-3,198.528446,55.88,621.75
17600,622,623.5,2.1,10.5,-3,198.5476532,55.88,622.75
17700,621.5,623,2.1,10.5,-3,198.6456387,55.88,622.25
17800,619,620.5,2.1,10.5,-3,198.5694361,55.89,619.75
17900,614,615.5,2.1,10.5,-3,198.5276356,55.9,614.75
18000,614,615.5,2.1,10.5,-3,198.4327344,55.9,614.75
18100,613,614.5,2.1,10.5,-3,198.33512,55.9,613.75
18200,614,615.5,2.1,10.5,-3,198.5495981,55.91,614.75
18300,611.5,613,2.1,10.5,-3,198.3386278,55.92,612.25
18400,611,612.5,2.1,10.5,-3,198.5749982,55.92,611.75
18500,610.5,612,2.1,10.5,-3,198.6141943,55.92,611.25
18600,610,611.5,2.1,10.5,-3,198.3657071,55.93,610.75
18700,610,611.5,2.1,10.5,-3,197.9776007,55.94,610.75
18800,607,608.5,2.1,10.5,-3,197.8710498,55.94,607.75
18900,610,611.5,2.1,10.5,-3,198.0211518,55.94,610.75
19000,611,612.5,2.1,10.5,-3,198.3339516,55.95,611.75
19100,612.5,614,2.1,10.5,-3,198.6269012,55.96,613.25
19200,612.5,614,2.1,10.5,-3,198.4766302,55.96,613.25
19300,613.5,615,2.1,10.5,-3,198.0750606,55.96,614.25
19400,609,610.5,2.1,10.5,-3,197.8307439,55.97,609.75
19500,610,611.5,2.1,10.5,-3,197.8687607,55.98,610.75
19600,608,609.5,2.1,10.5,-3,197.5306616,55.98,608.75
19700,610,611.5,2.1,10.5,-3,197.6437849,55.98,610.75
19800,614,615.5,2.1,10.5,-3,197.7726409,55.99,614.75
19900,613.5,615,2.1,10.5,-3,197.5533491,56,614.25
20000,611.5,613,2.1,10.5,-3,197.6864976,56,612.25
20100,609.5,611,2.1,10.5,-3,197.3413987,56,610.25
20200,610.5,612,2.1,10.5,-3,197.6788108,56.01,611.25
20300,611.5,613,2.1,10.5,-3,197.6443708,56.02,612.25
20400,614,615.5,2.1,10.5,-3,197.70255,56.02,614.75
20500,619,620.5,2.1,10.5,-3,197.9343411,56.02,619.75
20600,616,617.5,2.1,10.5,-3,197.816612,56.03,616.75
20700,616.5,618,2.1,10.5,-3,197.9092523,56.04,617.25
20800,616,617.5,2.1,10.5,-3,197.4989402,56.04,616.75
20900,618,619.5,2.1,10.5,-3,197.6623895,56.04,618.75
21000,617.5,619,2.1,10.5,-3,197.5498576,56.05,618.25
21100,617.5,619,2.1,10.5,-3,197.5090484,56.06,618.25
21200,620.5,622,2.1,10.5,-3,197.9530507,56.06,621.25
21300,625,626.5,2.1,10.5,-3,198.080144,56.06,625.75
21400,620.5,622,2.1,10.5,-3,197.8195003,56.07,621.25
21500,624,625.5,2.1,10.5,-3,197.9429489,56.08,624.75
21600,621.5,623,2.1,10.5,-3,197.8024401,56.08,622.25
21700,624.5,626,2.1,10.5,-3,197.8186824,56.08,625.25
21800,625.5,627,2.1,10.5,-3,197.964774,56.09,626.25
21900,628,629.5,2.1,10.5,-3,198.1642995,56.1,628.75
22000,631,632.5,2.1,10.5,-3,198.2658147,56.1,631.75
22100,631,633,2.1,10.5,-3,198.3342517,56.1,632
22200,633.5,635,2.1,10.5,-3,198.1921994,56.11,634.25
22300,631.5,633,2.1,10.5,-3,198.0738994,56.12,632.25
22400,631,632.5,2.1,10.5,-3,197.7868085,56.12,631.75
22500,635.5,637,2.1,10.5,-3,198.0721091,56.12,636.25
22600,632.5,634,2.1,10.5,-3,198.0227314,56.13,633.25
22700,631,632.5,2.1,10.5,-3,197.9322322,56.14,631.75
22800,630.5,632,2.1,10.5,-3,197.7873259,56.14,631.25
22900,628,629.5,2.1,10.5,-3,197.4354021,56.14,628.75
23000,629,630.5,2.1,10.5,-3,197.6357332,56.15,629.75
23100,624.5,626,2.1,10.5,-3,197.5519111,56.16,625.25
23200,624,625.5,2.1,10.5,-3,197.764252,56.16,624.75
23300,621.5,623,2.1,10.5,-3,197.5766368,56.16,622.25
23400,625,626.5,2.1,10.5,-3,197.7767938,56.17,625.75
23500,622.5,624,2.1,10.5,-3,197.7545208,56.18,623.25
23600,620,621.5,2.1,10.5,-3,197.6988394,56.18,620.75
23700,622,623.5,2.1,10.5,-3,197.8712788,56.18,622.75
23800,623,624.5,2.1,10.5,-3,197.9544354,56.19,623.75
23900,620,621.5,2.1,10.5,-3,197.9367826,56.2,620.75
24000,619,620.5,2.1,10.5,-3,197.9308583,56.2,619.75
24100,619.5,621,2.1,10.5,-3,198.2842692,56.2,620.25
24200,619,620.5,2.1,10.5,-3,198.0555156,56.21,619.75
24300,620.5,622,2.1,10,-3,198.4549328,56.22,621.25
24400,619,620.5,2.1,10,-3,198.3833968,56.22,619.75
24500,617.5,619,2.1,10,-3,198.3694942,56.22,618.25
24600,616.5,618,2.1,10,-3,198.3433761,56.23,617.25
24700,616,617.5,2.1,10,-3,198.2563467,56.24,616.75
24800,616,617.5,2.1,10,-3,197.8061413,56.24,616.75
24900,617,618.5,2.1,10,-3,197.8736708,56.24,617.75
25000,617,618.5,2.1,10,-3,197.6725817,56.25,617.75
25100,620,621.5,2.1,10,-3,197.7566021,56.26,620.75
25200,617,618.5,2.1,10,-3,197.6902865,56.26,617.75
25300,618.5,620,2.1,10,-3,197.747907,56.26,619.25
25400,618,619.5,2.1,10,-3,197.7179642,56.27,618.75
25500,612.5,614,2.1,10,-3,197.6316063,56.28,613.25
25600,613,614.5,2.1,10,-3,197.432835,56.28,613.75
25700,616,617.5,2.1,10,-3,197.4195938,56.28,616.75
25800,612.5,614,2.1,10,-3,197.0040417,56.29,613.25
25900,615,616.5,2.1,10,-3,197.0521565,56.3,615.75
26000,617,618.5,2.1,10,-3,197.1839834,56.3,617.75
26100,622.5,624,2.1,10,-3,197.3102012,56.3,623.25
26200,621,622.5,2.1,10,-3,197.1046334,56.31,621.75
26300,623,624.5,2.1,10,-3,197.2617929,56.32,623.75
26400,625.5,627,2.1,10,-3,197.4678236,56.32,626.25
26500,628,629.5,2.1,10,-3,197.5386687,56.32,628.75
26600,629.5,631,2.1,10,-3,197.4768572,56.33,630.25
26700,630,631.5,2.1,10,-3,197.5680628,56.34,630.75
26800,626,627.5,2.1,10,-3,197.4685872,56.34,626.75
26900,624.5,626,2.1,10,-3,197.4706954,56.34,625.25
27000,625,626.5,2.1,10,-3,197.4818873,56.35,625.75
27100,621.5,623,2.1,10,-3,197.194831,56.36,622.25
27200,618,619.5,2.1,10,-3,197.1708022,56.36,618.75
27300,619.5,621,2.1,10,-3,197.2967353,56.36,620.25
27400,620,621.5,2.1,10,-3,197.3356816,56.37,620.75
27500,620,621.5,2.1,10,-3,197.4071555,56.38,620.75
27600,621.5,623,2.1,10,-3,197.4129362,56.38,622.25
27700,627.5,629,2.1,10,-3,197.6713317,56.38,628.25
27800,628.5,630,2.1,10,-3,197.7917634,56.39,629.25
27900,630,631.5,2.1,10,-3,197.9890727,56.4,630.75
28000,630,631.5,2.1,10,-3,198.0994645,56.4,630.75
28100,631,632.5,2.1,10,-3,198.0990648,56.4,631.75
28200,632.5,634,2.1,10,-3,198.3552363,56.41,633.25
28300,630.5,632,2.1,10,-3,198.1921874,56.42,631.25
28400,630.5,632,2.1,10,-3,198.0490888,56.42,631.25
28500,631,632.5,2.1,10,-3,198.0230832,56.42,631.75
28600,636,637.5,2.1,10,-3,198.327999,56.43,636.75
28700,633,634.5,2.1,10,-3,198.1221247,56.44,633.75
28800,633,634.5,2.1,10,-3,198.0441973,56.44,633.75
28900,629,630.5,2.1,10,-3,198.0270706,56.44,629.75
29000,629,630.5,2.1,10,-3,198.122798,56.45,629.75
29100,629,630.5,2.1,10,-3,198.0760892,56.46,629.75
29200,633,634.5,2.1,10,-3,198.225056,56.46,633.75
29300,630,631.5,2.1,10,-3,198.1450471,56.46,630.75
29400,634.5,636,2.1,10,-3,198.0121608,56.47,635.25
29500,635,636.5,2.1,10,-3,198.0830693,56.48,635.75
29600,632.5,634,2.1,10,-3,197.8499104,56.48,633.25
29700,629,630.5,2.1,10,-3,197.7766561,56.48,629.75
29800,633.5,635,2.1,10,-3,198.0129567,56.49,634.25
29900,635.5,637,2.1,10,-3,198.0630162,56.5,636.25
30000,631.5,633,2.1,10,-3,197.9604094,56.5,632.25
30100,633.5,635,2.1,10,-3,198.1220854,56.5,634.25
30200,630.5,632,2.1,10,-3,197.8050264,56.51,631.25
30300,630,631.5,2.1,10,-3,197.7914729,56.52,630.75
30400,629.5,631,2.1,10,-3,197.6346773,56.52,630.25
30500,628,629.5,2.1,10,-3,197.594663,56.52,628.75
30600,622.5,624,2.1,10,-3,197.3400627,56.53,623.25
30700,624,625.5,2.1,10,-3,197.3342238,56.54,624.75
30800,619.5,621,2.1,10,-3,197.2665194,56.54,620.25
30900,621.5,623,2.1,10,-3,197.2858651,56.54,622.25
31000,618.5,620,2.1,10,-3,197.0720293,56.55,619.25
31100,618.5,620.5,2.1,10,-3,197.1358625,56.56,619.5
31200,622,623.5,2.1,10,-3,197.3990432,56.56,622.75
31300,621,622.5,2.1,10,-3,197.314172,56.56,621.75
31400,628,629.5,2.1,10,-3,197.5719885,56.57,628.75
31500,626.5,628,2.1,10,-3,197.4251968,56.58,627.25
31600,622,623.5,2.1,10,-3,196.9279145,56.58,622.75
31700,625.5,627,2.1,10,-3,197.2054184,56.58,626.25
31800,626.5,628,2.1,10,-3,197.447316,56.59,627.25
31900,629.5,631,2.1,10,-3,197.3404001,56.6,630.25
32000,627.5,629,2.1,10,-3,196.8969191,56.6,628.25
32100,629.5,631,2.1,10,-3,197.0498538,56.6,630.25
32200,634,635.5,2.1,10,-3,197.2107389,56.61,634.75
32300,636.5,638,2.1,10,-3,197.6911056,56.62,637.25
32400,635.5,637,2.1,10,-3,197.8103489,56.62,636.25
32500,636,637.5,2.1,10,-3,197.8701922,56.62,636.75
32600,637,638.5,2.1,10,-3,197.6305329,56.63,637.75
32700,634.5,636,2.1,10,-3,197.4936124,56.64,635.25
32800,634.5,636,2.1,10,-3,197.7582788,56.64,635.25
32900,632,633.5,2.1,10,-3,197.675744,56.64,632.75
33000,633.5,635,2.1,10,-3,197.6972667,56.65,634.25
33100,634,635.5,2.1,10,-3,197.9457368,56.66,634.75
33200,634.5,636,2.1,10,-3,198.0829649,56.66,635.25
33300,632,633.5,2.1,10,-3,197.9368729,56.66,632.75
33400,632,634,2.1,10,-3,197.6697846,56.67,633
33500,632,634,2.1,10,-3,197.6743715,56.68,633
33600,632,633.5,2.1,10,-3,197.5811895,56.68,632.75
33700,628,629.5,2.1,10,-3,197.4206578,56.68,628.75
33800,631.5,633,2.1,10,-3,197.8391864,56.69,632.25
33900,630,631.5,2.1,10,-3,197.9324845,56.7,630.75
34000,631.5,633,2.1,10,-3,198.0011515,56.7,632.25
34100,628.5,630,2.1,10,-3,197.7398444,56.7,629.25
34200,625.5,627,2.1,10,-3,197.6437867,56.71,626.25
34300,621.5,623,2.1,10,-3,197.2694659,56.72,622.25
34400,621,622.5,2.1,10,-3,197.0397949,56.72,621.75
34500,625.5,627,2.1,10,-3,197.176268,56.72,626.25
34600,624.5,626,2.1,10,-3,197.2667704,56.73,625.25
34700,624.5,626,2.1,10,-3,197.306774,56.74,625.25
34800,625,626.5,2.1,10,-3,197.1177533,56.74,625.75
34900,621.5,623,2.1,10,-3,196.9526984,56.74,622.25
35000,624,625.5,2.1,10,-3,197.0869071,56.75,624.75
35100,622.5,624,2.1,10,-3,196.9738494,56.76,623.25
35200,622,624,2.1,10,-3,197.1788023,56.76,623
35300,624.5,626,2.1,10,-3,197.3350016,56.76,625.25
35400,624.5,626,2.1,10,-3,197.5576257,56.77,625.25
35500,626,627.5,2.1,10,-3,197.7028951,56.78,626.75
35600,623,624.5,2.1,10,-3,197.6072033,56.78,623.75
35700,616,617.5,2.1,10,-3,197.4775663,56.78,616.75
35800,616,617.5,2.1,10,-3,197.3350225,56.79,616.75
35900,618,619.5,2.1,10,-3,197.5315769,56.8,618.75
36000,619,620.5,2.1,10,-3,197.6178353,56.8,619.75
36100,617,618.5,2.1,10,-3,197.4663687,56.8,617.75
36200,613,614.5,2.1,10,-3,197.3892336,56.81,613.75
36300,615.5,617,2.1,10,-3,197.4485047,56.82,616.25
36400,614.5,616,2.1,10,-3,197.6072844,56.82,615.25
36500,613.5,615,2.1,10,-3,197.5041131,56.82,614.25
36600,613.5,615,2.1,10,-3,197.3187779,56.83,614.25
36700,615.5,617,2.1,10,-3,197.4527735,56.84,616.25
36800,618,619.5,2.1,10,-3,197.5521064,56.84,618.75
36900,619,620.5,2.1,10,-3,197.5420214,56.84,619.75
37000,616,617.5,2.1,10,-3,197.4921864,56.85,616.75
37100,619.5,621,2.1,10,-3,197.5651448,56.86,620.25
37200,623.5,625,2.1,10,-3,197.6391609,56.86,624.25
37300,623,624.5,2.1,10,-3,197.4025542,56.86,623.75
37400,624.5,626,2.1,10,-3,197.5058003,56.87,625.25
37500,623,624.5,2.1,10,-3,197.3224149,56.88,623.75
37600,620,621.5,2.1,10,-3,197.2538381,56.88,620.75
37700,616.5,618,2.1,10,-3,197.1536498,56.88,617.25
37800,615.5,617,2.1,10,-3,197.3756421,56.89,616.25
37900,616,617.5,2.1,10,-3,197.4325156,56.9,616.75
38000,615,616.5,2.1,10,-3,197.3489179,56.9,615.75
38100,615,616.5,2.1,10,-3,197.4285802,56.9,615.75
38200,613.5,615,2.1,10,-3,197.3095325,56.91,614.25
38300,613,614.5,2.1,10,-3,197.5472177,56.92,613.75
38400,612,613.5,2.1,10,-3,197.5576046,56.92,612.75
38500,611,612.5,2.1,10,-3,197.6457585,56.92,611.75
38600,609.5,611,2.1,10,-3,197.5863352,56.93,610.25
38700,608.5,610,2.1,10,-3,197.4698834,56.94,609.25
38800,610,611.5,2.1,10,-3,197.6320573,56.94,610.75
38900,609,610.5,2.1,10,-3,197.6165895,56.94,609.75
39000,605.5,607,2.1,10,-3,197.3951131,56.95,606.25
39100,605.5,607.5,2.1,10,-3,197.4249896,56.96,606.5
39200,607.5,609,2.1,10,-3,197.1908035,56.96,608.25
39300,607.5,609,2.1,10,-3,196.9625972,56.96,608.25
39400,605.5,607,2.1,10,-3,196.8051949,56.97,606.25
39500,605.5,607,2.1,10,-3,196.5946871,56.98,606.25
39600,604,605.5,2.1,10,-3,196.6063379,56.98,604.75
39700,601.5,603,2.1,10,-3,196.4875265,56.98,602.25
39800,599,600.5,2.1,10,-3,196.4059745,56.99,599.75
39900,596.5,598,2.1,10,-3,196.380246,57,597.25
40000,598,599.5,2.1,10,-3,196.3807537,57,598.75
40100,596,597.5,2.1,10,-3,196.3980048,57,596.75
40200,593.5,595,2.1,10,-3,196.4755271,57.01,594.25
40300,592.5,594,2.1,10,-3,196.1560026,57.02,593.25
40400,596.5,598,2.1,10,-3,196.2831692,57.02,597.25
40500,592.5,594,2.1,10,-3,196.1167627,57.02,593.25
40600,593,594.5,2.1,10,-3,196.1453839,57.03,593.75
40700,590,591.5,2.1,10,-3,195.732912,57.04,590.75
40800,591,592.5,2.1,10,-3,195.6655264,57.04,591.75
40900,591,592.5,2.1,10,-3,195.5352515,57.04,591.75
41000,589.5,591,2.1,10,-3,195.6244809,57.05,590.25
41100,594,595.5,2.1,10,-3,195.9232583,57.06,594.75
41200,595,596.5,2.1,10,-3,196.1829727,57.06,595.75
41300,597,598.5,2.1,10,-3,196.4154263,57.06,597.75
41400,596,597.5,2.1,10,-3,196.5040593,57.07,596.75
41500,593.5,595,2.1,10,-3,196.4060798,57.08,594.25
41600,595.5,597,2.1,10,-3,196.3997577,57.08,596.25
41700,598.5,600,2.1,10,-3,196.6441179,57.08,599.25
41800,596.5,598,2.1,10,-3,196.4372622,57.09,597.25
41900,598.5,600,2.1,10,-3,196.5273317,57.1,599.25
42000,596.5,598,2.1,10,-3,196.4489258,57.1,597.25
42100,598,599.5,2.1,10,-3,196.4741652,57.1,598.75
42200,601,602.5,2.1,10,-3,196.5487992,57.11,601.75
42300,603,604.5,2.1,10,-3,196.2683638,57.12,603.75
42400,606,607.5,2.1,10,-3,196.6303864,57.12,606.75
42500,607,608.5,2.1,10,-3,196.9712286,57.12,607.75
42600,610,611.5,2.1,10,-3,197.1012559,57.13,610.75
42700,608.5,610,2.1,10,-3,196.9547554,57.14,609.25
42800,608.5,610,2.1,10,-3,197.3350015,57.14,609.25
42900,608.5,610,2.1,10,-3,197.3369783,57.14,609.25
43000,604.5,606,2.1,10,-3,197.125258,57.15,605.25
43100,607.5,609,2.1,10,-3,197.348448,57.16,608.25
43200,606,607.5,2.1,10,-3,197.6567002,57.16,606.75
43300,603,604.5,2.1,10,-3,197.3599714,57.16,603.75
43400,603,604.5,2.1,10,-3,197.4712239,57.17,603.75
43500,606,607.5,2.1,10,-3,197.7039276,57.18,606.75
43600,598.5,600,2.1,10,-3,197.5169788,57.18,599.25
43700,597,598.5,2.1,10,-3,197.4731254,57.18,597.75
43800,595.5,597,2.1,10,-3,197.2529925,57.19,596.25
43900,596,597.5,2.1,10,-3,197.4692827,57.2,596.75
44000,592.5,594,2.1,10,-3,197.2679287,57.2,593.25
44100,593,594.5,2.1,10,-3,197.097455,57.2,593.75
44200,590,591.5,2.1,10,-3,197.0745184,57.21,590.75
44300,590.5,592,2.1,10,-3,197.3312699,57.22,591.25
44400,591.5,593,2.1,10,-3,197.347539,57.22,592.25
44500,589.5,591,2.1,10,-3,196.9959774,57.22,590.25
44600,585,586.5,2.1,10,-3,196.829405,57.23,585.75
44700,585,586.5,2.1,10,-3,196.9538179,57.24,585.75
44800,584,585.5,2.1,10,-3,197.1156349,57.24,584.75
44900,585.5,587,2.1,10,-3,197.1699566,57.24,586.25
45000,584,585.5,2.1,10,-3,196.9040496,57.25,584.75
45100,582,583.5,2.1,10,-3,196.6429899,57.26,582.75
45200,585,586.5,2.1,10,-3,196.6611156,57.26,585.75
45300,585,586.5,2.1,10,-3,196.9228194,57.26,585.75
45400,585.5,587,2.1,10,-3,196.928266,57.27,586.25
45500,588.5,590,2.1,10,-3,197.0308081,57.28,589.25
45600,589,590.5,2.1,10,-3,196.9036732,57.28,589.75
45700,587,588.5,2.1,10,-3,196.8866536,57.28,587.75
45800,583,584.5,2.1,10,-3,196.7788539,57.29,583.75
45900,585,586.5,2.1,10,-3,196.7547894,57.3,585.75
46000,582.5,584,2.1,10,-3,196.7148429,57.3,583.25
46100,583,584.5,2.1,10,-3,196.7134301,57.3,583.75
46200,583.5,585,2.1,10,-3,196.8564848,57.31,584.25
46300,582.5,584,2.1,10,-3,196.7684619,57.32,583.25
46400,581.5,583,2.1,10,-3,196.8274957,57.32,582.25
46500,582,583.5,2.1,10,-3,196.5880807,57.32,582.75
46600,587,588.5,2.1,10,-3,196.7410445,57.33,587.75
46700,587,589,2.1,10,-3,196.7274535,57.34,588
46800,585,586.5,2.1,10,-3,196.9500095,57.34,585.75
46900,587,588.5,2.1,10,-3,196.9774004,57.34,587.75
47000,588,589.5,2.1,10,-3,196.9093904,57.35,588.75
47100,587.5,589,2.1,10,-3,197.0064902,57.36,588.25
47200,589.5,591,2.1,10,-3,196.9733805,57.36,590.25
47300,592,593.5,2.1,10,-3,197.0213405,57.36,592.75
47400,592.5,594,2.1,10,-3,197.0638428,57.37,593.25
47500,588.5,590,2.1,10,-3,196.8868271,57.38,589.25
47600,587,588.5,2.1,10,-3,196.650311,57.38,587.75
47700,584,585.5,2.1,10,-3,196.5698264,57.38,584.75
47800,587.5,589,2.1,10,-3,196.7581772,57.39,588.25
47900,587,589,2.1,10,-3,196.9464624,57.4,588
48000,588,589.5,2.1,10,-3,196.749026,57.4,588.75
48100,593.5,595,2.1,10,-3,196.9620748,57.4,594.25
48200,591.5,593,2.1,10,-3,197.2538182,57.41,592.25
48300,588,589.5,2.1,10,-3,197.0979949,57.42,588.75
48400,588.5,590,2.1,10,-3,197.0052092,57.42,589.25
48500,589.5,591,2.1,10,-3,197.0330783,57.42,590.25
48600,588.5,590,2.1,10,-3,196.6995587,57.43,589.25
48700,594,595.5,2.1,10,-3,196.8980278,57.44,594.75
48800,593,594.5,2.1,10,-3,196.8054151,57.44,593.75
48900,591.5,593,2.1,10,-3,196.6285592,57.44,592.25
49000,592.5,594,2.1,10,-3,196.7582742,57.45,593.25
49100,591,592.5,2.1,10,-3,196.7611012,57.46,591.75
49200,590,591.5,2.1,10,-3,196.7029785,57.46,590.75
49300,593,594.5,2.1,10,-3,196.7823757,57.46,593.75
49400,592,593.5,2.1,10,-3,196.7466922,57.47,592.75
49500,591,592.5,2.1,10,-3,196.5616921,57.48,591.75
49600,594.5,596,2.1,10,-3,196.855626,57.48,595.25
49700,590.5,592,2.1,10,-3,196.6267814,57.48,591.25
49800,586.5,588,2.1,10,-3,196.4575602,57.49,587.25
49900,585.5,587,2.1,10,-3,196.3994245,57.5,586.25
50000,583,584.5,2.1,10,-3,196.2845072,57.5,583.75
50100,582.5,584,2.1,10,-3,196.1865038,57.5,583.25
50200,584,585.5,2.1,10,-3,196.2846679,57.51,584.75
50300,581.5,583,2.1,10,-3,196.0926432,57.52,582.25
50400,582,583.5,2.1,10,-3,196.370658,57.52,582.75
50500,582,583.5,2.1,10,-3,196.2263257,57.52,582.75
50600,583,584.5,2.1,10,-3,196.2295334,57.53,583.75
50700,586.5,588,2.1,10,-3,196.5133172,57.54,587.25
50800,586.5,588,2.1,10,-3,196.5890008,57.54,587.25
50900,588.5,590,2.1,10,-3,196.430741,57.54,589.25
51000,592,593.5,2.1,10,-3,196.8650574,57.55,592.75
51100,588,589.5,2.1,10,-3,196.6690417,57.56,588.75
51200,587.5,589,2.1,10,-3,196.7237501,57.56,588.25
51300,587,589,2.1,10,-3,197.1134514,57.56,588
51400,592,593.5,2.1,10,-3,197.4177038,57.57,592.75
51500,590.5,592,2.1,10,-3,197.2755139,57.58,591.25
51600,587,588.5,2.1,10,-3,196.8843477,57.58,587.75
51700,587.5,589,2.1,10,-3,197.0785711,57.58,588.25
51800,588,589.5,2,10,-3,197.0673264,57.59,588.75
51900,586.5,588,2,10,-3,196.8515895,57.6,587.25
52000,589,590.5,2,10,-3,197.1386198,57.6,589.75
52100,592,593.5,2,10,-3,197.2492402,57.6,592.75
52200,592,593.5,2,10,-3,197.3820853,57.61,592.75
52300,592,593.5,2,10,-3,197.2884055,57.62,592.75
52400,592,593.5,2,10,-3,197.3070253,57.62,592.75
52500,591,592.5,2,10,-3,197.4990191,57.62,591.75
52600,588.5,590,2,10,-3,197.4576381,57.63,589.25
52700,588,589.5,2,10,-3,197.1513645,57.64,588.75
52800,589,590.5,2,10,-3,197.1277603,57.64,589.75
52900,591.5,593,2,10,-3,197.211481,57.64,592.25
53000,590,591.5,2,10,-3,196.8224787,57.65,590.75
53100,588.5,590,2,10,-3,196.989053,57.66,589.25
53200,593,594.5,2,10,-3,197.4414201,57.66,593.75
53300,591.5,593,2,10,-3,197.4336281,57.66,592.25
53400,590.5,592,2,10,-3,197.5444284,57.67,591.25
53500,590.5,592,2,10,-3,198.0535737,57.68,591.25
53600,593.5,595,2,10,-3,198.1948985,57.68,594.25
53700,593.5,595,2,10,-3,198.0508507,57.68,594.25
53800,587.5,589,2,10,-3,197.6660195,57.69,588.25
53900,589.5,591,2,10,-3,197.7870405,57.7,590.25
54000,592.5,594,2,10,-3,197.8082049,57.7,593.25
54100,593.5,595,2,10,-3,197.9709704,57.7,594.25
54200,594,595.5,2,10,-3,197.9368162,57.71,594.75
54300,594,596,2,10,-3,197.8383539,57.72,595
54400,595,596.5,2,10,-3,197.9917337,57.72,595.75
54500,591,592.5,2,10,-3,197.6547266,57.72,591.75
54600,587.5,589,2,10,-3,197.1570635,57.73,588.25
54700,589.5,591,2,10,-3,197.4613136,57.74,590.25
54800,588,589.5,2,10,-3,197.3344416,57.74,588.75
54900,585,586.5,2,10,-3,197.2824062,57.74,585.75
55000,587,588.5,2,10,-3,197.4221998,57.75,587.75
55100,584.5,586,2,10,-3,197.1918102,57.76,585.25
55200,582.5,584,2,10,-3,197.0715179,57.76,583.25
55300,583.5,585,2,10,-3,197.473575,57.76,584.25
55400,587,588.5,2,10,-3,197.5654667,57.77,587.75
55500,583,584.5,2,10,-3,197.1438,57.78,583.75
55600,584,585.5,2,10,-3,196.9369425,57.78,584.75
55700,586.5,588,2,10,-3,196.9753261,57.78,587.25
55800,589,590.5,2,10,-3,197.609071,57.79,589.75
55900,590.5,592,2,10,-3,197.6245503,57.8,591.25
56000,589.5,591,2,10,-3,197.472362,57.8,590.25
56100,587,588.5,2,10,-3,197.4571529,57.8,587.75
56200,587,589,2,10,-3,197.7615125,57.81,588
56300,586.5,588,2,10,-3,197.5777584,57.82,587.25
56400,583,584.5,2,10,-3,197.4054796,57.82,583.75
56500,579.5,581,2,10,-3,197.2810874,57.82,580.25
56600,581,582.5,2,10,-3,197.4249433,57.83,581.75
56700,583.5,585,2,10,-3,197.8162874,57.84,584.25
56800,581.5,583,2,10,-3,197.7095928,57.84,582.25
56900,580.5,582,2,10,-3,197.6298258,57.84,581.25
57000,583,584.5,2,10,-3,197.785247,57.85,583.75
57100,579,580.5,2,10,-3,197.4071727,57.86,579.75
57200,578,579.5,2,10,-3,197.1533756,57.86,578.75
57300,578,579.5,2,10,-3,196.8006622,57.86,578.75
57400,579.5,581,2,10,-3,196.947486,57.87,580.25
57500,579,580.5,2,10,-3,196.7927068,57.88,579.75
57600,581,582.5,2,10,-3,196.9596963,57.88,581.75
57700,577.5,579,2,10,-3,196.897841,57.88,578.25
57800,577,578.5,2,10,-3,196.9391096,57.89,577.75
57900,581,582.5,2,10,-3,197.0389816,57.9,581.75
58000,585,586.5,2,10,-3,197.4412147,57.9,585.75
58100,583.5,585,2,10,-3,197.3814187,57.9,584.25
58200,582.5,584,2,10,-3,197.4487154,57.91,583.25
58300,580,581.5,2,10,-3,197.385992,57.92,580.75
58400,584,585.5,2,10,-3,197.5540549,57.92,584.75
58500,584,585.5,2,10,-3,197.1934153,57.92,584.75
58600,583,584.5,2,10,-3,197.1731289,57.93,583.75
58700,583,584.5,2,10,-3,197.0488227,57.94,583.75
58800,588,589.5,2,10,-3,197.1196707,57.94,588.75
58900,587.5,589,2,10,-3,197.0495827,57.94,588.25
59000,588.5,590,2,10,-3,197.1069937,57.95,589.25
59100,590,591.5,2,10,-3,197.4882119,57.96,590.75
59200,589.5,591.5,2,10,-3,197.5239877,57.96,590.5
59300,594,595.5,2,10,-3,197.5972977,57.96,594.75
59400,592,593.5,2,10,-3,197.2571848,57.97,592.75
59500,589.5,591,2,10,-3,197.1613062,57.98,590.25
59600,593.5,595,2,10,-3,197.5346636,57.98,594.25
59700,595.5,597,2,10,-3,197.7419393,57.98,596.25
59800,599.5,601,2,10,-3,198.0155177,57.99,600.25
59900,601,602.5,2,10,-3,198.1294669,58,601.75
60000,603,604.5,2,10,-3,198.291706,58,603.75
60100,604,605.5,2,10,-3,198.2950366,58,604.75
60200,604,605.5,2,10,-3,198.247173,58.01,604.75
60300,606.5,608,2,10,-3,198.287716,58.02,607.25
60400,605,606.5,2,10,-3,198.1393261,58.02,605.75
60500,604,605.5,2,10,-3,198.0443285,58.02,604.75
60600,606.5,608,2,10,-3.5,198.1792038,58.03,607.25
60700,611,612.5,2,10,-3.5,198.2154536,58.04,611.75
60800,611.5,613,2,10,-3.5,198.558039,58.04,612.25
60900,614,615.5,2,10,-3.5,198.7415919,58.04,614.75
61000,613.5,615,2,10,-3.5,198.4429441,58.05,614.25
61100,618,619.5,2,10,-3.5,198.5627215,58.06,618.75
61200,616,617.5,2,10,-3.5,198.5429967,58.06,616.75
61300,615.5,617.5,2,10,-3.5,198.4851874,58.06,616.5
61400,615,616.5,2,10,-3.5,198.5628333,58.07,615.75
61500,617,618.5,2,10,-3.5,198.6604125,58.08,617.75
61600,618.5,620,2,10,-3.5,198.7446873,58.08,619.25
61700,617.5,619,2,10,-3.5,198.8277334,58.08,618.25
61800,616,617.5,2,10,-3.5,198.6573829,58.09,616.75
61900,616,617.5,2,10,-3.5,198.4739732,58.1,616.75
62000,621.5,623,2,10,-3.5,198.6449543,58.1,622.25
62100,621.5,623,2,10,-3.5,198.5912826,58.1,622.25
62200,622.5,624,2,10,-3.5,198.5780027,58.11,623.25
62300,619.5,621,2,10,-3.5,198.3753807,58.12,620.25
62400,620,621.5,2,10,-3.5,198.2115013,58.12,620.75
62500,621,622.5,2,10,-3.5,198.4788648,58.12,621.75
62600,619.5,621,2,10,-3.5,198.39354,58.13,620.25
62700,618.5,620,2,10,-3.5,198.3501499,58.14,619.25
62800,618,619.5,2,10,-3.5,198.4426749,58.14,618.75
62900,617.5,619,2,10,-3.5,198.4381904,58.14,618.25
63000,620,621.5,2,10,-3.5,198.5074959,58.15,620.75
63100,620,621.5,2,10,-3.5,198.5353571,58.16,620.75
63200,620,622,2,10,-3.5,198.5498869,58.16,621
63300,618.5,620,2,10,-3.5,198.4995075,58.16,619.25
63400,620.5,622,2,10,-3.5,198.8050955,58.17,621.25
63500,618,619.5,2,10,-3.5,198.7515011,58.18,618.75
63600,616,617.5,2,10,-3.5,198.7014694,58.18,616.75
63700,615.5,617,2,10,-3.5,198.8865485,58.18,616.25
63800,617,618.5,2,10,-3.5,199.2104708,58.19,617.75
63900,612,613.5,2,10,-3.5,199.0427853,58.2,612.75
64000,607,608.5,2,10,-3.5,198.9011959,58.2,607.75
64100,610,611.5,2,10,-3.5,199.3183806,58.2,610.75
64200,608.5,610,2,10,-3.5,199.0872748,58.21,609.25
64300,612,613.5,2,10,-3.5,199.4143756,58.22,612.75
64400,609,610.5,2,10,-3.5,199.3611591,58.22,609.75
64500,611,612.5,2,10,-3.5,199.617741,58.22,611.75
64600,603.5,605,2,10,-3.5,199.5798296,58.23,604.25
64700,604,605.5,2,10,-3.5,199.6464338,58.24,604.75
64800,604,605.5,2,10,-3.5,199.7188713,58.24,604.75
64900,605,606.5,2,10,-3.5,199.6493283,58.24,605.75
65000,603,604.5,2,10,-3.5,199.6300283,58.25,603.75
65100,599.5,601,2,10,-3.5,199.6376392,58.26,600.25
65200,597,598.5,2,10,-3.5,199.5993654,58.26,597.75
65300,597,598.5,2,10,-3.5,199.4244773,58.26,597.75
65400,595.5,597,2,10,-3.5,199.6025846,58.27,596.25
65500,592.5,594,2,10,-3.5,199.5229036,58.28,593.25
65600,595,596.5,2,10,-3.5,199.7848157,58.28,595.75
65700,598,599.5,2,10,-3.5,199.909366,58.28,598.75
65800,596,597.5,2,10,-3.5,199.8531096,58.29,596.75
65900,596,598,2,10,-3.5,199.6495461,58.3,597
66000,595.5,597,2,10,-3.5,199.8679967,58.3,596.25
66100,594,595.5,2,10,-3.5,199.5508198,58.3,594.75
66200,597,598.5,2,10,-3.5,199.6764762,58.31,597.75
66300,595,596.5,2,10,-3.5,199.3196028,58.32,595.75
66400,601,602.5,2,10,-3.5,199.6395905,58.32,601.75
66500,602.5,604,2,10,-3.5,199.6680344,58.32,603.25
66600,608,609.5,2,10,-3.5,199.7547473,58.33,608.75
66700,613,614.5,2,10,-3.5,199.8674721,58.34,613.75
66800,610.5,612,2,10,-3.5,199.7146513,58.34,611.25
66900,610,611.5,2,10,-3.5,199.73918,58.34,610.75
67000,610,611.5,2,10,-3.5,199.5994923,58.35,610.75
67100,609.5,611,2,10,-3.5,199.5273612,58.36,610.25
67200,615,616.5,2,10,-3.5,199.7265509,58.36,615.75
67300,615,616.5,2,10,-3.5,200.0164655,58.36,615.75
67400,614.5,616,2,10,-3.5,199.8958027,58.37,615.25
67500,613.5,615,2,10,-3.5,199.5983893,58.38,614.25
67600,616,617.5,2,10,-3.5,199.7015673,58.38,616.75
67700,612.5,614,2,10,-3.5,199.6929367,58.38,613.25
67800,609.5,611,2,10,-3.5,199.5044031,58.39,610.25
67900,612.5,614,2,10,-3.5,199.5535624,58.4,613.25
68000,615,616.5,2,10,-3.5,199.7076038,58.4,615.75
68100,611.5,613,2,10,-3.5,199.3692968,58.4,612.25
68200,607.5,609,2,10,-3.5,199.1066281,58.41,608.25
68300,604.5,606,2,10,-3.5,198.9037997,58.42,605.25
68400,601.5,603,2,10,-3.5,198.6314354,58.42,602.25
68500,605.5,607,2,10,-3.5,198.7612123,58.42,606.25
68600,605.5,607,2,10,-3.5,198.7215397,58.43,606.25
68700,602.5,604,2,10,-3.5,198.3338865,58.44,603.25
68800,601,602.5,2,10,-3.5,198.1191346,58.44,601.75
68900,600.5,602.5,2,10,-3.5,198.1967041,58.44,601.5
69000,600,601.5,2,10,-3.5,198.0919624,58.45,600.75
69100,600,601.5,2,10,-3.5,198.0073144,58.46,600.75
69200,599.5,601,2,10,-3.5,197.8763377,58.46,600.25
69300,598.5,600,2,10,-3.5,197.7941581,58.46,599.25
69400,598.5,600.5,2,10,-3.5,197.5860385,58.47,599.5
69500,596.5,598,2,10,-3.5,197.2225812,58.48,597.25
69600,596,597.5,2,10,-3.5,197.149323,58.48,596.75
69700,593.5,595,2,10,-3.5,197.2010317,58.48,594.25
69800,594,595.5,2,10,-3.5,197.3198808,58.49,594.75
69900,592,593.5,2,10,-3.5,196.972534,58.5,592.75
70000,592.5,594,2,10,-3.5,196.8158389,58.5,593.25
70100,591,592.5,2,10,-3.5,196.7074332,58.5,591.75
70200,592,593.5,2,10,-3.5,196.9156579,58.51,592.75
70300,593,594.5,2,10,-3.5,196.8747727,58.52,593.75
70400,592.5,594,2,10,-3.5,196.8597679,58.52,593.25
70500,589.5,591,2,10,-3.5,196.6643141,58.52,590.25
70600,591.5,593,2,10,-3.5,196.7491395,58.53,592.25
70700,590,591.5,2,10,-3.5,196.6855221,58.54,590.75
70800,591,592.5,2,10,-3.5,196.8597218,58.54,591.75
70900,593,594.5,2,10,-3.5,197.0443146,58.54,593.75
71000,593.5,595,2,10,-3.5,197.0532081,58.55,594.25
71100,594.5,596,2,10,-3.5,196.9848718,58.56,595.25
71200,589.5,591,2,10,-3.5,196.7348136,58.56,590.25
71300,589.5,591,2,10,-3.5,196.6280445,58.56,590.25
71400,588,589.5,2,10,-3.5,196.1456769,58.57,588.75
71500,585.5,587,2,10,-3.5,196.0692451,58.58,586.25
71600,585.5,587,2,10,-3.5,196.2552855,58.58,586.25
71700,585.5,587,2,10,-3.5,196.0170125,58.58,586.25
71800,585,586.5,2,10,-3.5,196.0455796,58.59,585.75
71900,588,589.5,2,10,-3.5,196.0844107,58.6,588.75
72000,590,591.5,2,10,-3.5,196.3298092,58.6,590.75
72100,588.5,590,2,10,-3.5,196.2019062,58.6,589.25
72200,590,591.5,2,10,-3.5,196.6763102,58.61,590.75
72300,587.5,589,2,10,-3.5,196.6648778,58.62,588.25
72400,583.5,585,2,10,-3.5,196.5512936,58.62,584.25
72500,582,583.5,2,10,-3.5,196.46334,58.62,582.75
72600,581,582.5,2,10,-3.5,196.29328,58.63,581.75
72700,582,583.5,2,10,-3.5,196.3972534,58.64,582.75
72800,579.5,581,2,10,-3.5,196.3808142,58.64,580.25
72900,579,581,2,10,-3.5,196.1927407,58.64,580
73000,582.5,584,2,10,-3.5,196.3162158,58.65,583.25
73100,583,584.5,2,10,-3.5,196.6429013,58.66,583.75
73200,582.5,584,2,10,-3.5,196.4914591,58.66,583.25
73300,580,581.5,2,10,-3.5,196.2838776,58.66,580.75
73400,581.5,583,2,10,-3.5,196.3706893,58.67,582.25
73500,580,581.5,2,10,-3.5,196.2829631,58.68,580.75
73600,578.5,580,2,10,-3.5,196.2507025,58.68,579.25
73700,577,578.5,2,10,-3.5,195.9147634,58.68,577.75
73800,578,579.5,2,10,-3.5,195.9553983,58.69,578.75
73900,577.5,579,2,10,-3.5,196.1338102,58.7,578.25
74000,578,579.5,2,10,-3.5,196.0310866,58.7,578.75
74100,579,580.5,2,10,-3.5,195.9844349,58.7,579.75
74200,582,583.5,2,10,-3.5,196.0599079,58.71,582.75
74300,578.5,580,2,10,-3.5,195.8580505,58.72,579.25
74400,581,582.5,2,10,-3.5,196.0672548,58.72,581.75
74500,578.5,580,2,10,-3.5,195.769139,58.72,579.25
74600,583,584.5,2,10,-3.5,195.9657454,58.73,583.75
74700,584,585.5,2,10,-3.5,196.0384065,58.74,584.75
74800,580,581.5,2,10,-3.5,195.7472229,58.74,580.75
74900,580.5,582,2,10,-3.5,196.0966678,58.74,581.25
75000,580,581.5,2,10,-3.5,196.0432182,58.75,580.75
75100,580.5,582,2,10,-3.5,196.0637499,58.76,581.25
75200,581.5,583,2,10,-3.5,196.5701928,58.76,582.25
75300,583.5,585,2,10,-3.5,196.5592662,58.76,584.25
75400,585.5,587,2,10,-3.5,196.8567444,58.77,586.25
75500,586.5,588,2,10,-3.5,196.9836121,58.78,587.25
75600,588.5,590,2,10,-3.5,197.1243479,58.78,589.25
75700,590.5,592,2,10,-3.5,197.1711018,58.78,591.25
75800,590.5,592,2,10,-3.5,197.2983832,58.79,591.25
75900,587,588.5,2,10,-3.5,196.9757643,58.8,587.75
76000,589,590.5,2,10,-3.5,197.0665523,58.8,589.75
76100,586.5,588,2,10,-3.5,196.7692329,58.8,587.25
76200,589.5,591,2,10,-3.5,196.9115775,58.81,590.25
76300,590,591.5,2,10,-3.5,197.1363254,58.82,590.75
76400,590.5,592,2,10,-3.5,197.1083941,58.82,591.25
76500,590.5,592,2,10,-3.5,197.0646805,58.82,591.25
76600,589,590.5,2,10,-3.5,197.1084147,58.83,589.75
76700,592.5,594,2,10,-3.5,197.2676789,58.84,593.25
76800,589,590.5,2,10,-3.5,197.1968403,58.84,589.75
76900,587,588.5,2,10,-3.5,196.8076443,58.84,587.75
77000,586,587.5,2,10,-3.5,196.7551728,58.85,586.75
77100,583.5,585,2,10,-3.5,196.5940178,58.86,584.25
77200,582.5,584,2,10,-3.5,196.5940967,58.86,583.25
77300,584.5,586,2,10,-3.5,196.7849803,58.86,585.25
77400,580,581.5,2,10,-3.5,196.5151946,58.87,580.75
77500,582,583.5,2,10,-3.5,196.6202308,58.88,582.75
77600,579.5,581,2,10,-3.5,196.4803688,58.88,580.25
77700,576.5,578,2,10,-3.5,196.5082743,58.88,577.25
77800,576.5,578,2,10,-3.5,196.5549063,58.89,577.25
77900,579,580.5,2,10,-3.5,196.7184982,58.9,579.75
78000,580,581.5,2,10,-3.5,196.6719324,58.9,580.75
78100,579.5,581,2,10,-3.5,196.5606952,58.9,580.25
78200,581,582.5,2,10,-3.5,196.7052275,58.91,581.75
78300,578.5,580,2,10,-3.5,196.7136248,58.92,579.25
78400,582,583.5,2,10,-3.5,197.091115,58.92,582.75
78500,583,584.5,2,10,-3.5,197.1348433,58.92,583.75
78600,590,591.5,2,10,-3.5,197.5369365,58.93,590.75
78700,591,592.5,2,10,-3.5,197.5582567,58.94,591.75
78800,592,593.5,2,10,-3.5,197.7991981,58.94,592.75
78900,590,591.5,2,10,-3.5,197.7898415,58.94,590.75
79000,584.5,586,2,10,-3.5,197.7412319,58.95,585.25
79100,584.5,586,2,10,-3.5,197.8100475,58.96,585.25
79200,583,584.5,2,10,-3.5,198.0015253,58.96,583.75
79300,587,588.5,2,10,-3.5,198.2459538,58.96,587.75
79400,590,591.5,2,10,-3.5,198.2804892,58.97,590.75
79500,588,589.5,2,10,-3.5,198.3290471,58.98,588.75
79600,591,592.5,2,10,-3.5,198.5488338,58.98,591.75
79700,589,590.5,2,10,-3.5,198.3379976,58.98,589.75
79800,589.5,591,2,10,-3.5,198.5888785,58.99,590.25
79900,593,594.5,2,10,-3.5,198.826681,59,593.75
80000,595,596.5,2,10,-3.5,198.8672183,59,595.75
80100,597.5,599,2,10,-3.5,198.9409151,59,598.25
80200,596.5,598,2,10,-3.5,198.7360753,59.01,597.25
80300,597,598.5,2,10,-3.5,198.8103909,59.02,597.75
80400,600.5,602,2,10,-3.5,199.0383939,59.02,601.25
80500,599.5,601,2,10,-3.5,198.8928756,59.02,600.25
80600,599.5,601,2,10,-3.5,199.1058717,59.03,600.25
80700,599.5,601,2,10,-3.5,198.9868477,59.04,600.25
80800,598.5,600,2,10,-3.5,198.8014672,59.04,599.25
80900,601,602.5,2,10,-3.5,198.9074522,59.04,601.75
81000,599.5,601,2,10,-3.5,198.7106993,59.05,600.25
81100,601,602.5,2,10,-3.5,199.2693616,59.06,601.75
81200,600,601.5,2,10,-3.5,199.2729818,59.06,600.75
81300,598.5,600,2,10,-3.5,198.9047531,59.06,599.25
81400,600,601.5,2,10,-3.5,199.1417984,59.07,600.75
81500,601.5,603,2,10,-3.5,199.1707347,59.08,602.25
81600,604.5,606,2,10,-3.5,199.3783645,59.08,605.25
81700,605.5,607,2,10,-3.5,199.2897826,59.08,606.25
81800,608,609.5,2,10,-3.5,199.4300714,59.09,608.75
81900,607,608.5,2,10,-3.5,199.4098174,59.1,607.75
82000,606.5,608,2,10,-3.5,199.2569454,59.1,607.25
82100,611.5,613,2,10,-3.5,199.567085,59.1,612.25
82200,613.5,615,2,10,-3.5,199.6465334,59.11,614.25
82300,617,618.5,2,10,-3.5,199.8133211,59.12,617.75
82400,617.5,619,2,10,-3.5,199.7724765,59.12,618.25
82500,613,614.5,2,10,-3.5,199.4549647,59.12,613.75
82600,612,613.5,2,10,-3.5,199.2641126,59.13,612.75
82700,610,611.5,2,10,-3.5,199.1111069,59.14,610.75
82800,604,605.5,2,10,-3.5,199.0152699,59.14,604.75
82900,600.5,602,2,10,-3.5,198.9713609,59.14,601.25
83000,603,604.5,2,10,-3.5,199.1251336,59.15,603.75
83100,600,601.5,2,10,-3.5,198.9659323,59.16,600.75
83200,601.5,603,2,10,-3.5,199.0808601,59.16,602.25
83300,598.5,600,2,10,-3.5,198.6872538,59.16,599.25
83400,602.5,604,2,10,-3.5,198.7399739,59.17,603.25
83500,605.5,607,2,10,-3.5,198.8902916,59.18,606.25
83600,604.5,606,2,10,-3.5,198.7975616,59.18,605.25
83700,604.5,606,2,10,-3.5,198.7052401,59.18,605.25
83800,603,604.5,2,10,-3.5,198.3696639,59.19,603.75
83900,604,605.5,2,10,-3.5,198.5851993,59.2,604.75
84000,601,602.5,2,10,-3.5,198.2988892,59.2,601.75
84100,601.5,603,2,10,-3.5,198.4798015,59.2,602.25
84200,603.5,605,2,10,-3.5,198.5233491,59.21,604.25
84300,606,607.5,2,10,-3.5,198.6318864,59.22,606.75
84400,604,605.5,2,10,-3.5,198.5626528,59.22,604.75
84500,606,607.5,2,10,-3.5,198.9072446,59.22,606.75
84600,604.5,606,2,10,-3.5,198.6799046,59.23,605.25
84700,607.5,609,2,10,-3.5,198.8429751,59.24,608.25
84800,607,609,2,10,-3.5,198.8312938,59.24,608
84900,608,609.5,2,10,-3.5,199.1136095,59.24,608.75
85000,609.5,611,2,10,-3.5,199.119006,59.25,610.25
85100,612.5,614,2,10,-3.5,199.1659066,59.26,613.25
85200,614.5,616,2,10,-3.5,199.2051497,59.26,615.25
85300,615,616.5,2,10,-3.5,199.3598497,59.26,615.75
85400,614.5,616,2,10,-3.5,199.3036647,59.27,615.25
85500,615,616.5,2,10,-3.5,199.3812719,59.28,615.75
85600,613.5,615,2,10,-3.5,199.2485472,59.28,614.25
85700,616,617.5,2,10,-3.5,199.4303704,59.28,616.75
85800,616.5,618,2,10,-3.5,199.5375393,59.29,617.25
85900,617,618.5,2,10,-3.5,199.2438246,59.3,617.75
86000,620,621.5,2,10,-3.5,199.334546,59.3,620.75
86100,624,625.5,2,10,-3.5,199.4799725,59.3,624.75
86200,624,625.5,2,10,-3.5,199.6033447,59.31,624.75
86300,627,628.5,2,10,-3.5,199.6239521,59.32,627.75
86400,631,632.5,2,10,-3.5,199.9228741,59.32,631.75
86500,625.5,627,2,10,-3.5,199.7127171,59.32,626.25
86600,625.5,627,2,10,-3.5,199.7121318,59.33,626.25
86700,626.5,628,2,10,-3.5,200.197897,59.34,627.25
86800,625,626.5,2,10,-3.5,200.1130114,59.34,625.75
86900,626,627.5,2,10,-3.5,199.9409014,59.34,626.75
87000,626,627.5,2,10,-3.5,199.933901,59.35,626.75
87100,623.5,625,2,10,-3.5,199.8003544,59.36,624.25
87200,624,625.5,2,10,-3.5,200.1719596,59.36,624.75
87300,623,624.5,2,10,-3.5,200.1205349,59.36,623.75
87400,618.5,620,2,10,-3.5,199.8445455,59.37,619.25
87500,618,619.5,2,10,-3.5,199.8074137,59.38,618.75
87600,622,623.5,2,10,-3.5,199.9119918,59.38,622.75
87700,618,619.5,2,10,-3.5,199.6930812,59.38,618.75
87800,616.5,618,2,10,-3.5,199.6117824,59.39,617.25
87900,612.5,614,2,10,-3.5,199.4485915,59.4,613.25
88000,613,614.5,2,10,-3.5,199.5357848,59.4,613.75
88100,613.5,615,2,10,-3.5,199.7524682,59.4,614.25
88200,617,618.5,2,10,-3.5,200.0306671,59.41,617.75
88300,619,620.5,2,10,-3.5,200.4061779,59.42,619.75
88400,619,620.5,2,10,-3.5,200.2537882,59.42,619.75
88500,620.5,622,2,10,-3.5,200.3920831,59.42,621.25
88600,617,618.5,2,10,-3.5,200.0880859,59.43,617.75
88700,615.5,617,2,10,-3.5,200.0598081,59.44,616.25
88800,613.5,615,2,10,-3.5,200.2691703,59.44,614.25
88900,611,612.5,2,10,-3.5,200.2174872,59.44,611.75
89000,612.5,614,2,10,-3.5,200.3231584,59.45,613.25
89100,612.5,614,2,10,-3.5,200.4138084,59.46,613.25
89200,612.5,614,2,10,-3.5,200.4116911,59.46,613.25
89300,612.5,614,2,10,-3.5,200.250733,59.46,613.25
89400,615,616.5,2,10,-3.5,200.3668962,59.47,615.75
89500,612,613.5,2,10,-3.5,200.3393865,59.48,612.75
89600,609,610.5,2,10,-3.5,199.9800315,59.48,609.75
89700,612.5,614,2,10,-3.5,200.1803284,59.48,613.25
89800,615,616.5,2,10,-3.5,200.1818103,59.49,615.75
89900,613,614.5,2,10,-3.5,199.8210102,59.5,613.75
90000,614,615.5,2,10,-3.5,199.8501147,59.5,614.75
90100,616.5,618,2,10,-3.5,199.7649162,59.5,617.25
90200,616.5,618,2,10,-3.5,199.5583351,59.51,617.25
90300,620,621.5,2,10,-3.5,199.7868336,59.52,620.75
90400,618.5,620,2,10,-3.5,199.6652661,59.52,619.25
90500,617.5,619,2,10,-3.5,199.3631209,59.52,618.25
90600,613,614.5,2,10,-3.5,199.2169186,59.53,613.75
90700,610,611.5,2,10,-3.5,199.1111324,59.54,610.75
90800,610,611.5,2,10,-3.5,199.0285938,59.54,610.75
90900,606,607.5,2,10,-3.5,198.7720499,59.54,606.75
91000,608.5,610,2,10,-3.5,198.8928679,59.55,609.25
91100,611,612.5,2,10,-3.5,198.7590157,59.56,611.75
91200,613,614.5,2,10,-3.5,198.7722934,59.56,613.75
91300,612.5,614,2,10,-3.5,198.7719726,59.56,613.25
91400,612.5,614,2,10,-3.5,198.5928495,59.57,613.25
91500,613,614.5,2,10,-3.5,198.7265284,59.58,613.75
91600,610.5,612,2,10,-3.5,198.4554743,59.58,611.25
91700,613.5,615,2,10,-3.5,198.2488765,59.58,614.25
91800,612,613.5,2,10,-3.5,198.0214475,59.59,612.75
91900,614.5,616,2,10,-3.5,198.2527954,59.6,615.25
92000,611.5,613,2,10,-3.5,198.1575766,59.6,612.25
92100,609.5,611,2,10,-3.5,198.1810047,59.6,610.25
92200,609.5,611,2,10,-3.5,198.3734348,59.61,610.25
92300,605,606.5,2,10,-3.5,198.354464,59.62,605.75
92400,603,604.5,2,10,-3.5,198.2324095,59.62,603.75
92500,605.5,607,2,10,-3.5,198.3979837,59.62,606.25
92600,604.5,606,2,10,-3.5,198.2359142,59.63,605.25
92700,606,607.5,2,10,-3.5,198.2938343,59.64,606.75
92800,602.5,604,2,10,-3.5,198.1725979,59.64,603.25
92900,604,605.5,2,10,-3.5,198.0073307,59.64,604.75
93000,602,603.5,2,10,-3.5,197.8188882,59.65,602.75
93100,602.5,604,2,10,-3.5,197.8696361,59.66,603.25
93200,598.5,600,2,10,-3.5,197.7812671,59.66,599.25
93300,599,600.5,2,10,-3.5,197.9640966,59.66,599.75
93400,604,605.5,2,10,-3.5,198.2045362,59.67,604.75
93500,603,604.5,2,10,-3.5,198.0936314,59.68,603.75
93600,604,605.5,2,10,-3.5,198.3342272,59.68,604.75
93700,608.5,610,2,10,-3.5,198.5535851,59.68,609.25
93800,610,611.5,2,10,-3.5,198.5009036,59.69,610.75
93900,613,614.5,2,10,-3.5,198.5576734,59.7,613.75
94000,608,609.5,2,10,-3.5,198.4877893,59.7,608.75
94100,607,608.5,2,10,-3.5,198.7104946,59.7,607.75
94200,605.5,607,2,10,-3.5,198.6175971,59.71,606.25
94300,604.5,606,2,10,-3.5,198.8522119,59.72,605.25
94400,606,607.5,2,10,-3.5,198.8887059,59.72,606.75
94500,609.5,611,2,10,-3.5,198.9469717,59.72,610.25
94600,609,611,2,10,-3.5,198.777077,59.73,610
94700,609.5,611,2,10,-3.5,198.5692278,59.74,610.25
94800,609,611,2,10,-3.5,198.5168172,59.74,610
94900,609.5,611,2,10,-3.5,198.4971769,59.74,610.25
95000,609.5,611,2,10,-3.5,198.5542803,59.75,610.25
95100,606,607.5,2,10,-3.5,198.4044275,59.76,606.75
95200,608,609.5,2,10,-3.5,198.3581225,59.76,608.75
95300,607,608.5,2,10,-3.5,198.2256121,59.76,607.75
95400,610,611.5,2,10,-3.5,198.5017939,59.77,610.75
95500,608,609.5,2,10,-3.5,198.4314275,59.78,608.75
95600,605.5,607,2,10,-3.5,198.3600811,59.78,606.25
95700,605,606.5,2,10,-3.5,198.2708593,59.78,605.75
95800,602,603.5,2,10,-3.5,198.012336,59.79,602.75
95900,603,604.5,2,10,-3.5,197.9936452,59.8,603.75
96000,602.5,604.5,2,10,-3.5,198.1001465,59.8,603.5
96100,607.5,609,2,10,-3.5,198.2083015,59.8,608.25
96200,608.5,610,2,10,-3.5,198.1583402,59.81,609.25
96300,609.5,611,2,10,-3.5,198.1991837,59.82,610.25
96400,612,613.5,2,10,-3.5,198.2352091,59.82,612.75
96500,617,618.5,2,10,-3.5,198.4477956,59.82,617.75
96600,617,619,2,10,-3.5,198.456278,59.83,618
96700,613,614.5,2,10,-3.5,198.1147947,59.84,613.75
96800,615.5,617,2,10,-3.5,198.3137621,59.84,616.25
96900,614,615.5,2,10,-3.5,198.0884211,59.84,614.75
97000,614,615.5,2,10,-3.5,197.9698676,59.85,614.75
97100,611.5,613,2,10,-3.5,198.0766022,59.86,612.25
97200,609,610.5,2,10,-3.5,198.0182042,59.86,609.75
97300,610,611.5,2,10,-3.5,198.0079449,59.86,610.75
97400,609,610.5,2,10,-3.5,197.8579355,59.87,609.75
97500,608.5,610,2,10,-3.5,197.451385,59.88,609.25
97600,609.5,611,2,10,-3.5,197.4041948,59.88,610.25
97700,609,610.5,2,10,-3.5,197.4166127,59.88,609.75
97800,606.5,608,2,10,-3.5,197.1445848,59.89,607.25
97900,606,607.5,2,10,-3.5,197.3665682,59.9,606.75
98000,603,604.5,2,10,-3.5,197.2705951,59.9,603.75
98100,598,599.5,2,10,-3.5,196.8304247,59.9,598.75
98200,594,595.5,2,10,-3.5,196.8121934,59.91,594.75
98300,596,597.5,2,10,-3.5,196.8217691,59.92,596.75
98400,595.5,597,2,10,-3.5,196.8476354,59.92,596.25
98500,595.5,597,2,10,-3.5,197.0476885,59.92,596.25
98600,592.5,594,2,10,-3.5,196.9679825,59.93,593.25
98700,592.5,594,2,10,-3.5,196.8065689,59.94,593.25
98800,592.5,594,2,10,-3.5,196.7671267,59.94,593.25
98900,594.5,596,2,10,-3.5,196.9206283,59.94,595.25
99000,596,597.5,2,10,-3.5,197.0223279,59.95,596.75
99100,591,592.5,2,10,-3.5,196.5761814,59.96,591.75
99200,591,592.5,2,10,-3.5,196.609123,59.96,591.75
99300,593.5,595,2,10,-3.5,196.6839161,59.96,594.25
99400,592,593.5,2,10,-3.5,196.5378798,59.97,592.75
99500,592,593.5,2,10,-3.5,196.6279698,59.98,592.75
99600,591.5,593,2,10,-3.5,196.7867843,59.98,592.25
99700,590.5,592,2,10,-3.5,196.8292482,59.98,591.25
99800,593,594.5,2,10,-3.5,196.9480611,59.99,593.75
99900,595,596.5,2,10,-3.5,197.1641825,60,595.75
100000,594,595.5,2,10,-3.5,196.8267298,60,594.75
100100,594.5,596,2,10,-3.5,196.8076456,60,595.25
100200,597,598.5,2,10,-3.5,197.0358325,60.01,597.75
100300,597,599,1.9,10,-3.5,197.1036147,60.02,598
100400,596.5,598,1.9,10,-3.5,196.8949205,60.02,597.25
100500,593,594.5,1.9,10,-3.5,196.7536928,60.02,593.75
100600,591.5,593,1.9,10,-3.5,196.6872785,60.03,592.25
100700,590.5,592,1.9,10,-3.5,196.8808906,60.04,591.25
100800,589.5,591,1.9,10,-3.5,196.7668952,60.04,590.25
100900,587.5,589,1.9,10,-3.5,196.6388289,60.04,588.25
101000,592,593.5,1.9,10,-3.5,196.9765553,60.05,592.75
101100,589.5,591,1.9,10,-3.5,196.8631752,60.06,590.25
101200,588.5,590,1.9,10,-3.5,197.0226037,60.06,589.25
101300,590,591.5,1.9,10,-3.5,197.2941388,60.06,590.75
101400,592,593.5,1.9,10,-3.5,197.1307448,60.07,592.75
101500,590,591.5,1.9,10,-3.5,196.7205747,60.08,590.75
101600,591.5,593,1.9,10,-3.5,196.7646887,60.08,592.25
101700,590,591.5,1.9,10,-3.5,196.5937633,60.08,590.75
101800,585,586.5,1.9,10,-3.5,196.3912925,60.09,585.75
101900,586,587.5,1.9,10,-3.5,196.5156839,60.1,586.75
102000,584,585.5,1.9,10,-3.5,196.3312976,60.1,584.75
102100,584,586,1.9,10,-3.5,195.971615,60.1,585
102200,586,587.5,1.9,10,-3.5,196.3119518,60.11,586.75
102300,583,584.5,1.9,10,-3.5,196.03412,60.12,583.75
102400,581.5,583,1.9,10,-3.5,195.8362248,60.12,582.25
102500,579.5,581,1.9,10,-3.5,195.6123681,60.12,580.25
102600,581.5,583,1.9,10,-3.5,196.1817312,60.13,582.25
102700,580.5,582,1.9,10,-3.5,196.0783096,60.14,581.25
102800,580.5,582,1.9,10,-3.5,195.8439553,60.14,581.25
102900,578,579.5,1.9,10,-3.5,195.7484392,60.14,578.75
103000,576.5,578,1.9,10,-3.5,195.5570074,60.15,577.25
103100,576,577.5,1.9,10,-3.5,195.3848306,60.16,576.75
103200,578.5,580,1.9,10,-3.5,195.6518326,60.16,579.25
103300,577,578.5,1.9,10,-3.5,195.5528936,60.16,577.75
103400,571.5,573,1.9,10,-3.5,195.1609495,60.17,572.25
103500,568.5,570,1.9,10,-3.5,195.1079178,60.18,569.25
103600,568,569.5,1.9,10,-3.5,195.018012,60.18,568.75
103700,570,571.5,1.9,10,-3.5,195.2415426,60.18,570.75
103800,569.5,571,1.9,10,-3.5,195.1776529,60.19,570.25
103900,567,568.5,1.9,10,-3.5,195.0111398,60.2,567.75
104000,568.5,570,1.9,10,-3.5,195.1891756,60.2,569.25
104100,572,573.5,1.9,10,-3.5,195.4305699,60.2,572.75
104200,576,577.5,1.9,10,-3.5,195.6991604,60.21,576.75
104300,580.5,582,1.9,10,-3.5,195.9170793,60.22,581.25
104400,581.5,583,1.9,10,-3.5,195.9852676,60.22,582.25
104500,583.5,585,1.9,10,-3.5,196.3193471,60.22,584.25
104600,583,584.5,1.9,10,-3.5,196.3707084,60.23,583.75
104700,582.5,584,1.9,10,-3.5,196.1354636,60.24,583.25
104800,586,587.5,1.9,10,-3.5,196.2151231,60.24,586.75
104900,590,591.5,1.9,10,-3.5,196.4864108,60.24,590.75
105000,589.5,591,1.9,10,-3.5,196.4692702,60.25,590.25
105100,588,589.5,1.9,10,-3.5,196.5094524,60.26,588.75
105200,591.5,593,1.9,10,-3.5,196.7003972,60.26,592.25
105300,594.5,596,1.9,10,-3.5,196.7692018,60.26,595.25
105400,595.5,597,1.9,10,-3.5,196.7641865,60.27,596.25
105500,593,594.5,1.9,10,-3.5,196.7759695,60.28,593.75
105600,594,595.5,1.9,10,-3.5,196.8721236,60.28,594.75
105700,593.5,595.5,1.9,10,-3.5,196.6946144,60.28,594.5
105800,593.5,595,1.9,10,-3.5,196.7973181,60.29,594.25
105900,592.5,594,1.9,10,-3.5,196.880281,60.3,593.25
106000,592,593.5,1.9,10,-3.5,196.7668821,60.3,592.75
106100,587.5,589,1.9,10,-3.5,196.4079718,60.3,588.25
106200,584,585.5,1.9,10,-3.5,196.1677225,60.31,584.75
106300,584.5,586,1.9,10,-3.5,196.1819619,60.32,585.25
106400,584.5,586,1.9,10,-3.5,196.184347,60.32,585.25
106500,581.5,583,1.9,10,-3.5,196.0752526,60.32,582.25
106600,577.5,579,1.9,10,-3.5,195.8396299,60.33,578.25
106700,579,580.5,1.9,10,-3.5,196.1470819,60.34,579.75
106800,578,579.5,1.9,10,-3.5,196.0364542,60.34,578.75
106900,576.5,578,1.9,10,-3.5,195.8793664,60.34,577.25
107000,579.5,581,1.9,10,-3.5,195.9091596,60.35,580.25
107100,581.5,583,1.9,10,-3.5,195.9261166,60.36,582.25
107200,589.5,591,1.9,10,-3.5,196.0512224,60.36,590.25
107300,586,587.5,1.9,10,-3.5,195.8757567,60.36,586.75
107400,584.5,586,1.9,10,-3.5,195.9002108,60.37,585.25
107500,584.5,586,1.9,10,-3.5,196.1611224,60.38,585.25
107600,585,586.5,1.9,10,-3.5,196.2019224,60.38,585.75
107700,581.5,583,1.9,10,-3.5,196.0410281,60.38,582.25
107800,579.5,581,1.9,10,-3.5,195.9597018,60.39,580.25
107900,583,584.5,1.9,10,-3.5,196.1515538,60.4,583.75
108000,587.5,589,1.9,10,-3.5,196.5257282,60.4,588.25
108100,587.5,589.5,1.9,10,-3.5,196.3333598,60.4,588.5
108200,586.5,588,1.9,10,-3.5,196.1347004,60.41,587.25
108300,586.5,588,1.9,10,-3.5,196.1016772,60.42,587.25
108400,585,586.5,1.9,10,-3.5,196.1941724,60.42,585.75
108500,585,586.5,1.9,10,-3.5,196.1436337,60.42,585.75
108600,583,584.5,1.9,10,-3.5,196.1489201,60.43,583.75
108700,579,580.5,1.9,10,-3.5,196.0322437,60.44,579.75
108800,576,577.5,1.9,10,-3.5,196.0205583,60.44,576.75
108900,575,576.5,1.9,10,-3.5,196.0092174,60.44,575.75
109000,574,575.5,1.9,10,-3.5,195.7607677,60.45,574.75
109100,574,575.5,1.9,10,-3.5,195.8294951,60.46,574.75
109200,570,571.5,1.9,10,-3.5,195.6936382,60.46,570.75
109300,567.5,569,1.9,10,-3.5,195.8682063,60.46,568.25
109400,568.5,570,1.9,10,-3.5,195.7534387,60.47,569.25
109500,566,567.5,1.9,10,-3.5,195.6582451,60.48,566.75
109600,563.5,565,1.9,10,-3.5,195.5051593,60.48,564.25
109700,563,564.5,1.9,10,-3.5,195.579683,60.48,563.75
109800,563.5,565,1.9,10,-3.5,195.6576329,60.49,564.25
109900,562.5,564,1.9,10,-3.5,195.5983572,60.5,563.25
110000,565,566.5,1.9,10,-3.5,195.6310498,60.5,565.75
110100,562,563.5,1.9,10,-3.5,195.4630271,60.5,562.75
110200,563.5,565,1.9,10,-3.5,195.5898048,60.51,564.25
110300,562,563.5,1.9,10,-3.5,195.39397,60.52,562.75
110400,565.5,567,1.9,10,-3.5,195.441683,60.52,566.25
110500,567.5,569,1.9,10,-3.5,195.8132268,60.52,568.25
110600,567,568.5,1.9,10,-3.5,195.5858216,60.53,567.75
110700,566.5,568.5,1.9,10,-3.5,195.1930286,60.54,567.5
110800,564.5,566,1.9,10,-3.5,195.0504784,60.54,565.25
110900,564,566,1.9,10,-3.5,195.0455608,60.54,565
111000,567,568.5,1.9,10,-3.5,195.0522936,60.55,567.75
111100,563.5,565,1.9,10,-3.5,194.6937149,60.56,564.25
111200,568.5,570,1.9,10,-3.5,194.7496549,60.56,569.25
111300,568,569.5,1.9,10,-3.5,194.6096918,60.56,568.75
111400,569.5,571,1.9,10,-3.5,194.6194362,60.57,570.25
111500,569.5,571,1.9,10,-3.5,194.3395049,60.58,570.25
111600,568.5,570,1.9,10,-3.5,194.3664483,60.58,569.25
111700,569,570.5,1.9,10,-3.5,194.2748452,60.58,569.75
111800,567,568.5,1.9,10,-3.5,194.3449598,60.59,567.75
111900,566,567.5,1.9,10,-3.5,194.2345837,60.6,566.75
112000,566.5,568,1.9,10,-3.5,194.514393,60.6,567.25
112100,565,566.5,1.9,10,-3.5,194.4964684,60.6,565.75
112200,565.5,567,1.9,10,-3.5,194.5053985,60.61,566.25
112300,567.5,569,1.9,10,-3.5,194.802993,60.62,568.25
112400,567,568.5,1.9,10,-3.5,195.116647,60.62,567.75
112500,565.5,567,1.9,10,-3.5,195.1576001,60.62,566.25
112600,568.5,570,1.9,10,-3.5,195.1798458,60.63,569.25
112700,567,568.5,1.9,10,-3.5,195.0906875,60.64,567.75
112800,568,569.5,1.9,10,-3.5,195.2817766,60.64,568.75
112900,567.5,569,1.9,10,-3.5,195.1597286,60.64,568.25
113000,564,565.5,1.9,10,-3.5,195.0425553,60.65,564.75
113100,566.5,568,1.9,10,-3.5,195.4461821,60.66,567.25
113200,565,566.5,1.9,10,-3.5,195.3184619,60.66,565.75
113300,569,570.5,1.9,10,-3.5,195.3694821,60.66,569.75
113400,569,570.5,1.9,10,-3.5,195.4229378,60.67,569.75
113500,572,573.5,1.9,10,-3.5,195.7486449,60.68,572.75
113600,571.5,573,1.9,10,-3.5,195.7274978,60.68,572.25
113700,570.5,572,1.9,10,-3.5,195.8325491,60.68,571.25
113800,574.5,576,1.9,10,-3.5,196.0806989,60.69,575.25
113900,573,574.5,1.9,10,-3.5,196.0596298,60.7,573.75
114000,573,575,1.9,10,-3.5,196.5109186,60.7,574
114100,572.5,574,1.9,10,-3.5,196.7785296,60.7,573.25
114200,565.5,567,1.9,10,-3.5,196.6784912,60.71,566.25
114300,565.5,567.5,1.9,10,-3.5,196.6814597,60.72,566.5
114400,564,565.5,1.9,10,-3.5,196.5074323,60.72,564.75
114500,564,565.5,1.9,10,-3.5,196.4212485,60.72,564.75
114600,564.5,566,1.9,10,-3.5,196.5363721,60.73,565.25
114700,563,564.5,1.9,10,-3.5,196.3473723,60.74,563.75
114800,560,561.5,1.9,10,-3.5,196.3333034,60.74,560.75
114900,563,564.5,1.9,10,-3.5,196.9056972,60.74,563.75
115000,563,564.5,1.9,10,-3.5,196.7058903,60.75,563.75
115100,560.5,562,1.9,10,-3.5,196.685098,60.76,561.25
115200,560,561.5,1.9,10,-3.5,196.5554462,60.76,560.75
115300,563,564.5,1.9,10,-3.5,196.7950889,60.76,563.75
115400,563,564.5,1.9,10,-3.5,196.7821279,60.77,563.75
115500,561,562.5,1.9,10,-3.5,196.7687401,60.78,561.75
115600,563,564.5,1.9,10,-3.5,196.8367576,60.78,563.75
115700,558.5,560,1.9,10,-3.5,196.6069353,60.78,559.25
115800,557,558.5,1.9,10,-3.5,196.5030014,60.79,557.75
115900,556.5,558,1.9,10,-3.5,196.5279878,60.8,557.25
116000,556,558,1.9,10,-3.5,196.5250584,60.8,557
116100,558.5,560,1.9,10,-3.5,196.881418,60.8,559.25
116200,564,565.5,1.9,10,-3.5,196.9048613,60.81,564.75
116300,567,568.5,1.9,10,-3.5,197.3907604,60.82,567.75
116400,563.5,565,1.9,10,-3.5,197.2465641,60.82,564.25
116500,567,568.5,1.9,10,-3.5,197.3281804,60.82,567.75
116600,562.5,564,1.9,10,-3.5,197.2568652,60.83,563.25
116700,559,560.5,1.9,10,-3.5,197.0908252,60.84,559.75
116800,558.5,560.5,1.9,10,-3.5,196.9729403,60.84,559.5
116900,561.5,563,1.9,10,-3.5,197.0968636,60.84,562.25
117000,567.5,569,1.9,10,-3.5,197.2067432,60.85,568.25
117100,568.5,570,1.9,10,-3.5,197.3393251,60.86,569.25
117200,569.5,571,1.9,10,-3.5,197.4688514,60.86,570.25
117300,570.5,572,1.9,10,-3.5,197.6940892,60.86,571.25
117400,569.5,571,1.9,10,-3.5,197.6639052,60.87,570.25
117500,570,571.5,1.9,10,-3.5,197.7947243,60.88,570.75
117600,568,569.5,1.9,10,-3.5,197.6227612,60.88,568.75
117700,562.5,564,1.9,10,-3.5,197.4841795,60.88,563.25
117800,565.5,567,1.9,10,-3.5,197.6084581,60.89,566.25
117900,568,569.5,1.9,10,-3.5,197.7352404,60.9,568.75
118000,566.5,568,1.9,10,-3.5,197.8099583,60.9,567.25
118100,565.5,567,1.9,10,-3.5,197.8111684,60.9,566.25
118200,562.5,564,1.9,10,-3.5,197.6496681,60.91,563.25
118300,563.5,565,1.9,10,-3.5,197.5688969,60.92,564.25
118400,562,563.5,1.9,10,-3.5,197.6941759,60.92,562.75
118500,563.5,565,1.9,10,-3.5,197.9504591,60.92,564.25
118600,561,562.5,1.9,10,-3.5,197.6807062,60.93,561.75
118700,558,559.5,1.9,10,-3.5,197.5258658,60.94,558.75
118800,558.5,560,1.9,10,-3.5,197.3110614,60.94,559.25
118900,556,557.5,1.9,10,-3.5,197.1372591,60.94,556.75
119000,554,555.5,1.9,10,-3.5,197.0120398,60.95,554.75
119100,552.5,554,1.9,10,-3.5,196.9472192,60.96,553.25
119200,555,556.5,1.9,10,-3.5,197.052203,60.96,555.75
119300,553.5,555,1.9,10,-3.5,197.0459423,60.96,554.25
119400,555.5,557,1.9,10,-3.5,197.1395374,60.97,556.25
119500,552,553.5,1.9,10,-3.5,196.8611813,60.98,552.75
119600,554,555.5,1.9,10,-3.5,196.7415668,60.98,554.75
119700,555,556.5,1.9,10,-3.5,196.7888202,60.98,555.75
119800,556,557.5,1.9,10,-3.5,196.8228566,60.99,556.75
119900,554.5,556,1.9,10,-3.5,196.6958406,61,555.25
120000,555.5,557,1.9,10,-3.5,196.8090604,61,556.25
120100,560,561.5,1.9,10,-3.5,196.9079454,61,560.75
120200,559.5,561,1.9,10,-3.5,196.8811641,61.01,560.25
120300,553,554.5,1.9,10,-3.5,196.6983145,61.02,553.75
120400,553,555,1.9,10,-3.5,196.6416692,61.02,554
120500,557,558.5,1.9,10,-3.5,196.8841732,61.02,557.75
120600,555,556.5,1.9,10,-3.5,196.9476779,61.03,555.75
120700,554,555.5,1.9,10,-3.5,196.8356432,61.04,554.75
120800,555.5,557,1.9,10,-3.5,197.0971739,61.04,556.25
120900,557.5,559,1.9,10,-3.5,197.2501758,61.04,558.25
121000,560.5,562,1.9,10,-3.5,197.444929,61.05,561.25
121100,563,564.5,1.9,10,-3.5,197.7627947,61.06,563.75
121200,564,565.5,1.9,10,-3.5,197.9943385,61.06,564.75
121300,561,562.5,1.9,10,-3.5,197.7577176,61.06,561.75
121400,561,562.5,1.9,10,-3.5,197.8367986,61.07,561.75
121500,564.5,566,1.9,10,-3.5,197.9529981,61.08,565.25
121600,565.5,567,1.9,10,-3.5,198.0361826,61.08,566.25
121700,565.5,567.5,1.9,10,-3.5,197.9132639,61.08,566.5
121800,565,566.5,1.9,10,-3.5,197.7864172,61.09,565.75
121900,566.5,568,1.9,10,-3.5,198.0221558,61.1,567.25
122000,565,566.5,1.9,10,-3.5,197.8786881,61.1,565.75
122100,562.5,564,1.9,10,-3.5,197.826667,61.1,563.25
122200,565,566.5,1.9,10,-3.5,197.8626861,61.11,565.75
122300,565.5,567,1.9,10,-3.5,198.0539395,61.12,566.25
122400,567,568.5,1.9,10,-3.5,198.2533945,61.12,567.75
122500,564,565.5,1.9,10,-3.5,198.074406,61.12,564.75
122600,562.5,564,1.9,10,-3.5,198.0918456,61.13,563.25
122700,560,561.5,1.9,10,-3.5,198.0168083,61.14,560.75
122800,557.5,559,1.9,10,-3.5,197.9780682,61.14,558.25
122900,563,564.5,1.9,10,-3.5,198.1942456,61.14,563.75
123000,561,562.5,1.9,10,-3.5,197.9336759,61.15,561.75
123100,562.5,564,1.9,10,-3.5,197.9166601,61.16,563.25
123200,559.5,561,1.9,10,-3.5,197.6850446,61.16,560.25
123300,563,564.5,1.9,10,-3.5,197.9706173,61.16,563.75
123400,560.5,562,1.9,10,-3.5,197.6592365,61.17,561.25
123500,559.5,561,1.9,10,-3.5,197.5969196,61.18,560.25
123600,554.5,556,1.9,10,-3.5,197.4952554,61.18,555.25
123700,551.5,553,1.9,10,-3.5,197.2024102,61.18,552.25
123800,551,552.5,1.9,10,-3.5,197.1167064,61.19,551.75
123900,551.5,553,1.9,10,-3.5,197.4224709,61.2,552.25
124000,550,551.5,1.9,10,-3.5,197.6128677,61.2,550.75
124100,548.5,550,1.9,10,-3.5,197.5770667,61.2,549.25
124200,549.5,551,1.9,10,-3.5,197.7304749,61.21,550.25
124300,553.5,555,1.9,10,-3.5,197.8675175,61.22,554.25
124400,552,553.5,1.9,10,-3.5,197.8127673,61.22,552.75
124500,551.5,553,1.9,10,-3.5,197.975721,61.22,552.25
124600,551,552.5,1.9,10,-3.5,197.8099752,61.23,551.75
124700,550.5,552,1.9,10,-3.5,197.7169073,61.24,551.25
124800,555,556.5,1.9,10,-3.5,197.8971193,61.24,555.75
124900,553.5,555,1.9,10,-3.5,198.1924513,61.24,554.25
125000,557,558.5,1.9,10,-3.5,198.3801166,61.25,557.75
125100,553,554.5,1.9,10,-3.5,198.2107876,61.26,553.75
125200,553.5,555,1.9,10,-3.5,198.0125211,61.26,554.25
125300,555,556.5,1.9,10,-3.5,198.1914665,61.26,555.75
125400,553,554.5,1.9,10,-3.5,197.9941542,61.27,553.75
125500,554.5,556,1.9,10,-3.5,198.0778868,61.28,555.25
125600,554,555.5,1.9,10,-3.5,197.8836571,61.28,554.75
125700,549,550.5,1.9,10,-3.5,197.6371538,61.28,549.75
125800,546.5,548,1.9,10,-3.5,197.448753,61.29,547.25
125900,544,545.5,1.9,10,-3.5,197.1382648,61.3,544.75
126000,540.5,542,1.9,10,-3.5,197.051298,61.3,541.25
126100,542,543.5,1.9,10,-3.5,197.1688305,61.3,542.75
126200,541,542.5,1.9,10,-3.5,196.9165015,61.31,541.75
126300,541.5,543,1.9,10,-3.5,196.4913111,61.32,542.25
126400,540,541.5,1.9,10,-3.5,196.3103696,61.32,540.75
126500,543,544.5,1.9,10,-3.5,196.50265,61.32,543.75
126600,542,543.5,1.9,10,-3.5,196.5640077,61.33,542.75
126700,545.5,547,1.9,10,-3.5,196.8578006,61.34,546.25
126800,543,544.5,1.9,10,-3.5,196.8675446,61.34,543.75
126900,547,548.5,1.9,10,-3.5,197.082345,61.34,547.75
127000,546,547.5,1.9,10,-3.5,196.8179193,61.35,546.75
127100,546.5,548,1.9,10,-3.5,196.9849466,61.36,547.25
127200,547.5,549,1.9,10,-3.5,197.0481514,61.36,548.25
127300,552,553.5,1.9,10,-3.5,197.1303667,61.36,552.75
127400,553.5,555,1.9,10,-3.5,197.2204273,61.37,554.25
127500,551,552.5,1.9,10,-3.5,196.998288,61.38,551.75
127600,550.5,552,1.9,10,-3.5,196.9262468,61.38,551.25
127700,549.5,551,1.9,10,-3.5,196.5299069,61.38,550.25
127800,549,550.5,1.9,10,-3.5,196.398883,61.39,549.75
127900,549,550.5,1.9,10,-3.5,196.143896,61.4,549.75
128000,547,548.5,1.9,10,-3.5,195.9942689,61.4,547.75
128100,544,545.5,1.9,10,-3.5,195.802581,61.4,544.75
128200,543,544.5,1.9,10,-3.5,195.7169149,61.41,543.75
128300,540,541.5,1.9,10,-3.5,195.5348174,61.42,540.75
128400,542.5,544,1.9,10,-3.5,195.8724705,61.42,543.25
128500,544,545.5,1.9,10,-3.5,195.841242,61.42,544.75
128600,543.5,545,1.9,10,-3.5,195.419309,61.43,544.25
128700,543,544.5,1.9,10,-3.5,195.2136116,61.44,543.75
128800,542.5,544.5,1.9,10,-3.5,195.14401,61.44,543.5
128900,546,547.5,1.9,10,-3.5,195.1756986,61.44,546.75
129000,548.5,550,1.9,10,-3.5,195.3038266,61.45,549.25
129100,550,551.5,1.9,10,-3.5,195.2544682,61.46,550.75
129200,552.5,554,1.9,10,-3.5,195.5408061,61.46,553.25
129300,551,552.5,1.9,10,-3.5,195.3296236,61.46,551.75
129400,551.5,553,1.9,10,-3.5,195.5794366,61.47,552.25
129500,553.5,555,1.9,10,-3.5,195.7792808,61.48,554.25
129600,556.5,558,1.9,10,-3.5,196.0770896,61.48,557.25
129700,554,555.5,1.9,10,-3.5,196.0073004,61.48,554.75
129800,551.5,553,1.9,10,-3.5,195.9321687,61.49,552.25
129900,558,559.5,1.9,10,-3.5,195.9931116,61.5,558.75
130000,561,562.5,1.9,10,-3.5,196.0108485,61.5,561.75
130100,564,565.5,1.9,10,-3.5,196.2269612,61.5,564.75
130200,566,567.5,2,10,-3.5,196.2973704,61.51,566.75
130300,570,571.5,2,10,-3.5,196.4694603,61.52,570.75
130400,573.5,575,2,10,-3.5,196.4506036,61.52,574.25
130500,574.5,576,2,10,-3.5,196.5702531,61.52,575.25
130600,571,572.5,2,10,-3.5,196.2946159,61.53,571.75
130700,566,567.5,2,10,-3.5,196.1745531,61.54,566.75
130800,567.5,569,2,10,-3.5,196.1939814,61.54,568.25
130900,568,569.5,2,10,-3.5,196.3482189,61.54,568.75
131000,568,569.5,2,10,-3.5,196.3340548,61.55,568.75
131100,569.5,571,2,10,-3.5,196.4339874,61.56,570.25
131200,570.5,572,2,10,-3.5,196.5298188,61.56,571.25
131300,568,569.5,2,10,-3.5,196.3518141,61.56,568.75
131400,568.5,570,2,10,-3.5,196.5418055,61.57,569.25
131500,569.5,571,2,10,-3.5,196.3832495,61.58,570.25
131600,570.5,572,2,10,-3.5,196.3847788,61.58,571.25
131700,572.5,574,2,10,-3.5,196.3466666,61.58,573.25
131800,567.5,569,2,10,-3.5,196.0954965,61.59,568.25
131900,571,572.5,2,10,-3.5,196.4751674,61.6,571.75
132000,570.5,572,2,10,-3.5,196.5021245,61.6,571.25
132100,570,571.5,2,10,-3.5,196.4788064,61.6,570.75
132200,570,571.5,2,10,-3.5,196.4968739,61.61,570.75
132300,566.5,568,2,10,-3.5,196.3639962,61.62,567.25
132400,571,572.5,2,10,-3.5,196.4426425,61.62,571.75
132500,568,569.5,2,10,-3.5,196.1870599,61.62,568.75
132600,570,571.5,2,10,-3.5,196.397639,61.63,570.75
132700,569,570.5,2,10,-3.5,196.4465067,61.64,569.75
132800,572,573.5,2,10,-3.5,196.5111658,61.64,572.75
132900,574.5,576,2,10,-3.5,196.5634988,61.64,575.25
133000,577,578.5,2,10,-3.5,196.5939797,61.65,577.75
133100,578,579.5,2,10,-3.5,196.6353253,61.66,578.75
133200,578,579.5,2,10,-3.5,196.6317083,61.66,578.75
133300,575.5,577,2,10,-3.5,196.3934148,61.66,576.25
133400,577,578.5,2,10,-3.5,196.4125744,61.67,577.75
133500,574.5,576,2,10,-3.5,196.3386281,61.68,575.25
133600,574,575.5,2,10,-3.5,196.1812109,61.68,574.75
133700,571.5,573,2,10,-3.5,196.0506543,61.68,572.25
133800,573.5,575,2,10,-3.5,196.1692336,61.69,574.25
133900,570,571.5,2,10,-3.5,196.1419675,61.7,570.75
134000,572,573.5,2,10,-3.5,196.1816598,61.7,572.75
134100,571,572.5,2,10,-3.5,196.3936667,61.7,571.75
134200,571.5,573,2,10,-3.5,196.6578126,61.71,572.25
134300,571.5,573,2,10,-3.5,196.4258392,61.72,572.25
134400,576,577.5,2,10,-3.5,196.6763209,61.72,576.75
134500,574.5,576,2,10,-3.5,196.6369216,61.72,575.25
134600,575.5,577,2,10,-3.5,196.6044207,61.73,576.25
134700,571,572.5,2,10,-3.5,196.5398957,61.74,571.75
134800,573.5,575,2,10,-3.5,196.6722995,61.74,574.25
134900,570,571.5,2,10,-3.5,196.235903,61.74,570.75
135000,571,572.5,2,10,-3.5,196.202368,61.75,571.75
135100,571,572.5,2,10,-3.5,196.3972041,61.76,571.75
135200,569.5,571,2,10,-3.5,196.1590784,61.76,570.25
135300,569.5,571,2,10,-3.5,196.0718319,61.76,570.25
135400,567.5,569,2,10,-3.5,195.9947216,61.77,568.25
135500,560.5,562,2,10,-3.5,195.6276784,61.78,561.25
135600,556,557.5,2,10,-3.5,195.1754755,61.78,556.75
135700,559,560.5,2,10,-3.5,195.108661,61.78,559.75
135800,556,557.5,2,10,-3.5,194.9859878,61.79,556.75
135900,551.5,553,2,10,-3.5,194.8163123,61.8,552.25
136000,550.5,552,2,10,-3.5,194.9043449,61.8,551.25
136100,552,553.5,2,10,-3.5,195.2597814,61.8,552.75
136200,549.5,551,2,10,-3.5,195.4511952,61.81,550.25
136300,550,551.5,2,10,-3.5,195.4649019,61.82,550.75
136400,551,552.5,2,10,-3.5,195.8043875,61.82,551.75
136500,555,556.5,2,10,-3.5,195.8447064,61.82,555.75
136600,554,555.5,2,10,-3.5,195.8654913,61.83,554.75
136700,555,556.5,2,10,-3.5,196.1358271,61.84,555.75
136800,557.5,559,2,10,-3.5,196.2101431,61.84,558.25
136900,555.5,557,2,10,-3.5,196.0531917,61.84,556.25
137000,556.5,558,2,10,-3.5,196.2513063,61.85,557.25
137100,556,557.5,2,10,-3.5,196.4518272,61.86,556.75
137200,554,555.5,2,10,-3.5,196.3814863,61.86,554.75
137300,551.5,553,2,10,-3.5,196.2923222,61.86,552.25
137400,548.5,550,2,10,-3.5,195.8530363,61.87,549.25
137500,550,551.5,2,10,-3.5,196.0592447,61.88,550.75
137600,547,548.5,2,10,-3.5,195.870129,61.88,547.75
137700,547,548.5,2,10,-3.5,195.9262774,61.88,547.75
137800,552,553.5,2,10,-3.5,196.04518,61.89,552.75
137900,555,556.5,2,10,-3.5,196.0670504,61.9,555.75
138000,555,557,2,10,-3.5,196.1804595,61.9,556
138100,554.5,556,2,10,-3.5,196.4834328,61.9,555.25
138200,555,556.5,2,10,-3.5,196.5931258,61.91,555.75
138300,557.5,559,2,10,-3.5,196.7864476,61.92,558.25
138400,559.5,561,2,10,-3.5,196.9561663,61.92,560.25
138500,562,563.5,2,10,-3.5,196.8217413,61.92,562.75
138600,564,565.5,2,10,-3.5,197.0526608,61.93,564.75
138700,561,562.5,2,10,-3.5,196.9831452,61.94,561.75
138800,561,562.5,2,10,-3.5,197.0226332,61.94,561.75
138900,560,561.5,2,10,-3.5,197.0085109,61.94,560.75
139000,561,562.5,2,10,-3.5,197.123965,61.95,561.75
139100,560,561.5,2,10,-3.5,197.1127676,61.96,560.75
139200,558,559.5,2,10,-3.5,196.9642561,61.96,558.75
139300,556.5,558,2,10,-3.5,197.005301,61.96,557.25
139400,554.5,556,2,10,-3.5,196.9438443,61.97,555.25
139500,553,554.5,2,10,-3.5,196.890971,61.98,553.75
139600,551,552.5,2,10,-3.5,196.7872887,61.98,551.75
139700,550,551.5,2,10,-3.5,196.7304593,61.98,550.75
139800,550.5,552,2,10,-3.5,196.4723501,61.99,551.25
139900,552.5,554,2,10,-3.5,196.6162977,62,553.25
140000,552.5,554,2,10,-3.5,196.4350208,62,553.25
140100,556,557.5,2,10,-3.5,196.7763842,62,556.75
140200,558.5,560,2,10,-3.5,196.8888426,62.01,559.25
140300,562,563.5,2,10,-3.5,197.2308708,62.02,562.75
140400,558,559.5,2,10,-3.5,196.904551,62.02,558.75
140500,557.5,559,2,10,-3.5,196.8411063,62.02,558.25
140600,558.5,560,2,10,-3.5,196.592276,62.03,559.25
140700,561,562.5,2,10,-3.5,196.7272249,62.04,561.75
140800,558.5,560,2,10,-3.5,196.5989455,62.04,559.25
140900,558.5,560.5,2,10,-3.5,196.555855,62.04,559.5
141000,560.5,562,2,10,-3.5,196.5985854,62.05,561.25
141100,564.5,566,2,10,-3.5,196.7285955,62.06,565.25
141200,563,564.5,2,10,-3.5,196.6054857,62.06,563.75
141300,565,566.5,2,10,-3.5,196.6447446,62.06,565.75
141400,562,563.5,2,10,-3.5,196.6799425,62.07,562.75
141500,561.5,563,2,10,-3.5,196.448718,62.08,562.25
141600,561,563,2,10,-3.5,196.3718148,62.08,562
141700,559,560.5,2,10,-3.5,196.0821824,62.08,559.75
141800,562,563.5,2,10,-3.5,196.4704012,62.09,562.75
141900,558,559.5,2,10,-3.5,196.1362143,62.1,558.75
142000,560.5,562,2,10,-3.5,196.2582313,62.1,561.25
142100,560,561.5,2,10,-3.5,196.4069071,62.1,560.75
142200,560,561.5,2,10,-3.5,196.3757557,62.11,560.75
142300,559.5,561,2,10,-3.5,196.2835982,62.12,560.25
142400,557.5,559,2,10,-3.5,196.131079,62.12,558.25
142500,560,561.5,2,10,-3.5,196.3936925,62.12,560.75
142600,559.5,561,2,10,-3.5,195.9700256,62.13,560.25
142700,557,558.5,2,10,-3.5,195.9111683,62.14,557.75
142800,558,559.5,2,10,-3.5,196.0295726,62.14,558.75
142900,554.5,556,2,10,-3.5,195.8070279,62.14,555.25
143000,550.5,552,2,10,-3.5,195.7700892,62.15,551.25
143100,553.5,555,2,10,-3.5,195.9642017,62.16,554.25
143200,552.5,554,2,10,-3.5,195.88901,62.16,553.25
143300,551.5,553,2,10,-3.5,195.9318121,62.16,552.25
143400,551,552.5,2,10,-3.5,195.9398768,62.17,551.75
143500,555,556.5,2,10,-3.5,196.0966496,62.18,555.75
143600,557,558.5,2,10,-3.5,196.194113,62.18,557.75
143700,554.5,556,2,10,-3.5,196.1118411,62.18,555.25
143800,553.5,555,2,10,-3.5,196.0041489,62.19,554.25
143900,551.5,553,2,10,-3.5,195.9932351,62.2,552.25
144000,551,552.5,2,10,-3.5,196.0435019,62.2,551.75
144100,556.5,558,2,10,-3.5,196.106326,62.2,557.25
144200,556,557.5,2,10,-3.5,196.0482485,62.21,556.75
144300,555.5,557,2,10,-3.5,196.1674096,62.22,556.25
144400,557.5,559,2,10,-3.5,196.025635,62.22,558.25
144500,555,556.5,2,10,-3.5,195.876631,62.22,555.75
144600,556.5,558,2,10,-3.5,195.8404926,62.23,557.25
144700,553.5,555,2,10,-3.5,195.6908144,62.24,554.25
144800,553,554.5,2,10,-3.5,196.0849374,62.24,553.75
144900,554,555.5,2,10,-3.5,196.113115,62.24,554.75
145000,556,557.5,2,10,-3.5,196.278681,62.25,556.75
145100,554,555.5,2,10,-3.5,196.1746795,62.26,554.75
145200,554,555.5,2,10,-3.5,195.7632817,62.26,554.75
145300,553,554.5,2,10,-3.5,195.710035,62.26,553.75
145400,552.5,554,2,10,-3.5,195.6867745,62.27,553.25
145500,552.5,554,2,10,-3.5,195.788612,62.28,553.25
145600,548.5,550,2,10,-3.5,195.6690364,62.28,549.25
145700,548.5,550,2,10,-3.5,195.5751896,62.28,549.25
145800,549.5,551,2,10,-3.5,195.8052906,62.29,550.25
145900,549.5,551,2,10,-3.5,195.6734272,62.3,550.25
146000,550,551.5,2,10,-3.5,195.5639979,62.3,550.75
146100,547,548.5,2,10,-3.5,195.3673614,62.3,547.75
146200,549.5,551,2,10,-3.5,195.6047142,62.31,550.25
146300,548,549.5,2,10,-3.5,195.4987818,62.32,548.75
146400,551,552.5,2,10,-3.5,195.5083253,62.32,551.75
146500,547.5,549,2,10,-3.5,195.343289,62.32,548.25
146600,549,550.5,2,10,-3.5,195.474347,62.33,549.75
146700,549.5,551,2,10,-3.5,195.2488438,62.34,550.25
146800,550,551.5,2,10,-3.5,195.4750983,62.34,550.75
146900,547,548.5,2,10,-3.5,195.2785237,62.34,547.75
147000,549.5,551,2,10,-3.5,195.5814918,62.35,550.25
147100,544.5,546,2,10,-3.5,195.3810074,62.36,545.25
147200,549.5,551,2,10,-3.5,195.6300812,62.36,550.25
147300,555.5,557,2,10,-3.5,195.7309656,62.36,556.25
147400,555,556.5,2,10,-3.5,195.704666,62.37,555.75
147500,553,554.5,2,10,-3.5,195.5881337,62.38,553.75
147600,552,553.5,2,10,-3.5,195.5000931,62.38,552.75
147700,549.5,551,2,10,-3.5,195.4050133,62.38,550.25
147800,553,554.5,2,10,-3.5,195.419773,62.39,553.75
147900,546.5,548,2,10,-3.5,195.3748712,62.4,547.25
148000,545,546.5,2,10,-3.5,195.3829182,62.4,545.75
148100,546.5,548,2,10,-3.5,195.4092234,62.4,547.25
148200,545.5,547,2,10,-3.5,195.2934505,62.41,546.25
148300,544.5,546,2,10,-3.5,194.9038744,62.42,545.25
148400,551,552.5,2,10,-3.5,195.0369083,62.42,551.75
148500,551.5,553,2,10,-3.5,194.6378786,62.42,552.25
148600,551.5,553,2,10,-3.5,194.733588,62.43,552.25
148700,551,552.5,2,10,-3.5,195.0034881,62.44,551.75
148800,551,552.5,2,10,-3.5,194.7180384,62.44,551.75
148900,553,554.5,2,10,-3.5,194.4718755,62.44,553.75
149000,548.5,550,2,10,-3.5,194.2403933,62.45,549.25
149100,550.5,552,2,10,-3.5,194.4367445,62.46,551.25
149200,549.5,551,2,10,-3.5,194.0911129,62.46,550.25
149300,548,549.5,2,10,-3.5,193.9409098,62.46,548.75
149400,546.5,548,2,10,-3.5,194.0210952,62.47,547.25
149500,549,550.5,2,10,-3.5,194.1076956,62.48,549.75
149600,549.5,551,2,10,-3.5,193.8293865,62.48,550.25
149700,553.5,555,2,10,-3.5,194.0225957,62.48,554.25
149800,553,555,2,10,-3.5,193.9637724,62.49,554
149900,556,557.5,2,10,-3.5,194.1972325,62.5,556.75
150000,556.5,558,2,10,-3.5,194.2983485,62.5,557.25
150100,560,561.5,2,10,-3.5,194.7022795,62.5,560.75
150200,556.5,558,2,10,-3.5,194.6862777,62.51,557.25
150300,561.5,563,2,10,-3.5,194.7623901,62.52,562.25
150400,562.5,564,2,10,-3.5,195.0007402,62.52,563.25
150500,562,563.5,2,10,-3.5,194.8635739,62.52,562.75
150600,563,564.5,2,10,-3.5,195.0445336,62.53,563.75
150700,560,561.5,2,10,-3.5,194.790646,62.54,560.75
150800,562,563.5,2,10,-3.5,194.9189237,62.54,562.75
150900,562,564,2,10,-3.5,194.7750918,62.54,563
151000,563,564.5,2,10,-3.5,194.8578846,62.55,563.75
151100,558.5,560,2,10,-3.5,194.7664938,62.56,559.25
151200,559.5,561,2,10,-3.5,194.9913222,62.56,560.25
151300,559.5,561,2,10,-3.5,194.9186149,62.56,560.25
151400,563,564.5,2,10,-3.5,195.5177778,62.57,563.75
151500,564,565.5,2,10,-3.5,195.7144898,62.58,564.75
151600,565.5,567,2,10,-3.5,195.6050674,62.58,566.25
151700,568,569.5,2,10,-3.5,195.7373856,62.58,568.75
151800,567,568.5,2,10,-3.5,195.6384772,62.59,567.75
151900,566,567.5,2,10,-3.5,195.7319376,62.6,566.75
152000,563.5,565,2,10,-3.5,195.4609628,62.6,564.25
152100,565.5,567,2,10,-3.5,195.4660829,62.6,566.25
152200,566.5,568,2,10,-3.5,195.6770055,62.61,567.25
152300,567.5,569,2,10,-3.5,195.9120392,62.62,568.25
152400,569.5,571,2,10,-3.5,195.9402231,62.62,570.25
152500,564,565.5,2,10,-3.5,195.8657432,62.62,564.75
152600,560.5,562,2,10,-3.5,195.6520952,62.63,561.25
152700,559.5,561,2,10,-3.5,195.7671115,62.64,560.25
152800,563.5,565,2,10,-3.5,196.0389744,62.64,564.25
152900,562.5,564,2,10,-3.5,196.1141258,62.64,563.25
153000,562,564,2,10,-3.5,196.4316439,62.65,563
153100,564,565.5,2,10,-3.5,196.8802554,62.66,564.75
153200,561.5,563,2,10,-3.5,196.7155446,62.66,562.25
153300,558.5,560,2,10,-3.5,196.6851094,62.66,559.25
153400,558.5,560,2,10,-3.5,196.4424002,62.67,559.25
153500,563,564.5,2,10,-3.5,196.6574009,62.68,563.75
153600,564.5,566,2,10,-3.5,196.6280421,62.68,565.25
153700,566,567.5,2,10,-3.5,196.9064652,62.68,566.75
153800,567,568.5,2,10,-3.5,197.0581061,62.69,567.75
153900,566,567.5,2,10,-3.5,197.0312488,62.7,566.75
154000,564.5,566,2,10,-3.5,196.8985491,62.7,565.25
154100,562.5,564,2,10,-3.5,196.7443979,62.7,563.25
154200,565,566.5,2,10,-3.5,196.835662,62.71,565.75
154300,571,572.5,2,10,-3.5,196.9837249,62.72,571.75
154400,573,574.5,2,10,-3.5,197.1049874,62.72,573.75
154500,573.5,575,2,10,-3.5,197.0046564,62.72,574.25
154600,571,572.5,2,10,-3.5,197.0773676,62.73,571.75
154700,568.5,570,2,10,-3.5,196.9777383,62.74,569.25
154800,568,569.5,2,10,-3.5,197.0078751,62.74,568.75
154900,567,568.5,2,10,-3.5,197.1088171,62.74,567.75
155000,563,564.5,2,10,-3.5,197.0302245,62.75,563.75
155100,561,562.5,2,10,-3.5,196.8008292,62.76,561.75
155200,557,558.5,2,10,-3.5,196.7049724,62.76,557.75
155300,555,556.5,2,10,-3.5,196.4364825,62.76,555.75
155400,552.5,554,2,10,-3.5,196.3191547,62.77,553.25
155500,554.5,556,2,10,-3.5,196.3611234,62.78,555.25
155600,550.5,552,2,10,-3.5,196.3486266,62.78,551.25
155700,549.5,551,2,10,-3.5,196.2911018,62.78,550.25
155800,551,552.5,2,10,-3.5,196.3313388,62.79,551.75
155900,553.5,555,2,10,-3.5,196.5969123,62.8,554.25
156000,552.5,554,2,10,-3.5,196.4139981,62.8,553.25
156100,552,553.5,2,10,-3.5,195.9523087,62.8,552.75
156200,552.5,554,2,10,-3.5,195.9554485,62.81,553.25
156300,547,548.5,2,10,-3.5,195.7986334,62.82,547.75
156400,544.5,546,2,10,-3.5,195.8520358,62.82,545.25
156500,545.5,547,2,10,-3.5,195.3388033,62.82,546.25
156600,546.5,548,2,10,-3.5,195.7205357,62.83,547.25
156700,546.5,548,2,10,-3.5,195.7165759,62.84,547.25
156800,542,543.5,2,10,-3.5,195.3446359,62.84,542.75
156900,548.5,550,2,10,-3.5,195.4688254,62.84,549.25
157000,552,553.5,2,10,-3.5,195.5648881,62.85,552.75
157100,556.5,558,2,10,-3.5,195.565265,62.86,557.25
157200,556.5,558,2,10,-3.5,195.5076358,62.86,557.25
157300,559.5,561,2,10,-3.5,195.6218742,62.86,560.25
157400,561,562.5,2,10,-3.5,195.6197859,62.87,561.75
157500,565,566.5,2,10,-3.5,195.6502541,62.88,565.75
157600,568,569.5,2,10,-3.5,195.7065565,62.88,568.75
157700,570,571.5,2,10,-3.5,195.9590905,62.88,570.75
157800,567.5,569,2,10,-3.5,195.7804875,62.89,568.25
157900,568,569.5,2,10,-3.5,195.7126912,62.9,568.75
158000,569.5,571,2,10,-3.5,195.9826715,62.9,570.25
158100,571.5,573,2,10,-3.5,195.9012482,62.9,572.25
158200,568,569.5,2,10,-3.5,195.8344963,62.91,568.75
158300,571,572.5,2,10,-3.5,196.1162599,62.92,571.75
158400,571,572.5,2,10,-3.5,196.1073161,62.92,571.75
158500,573.5,575,2,10,-3.5,195.9886432,62.92,574.25
158600,574,575.5,2,10,-3.5,196.254204,62.93,574.75
158700,575,576.5,2,10,-3.5,196.439194,62.94,575.75
158800,580,581.5,2,10,-3.5,196.4411514,62.94,580.75
158900,579.5,581,2,10,-3.5,196.2332752,62.94,580.25
159000,581.5,583,2,10,-3.5,196.6215627,62.95,582.25
159100,586,587.5,2,10,-3.5,196.6260626,62.96,586.75
159200,586,587.5,2,10,-3.5,196.6038613,62.96,586.75
159300,584.5,586,2,10,-3.5,196.6972961,62.96,585.25
159400,585.5,587,2,10,-3.5,196.8928541,62.97,586.25
159500,585.5,587.5,2,10,-3.5,197.1270187,62.98,586.5
159600,584,585.5,2,10,-3.5,196.9754649,62.98,584.75
159700,585.5,587,2,10,-3.5,196.7852773,62.98,586.25
159800,589,590.5,2,10,-3.5,196.8675572,62.99,589.75
159900,592,593.5,2,10,-3.5,196.9606298,63,592.75
160000,590.5,592,2,10,-3.5,196.9374907,63,591.25
160100,590,591.5,2,10,-3.5,196.947859,63,590.75
160200,587,588.5,2,10,-3.5,196.7361375,63.01,587.75
160300,584,585.5,2,10,-3.5,196.5727333,63.02,584.75
160400,587,588.5,2,10,-3.5,196.6437519,63.02,587.75
160500,584.5,586,2,10,-3.5,196.4106024,63.02,585.25
160600,580,581.5,2,10,-3.5,196.2183767,63.03,580.75
160700,576.5,578,2,10,-3.5,195.9219933,63.04,577.25
160800,571.5,573,2,10,-3.5,195.6776337,63.04,572.25
160900,571,572.5,2,10,-3.5,195.5322274,63.04,571.75
161000,573,574.5,2,10,-3.5,195.8220669,63.05,573.75
161100,575,576.5,2,10,-3.5,195.9066981,63.06,575.75
161200,572.5,574,2,10,-3.5,195.7000269,63.06,573.25
161300,572.5,574.5,2,10,-3.5,195.6748764,63.06,573.5
161400,576.5,578,2,10,-3.5,195.9459119,63.07,577.25
161500,576.5,578.5,2,10,-3.5,196.1307802,63.08,577.5
161600,576.5,578,2,10,-3.5,196.3896653,63.08,577.25
161700,578,579.5,2,10,-3.5,196.4038069,63.08,578.75
161800,572.5,574,2,10,-3.5,196.15557,63.09,573.25
161900,574,575.5,2,10,-3.5,196.0401322,63.1,574.75
162000,573,574.5,2,10,-3.5,196.241808,63.1,573.75
162100,572,573.5,2,10,-3.5,196.0870723,63.1,572.75
162200,569,570.5,2,10,-3.5,195.8951652,63.11,569.75
162300,572,573.5,2,10,-3.5,196.0130888,63.12,572.75
162400,574.5,576,2,10,-3.5,196.1375766,63.12,575.25
162500,577.5,579,2,10,-3.5,196.3846167,63.12,578.25
162600,581.5,583,2,10,-3.5,196.389207,63.13,582.25
162700,582,583.5,2,10,-3.5,196.4150669,63.14,582.75
162800,580,581.5,2,10,-3.5,196.412382,63.14,580.75
162900,578.5,580,2,10,-3.5,196.3792965,63.14,579.25
163000,579,580.5,2,10,-3.5,196.2926075,63.15,579.75
163100,578.5,580,2,10,-3.5,196.238663,63.16,579.25
163200,581,582.5,2,10,-3.5,196.4178683,63.16,581.75
163300,583.5,585,2,10,-3.5,196.5673953,63.16,584.25
163400,584.5,586,2,10,-3.5,196.409631,63.17,585.25
163500,587.5,589,2,10,-3.5,196.5446645,63.18,588.25
163600,591.5,593,2,10,-3.5,196.6357221,63.18,592.25
163700,590.5,592,2,10,-3.5,196.6452336,63.18,591.25
163800,589,590.5,2,10,-3.5,196.3910003,63.19,589.75
163900,589.5,591,2,10,-3.5,196.4777747,63.2,590.25
164000,589,591,2,10,-3.5,196.4009253,63.2,590
164100,589,590.5,2,10,-3.5,196.2573196,63.2,589.75
164200,584.5,586,2,10,-3.5,196.0019079,63.21,585.25
164300,581.5,583,2,10,-3.5,195.9112364,63.22,582.25
164400,585,586.5,2,10,-3.5,195.9889373,63.22,585.75
164500,588,589.5,2,10,-3.5,195.9125436,63.22,588.75
164600,589.5,591,2,10,-3.5,195.8931048,63.23,590.25
164700,591,592.5,2,10,-3.5,195.7294293,63.24,591.75
164800,589.5,591,2,10,-3.5,195.4406598,63.24,590.25
164900,592.5,594,2,10,-3.5,195.5347741,63.24,593.25
165000,591.5,593,2,10,-3.5,195.5540697,63.25,592.25
165100,593,594.5,2,10,-3.5,195.6243846,63.26,593.75
165200,592,593.5,2,10,-3.5,195.7713779,63.26,592.75
165300,596,597.5,2,10,-3.5,195.9523252,63.26,596.75
165400,596.5,598,2,10,-3.5,196.2038844,63.27,597.25
165500,600.5,602,2,10,-3.5,196.6897584,63.28,601.25
165600,599,600.5,2,10,-3.5,196.539042,63.28,599.75
165700,602.5,604,2,10,-3.5,196.8560802,63.28,603.25
165800,599,600.5,2,10,-3.5,196.7939441,63.29,599.75
165900,597.5,599,2,10,-3.5,196.4808205,63.3,598.25
166000,594,595.5,2,10,-3.5,196.3801972,63.3,594.75
166100,594,595.5,2,10,-3.5,196.1696112,63.3,594.75
166200,593.5,595,2,10,-3.5,196.0267883,63.31,594.25
166300,590,591.5,2,10,-3.5,195.9287023,63.32,590.75
166400,594,595.5,2,10,-3.5,195.9449533,63.32,594.75
166500,594,595.5,2,10,-3.5,195.8537176,63.32,594.75
166600,591,592.5,2,10,-3.5,195.7738121,63.33,591.75
166700,592,593.5,2,10,-3.5,195.8895016,63.34,592.75
166800,590,591.5,2,10,-3.5,195.9466938,63.34,590.75
166900,589,590.5,2,10,-3.5,195.8773958,63.34,589.75
167000,594.5,596,2,10,-3.5,196.176407,63.35,595.25
167100,591.5,593,2,10,-3.5,196.0327787,63.36,592.25
167200,588,589.5,2,10,-3.5,195.9989847,63.36,588.75
167300,587.5,589.5,2,10,-3.5,195.9080717,63.36,588.5
167400,588,589.5,2,10,-3.5,196.2387779,63.37,588.75
167500,591.5,593,2,10,-3.5,196.2567015,63.38,592.25
167600,594,595.5,2,10,-3.5,196.1290365,63.38,594.75
167700,593.5,595,2,10,-3.5,196.1371569,63.38,594.25
167800,592.5,594,2,10,-3.5,196.0473074,63.39,593.25
167900,590.5,592,2,10,-3.5,195.9895009,63.4,591.25
168000,590.5,592,2,10,-3.5,196.1472291,63.4,591.25
168100,592.5,594,2,10,-3.5,196.1861203,63.4,593.25
168200,590.5,592,2,10,-3.5,195.9606214,63.41,591.25
168300,594,595.5,2,10,-3.5,196.2848986,63.42,594.75
168400,594,595.5,2,10,-3.5,196.2237458,63.42,594.75
168500,594,595.5,2,10,-3.5,196.0589331,63.42,594.75
168600,597,598.5,2,10,-3.5,196.0703688,63.43,597.75
168700,596.5,598,2,10,-3.5,195.9517348,63.44,597.25
168800,594,595.5,2,10,-3.5,196.00322,63.44,594.75
168900,594,596,2,10,-3.5,195.9206558,63.44,595
169000,594.5,596,2,10,-3.5,195.9110124,63.45,595.25
169100,594,596,2,10,-3.5,195.9286107,63.46,595
169200,592.5,594,2,10,-3.5,195.742226,63.46,593.25
169300,589.5,591,2,10,-3.5,195.5467003,63.46,590.25
169400,592.5,594,2,10,-3.5,195.3242443,63.47,593.25
169500,594.5,596,2,10,-3.5,195.2041083,63.48,595.25
169600,596.5,598,2,10,-3.5,195.294514,63.48,597.25
169700,597,598.5,2,10,-3.5,195.3420432,63.48,597.75
169800,595,596.5,2,10,-3.5,195.6634742,63.49,595.75
169900,594.5,596.5,2,10,-3.5,195.7517007,63.5,595.5
170000,597,598.5,2,10,-3.5,196.0835939,63.5,597.75
170100,593.5,595,2,10,-3.5,195.8992974,63.5,594.25
170200,597.5,599,2,10,-3.5,196.1099602,63.51,598.25
170300,600.5,602,2,10,-3.5,196.1894411,63.52,601.25
170400,598.5,600,2,10,-3.5,196.3136541,63.52,599.25
170500,596.5,598,2,10,-3.5,196.1446497,63.52,597.25
170600,594,595.5,2,10,-3.5,195.9266781,63.53,594.75
170700,593.5,595,2,10,-3.5,195.7772555,63.54,594.25
170800,591,592.5,2,10,-3.5,195.4074128,63.54,591.75
170900,590,591.5,2,10,-3.5,195.5059502,63.54,590.75
171000,590.5,592,2,10,-3.5,195.2766877,63.55,591.25
171100,592.5,594,2,10,-3.5,195.4019157,63.56,593.25
171200,593.5,595,2,10,-3.5,195.4267965,63.56,594.25
171300,593,594.5,2,10,-3.5,195.0724239,63.56,593.75
171400,590.5,592,2,10,-3.5,195.0255245,63.57,591.25
171500,591.5,593,2,10,-3.5,195.0202029,63.58,592.25
171600,590.5,592,2,10,-3.5,194.9735202,63.58,591.25
171700,594.5,596,2,10,-3.5,195.1896162,63.58,595.25
171800,592.5,594,2,10,-3.5,195.3148531,63.59,593.25
171900,590,591.5,2,10,-3.5,195.1555328,63.6,590.75
172000,590,591.5,2,10,-3.5,195.4175975,63.6,590.75
172100,588.5,590,2,10,-3.5,195.2650955,63.6,589.25
172200,588.5,590,2,10,-3.5,195.1196313,63.61,589.25
172300,585.5,587,2,10,-3.5,195.0835752,63.62,586.25
172400,584.5,586,2,10,-3.5,195.2568341,63.62,585.25
172500,586.5,588,2,10,-3.5,195.4348296,63.62,587.25
172600,590.5,592,2,10,-3.5,195.6259153,63.63,591.25
172700,588.5,590,2,10,-3.5,195.3965961,63.64,589.25
172800,585.5,587,2,10,-3.5,195.3138128,63.64,586.25
172900,588,589.5,2,10,-3.5,195.4410943,63.64,588.75
173000,586,587.5,2,10,-3.5,195.233779,63.65,586.75
173100,584,585.5,2,10,-3.5,195.316563,63.66,584.75
173200,586,587.5,2,10,-3.5,195.3608226,63.66,586.75
173300,589,590.5,2,10,-3.5,195.5333147,63.66,589.75
173400,591.5,593,2,10,-3.5,195.5727062,63.67,592.25
173500,593,594.5,2,10,-3.5,195.6490374,63.68,593.75
173600,594.5,596,2,10,-3.5,195.7341701,63.68,595.25
173700,594,595.5,2,10,-3.5,195.5924912,63.68,594.75
173800,593.5,595,2,10,-3.5,195.3734401,63.69,594.25
173900,593.5,595,2,10,-3.5,195.4617196,63.7,594.25
174000,593,594.5,2,10,-3.5,195.1672053,63.7,593.75
174100,593,594.5,2,10,-3.5,195.0392597,63.7,593.75
174200,594.5,596,2,10,-3.5,195.2409182,63.71,595.25
174300,593.5,595,2,10,-3.5,195.086241,63.72,594.25
174400,597.5,599,2,10,-3.5,195.1286432,63.72,598.25
174500,593,594.5,2,10,-3.5,195.0140727,63.72,593.75
174600,593,594.5,2,10,-3.5,195.0049003,63.73,593.75
174700,590,591.5,2,10,-3.5,194.7458338,63.74,590.75
174800,591.5,593,2,10,-3.5,195.1168165,63.74,592.25
174900,590.5,592,2,10,-3.5,195.100232,63.74,591.25
175000,588,589.5,2,10,-3.5,195.0463947,63.75,588.75
175100,584.5,586,2,10,-3.5,194.6723881,63.76,585.25
175200,586,587.5,2,10,-3.5,194.8222609,63.76,586.75
175300,587,588.5,2,10,-3.5,194.9166024,63.76,587.75
175400,590,591.5,2,10,-3.5,195.1067756,63.77,590.75
175500,590,591.5,2,10,-3.5,194.9981612,63.78,590.75
175600,591.5,593,2,10,-3.5,194.9315903,63.78,592.25
175700,592.5,594,2,10,-3.5,195.2054302,63.78,593.25
175800,590,591.5,2,10,-3.5,194.7683042,63.79,590.75
175900,592,593.5,2,10,-3.5,195.0056385,63.8,592.75
176000,594,595.5,2,10,-3.5,194.7156579,63.8,594.75
176100,598,599.5,2,10,-3.5,194.84589,63.8,598.75
176200,595,596.5,2,10,-3.5,194.6841965,63.81,595.75
176300,594,595.5,2,10,-3.5,194.4519744,63.82,594.75
176400,594,595.5,2,10,-3.5,194.4986693,63.82,594.75
176500,592,593.5,2,10,-3.5,194.6950484,63.82,592.75
176600,592,593.5,2,10,-3.5,194.7402455,63.83,592.75
176700,594,595.5,2,10,-3.5,194.8262692,63.84,594.75
176800,592.5,594,2,10,-3.5,194.7424987,63.84,593.25
176900,592.5,594.5,2,10,-3.5,194.8348812,63.84,593.5
177000,588.5,590,2,10,-3.5,194.7855064,63.85,589.25
177100,592,593.5,2,10,-3.5,194.4058909,63.86,592.75
177200,592,593.5,2,10,-3.5,194.2809898,63.86,592.75
177300,597,598.5,2,10,-3.5,194.5535271,63.86,597.75
177400,598.5,600,2,10,-3.5,194.8423195,63.87,599.25
177500,596.5,598,2,10,-3.5,194.7209423,63.88,597.25
177600,592.5,594,2,10,-3.5,194.4469107,63.88,593.25
177700,590,591.5,2,10,-3.5,194.3725119,63.88,590.75
177800,590,591.5,2,10,-3.5,194.6516896,63.89,590.75
177900,589,590.5,2,10,-3.5,194.6362734,63.9,589.75
178000,586.5,588,2,10,-3.5,194.3369335,63.9,587.25
178100,588,589.5,2,10,-3.5,194.3149562,63.9,588.75
178200,590.5,592,2,10,-3.5,194.6395271,63.91,591.25
178300,588.5,590,2,10,-3.5,194.5715105,63.92,589.25
178400,590.5,592,2,10,-3.5,194.8375915,63.92,591.25
178500,594,595.5,2,10,-3.5,194.8988762,63.92,594.75
178600,595,596.5,2,10,-3.5,195.0905296,63.93,595.75
178700,596,597.5,2,10,-3.5,195.0993942,63.94,596.75
178800,592.5,594,2,10,-3.5,194.7876196,63.94,593.25
178900,589.5,591,2,10,-3.5,194.6323274,63.94,590.25
179000,590,591.5,2,10,-3.5,194.5557365,63.95,590.75
179100,590,591.5,2,10,-3.5,194.5836246,63.96,590.75
179200,591,592.5,2,10,-3.5,194.738928,63.96,591.75
179300,590.5,592.5,2,10,-3.5,194.5311354,63.96,591.5
179400,590.5,592.5,2,10,-3.5,194.4625671,63.97,591.5
179500,592,593.5,2,10,-3.5,194.5143559,63.98,592.75
179600,591,592.5,2,10,-3.5,194.5096293,63.98,591.75
179700,594,595.5,2,10,-3.5,194.5915877,63.98,594.75
179800,593.5,595.5,2,10,-3.5,194.8257864,63.99,594.5
179900,595,596.5,2,10,-3.5,194.7674749,64,595.75
180000,599.5,601,2,10,-3.5,194.9816797,64,600.25
180100,599.5,601,2,10,-3.5,195.0378939,64,600.25
180200,598.5,600,2,10,-3.5,195.2762908,64.01,599.25
180300,594.5,596,2,10,-3.5,195.2961971,64.02,595.25
180400,593,594.5,2,10,-3.5,195.1448614,64.02,593.75
180500,589.5,591,2,10,-3.5,195.1411175,64.03,590.25
180600,593,594.5,2,10,-3.5,195.2995183,64.03,593.75
180700,593.5,595,2,10,-3.5,195.483654,64.04,594.25
180800,597,598.5,2,10,-3.5,195.7116557,64.04,597.75
180900,599.5,601,2,10,-3.5,195.4087968,64.04,600.25
181000,598.5,600,2,10,-3.5,195.1600167,64.05,599.25
181100,602.5,604,2,10,-3.5,195.3705612,64.06,603.25
181200,603.5,605,2,10,-3.5,195.3726146,64.06,604.25
181300,603,604.5,2,10,-3.5,195.2586978,64.06,603.75
181400,602.5,604,2,10,-3.5,195.1917039,64.07,603.25
181500,598.5,600,2,10,-3.5,195.1528043,64.08,599.25
181600,595.5,597,2,10,-3.5,195.0749433,64.08,596.25
181700,600,601.5,2,10,-3.5,195.2641731,64.08,600.75
181800,595.5,597,2,10,-3.5,195.1542018,64.09,596.25
181900,602,603.5,2,10,-3.5,195.2618851,64.1,602.75
182000,599.5,601,2,10,-3.5,195.1597612,64.1,600.25
182100,599,600.5,2,10,-3.5,194.7696727,64.1,599.75
182200,598,599.5,2,10,-3.5,195.0043884,64.11,598.75
182300,602,603.5,2,10.5,-3.5,195.0494305,64.11,602.75
182400,601.5,603,2,10.5,-3.5,194.7445188,64.12,602.25
182500,603,604.5,2,10.5,-3.5,194.9920233,64.12,603.75
182600,602,603.5,2,10.5,-3.5,194.7985023,64.13,602.75
182700,602,603.5,2,10.5,-3.5,195.0454794,64.14,602.75
182800,598.5,600,2,10.5,-3.5,194.9443087,64.14,599.25
182900,592,593.5,2,10.5,-3.5,194.7382094,64.14,592.75
183000,592.5,594,2,10.5,-3.5,194.7445935,64.15,593.25
183100,590,591.5,2,10.5,-3.5,194.6484201,64.16,590.75
183200,588.5,590,2,10.5,-3.5,194.591407,64.16,589.25
183300,588,589.5,2,10.5,-3.5,194.385205,64.17,588.75
183400,590.5,592,2,10.5,-3.5,194.7153525,64.17,591.25
183500,589.5,591,2,10.5,-3.5,194.812479,64.18,590.25
183600,591,592.5,2,10.5,-3.5,194.9701945,64.18,591.75
183700,589.5,591,2,10.5,-3.5,194.8161672,64.18,590.25
183800,589,590.5,2,10.5,-3.5,194.8930785,64.19,589.75
183900,590,591.5,2,10.5,-3.5,194.9567018,64.19,590.75
184000,592,593.5,2,10.5,-3.5,194.9764015,64.2,592.75
184100,590.5,592,2,10.5,-3.5,194.7556537,64.2,591.25
184200,587.5,589,2,10.5,-3.5,194.4005874,64.21,588.25
184300,589.5,591,2,10.5,-3.5,194.4934269,64.22,590.25
184400,590,591.5,2,10.5,-3.5,194.1583003,64.22,590.75
184500,589.5,591.5,2,10.5,-3.5,194.00395,64.22,590.5
184600,589,590.5,2,10.5,-3.5,194.0745361,64.23,589.75
184700,585.5,587,2,10.5,-3.5,193.885883,64.24,586.25
184800,583.5,585,2,10.5,-3.5,193.7366624,64.24,584.25
184900,581.5,583,2,10.5,-3.5,193.6331159,64.24,582.25
185000,578.5,580,2,10.5,-3.5,193.593584,64.25,579.25
185100,578.5,580,2,10.5,-3.5,193.8383997,64.26,579.25
185200,578.5,580,2,10.5,-3.5,193.9716478,64.26,579.25
185300,575.5,577,2,10.5,-3.5,194.2573822,64.26,576.25
185400,576.5,578,2,10.5,-3.5,194.5287187,64.27,577.25
185500,578.5,580,2,10.5,-3.5,194.5478041,64.28,579.25
185600,573.5,575,2,10.5,-3.5,194.2113531,64.28,574.25
185700,575,576.5,2,10.5,-3.5,194.4505611,64.28,575.75
185800,578,579.5,2,10.5,-3.5,194.4990985,64.29,578.75
185900,579.5,581,2,10.5,-3.5,194.8220625,64.3,580.25
186000,579.5,581,2,10.5,-3.5,194.7807213,64.3,580.25
186100,576.5,578,2,10.5,-3.5,194.6825751,64.31,577.25
186200,574.5,576,2,10.5,-3.5,194.7553502,64.31,575.25
186300,571.5,573,2,10.5,-3.5,194.6252043,64.32,572.25
186400,572.5,574,2,10.5,-3.5,194.5730873,64.32,573.25
186500,571.5,573,2,10.5,-3.5,194.7303737,64.32,572.25
186600,573,574.5,2,10.5,-3.5,194.6493807,64.33,573.75
186700,571.5,573,2,10.5,-3.5,194.4125394,64.33,572.25
186800,574,575.5,2,10.5,-3.5,194.53326,64.34,574.75
186900,574,575.5,2,10.5,-3.5,194.7473211,64.34,574.75
187000,574.5,576,2,10.5,-3.5,194.4618874,64.35,575.25
187100,574,575.5,2,10.5,-3.5,194.5052275,64.36,574.75
187200,574.5,576,2,10.5,-3.5,194.3784931,64.36,575.25
187300,572,573.5,2,10.5,-3.5,194.0793692,64.36,572.75
187400,574.5,576,2,10.5,-3.5,194.2953118,64.37,575.25
187500,572.5,574,2,10.5,-3.5,194.1724392,64.38,573.25
187600,574.5,576,2,10.5,-3.5,194.3349989,64.38,575.25
187700,574.5,576,2,10.5,-3.5,194.3674727,64.39,575.25
187800,574.5,576,2,10.5,-3.5,194.1075943,64.39,575.25
187900,575.5,577,2,10.5,-3.5,194.1288332,64.4,576.25
188000,579,580.5,2,10.5,-3.5,194.1719613,64.4,579.75
188100,580,581.5,2,10.5,-3.5,194.4946701,64.4,580.75
188200,576,577.5,2,10.5,-3.5,194.4022136,64.41,576.75
188300,577.5,579,2,10.5,-3.5,194.3969819,64.42,578.25
188400,581,582.5,2,10.5,-3.5,194.6788796,64.42,581.75
188500,583.5,585,2,10.5,-3.5,194.956916,64.42,584.25
188600,588,589.5,2,10.5,-3.5,195.0740634,64.43,588.75
188700,590,591.5,2,10.5,-3.5,195.3070244,64.44,590.75
188800,588.5,590,2,10.5,-3.5,195.0681979,64.44,589.25
188900,587,588.5,2,10.5,-3.5,194.9457992,64.44,587.75
189000,586.5,588.5,2,10.5,-3.5,194.8115227,64.45,587.5
189100,589.5,591,2,10.5,-3.5,195.0620799,64.46,590.25
189200,585.5,587,2,10.5,-3.5,195.020218,64.46,586.25
189300,586,587.5,2,10.5,-3.5,194.8825931,64.46,586.75
189400,585,586.5,2,10.5,-3.5,194.592291,64.47,585.75
189500,584,585.5,2,10.5,-3.5,194.4719901,64.47,584.75
189600,581.5,583,2,10.5,-3.5,194.0753581,64.48,582.25
189700,582,583.5,2,10.5,-3.5,194.1321935,64.48,582.75
189800,586.5,588,2,10.5,-3.5,194.1812314,64.49,587.25
189900,586.5,588,2,10.5,-3.5,194.0660162,64.5,587.25
190000,587,588.5,2,10.5,-3.5,194.2035312,64.5,587.75
190100,583.5,585,2,10.5,-3.5,194.129817,64.5,584.25
190200,580.5,582,2,10.5,-3.5,193.9994678,64.51,581.25
190300,578.5,580,2,10.5,-3.5,193.8936818,64.52,579.25
190400,578,579.5,2,10.5,-3.5,193.5259993,64.52,578.75
190500,577.5,579,2,10.5,-3.5,194.113049,64.53,578.25
190600,576,577.5,2,10.5,-3.5,194.0575529,64.53,576.75
190700,578.5,580,2,10.5,-3.5,194.0425666,64.54,579.25
190800,577,578.5,2,10.5,-3.5,193.8299908,64.54,577.75
190900,576.5,578,2,10.5,-3.5,193.6052927,64.54,577.25
191000,575,576.5,2,10.5,-3.5,193.518194,64.55,575.75
191100,581,582.5,2,10.5,-3.5,193.5784534,64.56,581.75
191200,580,581.5,2,10.5,-3.5,193.3501577,64.56,580.75
191300,579.5,581,2,10.5,-3.5,193.1245799,64.56,580.25
191400,583,584.5,2,10.5,-3.5,193.4824261,64.57,583.75
191500,584,585.5,2,10.5,-3.5,193.6091888,64.58,584.75
191600,580.5,582,2,10.5,-3.5,193.2613696,64.58,581.25
191700,581.5,583,2,10.5,-3.5,193.5094186,64.58,582.25
191800,579.5,581,2,10.5,-3.5,193.394543,64.59,580.25
191900,578,579.5,2,10.5,-3.5,193.3870284,64.6,578.75
192000,577.5,579.5,2,10.5,-3.5,193.2444647,64.6,578.5
192100,580.5,582,2,10.5,-3.5,193.3815656,64.6,581.25
192200,583.5,585,2,10.5,-3.5,193.4464116,64.61,584.25
192300,583.5,585,2,10.5,-3.5,193.7991351,64.61,584.25
192400,577.5,579,2,10.5,-3.5,193.3208372,64.62,578.25
192500,576,577.5,2,10.5,-3.5,193.2458517,64.62,576.75
192600,576,577.5,2,10.5,-3.5,193.2507266,64.63,576.75
192700,581.5,583,2,10.5,-3.5,193.3607636,64.64,582.25
192800,585,586.5,2,10.5,-3.5,193.5070755,64.64,585.75
192900,581.5,583,2,10.5,-3.5,193.3614264,64.64,582.25
193000,588,589.5,2,10.5,-3.5,193.7528914,64.65,588.75
193100,589,590.5,2,10.5,-3.5,193.9493436,64.66,589.75
193200,588.5,590,2,10.5,-3.5,194.0336414,64.66,589.25
193300,585,586.5,2,10.5,-3.5,193.7647799,64.67,585.75
193400,583.5,585,2,10.5,-3.5,193.5228199,64.67,584.25
193500,585,586.5,2,10.5,-3.5,193.7331409,64.68,585.75
193600,587,588.5,2,10.5,-3.5,193.8891031,64.68,587.75
193700,588,589.5,2,10.5,-3.5,193.7370338,64.68,588.75
193800,590.5,592,2,10.5,-3.5,193.5296542,64.69,591.25
193900,594,595.5,2,10.5,-3.5,193.4784713,64.69,594.75
194000,597,598.5,2,10.5,-3.5,193.5124286,64.7,597.75
194100,594,595.5,2,10.5,-3.5,193.5544548,64.7,594.75
194200,588.5,590,2,10.5,-3.5,193.5160438,64.71,589.25
194300,588,590,2,10.5,-3.5,193.4861899,64.72,589
194400,588.5,590,2,10.5,-3.5,193.4448921,64.72,589.25
194500,585.5,587,2,10.5,-3.5,193.3250419,64.72,586.25
194600,582.5,584,2,10.5,-3.5,192.9097875,64.73,583.25
194700,584.5,586,2,10.5,-3.5,193.0148988,64.74,585.25
194800,583.5,585,2,10.5,-3.5,193.1680819,64.74,584.25
194900,584,585.5,2,10.5,-3.5,193.2027211,64.74,584.75
195000,582,583.5,2,10.5,-3.5,193.0769982,64.75,582.75
195100,581,582.5,2,10.5,-3.5,193.0813439,64.76,581.75
195200,584,585.5,2,10.5,-3.5,193.196173,64.76,584.75
195300,583,584.5,2,10.5,-3.5,193.0625195,64.76,583.75
195400,582.5,584.5,2,10.5,-3.5,193.1498866,64.77,583.5
195500,582.5,584,2,10.5,-3.5,193.0321258,64.78,583.25
195600,584,585.5,2,10.5,-3.5,193.1649853,64.78,584.75
195700,582,583.5,2,10.5,-3.5,192.9981264,64.78,582.75
195800,584,585.5,2,10.5,-3.5,193.2165739,64.79,584.75
195900,582,583.5,2,10.5,-3.5,193.1221535,64.8,582.75
196000,583.5,585,2,10.5,-3.5,193.2875668,64.8,584.25
196100,583.5,585,2,10.5,-3.5,193.3176755,64.81,584.25
196200,585.5,587,2,10.5,-3.5,193.7958916,64.81,586.25
196300,580.5,582,2,10.5,-3.5,193.5533729,64.82,581.25
196400,578,579.5,2,10.5,-3.5,193.3935193,64.82,578.75
196500,579.5,581,2,10.5,-3.5,193.1406362,64.82,580.25
196600,576.5,578,2,10.5,-3.5,193.0470773,64.83,577.25
196700,578.5,580,2,10.5,-3.5,193.5528834,64.83,579.25
196800,583,584.5,2,10.5,-3.5,193.6848249,64.84,583.75
196900,585,586.5,2,10.5,-3.5,193.8432125,64.84,585.75
197000,585.5,587,2,10.5,-3.5,193.7127198,64.85,586.25
197100,581,582.5,2,10.5,-3.5,193.6326637,64.86,581.75
197200,580.5,582.5,2,10.5,-3.5,193.2782257,64.86,581.5
197300,583,584.5,2,10.5,-3.5,193.4366933,64.86,583.75
197400,578.5,580,2,10.5,-3.5,193.1075418,64.87,579.25
197500,584,585.5,2,10.5,-3.5,193.1677172,64.88,584.75
197600,582,583.5,2,10.5,-3.5,193.0557753,64.88,582.75
197700,581.5,583.5,2,10.5,-3.5,193.1415961,64.89,582.5
197800,581.5,583,2,10.5,-3.5,193.1362425,64.89,582.25
197900,582,583.5,2,10.5,-3.5,193.1332115,64.9,582.75
198000,576,577.5,2,10.5,-3.5,193.0143374,64.9,576.75
198100,574.5,576,2,10.5,-3.5,192.9638629,64.9,575.25
198200,574.5,576,2,10.5,-3.5,192.9180171,64.91,575.25
198300,578,579.5,2,10.5,-3.5,192.9865933,64.92,578.75
198400,580.5,582,2,10.5,-3.5,193.089793,64.92,581.25
198500,579,580.5,2,10.5,-3.5,193.165242,64.92,579.75
198600,582.5,584,2,10.5,-3.5,193.2456366,64.93,583.25
198700,581,582.5,2,10.5,-3.5,193.3184244,64.94,581.75
198800,582.5,584,2,10.5,-3.5,193.3765233,64.94,583.25
198900,584.5,586,2,10.5,-3.5,193.4831151,64.94,585.25
199000,585,586.5,2,10.5,-3.5,193.6348747,64.95,585.75
199100,584,585.5,2,10.5,-3.5,193.7382501,64.96,584.75
199200,587,588.5,2,10.5,-3.5,193.9822781,64.96,587.75
199300,592.5,594,2,10.5,-3.5,194.1180202,64.96,593.25
199400,598,599.5,2,10.5,-3.5,194.4118536,64.97,598.75
199500,594.5,596,2,10.5,-3.5,194.025961,64.97,595.25
199600,599,600.5,2,10.5,-3.5,194.246123,64.98,599.75
199700,601,602.5,2,10.5,-3.5,194.5719958,64.98,601.75
199800,604.5,606,2,10.5,-3.5,194.6289279,64.99,605.25
199900,604.5,606.5,2,10.5,-3.5,194.6744356,65,605.5
200000,603,604.5,2,10.5,-3.5,194.5842686,65,603.75
200100,601,602.5,2,10.5,-3.5,194.5728045,65,601.75
200200,604,605.5,2,10.5,-3.5,194.8014514,65.01,604.75
200300,602,603.5,2,10.5,-3.5,194.6251882,65.02,602.75
200400,603.5,605,2,10.5,-3.5,195.0437071,65.02,604.25
200500,604.5,606,2,10.5,-3.5,195.0909646,65.03,605.25
200600,606,607.5,2,10.5,-3.5,195.246725,65.03,606.75
200700,606.5,608,2,10.5,-3.5,195.094597,65.04,607.25
200800,609.5,611,2,10.5,-3.5,195.3417018,65.04,610.25
200900,612.5,614,2,10.5,-3.5,195.5195209,65.04,613.25
201000,613.5,615,2,10.5,-3.5,195.5263606,65.05,614.25
201100,618,619.5,2,10.5,-3.5,195.664431,65.06,618.75
201200,618.5,620,2,10.5,-3.5,195.7657556,65.06,619.25
201300,617,618.5,2,10.5,-3.5,195.7189736,65.06,617.75
201400,614,615.5,2,10.5,-3.5,195.5631313,65.07,614.75
201500,617,618.5,2,10.5,-3.5,195.8048699,65.08,617.75
201600,618,619.5,2,10.5,-3.5,195.9122646,65.08,618.75
201700,624,625.5,2,10.5,-3.5,196.2548878,65.08,624.75
201800,625.5,627,2,10.5,-3.5,196.4533491,65.09,626.25
201900,624.5,626,2,10.5,-3.5,196.0530332,65.1,625.25
202000,620.5,622,2,10.5,-3.5,196.1535658,65.1,621.25
202100,622,623.5,2,10.5,-3.5,196.394136,65.1,622.75
202200,622.5,624,2,10.5,-3.5,196.3649481,65.11,623.25
202300,622,624,2,10.5,-3.5,196.4837568,65.11,623
202400,623,624.5,2,10.5,-3.5,196.4209183,65.12,623.75
202500,621,622.5,2,10.5,-3.5,196.3513438,65.12,621.75
202600,618,619.5,2,10.5,-3.5,196.0777126,65.13,618.75
202700,614.5,616,2,10.5,-3.5,195.8141586,65.14,615.25
202800,612,613.5,2,10.5,-3.5,195.6350849,65.14,612.75
202900,612,613.5,2,10.5,-3.5,195.6093214,65.14,612.75
203000,614,615.5,2,10.5,-3.5,195.7018364,65.15,614.75
203100,616.5,618,2,10.5,-3.5,195.8547103,65.16,617.25
203200,610,611.5,2,10.5,-3.5,195.5294363,65.16,610.75
203300,610,611.5,2,10.5,-3.5,195.429293,65.17,610.75
203400,612,613.5,2,10.5,-3.5,195.6776679,65.17,612.75
203500,610,611.5,2,10.5,-3.5,195.4877409,65.18,610.75
203600,608,609.5,2,10.5,-3.5,195.3718986,65.18,608.75
203700,607.5,609.5,2,10.5,-3.5,195.3186438,65.18,608.5
203800,609.5,611,2,10.5,-3.5,195.5368854,65.19,610.25
203900,609.5,611,2,10.5,-3.5,195.2146902,65.19,610.25
204000,610,611.5,2,10.5,-3.5,195.2321507,65.2,610.75
204100,611,612.5,2,10.5,-3.5,195.4205666,65.2,611.75
204200,613.5,615,2,10.5,-3.5,195.522895,65.21,614.25
204300,612,613.5,2,10.5,-3.5,195.4750044,65.22,612.75
204400,615.5,617,2,10.5,-3.5,195.5950371,65.22,616.25
204500,615.5,617,2,10.5,-3.5,195.5505564,65.22,616.25
204600,617.5,619,2,10.5,-3.5,195.8168668,65.23,618.25
204700,620.5,622,2,10.5,-3.5,195.9107521,65.24,621.25
204800,624,625.5,2,10.5,-3.5,196.0345825,65.24,624.75
204900,626.5,628,2,10.5,-3.5,196.3074202,65.24,627.25
205000,628,629.5,2,10.5,-3.5,196.3132996,65.25,628.75
205100,629,630.5,2,10.5,-3.5,196.5968585,65.26,629.75
205200,628,629.5,2,10.5,-3.5,196.321897,65.26,628.75
205300,627,628.5,2,10.5,-3.5,196.1242975,65.26,627.75
205400,630,631.5,2,10.5,-3.5,196.2737778,65.27,630.75
205500,627.5,629,2,10.5,-3.5,196.2378633,65.28,628.25
205600,624.5,626,2,10.5,-3.5,196.2002712,65.28,625.25
205700,626.5,628,2,10.5,-3.5,196.4008905,65.28,627.25
205800,627.5,629,2,10.5,-3.5,196.4264057,65.29,628.25
205900,625,626.5,2,10.5,-3.5,196.6594082,65.3,625.75
206000,625,626.5,2,10.5,-3.5,196.3528771,65.3,625.75
206100,624,625.5,2,10.5,-3.5,196.5859911,65.31,624.75
206200,627,628.5,2,10.5,-3.5,196.7229033,65.31,627.75
206300,624,625.5,2,10.5,-3.5,196.6533317,65.32,624.75
206400,624.5,626,2,10.5,-3.5,196.7975551,65.32,625.25
206500,625.5,627,2,10.5,-3.5,196.9354086,65.32,626.25
206600,624.5,626,2,10.5,-3.5,196.8588511,65.33,625.25
206700,623,624.5,2,10.5,-3.5,196.7773658,65.33,623.75
206800,621,622.5,2,10.5,-3.5,196.6495196,65.34,621.75
206900,616.5,618,2,10.5,-3.5,196.4149911,65.34,617.25
207000,615.5,617,2,10.5,-3.5,196.2549827,65.35,616.25
207100,615,617,2,10.5,-3.5,196.2928817,65.36,616
207200,614.5,616,2,10.5,-3.5,196.3309,65.36,615.25
207300,612.5,614,2,10.5,-3.5,196.2525088,65.36,613.25
207400,609,610.5,2,10.5,-3.5,196.204157,65.37,609.75
207500,609,610.5,2,10.5,-3.5,196.2278076,65.38,609.75
207600,607,608.5,2,10.5,-3.5,196.0535555,65.38,607.75
207700,609,610.5,2,10.5,-3.5,196.2689016,65.39,609.75
207800,613,614.5,2,10.5,-3.5,196.5884406,65.39,613.75
207900,617.5,619,2,10.5,-3.5,196.6584354,65.4,618.25
208000,618.5,620,2,10.5,-3.5,196.8899504,65.4,619.25
208100,619,620.5,2,10.5,-3.5,196.8911324,65.4,619.75
208200,617,618.5,2,10.5,-3.5,196.7003132,65.41,617.75
208300,623.5,625,2,10.5,-3.5,197.2480454,65.42,624.25
208400,620.5,622,2,10.5,-3.5,197.2309814,65.42,621.25
208500,620,621.5,2,10.5,-3.5,197.4378021,65.42,620.75
208600,620.5,622,2,10.5,-3.5,197.4392517,65.43,621.25
208700,619,620.5,2,10.5,-3.5,197.2982115,65.44,619.75
208800,621.5,623,2,10.5,-3.5,197.6051255,65.44,622.25
208900,622.5,624,2,10.5,-3.5,197.8465282,65.44,623.25
209000,621,622.5,2,10.5,-3.5,197.6593881,65.45,621.75
209100,623.5,625,2,10.5,-3.5,197.7206937,65.46,624.25
209200,626,627.5,2,10.5,-3.5,197.8024676,65.46,626.75
209300,627,628.5,2,10.5,-3.5,197.7604455,65.46,627.75
209400,625,626.5,2,10.5,-3.5,197.6560362,65.47,625.75
209500,623.5,625,2,10.5,-3.5,197.430004,65.47,624.25
209600,625.5,627,2,10.5,-3.5,197.4738159,65.48,626.25
209700,626,627.5,2,10.5,-3.5,197.2597232,65.48,626.75
209800,624.5,626,2,10.5,-3.5,197.217634,65.49,625.25
209900,626,627.5,2,10.5,-3.5,197.2743839,65.5,626.75
210000,627.5,629,2,10.5,-3.5,197.3213022,65.5,628.25
210100,628,629.5,2,10.5,-3.5,197.3229759,65.5,628.75
210200,630,631.5,2,10.5,-3.5,197.5128978,65.51,630.75
210300,631,632.5,2,10.5,-3.5,197.3824538,65.52,631.75
210400,631,632.5,2,10.5,-3.5,197.5106076,65.52,631.75
210500,629.5,631,2,10.5,-3.5,197.4589763,65.53,630.25
210600,631,632.5,2,10.5,-3.5,197.4562432,65.53,631.75
210700,634.5,636,2,10.5,-3.5,197.5666213,65.54,635.25
210800,637,638.5,2,10.5,-3.5,197.5762083,65.54,637.75
210900,637.5,639,2,10.5,-3.5,197.6332266,65.54,638.25
211000,636,637.5,2,10.5,-3.5,197.3901888,65.55,636.75
211100,641.5,643,2,10.5,-3.5,197.6449114,65.56,642.25
211200,638.5,640,2,10.5,-3.5,197.4719586,65.56,639.25
211300,635,636.5,2,10.5,-3.5,197.3416157,65.56,635.75
211400,636,637.5,2,10.5,-3.5,197.5042899,65.57,636.75
211500,640.5,642,2,10.5,-3.5,197.7245767,65.58,641.25
211600,641,642.5,2,10.5,-3.5,197.8234274,65.58,641.75
211700,635.5,637,2,10.5,-3.5,197.5609086,65.58,636.25
211800,631,632.5,2,10.5,-3.5,197.4728812,65.59,631.75
211900,629,630.5,2,10.5,-3.5,197.3133542,65.6,629.75
212000,627.5,629,2,10.5,-3.5,197.2332797,65.6,628.25
212100,625,626.5,2,10.5,-3.5,197.0687437,65.6,625.75
212200,624,625.5,2,10.5,-3.5,196.9293138,65.61,624.75
212300,624.5,626,2,10.5,-3.5,196.8151345,65.61,625.25
212400,626.5,628,2,10.5,-3.5,196.8209159,65.62,627.25
212500,629,630.5,2,10.5,-3.5,196.9107984,65.62,629.75
212600,625.5,627,2,10.5,-3.5,196.6987251,65.63,626.25
212700,627,628.5,2,10.5,-3.5,196.9341188,65.64,627.75
212800,623.5,625,2,10.5,-3.5,196.8621949,65.64,624.25
212900,623.5,625,2,10.5,-3.5,196.7535069,65.64,624.25
213000,621.5,623,2,10.5,-3.5,196.4505048,65.65,622.25
213100,621.5,623,2,10.5,-3.5,196.2238497,65.66,622.25
213200,618.5,620,2,10.5,-3.5,195.9784522,65.66,619.25
213300,615.5,617,2,10.5,-3.5,195.7969808,65.67,616.25
213400,617,618.5,2,10.5,-3.5,195.8673493,65.67,617.75
213500,621.5,623,2,10.5,-3.5,195.9216506,65.68,622.25
213600,620.5,622,2,10.5,-3.5,195.8102143,65.68,621.25
213700,622,623.5,2,10.5,-3.5,195.7817286,65.68,622.75
213800,624.5,626,2,10.5,-3.5,195.7812102,65.69,625.25
213900,625.5,627,2,10.5,-3.5,196.0234027,65.69,626.25
214000,625.5,627,2,10.5,-3.5,195.9394077,65.7,626.25
214100,627.5,629,2,10.5,-3.5,196.4525448,65.7,628.25
214200,625.5,627,2,10.5,-3.5,196.3629555,65.71,626.25
214300,622.5,624,2,10.5,-3.5,196.3193815,65.72,623.25
214400,623.5,625,2,10.5,-3.5,196.5310594,65.72,624.25
214500,620.5,622,2,10.5,-3.5,196.3379759,65.72,621.25
214600,622.5,624,2,10.5,-3.5,196.3404578,65.73,623.25
214700,621,622.5,2,10.5,-3.5,196.3326412,65.74,621.75
214800,621.5,623,2,10.5,-3.5,196.2036536,65.74,622.25
214900,621,622.5,2,10.5,-3.5,196.0993724,65.74,621.75
215000,619.5,621,2,10.5,-3.5,196.0350567,65.75,620.25
215100,617.5,619,2,10.5,-3.5,195.8962667,65.76,618.25
215200,614.5,616,2,10.5,-3.5,195.7834539,65.76,615.25
215300,616.5,618,2,10.5,-3.5,195.9222115,65.76,617.25
215400,616,617.5,2,10.5,-3.5,195.9173821,65.77,616.75
215500,608,609.5,2,10.5,-3.5,195.6976411,65.78,608.75
215600,608,609.5,2,10.5,-3.5,196.0832406,65.78,608.75
215700,604,605.5,2,10.5,-3.5,196.0181036,65.78,604.75
215800,603,604.5,2,10.5,-3.5,196.0547422,65.79,603.75
215900,601.5,603,2,10.5,-3.5,195.9850306,65.8,602.25
216000,606,607.5,2,10.5,-3.5,196.3273883,65.8,606.75
216100,608.5,610,2,10.5,-3.5,196.4816661,65.81,609.25
216200,606.5,608,2,10.5,-3.5,196.4104694,65.81,607.25
216300,602,603.5,2,10.5,-3.5,195.8702754,65.82,602.75
216400,600.5,602,2,10.5,-3.5,195.9427597,65.82,601.25
216500,599.5,601,2,10.5,-3.5,195.4556281,65.82,600.25
216600,603,604.5,2,10.5,-3.5,195.7738936,65.83,603.75
216700,607,608.5,2,10.5,-3.5,196.0101304,65.83,607.75
216800,608.5,610,2,10.5,-3.5,196.512202,65.84,609.25
216900,607,608.5,2,10.5,-3.5,196.3825526,65.84,607.75
217000,608,609.5,2,10.5,-3.5,196.3948512,65.85,608.75
217100,609.5,611,2,10.5,-3.5,196.431245,65.86,610.25
217200,609,610.5,2,10.5,-3.5,196.240923,65.86,609.75
217300,610,611.5,2,10.5,-3.5,196.5100668,65.86,610.75
217400,609,610.5,2,10.5,-3.5,196.0116868,65.87,609.75
217500,606,607.5,2,10.5,-3.5,195.761033,65.88,606.75
217600,609,610.5,2,10.5,-3.5,195.865315,65.88,609.75
217700,608.5,610,2,10.5,-3.5,195.9199335,65.89,609.25
217800,608,609.5,2,10.5,-3.5,195.5514484,65.89,608.75
217900,609,610.5,2,10.5,-3.5,195.4341592,65.9,609.75
218000,608.5,610.5,2,10.5,-3.5,195.3392983,65.9,609.5
218100,607.5,609,2,10.5,-3.5,195.1761636,65.9,608.25
218200,601,602.5,2,10.5,-3.5,194.7763814,65.91,601.75
218300,598.5,600,2,10.5,-3.5,194.7732011,65.92,599.25
218400,594.5,596,2,10.5,-3.5,194.7180616,65.92,595.25
218500,598,599.5,2,10.5,-3.5,194.8188809,65.92,598.75
218600,598.5,600,2,10.5,-3.5,194.828611,65.93,599.25
218700,596.5,598,2,10.5,-3.5,194.6712902,65.94,597.25
218800,593.5,595,2,10.5,-3.5,194.6617316,65.94,594.25
218900,592.5,594,2,10.5,-3.5,194.5932711,65.94,593.25
219000,590.5,592,2,10.5,-3.5,194.4801666,65.95,591.25
219100,595,596.5,2,10.5,-3.5,194.7480083,65.96,595.75
219200,595.5,597,2,10.5,-3.5,194.5481421,65.96,596.25
219300,600.5,602,2,10.5,-3.5,194.7367453,65.96,601.25
219400,603.5,605,2,10.5,-3.5,194.8104645,65.97,604.25
219500,601.5,603,2,10.5,-3.5,194.6500054,65.97,602.25
219600,597.5,599,2,10.5,-3.5,194.651088,65.98,598.25
219700,595.5,597,2,10.5,-3.5,194.3767495,65.98,596.25
219800,599,600.5,2,10.5,-3.5,194.6598686,65.99,599.75
219900,601.5,603,2,10.5,-3.5,194.7278007,66,602.25
220000,604.5,606,2,10.5,-3.5,194.8378223,66,605.25
220100,605,606.5,2,10.5,-3.5,194.7105536,66,605.75
220200,603,604.5,2,10.5,-3.5,194.6396525,66.01,603.75
220300,603,604.5,2,10.5,-3.5,194.6484122,66.02,603.75
220400,605,606.5,2,10.5,-3.5,194.620444,66.02,605.75
220500,602,603.5,2,10.5,-3.5,194.4679943,66.03,602.75
220600,603,604.5,2,10.5,-3.5,195.0135291,66.03,603.75
220700,602,603.5,2,10.5,-3.5,194.9069161,66.04,602.75
220800,598.5,600,2,10.5,-3.5,194.875539,66.04,599.25
220900,597,598.5,2,10.5,-3.5,194.7292262,66.04,597.75
221000,599.5,601,2,10.5,-3.5,194.9142918,66.05,600.25
221100,596.5,598,2,10.5,-3.5,194.766869,66.06,597.25
221200,597.5,599,2,10.5,-3.5,194.9122528,66.06,598.25
221300,592.5,594,2,10.5,-3.5,194.4223803,66.06,593.25
221400,590.5,592,2,10.5,-3.5,194.4609143,66.07,591.25
221500,588.5,590,2,10.5,-3.5,194.3306564,66.08,589.25
221600,589.5,591,2,10.5,-3.5,194.3603828,66.08,590.25
221700,590.5,592,2,10.5,-3.5,194.8247816,66.08,591.25
221800,595.5,597,2,10.5,-3.5,195.0361009,66.09,596.25
221900,594,595.5,2,10.5,-3.5,195.0001857,66.1,594.75
222000,592,593.5,2,10.5,-3.5,194.9204758,66.1,592.75
222100,587.5,589,2,10.5,-3.5,194.8817971,66.1,588.25
222200,587.5,589,2,10.5,-3.5,195.0394952,66.11,588.25
222300,588.5,590,2,10.5,-3.5,195.2017607,66.11,589.25
222400,588,589.5,2,10.5,-3.5,194.8939448,66.12,588.75
222500,586.5,588,2,10.5,-3.5,194.720286,66.12,587.25
222600,583,584.5,2,10.5,-3.5,194.5819416,66.13,583.75
222700,582.5,584,2,10.5,-3.5,194.7068247,66.14,583.25
222800,583,584.5,2,10.5,-3.5,194.8755567,66.14,583.75
222900,584.5,586,2,10.5,-3.5,194.7142627,66.14,585.25
223000,587.5,589,2,10.5,-3.5,195.1070793,66.15,588.25
223100,590,591.5,2,10.5,-3.5,195.4159938,66.16,590.75
223200,590.5,592,2,10.5,-3.5,195.8010902,66.16,591.25
223300,593,594.5,2,10.5,-3.5,196.0645398,66.17,593.75
223400,592.5,594,2,10.5,-3.5,195.8682013,66.17,593.25
223500,591,592.5,2,10.5,-3.5,195.7029371,66.18,591.75
223600,589.5,591,2,10.5,-3.5,195.8307757,66.18,590.25
223700,591,592.5,2,10.5,-3.5,195.8900595,66.18,591.75
223800,589.5,591,2,10.5,-3.5,195.677643,66.19,590.25
223900,594,595.5,2,10.5,-3.5,195.8975222,66.19,594.75
224000,593,594.5,2,10.5,-3.5,195.9038828,66.2,593.75
224100,596.5,598,2,10.5,-3.5,195.9444867,66.2,597.25
224200,594.5,596,2,10.5,-3.5,195.7783426,66.21,595.25
224300,598.5,600,2,10.5,-3.5,195.8047927,66.22,599.25
224400,597.5,599,2,10.5,-3.5,195.7279558,66.22,598.25
224500,597.5,599,2,10.5,-3.5,196.2401421,66.22,598.25
224600,594.5,596,2,10.5,-3.5,196.1459307,66.23,595.25
224700,590.5,592,2,10.5,-3.5,195.8539329,66.24,591.25
224800,589,590.5,2,10.5,-3.5,195.7218994,66.24,589.75
224900,586.5,588,2,10.5,-3.5,195.6532729,66.24,587.25
225000,586.5,588,2,10.5,-3.5,195.4332289,66.25,587.25
225100,584,585.5,2,10.5,-3.5,195.2910112,66.26,584.75
225200,584,585.5,2,10.5,-3.5,195.3895603,66.26,584.75
225300,588.5,590,2,10.5,-3.5,195.5436539,66.26,589.25
225400,587,588.5,2,10.5,-3.5,195.4765256,66.27,587.75
225500,589,590.5,2,10.5,-3.5,195.4174036,66.28,589.75
225600,588.5,590.5,2,10.5,-3.5,195.5013869,66.28,589.5
225700,586.5,588,2,10.5,-3.5,195.1813245,66.28,587.25
225800,584,585.5,2,10.5,-3.5,194.7607193,66.29,584.75
225900,580.5,582,2,10.5,-3.5,194.5421164,66.3,581.25
226000,579.5,581,2,10.5,-3.5,194.4533915,66.3,580.25
226100,579.5,581,2,10.5,-3.5,194.4999619,66.31,580.25
226200,582,583.5,2,10.5,-3.5,194.7543245,66.31,582.75
226300,584.5,586,2,10.5,-3.5,194.8366137,66.32,585.25
226400,586,587.5,2,10.5,-3.5,194.875457,66.32,586.75
226500,589.5,591,2,10.5,-3.5,195.3274048,66.32,590.25
226600,590.5,592,2,10.5,-3.5,195.3267177,66.33,591.25
226700,588,589.5,2,10.5,-3.5,195.1547127,66.33,588.75
226800,588,589.5,2,10.5,-3.5,194.9980548,66.34,588.75
226900,590.5,592,2,10.5,-3.5,195.0823508,66.34,591.25
227000,587.5,589,2,10.5,-3.5,194.880793,66.35,588.25
227100,590.5,592,2,10.5,-3.5,195.2202405,66.36,591.25
227200,587.5,589,2,10.5,-3.5,195.5722022,66.36,588.25
227300,586.5,588,2,10.5,-3.5,195.2361072,66.36,587.25
227400,588,589.5,2,10.5,-3.5,195.4289181,66.37,588.75
227500,592.5,594,2,10.5,-3.5,195.4840452,66.38,593.25
227600,593,594.5,2,10.5,-3.5,195.674884,66.38,593.75
227700,595,596.5,2,10.5,-3.5,195.7778547,66.39,595.75
227800,593.5,595,2,10.5,-3.5,195.5934128,66.39,594.25
227900,593.5,595,2,10.5,-3.5,195.4201075,66.4,594.25
228000,590.5,592,2,10.5,-3.5,195.361175,66.4,591.25
228100,590.5,592,2,10.5,-3.5,195.4376484,66.4,591.25
228200,591.5,593,2,10.5,-3.5,195.5809801,66.41,592.25
228300,589.5,591,2,10.5,-3.5,195.4540822,66.42,590.25
228400,588,589.5,2,10.5,-3.5,195.2602323,66.42,588.75
228500,583.5,585,2,10.5,-3.5,195.1055264,66.42,584.25
228600,578,579.5,2,10.5,-3.5,194.7303217,66.43,578.75
228700,577.5,579,2,10.5,-3.5,194.7428807,66.44,578.25
228800,575.5,577,2,10.5,-3.5,194.7239943,66.44,576.25
228900,575.5,577,2,10.5,-3.5,194.8203335,66.44,576.25
229000,578.5,580,2,10.5,-3.5,194.8303355,66.45,579.25
229100,576,577.5,2,10.5,-3.5,194.8280627,66.46,576.75
229200,574.5,576,2,10.5,-3.5,195.0366433,66.46,575.25
229300,578.5,580,2,10.5,-3.5,195.2287919,66.46,579.25
229400,576.5,578,2,10.5,-3.5,194.9795294,66.47,577.25
229500,574,575.5,2,10.5,-3.5,194.9565328,66.47,574.75
229600,575.5,577,2,10.5,-3.5,195.1225499,66.48,576.25
229700,577,578.5,2,10.5,-3.5,195.1376992,66.48,577.75
229800,578,579.5,2,10.5,-3.5,195.2905095,66.49,578.75
229900,577,578.5,2,10.5,-3.5,195.2394816,66.5,577.75
230000,579.5,581,2,10.5,-3.5,195.3454683,66.5,580.25
230100,582.5,584,2,10.5,-3.5,195.424955,66.5,583.25
230200,583,584.5,2,10.5,-3.5,195.3083401,66.51,583.75
230300,583,584.5,2,10.5,-3.5,195.3697516,66.52,583.75
230400,586,587.5,2,10.5,-3.5,195.3909901,66.52,586.75
230500,589,590.5,2,10.5,-3.5,195.351516,66.53,589.75
230600,591,592.5,2,10.5,-3.5,195.4107301,66.53,591.75
230700,596.5,598,2,10.5,-3.5,195.5276037,66.54,597.25
230800,595.5,597,2,10.5,-3.5,195.2888081,66.54,596.25
230900,591,592.5,2,10.5,-3.5,195.0660376,66.54,591.75
231000,594,595.5,2,10.5,-3.5,195.0858535,66.55,594.75
231100,595.5,597,2,10.5,-3.5,195.3353935,66.56,596.25
231200,597.5,599,2,10.5,-3.5,195.4638798,66.56,598.25
231300,598,599.5,2,10.5,-3.5,195.6327572,66.56,598.75
231400,601,602.5,2,10.5,-3.5,195.579025,66.57,601.75
231500,598.5,600,2,10.5,-3.5,195.4297193,66.58,599.25
231600,600,601.5,2,10.5,-3.5,195.3935348,66.58,600.75
231700,603,604.5,2,10.5,-3.5,195.6097383,66.58,603.75
231800,602,603.5,2,10.5,-3.5,195.3004394,66.59,602.75
231900,599,600.5,2,10.5,-3.5,195.2589731,66.6,599.75
232000,597.5,599,2,10.5,-3.5,195.0358979,66.6,598.25
232100,596,597.5,2,10.5,-3.5,194.6907894,66.6,596.75
232200,601,602.5,2,10.5,-3.5,194.6452957,66.61,601.75
232300,599,600.5,2,10.5,-3.5,194.3618131,66.61,599.75
232400,600,601.5,2,10.5,-3.5,194.3659377,66.62,600.75
232500,600.5,602,2,10.5,-3.5,194.4742764,66.62,601.25
232600,599,600.5,2,10.5,-3.5,194.2361274,66.63,599.75
232700,599.5,601,2,10.5,-3.5,194.4615848,66.64,600.25
232800,595,596.5,2,10.5,-3.5,194.2522616,66.64,595.75
232900,593.5,595,2,10.5,-3.5,194.2046047,66.64,594.25
233000,592.5,594,2,10.5,-3.5,194.028701,66.65,593.25
233100,591,592.5,2,10.5,-3.5,193.8176461,66.66,591.75
233200,593,594.5,2,10.5,-3.5,193.9805042,66.66,593.75
233300,598,599.5,2,10.5,-3.5,194.2096517,66.67,598.75
233400,599,600.5,2,10.5,-3.5,194.2367543,66.67,599.75
233500,597.5,599,2,10.5,-3.5,194.1788991,66.68,598.25
233600,600,601.5,2,10.5,-3.5,194.3167072,66.68,600.75
233700,599,600.5,2,10.5,-3.5,194.436246,66.68,599.75
233800,600,601.5,2,10.5,-3.5,194.5551114,66.69,600.75
233900,600,601.5,2,10.5,-3.5,194.5771497,66.69,600.75
234000,596.5,598,2,10.5,-3.5,194.5735497,66.7,597.25
234100,598,599.5,2,10.5,-3.5,194.5675307,66.7,598.75
234200,596,597.5,2,10.5,-3.5,194.4362186,66.71,596.75
234300,596,597.5,2,10.5,-3.5,194.4580609,66.72,596.75
234400,597,598.5,2,10.5,-3.5,194.7765977,66.72,597.75
234500,596,597.5,2,10.5,-3.5,194.8255761,66.72,596.75
234600,600.5,602,2,10.5,-3.5,195.1316799,66.73,601.25
234700,600,601.5,2,10.5,-3.5,195.1768728,66.74,600.75
234800,602,603.5,2,10.5,-3.5,195.4538144,66.74,602.75
234900,601,602.5,2,10.5,-3.5,195.2929574,66.74,601.75
235000,605.5,607,2,10.5,-3.5,195.4967633,66.75,606.25
235100,603,604.5,2,10.5,-3.5,195.1819851,66.76,603.75
235200,603,604.5,2,10.5,-3.5,195.2153403,66.76,603.75
235300,604,605.5,2,10.5,-3.5,195.3474008,66.76,604.75
235400,601,602.5,2,10.5,-3.5,195.2761799,66.77,601.75
235500,597,598.5,2,10.5,-3.5,194.6867433,66.78,597.75
235600,595,596.5,2,10.5,-3.5,194.6587826,66.78,595.75
235700,594,595.5,2,10.5,-3.5,194.1948867,66.78,594.75
235800,595.5,597,2,10.5,-3.5,194.4133381,66.79,596.25
235900,594,595.5,2,10.5,-3.5,194.2978924,66.8,594.75
236000,596.5,598,2,10.5,-3.5,194.3880032,66.8,597.25
236100,597,598.5,2,10.5,-3.5,194.4936155,66.81,597.75
236200,599.5,601,2,10.5,-3.5,194.5373312,66.81,600.25
236300,598.5,600,2,10.5,-3.5,194.3557151,66.82,599.25
236400,598,599.5,2,10.5,-3.5,194.3568276,66.82,598.75
236500,600.5,602,2,10.5,-3.5,194.4992776,66.82,601.25
236600,599.5,601,2,10.5,-3.5,194.6146154,66.83,600.25
236700,599,600.5,2,10.5,-3.5,194.5430375,66.83,599.75
236800,597,598.5,2,10.5,-3.5,194.4486427,66.84,597.75
236900,591.5,593,2,10.5,-3.5,194.2800757,66.84,592.25
237000,590,591.5,2,10.5,-3.5,194.1572731,66.85,590.75
237100,587.5,589,2,10.5,-3.5,193.8552959,66.86,588.25
237200,591.5,593,2,10.5,-3.5,194.0100509,66.86,592.25
237300,589.5,591,2,10.5,-3.5,193.853661,66.86,590.25
237400,587,588.5,2,10.5,-3.5,193.7548843,66.87,587.75
237500,585.5,587,2,10.5,-3.5,193.9395468,66.88,586.25
237600,585.5,587,2,10.5,-3.5,193.7282269,66.88,586.25
237700,584.5,586,2,10.5,-3.5,193.6948069,66.89,585.25
237800,584,586,2,10.5,-3.5,193.6167591,66.89,585
237900,581,582.5,2,10.5,-3.5,193.4422924,66.9,581.75
238000,581,582.5,2,10.5,-3.5,193.2756241,66.9,581.75
238100,583.5,585,2,10.5,-3.5,193.2876996,66.9,584.25
238200,580.5,582,2,10.5,-3.5,193.3909187,66.91,581.25
238300,578.5,580,2,10.5,-3.5,193.2644991,66.92,579.25
238400,577,578.5,2,10.5,-3.5,193.1482865,66.92,577.75
238500,580.5,582,2,10.5,-3.5,193.4058546,66.92,581.25
238600,577.5,579,2,10.5,-3.5,193.1852722,66.93,578.25
238700,577,578.5,2,10.5,-3.5,192.9793671,66.94,577.75
238800,574,575.5,2,10.5,-3.5,192.5772925,66.94,574.75
238900,574.5,576,2,10.5,-3.5,192.6046583,66.94,575.25
239000,573.5,575,2,10.5,-3.5,192.6204451,66.95,574.25
239100,576,577.5,2,10.5,-3.5,192.8481037,66.96,576.75
239200,579.5,581,2,10.5,-3.5,192.7881505,66.96,580.25
239300,585.5,587,2,10.5,-3.5,193.0703451,66.96,586.25
239400,588,589.5,2,10.5,-3.5,193.1751576,66.97,588.75
239500,586,587.5,2,10.5,-3.5,193.382452,66.97,586.75
239600,589.5,591,2,10.5,-3.5,193.4562323,66.98,590.25
239700,588,589.5,2,10.5,-3.5,193.3082645,66.98,588.75
239800,589,590.5,2,10.5,-3.5,193.2262134,66.99,589.75
239900,588.5,590,2,10.5,-3.5,192.9853678,67,589.25
240000,588.5,590,2,10.5,-3.5,192.7616658,67,589.25
240100,586,587.5,2,10.5,-3.5,192.4458966,67,586.75
240200,587,588.5,2,10.5,-3.5,192.6277327,67.01,587.75
240300,589.5,591,2,10.5,-3.5,193.0008691,67.02,590.25
240400,588,589.5,2,10.5,-3.5,193.0058973,67.02,588.75
240500,590,591.5,2,10.5,-3.5,193.1910086,67.03,590.75
240600,592.5,594,2,10.5,-3.5,193.317708,67.03,593.25
240700,594,595.5,2,10.5,-3.5,193.4507526,67.04,594.75
240800,592.5,594,2,10.5,-3.5,193.4617607,67.04,593.25
240900,592,593.5,2,10.5,-3.5,193.3582661,67.04,592.75
241000,586.5,588,2,10.5,-3.5,193.0931194,67.05,587.25
241100,590,591.5,2,10.5,-3.5,193.5431037,67.06,590.75
241200,585.5,587,2,10.5,-3.5,193.2507988,67.06,586.25
241300,587.5,589,2,10.5,-3.5,193.261427,67.06,588.25
241400,587.5,589,2,10.5,-3.5,193.2827881,67.07,588.25
241500,587,588.5,2,10.5,-3.5,192.8751354,67.08,587.75
241600,588.5,590,2,10.5,-3.5,193.1337529,67.08,589.25
241700,587,588.5,2,10.5,-3.5,193.0956235,67.08,587.75
241800,589,590.5,2,10.5,-3.5,193.3349965,67.09,589.75
241900,589,590.5,2,10.5,-3.5,193.5987851,67.1,589.75
242000,584.5,586,2,10.5,-3.5,193.5765749,67.1,585.25
242100,584.5,586,2,10.5,-3.5,193.568831,67.1,585.25
242200,583.5,585,2,10.5,-3.5,193.5158491,67.11,584.25
242300,583.5,585,2,10.5,-3.5,193.6247271,67.11,584.25
242400,586,587.5,2,10.5,-3.5,193.6765188,67.12,586.75
242500,582.5,584,2,10.5,-3.5,193.5721028,67.12,583.25
242600,580,581.5,2,10.5,-3.5,193.4862811,67.13,580.75
242700,577.5,579,2,10.5,-3.5,193.2776633,67.14,578.25
242800,581.5,583,2,10.5,-3.5,193.4204514,67.14,582.25
242900,585.5,587,2,10.5,-3.5,193.5023129,67.14,586.25
243000,588,589.5,2,10.5,-3.5,193.5617223,67.15,588.75
243100,589.5,591,2,10.5,-3.5,193.6151805,67.16,590.25
243200,589,590.5,2,10.5,-3.5,193.4409665,67.16,589.75
243300,592,593.5,2,10.5,-3.5,193.4665234,67.17,592.75
243400,593,594.5,2,10.5,-3.5,193.7926994,67.17,593.75
243500,595.5,597,2,10.5,-3.5,193.5740241,67.18,596.25
243600,597.5,599,2,10.5,-3.5,193.6521372,67.18,598.25
243700,595.5,597,2,10.5,-3.5,193.8839497,67.18,596.25
243800,597,598.5,2,10.5,-3.5,194.0492559,67.19,597.75
243900,597,598.5,2,10.5,-3.5,194.0661202,67.19,597.75
244000,599,600.5,2,10.5,-3.5,194.0999282,67.2,599.75
244100,598.5,600.5,2,10.5,-3.5,194.1397976,67.2,599.5
244200,598.5,600.5,2,10.5,-3.5,194.149887,67.21,599.5
244300,600,601.5,2,10.5,-3.5,194.094411,67.22,600.75
244400,603.5,605,2,10.5,-3.5,194.5674516,67.22,604.25
244500,604,605.5,2,10.5,-3.5,194.7528528,67.22,604.75
244600,600.5,602,2,10.5,-3.5,194.6417235,67.23,601.25
244700,602.5,604,2,10.5,-3.5,194.8019845,67.24,603.25
244800,604.5,606,2,10.5,-3.5,194.8256036,67.24,605.25
244900,607.5,609,2,10.5,-3.5,194.8655795,67.24,608.25
245000,608,609.5,2,10.5,-3.5,195.0155251,67.25,608.75
245100,610,611.5,2,10.5,-3.5,195.1510201,67.26,610.75
245200,612.5,614,2,10.5,-3.5,195.4982259,67.26,613.25
245300,612,614,2,10.5,-3.5,195.7803332,67.26,613
245400,608.5,610,2,10.5,-3.5,195.5112921,67.27,609.25
245500,607.5,609,2,10.5,-3.5,195.4755251,67.28,608.25
245600,606.5,608,2,10.5,-3.5,195.4258315,67.28,607.25
245700,606,608,2,10.5,-3.5,195.4634191,67.28,607
245800,606.5,608,2,10.5,-3.5,195.2835413,67.29,607.25
245900,606,607.5,2,10.5,-3.5,195.5451745,67.3,606.75
246000,605.5,607,2,10.5,-3.5,195.6169527,67.3,606.25
246100,608,609.5,2,10.5,-3.5,195.934684,67.31,608.75
246200,605.5,607,2,10.5,-3.5,195.7107684,67.31,606.25
246300,605.5,607,2,10.5,-3.5,195.6044843,67.32,606.25
246400,600.5,602,2,10.5,-3.5,195.4444201,67.32,601.25
246500,599.5,601,2,10.5,-3.5,195.3329362,67.32,600.25
246600,599.5,601,2,10.5,-3.5,195.1713159,67.33,600.25
246700,598,599.5,2,10.5,-3.5,195.425261,67.33,598.75
246800,595.5,597,2,10.5,-3.5,195.3342626,67.34,596.25
246900,590.5,592,2,10.5,-3.5,194.996801,67.34,591.25
247000,597,598.5,2,10.5,-3.5,195.1742199,67.35,597.75
247100,597,598.5,2,10.5,-3.5,194.7701037,67.36,597.75
247200,595.5,597,2,10.5,-3.5,194.7853608,67.36,596.25
247300,595,596.5,2,10.5,-3.5,194.8632811,67.36,595.75
247400,597,598.5,2,10.5,-3.5,195.1009152,67.37,597.75
247500,598.5,600,2,10.5,-3.5,195.3512842,67.38,599.25
247600,594,595.5,2,10.5,-3.5,195.3051164,67.38,594.75
247700,593,594.5,2,10.5,-3.5,195.3949803,67.39,593.75
247800,592.5,594,2,10.5,-3.5,195.1535561,67.39,593.25
247900,594.5,596,2,10.5,-3.5,195.2331519,67.4,595.25
248000,599,600.5,2,10.5,-3.5,195.5097186,67.4,599.75
248100,601.5,603,2,10.5,-3.5,195.6604951,67.4,602.25
248200,600,601.5,2,10.5,-3.5,195.4230952,67.41,600.75
248300,596.5,598,2,10.5,-3.5,194.8917114,67.42,597.25
248400,596,597.5,2,10.5,-3.5,194.6178808,67.42,596.75
248500,593.5,595,2,10.5,-3.5,194.5753194,67.42,594.25
248600,599,600.5,2,10.5,-3.5,194.7843066,67.43,599.75
248700,599,600.5,2,10.5,-3.5,194.8881934,67.44,599.75
248800,597.5,599,2,10.5,-3.5,194.7952589,67.44,598.25
248900,602,603.5,2,10.5,-3.5,195.0688482,67.44,602.75
249000,600,601.5,2,10.5,-3.5,194.6159919,67.45,600.75
249100,601,602.5,2,10.5,-3.5,194.7338247,67.46,601.75
249200,604,605.5,2,10.5,-3.5,195.1566029,67.46,604.75
249300,605,606.5,2,10.5,-3.5,195.1838227,67.46,605.75
249400,610,611.5,2,10.5,-3.5,195.1083813,67.47,610.75
249500,611.5,613,2,10.5,-3.5,195.1653954,67.47,612.25
249600,615,616.5,2,10.5,-3.5,195.3097918,67.48,615.75
249700,617.5,619,2,10.5,-3.5,195.4539387,67.48,618.25
249800,617.5,619,2,10.5,-3.5,195.6911561,67.49,618.25
249900,620.5,622,2,10.5,-3.5,195.8426163,67.5,621.25
250000,622.5,624,2,10.5,-3.5,195.8606157,67.5,623.25
250100,621,622.5,2,10.5,-3.5,195.7330585,67.5,621.75
250200,618,619.5,2,10.5,-3.5,195.5807864,67.51,618.75
250300,617,618.5,2,10.5,-3.5,195.7417407,67.52,617.75
250400,614,615.5,2,10.5,-3.5,195.7081387,67.52,614.75
250500,610.5,612,2,10.5,-3.5,195.690189,67.53,611.25
250600,608,609.5,2,10.5,-3.5,195.7923471,67.53,608.75
250700,608,609.5,2,10.5,-3.5,195.8564731,67.54,608.75
250800,611,612.5,2,10.5,-3.5,195.8883059,67.54,611.75
250900,612,613.5,2,10.5,-3.5,196.0601409,67.54,612.75
251000,613,614.5,2,10.5,-3.5,195.9340925,67.55,613.75
251100,611,612.5,2,10.5,-3.5,195.6570729,67.56,611.75
251200,611,612.5,2,10.5,-3.5,195.8062136,67.56,611.75
251300,609,610.5,2,10.5,-3.5,195.6490999,67.56,609.75
251400,609,610.5,2,10.5,-3.5,195.810971,67.57,609.75
251500,610,611.5,2,10.5,-3.5,195.5246407,67.58,610.75
251600,611.5,613,2,10.5,-3.5,195.5319528,67.58,612.25
251700,611.5,613,2,10.5,-3.5,195.5997647,67.58,612.25
251800,609.5,611,2,10.5,-3.5,195.5822269,67.59,610.25
251900,608,609.5,2,10.5,-3.5,195.4338534,67.6,608.75
252000,602.5,604,2,10.5,-3.5,195.2258679,67.6,603.25
252100,597.5,599,2,10.5,-3.5,195.0256756,67.6,598.25
252200,595.5,597,2,10.5,-3.5,194.9170529,67.61,596.25
252300,595.5,597,2,10.5,-3.5,194.9849797,67.61,596.25
252400,595,596.5,2,10.5,-3.5,195.0865352,67.62,595.75
252500,595,596.5,2,10.5,-3.5,195.2589014,67.62,595.75
252600,592.5,594,2,10.5,-3.5,195.2988431,67.63,593.25
252700,593.5,595,2,10.5,-3.5,195.4692649,67.64,594.25
252800,594.5,596,2,10.5,-3.5,195.4619241,67.64,595.25
252900,597.5,599,2,10.5,-3.5,195.6123148,67.64,598.25
253000,597,599,2,10.5,-3.5,195.6172082,67.65,598
253100,594.5,596,2,10.5,-3.5,195.542743,67.66,595.25
253200,594,595.5,2,10.5,-3.5,195.4207143,67.66,594.75
253300,598,599.5,2,10.5,-3.5,195.5634853,67.67,598.75
253400,594.5,596,2,10.5,-3.5,195.5073806,67.67,595.25
253500,593.5,595,2,10.5,-3.5,195.38252,67.68,594.25
253600,595,596.5,2,10.5,-3.5,195.582647,67.68,595.75
253700,593.5,595,2,10.5,-3.5,195.6879689,67.68,594.25
253800,595,596.5,2,10.5,-3.5,195.6896443,67.69,595.75
253900,594.5,596,2,10.5,-3.5,195.5852529,67.69,595.25
254000,593,594.5,2,10.5,-3.5,195.535003,67.7,593.75
254100,587.5,589,2,10.5,-3.5,195.50765,67.7,588.25
254200,589,590.5,2,10.5,-3.5,195.7353537,67.71,589.75
254300,588,589.5,2,10.5,-3.5,195.4077699,67.72,588.75
254400,587,588.5,2,10.5,-3.5,195.3308199,67.72,587.75
254500,585,586.5,1.9,10.5,-3.5,195.3138091,67.72,585.75
254600,579,580.5,1.9,10.5,-3.5,195.1557559,67.73,579.75
254700,580.5,582,1.9,10.5,-3.5,195.2720921,67.74,581.25
254800,577.5,579,1.9,10.5,-3.5,195.3130571,67.74,578.25
254900,577.5,579.5,1.9,10.5,-3.5,195.3226165,67.74,578.5
255000,580.5,582,1.9,10.5,-3.5,195.4518705,67.75,581.25
255100,583,584.5,1.8,10.5,-3.5,195.4559811,67.76,583.75
255200,581.5,583,1.8,10.5,-3.5,195.3345342,67.76,582.25
255300,582,583.5,1.8,10.5,-3.5,195.35357,67.76,582.75
255400,584,585.5,1.8,10.5,-3.5,195.6940328,67.77,584.75
255500,580,581.5,1.8,10.5,-3.5,195.3913074,67.78,580.75
255600,578,579.5,1.8,10.5,-3.5,195.2729092,67.78,578.75
255700,574,575.5,1.8,10.5,-3.5,195.2724954,67.78,574.75
255800,568,569.5,1.8,10.5,-3.5,195.0437989,67.79,568.75
255900,568,569.5,1.8,10.5,-3.5,195.0636931,67.8,568.75
256000,567,568.5,1.8,10.5,-3.5,194.7762527,67.8,567.75
256100,565,566.5,1.8,10.5,-3.5,194.925626,67.81,565.75
256200,565,566.5,1.8,10.5,-3.5,194.9599249,67.81,565.75
256300,566.5,568,1.8,10.5,-3.5,195.1206029,67.82,567.25
256400,566.5,568,1.8,10.5,-3.5,195.0599575,67.82,567.25
256500,569.5,571,1.8,10.5,-3.5,195.074978,67.82,570.25
256600,568.5,570,1.8,10.5,-3.5,194.9923595,67.83,569.25
256700,570,571.5,1.8,10.5,-3.5,195.2307626,67.83,570.75
256800,569,570.5,1.8,10.5,-3.5,195.2556258,67.84,569.75
256900,565.5,567,1.8,10.5,-3.5,195.1577116,67.84,566.25
257000,565.5,567,1.8,10.5,-3.5,195.2459671,67.85,566.25
257100,564.5,566,1.8,10.5,-3.5,194.9995462,67.86,565.25
257200,564,565.5,1.8,10.5,-3.5,194.9832215,67.86,564.75
257300,567.5,569,1.8,10.5,-3.5,195.3203925,67.86,568.25
257400,571,572.5,1.8,10.5,-3.5,195.5307667,67.87,571.75
257500,573.5,575,1.8,10.5,-3.5,195.6550412,67.88,574.25
257600,577,578.5,1.8,10.5,-3.5,195.7813496,67.88,577.75
257700,573.5,575,1.8,10.5,-3.5,195.6459797,67.89,574.25
257800,575,576.5,1.8,10.5,-3.5,195.678867,67.89,575.75
257900,577,578.5,1.8,10.5,-3.5,195.8569418,67.9,577.75
258000,577,578.5,1.8,10.5,-3.5,195.8580576,67.9,577.75
258100,577,578.5,1.8,10.5,-3.5,195.7788145,67.9,577.75
258200,576.5,578,1.8,10.5,-3.5,195.8185252,67.91,577.25
258300,579.5,581,1.8,10.5,-3.5,195.9485605,67.92,580.25
258400,580,581.5,1.8,10.5,-3.5,196.0600989,67.92,580.75
258500,576,577.5,1.8,10.5,-3.5,195.7028214,67.92,576.75
258600,574.5,576,1.8,10.5,-3.5,195.6601581,67.93,575.25
258700,572.5,574,1.8,10.5,-3.5,195.6978407,67.94,573.25
258800,575.5,577,1.8,10.5,-3.5,195.7573814,67.94,576.25
258900,576,577.5,1.8,10.5,-3.5,195.7776397,67.94,576.75
259000,577.5,579,1.8,10.5,-3.5,195.8754285,67.95,578.25
259100,578.5,580,1.8,10.5,-3.5,196.0168599,67.96,579.25
259200,574.5,576,1.8,10.5,-3.5,195.8694442,67.96,575.25
259300,573.5,575,1.8,10.5,-3.5,195.7735073,67.96,574.25
259400,572.5,574,1.8,10.5,-3.5,195.6393517,67.97,573.25
259500,576.5,578,1.8,10.5,-3.5,195.6859006,67.97,577.25
259600,580,581.5,1.8,10.5,-3.5,195.9434652,67.98,580.75
259700,579.5,581,1.8,10.5,-3.5,195.8663826,67.98,580.25
259800,574,575.5,1.8,10.5,-3.5,195.8370802,67.99,574.75
259900,570,571.5,1.8,10.5,-3.5,195.7354452,68,570.75
260000,574,575.5,1.8,10.5,-3.5,195.8954198,68,574.75
260100,570,571.5,1.8,10.5,-3.5,195.8519661,68,570.75
260200,575,576.5,1.8,10.5,-3.5,195.8782432,68.01,575.75
260300,570.5,572,1.8,10.5,-3.5,195.802594,68.02,571.25
260400,567.5,569,1.8,10.5,-3.5,195.6044328,68.02,568.25
260500,566.5,568,1.8,10.5,-3.5,195.6071072,68.03,567.25
260600,567.5,569,1.8,10.5,-3.5,195.998383,68.03,568.25
260700,563.5,565,1.8,10.5,-3.5,195.6302139,68.04,564.25
260800,566.5,568,1.8,10.5,-3.5,195.82851,68.04,567.25
260900,569,570.5,1.8,10.5,-3.5,195.9608921,68.04,569.75
261000,570.5,572,1.8,10.5,-3.5,196.2270196,68.05,571.25
261100,569.5,571,1.8,10.5,-3.5,196.1876307,68.06,570.25
261200,566,567.5,1.8,10.5,-3.5,195.6869451,68.06,566.75
261300,568,569.5,1.8,10.5,-3.5,195.7446564,68.06,568.75
261400,569.5,571,1.8,10.5,-3.5,196.0899079,68.07,570.25
261500,569.5,571,1.8,10.5,-3.5,196.105596,68.08,570.25
261600,569.5,571,1.8,10.5,-3.5,195.8881163,68.08,570.25
261700,573.5,575,1.8,10.5,-3.5,195.9989016,68.08,574.25
261800,576,577.5,1.8,10.5,-3.5,196.1923661,68.09,576.75
261900,570.5,572,1.8,10.5,-3.5,196.1172002,68.1,571.25
262000,568,569.5,1.8,10.5,-3.5,196.0728382,68.1,568.75
262100,568,569.5,1.8,10.5,-3.5,196.1451514,68.1,568.75
262200,570,571.5,1.8,10.5,-3.5,196.413516,68.11,570.75
262300,566.5,568,1.8,10.5,-3.5,196.3135325,68.11,567.25
262400,566.5,568,1.8,10.5,-3.5,196.488704,68.12,567.25
262500,565.5,567,1.8,10.5,-3.5,196.0858541,68.12,566.25
262600,563.5,565,1.8,10.5,-3.5,195.8535459,68.13,564.25
262700,564.5,566,1.8,10.5,-3.5,195.9662209,68.14,565.25
262800,563,564.5,1.8,10.5,-3.5,195.9359812,68.14,563.75
262900,564,565.5,1.8,10.5,-3.5,195.9874482,68.14,564.75
263000,563.5,565,1.8,10.5,-3.5,196.3008806,68.15,564.25
263100,563.5,565,1.8,10.5,-3.5,196.5182896,68.16,564.25
263200,561,562.5,1.8,10.5,-3.5,196.3664754,68.16,561.75
263300,561,563,1.8,10.5,-3.5,196.017829,68.17,562
263400,559,560.5,1.8,10.5,-3.5,195.899334,68.17,559.75
263500,563.5,565,1.8,10.5,-3.5,196.0344888,68.18,564.25
263600,561,562.5,1.8,10.5,-3.5,195.9992268,68.18,561.75
263700,559,560.5,1.8,10.5,-3.5,196.1746063,68.18,559.75
263800,555,556.5,1.8,10.5,-3.5,196.1582282,68.19,555.75
263900,553,554.5,1.8,10.5,-3.5,195.9791844,68.19,553.75
264000,556,557.5,1.8,10.5,-3.5,196.0248479,68.2,556.75
264100,549.5,551,1.8,10.5,-3.5,195.9654354,68.2,550.25
264200,548.5,550,1.8,10.5,-3.5,195.8126628,68.21,549.25
264300,545,546.5,1.8,10.5,-3.5,195.6289065,68.22,545.75
264400,541.5,543,1.8,10.5,-3.5,195.4281922,68.22,542.25
264500,540.5,542,1.8,10.5,-3.5,195.5936217,68.22,541.25
264600,540,541.5,1.8,10.5,-3.5,195.3769921,68.23,540.75
264700,541,542.5,1.8,10.5,-3.5,195.6713716,68.24,541.75
264800,543.5,545,1.8,10.5,-3.5,195.7987156,68.24,544.25
264900,542.5,544,1.8,10.5,-3.5,195.7979028,68.24,543.25
265000,541.5,543,1.8,10.5,-3.5,195.6745829,68.25,542.25
265100,539,540.5,1.8,10.5,-3.5,195.6094822,68.26,539.75
265200,531.5,533,1.8,10.5,-3.5,195.5354498,68.26,532.25
265300,536,537.5,1.8,10.5,-3.5,195.7619128,68.26,536.75
265400,537.5,539,1.8,10.5,-3.5,195.7290496,68.27,538.25
265500,539,540.5,1.8,10.5,-3.5,195.9377262,68.28,539.75
265600,537,538.5,1.8,10.5,-3.5,195.579743,68.28,537.75
265700,532.5,534,1.8,10.5,-3.5,195.3001355,68.28,533.25
265800,536.5,538,1.8,10.5,-3.5,195.381857,68.29,537.25
265900,536,538,1.8,10.5,-3.5,195.2321593,68.3,537
266000,540,541.5,1.8,10.5,-3.5,195.5485005,68.3,540.75
266100,540,541.5,1.8,10.5,-3.5,195.7946807,68.31,540.75
266200,541.5,543,1.8,10.5,-3.5,195.8112842,68.31,542.25
266300,539,540.5,1.8,10.5,-3.5,195.803687,68.32,539.75
266400,536.5,538,1.8,10.5,-3.5,195.7902805,68.32,537.25
266500,542.5,544,1.8,10.5,-3.5,195.9003166,68.32,543.25
266600,541,542.5,1.8,10.5,-3.5,195.801517,68.33,541.75
266700,540.5,542,1.8,10.5,-3.5,195.7248981,68.33,541.25
266800,544,545.5,1.8,10.5,-3.5,195.88043,68.34,544.75
266900,544.5,546,1.8,10.5,-3.5,196.0351668,68.34,545.25
267000,543.5,545,1.8,10.5,-3.5,196.0346634,68.35,544.25
267100,542.5,544,1.8,10.5,-3.5,196.1921498,68.36,543.25
267200,539.5,541,1.8,10.5,-3.5,195.8359438,68.36,540.25
267300,544.5,546,1.8,10.5,-3.5,196.0993432,68.36,545.25
267400,547.5,549,1.8,10.5,-3.5,196.2062709,68.37,548.25
267500,549,550.5,1.8,10.5,-3.5,196.3234711,68.38,549.75
267600,548,549.5,1.8,10.5,-3.5,196.4248084,68.38,548.75
267700,546,547.5,1.8,10.5,-3.5,196.1965983,68.39,546.75
267800,545,546.5,1.8,10.5,-3.5,196.1063917,68.39,545.75
267900,548.5,550,1.8,10.5,-3.5,196.2865532,68.4,549.25
268000,552,553.5,1.8,10.5,-3.5,196.4808147,68.4,552.75
268100,553,554.5,1.8,10.5,-3.5,196.6384792,68.4,553.75
268200,548,549.5,1.8,10.5,-3.5,196.2230237,68.41,548.75
268300,549,550.5,1.8,10.5,-3.5,196.2597756,68.42,549.75
268400,550,551.5,1.8,10.5,-3.5,196.112067,68.42,550.75
268500,549.5,551,1.8,10.5,-3.5,196.1463313,68.42,550.25
268600,547.5,549,1.8,10.5,-3.5,196.0752981,68.43,548.25
268700,545,546.5,1.8,10.5,-3.5,195.9944858,68.44,545.75
268800,545,546.5,1.8,10.5,-3.5,195.6235749,68.44,545.75
268900,545.5,547,1.8,10.5,-3.5,195.545196,68.44,546.25
269000,548.5,550,1.8,10.5,-3.5,195.6963853,68.45,549.25
269100,547,548.5,1.8,10.5,-3.5,195.8793012,68.46,547.75
269200,548.5,550,1.8,10.5,-3.5,195.8885901,68.46,549.25
269300,549.5,551,1.8,10.5,-3.5,195.8420162,68.46,550.25
269400,553.5,555,1.8,10.5,-3.5,196.1158914,68.47,554.25
269500,552,553.5,1.8,10.5,-3.5,196.0754169,68.47,552.75
269600,555,556.5,1.8,10.5,-3.5,196.2980817,68.48,555.75
269700,553,554.5,1.8,10.5,-3.5,195.9636336,68.48,553.75
269800,549.5,551,1.8,10.5,-3.5,195.6491562,68.49,550.25
269900,546.5,548,1.8,10.5,-3.5,195.4123578,68.5,547.25
270000,548,549.5,1.8,10.5,-3.5,195.4433361,68.5,548.75
270100,551,552.5,1.8,10.5,-3.5,195.5154701,68.5,551.75
270200,549,550.5,1.8,10.5,-3.5,195.3846344,68.51,549.75
270300,552,553.5,1.8,10.5,-3.5,195.5295169,68.52,552.75
270400,550.5,552,1.8,10.5,-3.5,195.4486703,68.52,551.25
270500,549.5,551,1.8,10.5,-3.5,195.3251906,68.53,550.25
270600,548.5,550,1.8,10.5,-3.5,195.0333301,68.53,549.25
270700,550,551.5,1.8,10.5,-3.5,195.34505,68.54,550.75
270800,553,554.5,1.8,10.5,-3.5,195.9174998,68.54,553.75
270900,557,558.5,1.8,10.5,-3.5,196.1584773,68.54,557.75
271000,559.5,561,1.8,10.5,-3.5,196.4543506,68.55,560.25
271100,563,564.5,1.8,10.5,-3.5,196.7769122,68.56,563.75
271200,566.5,568,1.8,10.5,-3.5,196.9807573,68.56,567.25
271300,569,570.5,1.8,10.5,-3.5,197.0145292,68.56,569.75
271400,568,569.5,1.8,10.5,-3.5,196.6829171,68.57,568.75
271500,569,570.5,1.8,10.5,-3.5,197.0248458,68.58,569.75
271600,569,570.5,1.8,10.5,-3.5,197.2646932,68.58,569.75
271700,570.5,572,1.8,10.5,-3.5,197.1600327,68.58,571.25
271800,573,574.5,1.8,10.5,-3.5,197.1847976,68.59,573.75
271900,575,576.5,1.8,10.5,-3.5,197.2987003,68.6,575.75
272000,578,579.5,1.8,10.5,-3.5,197.3846438,68.6,578.75
272100,577.5,579,1.8,10.5,-3.5,197.3458459,68.6,578.25
272200,579,580.5,1.8,10.5,-3.5,197.2900295,68.61,579.75
272300,580.5,582,1.8,10.5,-3.5,196.9733728,68.61,581.25
272400,581.5,583,1.8,10.5,-3.5,197.002359,68.62,582.25
272500,578.5,580,1.8,10.5,-3.5,196.6087223,68.62,579.25
272600,578,579.5,1.8,10.5,-3.5,196.7030301,68.63,578.75
272700,577,578.5,1.8,10.5,-3.5,196.5364514,68.64,577.75
272800,578.5,580,1.8,10.5,-3.5,196.5581776,68.64,579.25
272900,576.5,578,1.8,10.5,-3.5,196.4351788,68.64,577.25
273000,574.5,576,1.8,10.5,-3.5,196.1648801,68.65,575.25
273100,573.5,575,1.8,10.5,-3.5,196.3045929,68.66,574.25
273200,573,574.5,1.8,10.5,-3.5,196.2355819,68.66,573.75
273300,571.5,573,1.8,10.5,-3.5,196.2051839,68.67,572.25
273400,573.5,575,1.8,10.5,-3.5,196.2854445,68.67,574.25
273500,577,578.5,1.8,10.5,-3.5,196.483251,68.68,577.75
273600,575,576.5,1.8,10.5,-3.5,196.4349889,68.68,575.75
273700,576,577.5,1.8,10.5,-3.5,196.7288161,68.68,576.75
273800,577.5,579,1.8,10.5,-3.5,196.7027362,68.69,578.25
273900,574.5,576,1.8,10.5,-3.5,196.5584616,68.69,575.25
274000,574,576,1.8,10.5,-3.5,196.5911779,68.7,575
274100,575,576.5,1.8,10.5,-3.5,196.5433683,68.7,575.75
274200,575.5,577,1.8,10.5,-3.5,196.7458479,68.71,576.25
274300,575,577,1.8,10.5,-3.5,196.607004,68.72,576
274400,577,578.5,1.8,10.5,-3.5,196.8741647,68.72,577.75
274500,573,574.5,1.8,10.5,-3.5,196.7495251,68.72,573.75
274600,574.5,576,1.8,10.5,-3.5,196.8148843,68.73,575.25
274700,576.5,578,1.8,10.5,-3.5,196.8844161,68.74,577.25
274800,578,579.5,1.8,10.5,-3.5,197.2303771,68.74,578.75
274900,575,576.5,1.8,10.5,-3.5,196.9433062,68.74,575.75
275000,580,581.5,1.8,10.5,-3.5,197.1962397,68.75,580.75
275100,585.5,587,1.8,10.5,-3.5,197.5246642,68.76,586.25
275200,585.5,587,1.8,10.5,-3.5,197.680425,68.76,586.25
275300,583,584.5,1.8,10.5,-3.5,197.5898189,68.76,583.75
275400,584,585.5,1.8,10.5,-3.5,198.0743206,68.77,584.75
275500,589.5,591,1.8,10.5,-3.5,198.1910933,68.78,590.25
275600,591.5,593,1.8,10.5,-3.5,197.9601876,68.78,592.25
275700,591.5,593,1.8,10.5,-3.5,198.2194632,68.78,592.25
275800,592.5,594,1.8,10.5,-3.5,198.4388858,68.79,593.25
275900,589.5,591,1.8,10.5,-3.5,198.3655702,68.8,590.25
276000,590.5,592,1.8,10.5,-3.5,198.4718166,68.8,591.25
276100,589.5,591,1.8,10.5,-3.5,198.2482054,68.81,590.25
276200,587,588.5,1.8,10.5,-3.5,198.2324937,68.81,587.75
276300,583.5,585,1.8,10.5,-3.5,198.1783581,68.82,584.25
276400,585,586.5,1.8,10.5,-3.5,198.1935215,68.82,585.75
276500,589.5,591,1.8,10.5,-3.5,198.3512859,68.82,590.25
276600,588.5,590,1.8,10.5,-3.5,198.1599072,68.83,589.25
276700,585,586.5,1.8,10.5,-3.5,198.1041849,68.83,585.75
276800,582,583.5,1.8,10.5,-3.5,197.9948438,68.84,582.75
276900,580.5,582,1.8,10.5,-3.5,197.9476814,68.84,581.25
277000,579.5,581,1.8,10.5,-3.5,198.049064,68.85,580.25
277100,580,581.5,1.8,10.5,-3.5,198.1119346,68.86,580.75
277200,581.5,583,1.8,10.5,-3.5,198.128511,68.86,582.25
277300,580,581.5,1.8,10.5,-3.5,198.0410894,68.86,580.75
277400,579.5,581.5,1.8,10.5,-3.5,197.7949259,68.87,580.5
277500,579.5,581,1.8,10.5,-3.5,197.7212959,68.88,580.25
277600,581.5,583,1.8,10.5,-3.5,197.9347883,68.88,582.25
277700,581,583,1.8,10.5,-3.5,197.992815,68.89,582
277800,579,580.5,1.8,10.5,-3.5,197.7464507,68.89,579.75
277900,581,582.5,1.8,10.5,-3.5,197.8098672,68.9,581.75
278000,578,579.5,1.8,10.5,-3.5,197.6699462,68.9,578.75
278100,578.5,580,1.8,10.5,-3.5,197.5163998,68.9,579.25
278200,576,577.5,1.8,10.5,-3.5,197.415078,68.91,576.75
278300,578,579.5,1.8,10.5,-3.5,197.636427,68.92,578.75
278400,577.5,579,1.8,10.5,-3.5,197.6569757,68.92,578.25
278500,577,579,1.8,10.5,-3.5,197.542629,68.92,578
278600,575,576.5,1.8,10.5,-3.5,197.5342507,68.93,575.75
278700,575.5,577,1.8,10.5,-3.5,197.7693651,68.94,576.25
278800,577,578.5,1.8,10.5,-3.5,198.0276158,68.94,577.75
278900,577.5,579,1.8,10.5,-3.5,197.8916566,68.94,578.25
279000,578.5,580,1.8,10.5,-3.5,197.5471013,68.95,579.25
279100,577.5,579,1.8,10.5,-3.5,197.4304385,68.96,578.25
279200,577,578.5,1.8,10.5,-3.5,197.3630144,68.96,577.75
279300,576.5,578.5,1.8,10.5,-3.5,197.3100974,68.96,577.5
279400,575,576.5,1.8,10.5,-3.5,197.2086815,68.97,575.75
279500,576,577.5,1.8,10.5,-3.5,197.1468439,68.97,576.75
279600,574,575.5,1.8,10.5,-3.5,196.9274705,68.98,574.75
279700,574.5,576,1.8,10.5,-3.5,196.8574618,68.98,575.25
279800,574.5,576,1.8,10.5,-3.5,196.6945595,68.99,575.25
279900,574.5,576,1.8,10.5,-3.5,196.4080513,69,575.25
280000,575,576.5,1.8,10.5,-3.5,196.5680734,69,575.75
280100,578.5,580,1.8,10.5,-3.5,196.8000288,69,579.25
280200,581,582.5,1.8,10.5,-3.5,197.0113214,69.01,581.75
280300,584.5,586,1.8,10.5,-3.5,197.1692024,69.02,585.25
280400,583,584.5,1.8,10.5,-3.5,197.1308727,69.02,583.75
280500,582.5,584,1.8,10.5,-3.5,197.2268759,69.03,583.25
280600,581.5,583,1.8,10.5,-3.5,196.7208976,69.03,582.25
280700,576,577.5,1.8,10.5,-3.5,196.4991999,69.04,576.75
280800,579.5,581,1.8,10.5,-3.5,196.9866091,69.04,580.25
280900,578.5,580,1.8,10.5,-3.5,196.9382568,69.04,579.25
281000,576.5,578,1.8,10.5,-3.5,197.1002387,69.05,577.25
281100,580.5,582,1.8,10.5,-3.5,197.2820849,69.06,581.25
281200,580.5,582,1.8,10.5,-3.5,197.2342832,69.06,581.25
281300,581.5,583,1.8,10.5,-3.5,197.4472269,69.06,582.25
281400,580,581.5,1.8,10.5,-3.5,197.3108711,69.07,580.75
281500,581,582.5,1.8,10.5,-3.5,197.3255339,69.08,581.75
281600,580,581.5,1.8,10.5,-3.5,197.3913058,69.08,580.75
281700,580,581.5,1.8,10.5,-3.5,197.2364878,69.08,580.75
281800,582,583.5,1.8,10.5,-3.5,197.2689015,69.09,582.75
281900,577,578.5,1.8,10.5,-3.5,197.009022,69.1,577.75
282000,572.5,574,1.8,10.5,-3.5,196.8766337,69.1,573.25
282100,574,575.5,1.8,10.5,-3.5,196.6820058,69.1,574.75
282200,573.5,575,1.8,10.5,-3.5,196.7685742,69.11,574.25
282300,571.5,573,1.8,10.5,-3.5,196.6481806,69.11,572.25
282400,568.5,570,1.8,10.5,-3.5,196.4302729,69.12,569.25
282500,570.5,572,1.8,10.5,-3.5,196.5885532,69.12,571.25
282600,568.5,570,1.8,10.5,-3.5,196.7127927,69.13,569.25
282700,571,572.5,1.8,10.5,-3.5,197.1050108,69.14,571.75
282800,572,573.5,1.8,10.5,-3.5,197.1855312,69.14,572.75
282900,573.5,575,1.8,10.5,-3.5,197.3907959,69.14,574.25
283000,574.5,576,1.8,10.5,-3.5,196.9724971,69.15,575.25
283100,568,569.5,1.8,10.5,-3.5,196.6836365,69.16,568.75
283200,565,566.5,1.8,10.5,-3.5,196.6321961,69.16,565.75
283300,564.5,566,1.8,10.5,-3.5,196.5591866,69.17,565.25
283400,563,564.5,1.8,10.5,-3.5,196.3675541,69.17,563.75
283500,562,563.5,1.8,10.5,-3.5,196.3891186,69.18,562.75
283600,560,561.5,1.8,10.5,-3.5,196.3082524,69.18,560.75
283700,562.5,564,1.8,10.5,-3.5,196.3371138,69.18,563.25
283800,561,562.5,1.8,10.5,-3.5,196.3749269,69.19,561.75
283900,561,562.5,1.8,10.5,-3.5,196.4502531,69.19,561.75
284000,557.5,559,1.8,10.5,-3.5,196.4100211,69.2,558.25
284100,555,556.5,1.8,10.5,-3.5,196.1014914,69.2,555.75
284200,556,557.5,1.8,10.5,-3.5,196.4510389,69.21,556.75
284300,556,557.5,1.8,10.5,-3.5,196.3379056,69.22,556.75
284400,557,558.5,1.8,10.5,-3.5,196.3566116,69.22,557.75
284500,560,561.5,1.8,10.5,-3.5,196.5710185,69.22,560.75
284600,561,562.5,1.8,10.5,-3.5,196.5288466,69.23,561.75
284700,558,559.5,1.8,10.5,-3.5,196.374596,69.24,558.75
284800,555.5,557,1.8,10.5,-3.5,195.9811137,69.24,556.25
284900,552,553.5,1.8,10.5,-3.5,195.9208387,69.24,552.75
285000,553.5,555,1.8,10.5,-3.5,196.1049414,69.25,554.25
285100,550.5,552,1.8,10.5,-3.5,195.8418494,69.26,551.25
285200,554.5,556,1.8,10.5,-3.5,196.1096697,69.26,555.25
285300,553.5,555,1.8,10.5,-3.5,196.0331098,69.26,554.25
285400,553.5,555,1.8,10.5,-3.5,195.8098987,69.27,554.25
285500,551,552.5,1.8,10.5,-3.5,195.8060391,69.28,551.75
285600,549,550.5,1.8,10.5,-3.5,195.7199386,69.28,549.75
285700,553,554.5,1.8,10.5,-3.5,195.9306172,69.28,553.75
285800,551.5,553,1.8,10.5,-3.5,195.4226809,69.29,552.25
285900,553,554.5,1.8,10.5,-3.5,195.3703372,69.3,553.75
286000,551,552.5,1.8,10.5,-3.5,195.3488918,69.3,551.75
286100,554.5,556,1.8,10.5,-3.5,195.4350517,69.31,555.25
286200,550,551.5,1.8,10.5,-3.5,195.3492692,69.31,550.75
286300,551.5,553,1.8,10.5,-3.5,195.5839415,69.32,552.25
286400,554.5,556,1.8,10.5,-3.5,195.7068402,69.32,555.25
286500,552,553.5,1.8,10.5,-3.5,195.6614991,69.32,552.75
286600,552,553.5,1.8,10.5,-3.5,195.6844829,69.33,552.75
286700,552.5,554,1.8,10.5,-3.5,195.992064,69.33,553.25
286800,551.5,553,1.8,10.5,-3.5,195.5816108,69.34,552.25
286900,551.5,553,1.8,10.5,-3.5,195.6730446,69.34,552.25
287000,550.5,552,1.8,10.5,-3.5,195.4614858,69.35,551.25
287100,548.5,550,1.8,10.5,-3.5,195.1910037,69.36,549.25
287200,548,549.5,1.8,10.5,-3.5,195.0954852,69.36,548.75
287300,545.5,547,1.8,10.5,-3.5,194.9270068,69.36,546.25
287400,543,544.5,1.8,10.5,-3.5,194.8166054,69.37,543.75
287500,542,543.5,1.8,10.5,-3.5,194.7652424,69.38,542.75
287600,540.5,542,1.8,10.5,-3.5,194.8599846,69.38,541.25
287700,540,541.5,1.8,10.5,-3.5,194.9435454,69.39,540.75
287800,540.5,542,1.8,10.5,-3.5,195.1270524,69.39,541.25
287900,539,540.5,1.8,10.5,-3.5,194.9927311,69.4,539.75
288000,542.5,544,1.8,10.5,-3.5,195.0080336,69.4,543.25
288100,545,546.5,1.8,10.5,-3.5,195.0307726,69.4,545.75
288200,548.5,550,1.8,10.5,-3.5,195.0736698,69.41,549.25
288300,551.5,553,1.8,10.5,-3.5,195.1802276,69.42,552.25
288400,551,552.5,1.8,10.5,-3.5,195.0278114,69.42,551.75
288500,550.5,552,1.8,10.5,-3.5,195.0240864,69.42,551.25
288600,549.5,551,1.8,10.5,-3.5,194.779733,69.43,550.25
288700,551.5,553,1.8,10.5,-3.5,194.8316834,69.44,552.25
288800,553,554.5,1.8,10.5,-3.5,195.0033299,69.44,553.75
288900,548,549.5,1.8,10.5,-3.5,194.7095478,69.44,548.75
289000,545.5,547,1.8,10.5,-3.5,194.5801481,69.45,546.25
289100,542.5,544,1.8,10.5,-3.5,194.4594607,69.46,543.25
289200,538.5,540,1.8,10.5,-3.5,194.3680857,69.46,539.25
289300,538,539.5,1.8,10.5,-3.5,194.4871776,69.46,538.75
289400,541.5,543,1.8,10.5,-3.5,194.6544057,69.47,542.25
289500,537.5,539,1.8,10.5,-3.5,194.523218,69.47,538.25
289600,537.5,539,1.8,10.5,-3.5,194.4124198,69.48,538.25
289700,533.5,535,1.8,10.5,-3.5,194.2348499,69.48,534.25
289800,534,535.5,1.8,10.5,-3.5,194.507882,69.49,534.75
289900,533.5,535,1.8,10.5,-3.5,194.3842417,69.5,534.25
290000,537,538.5,1.8,10.5,-3.5,194.3832521,69.5,537.75
290100,539,540.5,1.8,10.5,-3.5,194.4211639,69.5,539.75
290200,541,542.5,1.8,10.5,-3.5,194.6099053,69.51,541.75
290300,539,540.5,1.8,10.5,-3.5,194.1338527,69.52,539.75
290400,542,543.5,1.8,10.5,-3.5,194.181535,69.52,542.75
290500,544,545.5,1.8,10.5,-3.5,194.351854,69.53,544.75
290600,541.5,543,1.8,10.5,-3.5,194.1830036,69.53,542.25
290700,540,541.5,1.8,10.5,-3.5,193.9419629,69.54,540.75
290800,541.5,543,1.8,10.5,-3.5,194.0318771,69.54,542.25
290900,543,544.5,1.8,10.5,-3.5,194.0549781,69.54,543.75
291000,541.5,543,1.8,10.5,-3.5,194.0120897,69.55,542.25
291100,539.5,541,1.8,10.5,-3.5,193.7938873,69.56,540.25
291200,538.5,540,1.8,10.5,-3.5,193.6398117,69.56,539.25
291300,538.5,540,1.8,10.5,-3.5,193.6933757,69.56,539.25
291400,539.5,541,1.8,10.5,-3.5,193.7247207,69.57,540.25
291500,540.5,542,1.8,10.5,-3.5,193.4626818,69.58,541.25
291600,540.5,542.5,1.8,10.5,-3.5,193.440748,69.58,541.5
291700,544,545.5,1.8,10.5,-3.5,193.5148575,69.58,544.75
291800,540,541.5,1.8,10.5,-3.5,193.5285354,69.59,540.75
291900,537,538.5,1.8,10.5,-3.5,193.4994308,69.6,537.75
292000,536.5,538.5,1.8,10.5,-3.5,193.5061241,69.6,537.5
292100,538.5,540,1.8,10.5,-3.5,193.7547722,69.6,539.25
292200,542.5,544,1.8,10.5,-3.5,193.8932685,69.61,543.25
292300,538,539.5,1.8,10.5,-3.5,193.4079352,69.61,538.75
292400,539.5,541,1.8,10.5,-3.5,193.5031757,69.62,540.25
292500,539.5,541,1.8,10.5,-3.5,193.4098794,69.62,540.25
292600,540.5,542,1.8,10.5,-3.5,193.4069287,69.63,541.25
292700,542,543.5,1.8,10.5,-3.5,193.5949584,69.64,542.75
292800,540.5,542,1.8,10.5,-3.5,193.5940885,69.64,541.25
292900,540,541.5,1.8,10.5,-3.5,193.5367744,69.64,540.75
293000,535.5,537,1.8,10.5,-3.5,193.3929988,69.65,536.25
293100,538,539.5,1.8,10.5,-3.5,193.5213245,69.66,538.75
293200,536,537.5,1.8,10.5,-3.5,193.3723146,69.66,536.75
293300,536.5,538,1.8,10.5,-3.5,193.4349532,69.67,537.25
293400,536.5,538.5,1.8,10.5,-3.5,193.8176064,69.67,537.5
293500,534.5,536,1.8,10.5,-3.5,193.8740008,69.68,535.25
293600,536.5,538,1.8,10.5,-3.5,193.7273834,69.68,537.25
293700,536,538,1.8,10.5,-3.5,193.5889608,69.68,537
293800,533.5,535,1.8,10.5,-3.5,193.4103495,69.69,534.25
293900,536,537.5,1.8,10.5,-3.5,193.2412045,69.69,536.75
294000,538.5,540,1.8,10.5,-3.5,193.4461089,69.7,539.25
294100,540,541.5,1.8,10.5,-3.5,193.5447239,69.7,540.75
294200,538,539.5,1.8,10.5,-3.5,193.4400851,69.71,538.75
294300,538,539.5,1.8,10.5,-3.5,193.4818278,69.72,538.75
294400,540.5,542,1.8,10.5,-3.5,193.5208994,69.72,541.25
294500,536.5,538,1.8,10.5,-3.5,193.446547,69.72,537.25
294600,538.5,540,1.8,10.5,-3.5,193.5732973,69.73,539.25
294700,539.5,541,1.8,10.5,-3.5,193.5671386,69.74,540.25
294800,541,542.5,1.8,10.5,-3.5,193.6030394,69.74,541.75
294900,542,543.5,1.8,10.5,-3.5,193.6365592,69.74,542.75
295000,545,546.5,1.8,10.5,-3.5,193.9885404,69.75,545.75
295100,540.5,542,1.8,10.5,-3.5,193.535713,69.76,541.25
295200,542,543.5,1.8,10.5,-3.5,193.6436613,69.76,542.75
295300,540,541.5,1.8,10.5,-3.5,193.5573836,69.76,540.75
295400,539.5,541,1.8,10.5,-3.5,193.7633833,69.77,540.25
295500,539.5,541,1.8,10.5,-3.5,193.6233657,69.78,540.25
295600,536.5,538,1.8,10.5,-3.5,193.5584421,69.78,537.25
295700,533.5,535,1.8,10.5,-3.5,193.3820609,69.78,534.25
295800,533.5,535,1.8,10.5,-3.5,193.3297873,69.79,534.25
295900,538,539.5,1.8,10.5,-3.5,193.485624,69.8,538.75
296000,534.5,536,1.8,10.5,-3.5,193.3384422,69.8,535.25
296100,531.5,533,1.8,10.5,-3.5,192.9113343,69.81,532.25
296200,534.5,536,1.8,10.5,-3.5,193.1152773,69.81,535.25
296300,531.5,533,1.8,10.5,-3.5,192.661821,69.82,532.25
296400,533.5,535,1.8,10.5,-3.5,192.6758466,69.82,534.25
296500,534.5,536,1.8,10.5,-3.5,192.7346482,69.82,535.25
296600,533.5,535,1.8,10.5,-3.5,192.7711321,69.83,534.25
296700,533,534.5,1.8,10.5,-3.5,192.4695759,69.83,533.75
296800,531.5,533,1.8,10.5,-3.5,192.2788624,69.84,532.25
296900,532.5,534,1.8,10.5,-3.5,192.1926508,69.84,533.25
297000,530,531.5,1.8,10.5,-3.5,192.0269234,69.85,530.75
297100,529.5,531,1.8,10.5,-3.5,191.8766338,69.86,530.25
297200,525.5,527,1.8,10.5,-3.5,191.8575971,69.86,526.25
297300,523.5,525,1.8,10.5,-3.5,191.6846831,69.86,524.25
297400,525,526.5,1.8,10.5,-3.5,191.9648411,69.87,525.75
297500,522.5,524,1.8,10.5,-3.5,191.8338452,69.88,523.25
297600,522.5,524,1.8,10.5,-3.5,191.8717161,69.88,523.25
297700,524,525.5,1.8,10.5,-3.5,191.7984737,69.89,524.75
297800,526,527.5,1.8,10.5,-3.5,191.849408,69.89,526.75
297900,525.5,527,1.8,10.5,-3.5,191.8532818,69.9,526.25
298000,529.5,531,1.8,10.5,-3.5,191.9599097,69.9,530.25
298100,530.5,532,1.8,10.5,-3.5,192.2536677,69.9,531.25
298200,531,532.5,1.8,10.5,-3.5,192.337879,69.91,531.75
298300,531,532.5,1.8,10.5,-3.5,192.5170796,69.92,531.75
298400,528.5,530,1.8,10.5,-3.5,192.491941,69.92,529.25
298500,526.5,528,1.8,10.5,-3.5,192.3573629,69.92,527.25
298600,525,526.5,1.8,10.5,-3.5,192.2643096,69.93,525.75
298700,525.5,527,1.8,10.5,-3.5,192.1725991,69.94,526.25
298800,527,528.5,1.8,10.5,-3.5,192.3972816,69.94,527.75
298900,530.5,532,1.8,10.5,-3.5,192.5565181,69.94,531.25
299000,530.5,532,1.8,10.5,-3.5,192.6115189,69.95,531.25
299100,531,532.5,1.8,10.5,-3.5,192.5643591,69.96,531.75
299200,536,537.5,1.8,10.5,-3.5,192.9154554,69.96,536.75
299300,538,539.5,1.8,10.5,-3.5,192.7880707,69.96,538.75
299400,539,540.5,1.8,10.5,-3.5,192.8946157,69.97,539.75
299500,542,543.5,1.8,10.5,-3.5,192.8663904,69.97,542.75
299600,542,543.5,1.8,10.5,-3.5,192.8495701,69.98,542.75
299700,541.5,543,1.8,10.5,-4,192.9168299,69.98,542.25
299800,540,541.5,1.8,10.5,-4,192.7677659,69.99,540.75
299900,542,543.5,1.8,10.5,-4,192.9656981,70,542.75
300000,546,547.5,1.8,10.5,-4,193.1792509,70,546.75
300100,543.5,545,1.8,10.5,-4,193.0253105,69.99,544.25
300200,546,547.5,1.8,10.5,-4,193.1541487,69.98,546.75
300300,543,544.5,1.8,10.5,-4,192.7886624,69.98,543.75
300400,542.5,544,1.8,10.5,-4,192.8088499,69.97,543.25
300500,541.5,543,1.8,10.5,-4,192.823147,69.96,542.25
300600,537.5,539,1.8,10.5,-4,192.7432032,69.96,538.25
300700,540.5,542,1.8,10.5,-4,192.7822792,69.95,541.25
300800,534.5,536,1.8,10.5,-4,192.5684262,69.94,535.25
300900,535,536.5,1.8,10.5,-4,192.8729157,69.93,535.75
301000,536,537.5,1.8,10.5,-4,192.9658592,69.92,536.75
301100,535,536.5,1.8,10.5,-4,193.0729248,69.92,535.75
301200,533,534.5,1.8,10.5,-4,192.9060403,69.91,533.75
301300,533,534.5,1.8,10.5,-4,192.8207877,69.9,533.75
301400,536,537.5,1.8,10.5,-4,192.9454347,69.9,536.75
301500,535,536.5,1.8,10.5,-4,192.9501626,69.89,535.75
301600,531.5,533,1.8,10.5,-4,192.8441165,69.88,532.25
301700,533,534.5,1.8,10.5,-4,193.0316085,69.87,533.75
301800,535,536.5,1.8,10.5,-4,193.510148,69.86,535.75
301900,534,535.5,1.8,10.5,-4,193.5779554,69.86,534.75
302000,534.5,536,1.8,10.5,-4,193.6282776,69.85,535.25
302100,538,539.5,1.8,10.5,-4,193.7415466,69.84,538.75
302200,537.5,539,1.8,10.5,-4,193.7648286,69.83,538.25
302300,539,540.5,1.8,10.5,-4,193.7644876,69.83,539.75
302400,542,543.5,1.8,10.5,-4,193.9125565,69.82,542.75
302500,544.5,546,1.8,10.5,-4,193.9985669,69.81,545.25
302600,544.5,546.5,1.8,10.5,-4,194.0788511,69.81,545.5
302700,547,548.5,1.8,10.5,-4,194.0972173,69.8,547.75
302800,548,549.5,1.8,10.5,-4,194.178262,69.79,548.75
302900,550.5,552,1.8,10.5,-4,194.2604933,69.78,551.25
303000,548.5,550,1.8,10.5,-4,193.9480681,69.78,549.25
303100,554.5,556,1.8,10.5,-4,194.2266207,69.77,555.25
303200,553,554.5,1.8,10.5,-4,194.2199424,69.76,553.75
303300,553,554.5,1.8,10.5,-4,194.5387767,69.75,553.75
303400,553.5,555,1.8,10.5,-4,194.1853655,69.74,554.25
303500,556,557.5,1.8,10.5,-4,194.3650316,69.74,556.75
303600,554.5,556,1.8,10.5,-4,194.3246706,69.73,555.25
303700,554.5,556,1.8,10.5,-4,194.218661,69.72,555.25
303800,554,555.5,1.8,10.5,-4,194.0836439,69.72,554.75
303900,551.5,553,1.8,10.5,-4,193.9706783,69.71,552.25
304000,555.5,557,1.8,10.5,-4,194.2457373,69.7,556.25
304100,557.5,559,1.8,10.5,-4,194.3823187,69.69,558.25
304200,559,560.5,1.8,10.5,-4,194.4181511,69.68,559.75
304300,557,558.5,1.8,10.5,-4,194.1376844,69.68,557.75
304400,558,559.5,1.8,10.5,-4,194.4175451,69.67,558.75
304500,557,558.5,1.8,10.5,-4,194.3740884,69.66,557.75
304600,556.5,558,1.8,10.5,-4,194.0401575,69.66,557.25
304700,555,556.5,1.8,10.5,-4,194.268052,69.65,555.75
304800,557,558.5,1.8,10.5,-4,194.1254603,69.64,557.75
304900,561,562.5,1.8,10.5,-4,194.5595525,69.63,561.75
305000,562,563.5,1.8,10.5,-4,194.3767087,69.62,562.75
305100,561.5,563.5,1.8,10.5,-4,194.3761217,69.62,562.5
305200,559,560.5,1.8,10.5,-4,194.2793967,69.61,559.75
305300,559.5,561,1.8,10.5,-4,194.3687017,69.6,560.25
305400,561.5,563,1.8,10.5,-4,194.3064489,69.6,562.25
305500,562,563.5,1.8,10.5,-4,194.473528,69.59,562.75
305600,563.5,565,1.8,10.5,-4,194.6155963,69.58,564.25
305700,559,560.5,1.8,10.5,-4,194.447908,69.57,559.75
305800,562,563.5,1.8,10.5,-4,194.7877227,69.56,562.75
305900,562,563.5,1.8,10.5,-4,194.5046535,69.56,562.75
306000,560.5,562,1.8,10.5,-4,194.112168,69.55,561.25
306100,563,564.5,1.8,10.5,-4,194.1579583,69.54,563.75
306200,562.5,564,1.8,10.5,-4,194.154802,69.54,563.25
306300,565,566.5,1.8,10.5,-4,194.2580119,69.53,565.75
306400,568,569.5,1.8,10.5,-4,194.5152541,69.52,568.75
306500,570,571.5,1.8,10.5,-4,194.8856242,69.51,570.75
306600,572.5,574,1.8,10.5,-4,195.0534746,69.5,573.25
306700,570.5,572,1.8,10.5,-4,194.8975,69.5,571.25
306800,574,575.5,1.8,10.5,-4,194.9881122,69.49,574.75
306900,573,574.5,1.8,10.5,-4,194.8881859,69.48,573.75
307000,573.5,575,1.8,10.5,-4,194.6855494,69.47,574.25
307100,577,578.5,1.8,10.5,-4,195.0120655,69.47,577.75
307200,577.5,579,1.8,10.5,-4,195.1046359,69.46,578.25
307300,576,577.5,1.8,10.5,-4,195.0097464,69.45,576.75
307400,582,583.5,1.8,10.5,-4,195.2667747,69.44,582.75
307500,583.5,585,1.8,10.5,-4,195.2759257,69.44,584.25
307600,585.5,587,1.8,10.5,-4,195.5735996,69.43,586.25
307700,586,587.5,1.8,10.5,-4,195.2223821,69.42,586.75
307800,587,588.5,1.8,10.5,-4,195.1771442,69.42,587.75
307900,583,584.5,1.8,10.5,-4,195.0113415,69.41,583.75
308000,581,582.5,1.8,10.5,-4,194.8852706,69.4,581.75
308100,584,585.5,1.8,10.5,-4,195.0391876,69.39,584.75
308200,583,584.5,1.8,10.5,-4,194.9036956,69.39,583.75
308300,584.5,586,1.8,10.5,-4,195.0390133,69.38,585.25
308400,583.5,585,1.8,10.5,-4,194.8847428,69.37,584.25
308500,581,582.5,1.8,10.5,-4,194.8339937,69.36,581.75
308600,583,584.5,1.8,10.5,-4,195.0351278,69.36,583.75
308700,584,585.5,1.8,10.5,-4,194.9972552,69.35,584.75
308800,587,588.5,1.8,10.5,-4,195.4194657,69.34,587.75
308900,585,586.5,1.8,10.5,-4,195.1404683,69.33,585.75
309000,583.5,585,1.8,10.5,-4,194.8646527,69.32,584.25
309100,580.5,582,1.8,10.5,-4,194.6617466,69.32,581.25
309200,583,584.5,1.8,10.5,-4,194.7816277,69.31,583.75
309300,583,584.5,1.8,10.5,-4,194.7743297,69.3,583.75
309400,589,590.5,1.8,10.5,-4,195.022106,69.3,589.75
309500,587.5,589,1.8,10.5,-4,194.8991558,69.29,588.25
309600,585,586.5,1.8,10.5,-4,194.5528076,69.28,585.75
309700,585,586.5,1.8,10.5,-4,194.7683505,69.27,585.75
309800,581,582.5,1.8,10.5,-4,194.6007632,69.26,581.75
309900,585.5,587,1.8,10.5,-4,194.9469882,69.26,586.25
310000,583.5,585,1.8,10.5,-4,194.5136358,69.25,584.25
310100,583.5,585,1.8,10.5,-4,194.4731725,69.24,584.25
310200,582.5,584,1.8,10.5,-4,194.2571127,69.24,583.25
310300,584.5,586,1.8,10.5,-4,194.3313909,69.23,585.25
310400,585.5,587,1.8,10.5,-4,194.4534616,69.22,586.25
310500,587.5,589,1.8,10.5,-4,194.5961073,69.21,588.25
310600,591,592.5,1.8,10.5,-4,194.623838,69.2,591.75
310700,593,594.5,1.8,10.5,-4,194.6343298,69.2,593.75
310800,591,592.5,1.8,10.5,-4,194.5051958,69.19,591.75
310900,593,594.5,1.8,10.5,-4,194.5840369,69.18,593.75
311000,594.5,596,1.8,10.5,-4,194.6482017,69.18,595.25
311100,593,594.5,1.8,10.5,-4,194.6356841,69.17,593.75
311200,593,594.5,1.8,10.5,-4,194.7310809,69.16,593.75
311300,589.5,591,1.8,10.5,-4,194.1579334,69.15,590.25
311400,590,591.5,1.8,10.5,-4,194.1643057,69.14,590.75
311500,593,594.5,1.8,10.5,-4,194.2307499,69.14,593.75
311600,592,593.5,1.8,10.5,-4,194.3772191,69.13,592.75
311700,595,596.5,1.8,10.5,-4,194.386213,69.12,595.75
311800,595,597,1.8,10.5,-4,194.2100072,69.11,596
311900,591.5,593,1.8,10.5,-4,194.3140578,69.11,592.25
312000,590.5,592,1.8,10.5,-4,194.7105285,69.1,591.25
312100,589.5,591,1.8,10.5,-4,194.7165447,69.09,590.25
312200,585,586.5,1.8,10.5,-4,194.7652994,69.08,585.75
312300,586,587.5,1.8,10.5,-4,194.937151,69.08,586.75
312400,583,584.5,1.8,10.5,-4,194.8476647,69.07,583.75
312500,577.5,579,1.8,10.5,-4,194.7026854,69.06,578.25
312600,577,579,1.8,10.5,-4,194.759241,69.06,578
312700,576.5,578,1.8,10.5,-4,194.4301256,69.05,577.25
312800,577.5,579,1.8,10.5,-4,194.2071541,69.04,578.25
312900,580,581.5,1.8,10.5,-4,194.5765743,69.03,580.75
313000,575.5,577,1.8,10.5,-4,194.2971211,69.03,576.25
313100,575,576.5,1.8,10.5,-4,194.3488295,69.02,575.75
313200,575,576.5,1.8,10.5,-4,194.2710956,69.01,575.75
313300,573.5,575,1.8,10.5,-4,194.2170658,69,574.25
313400,567,568.5,1.8,10.5,-4,193.9094588,69,567.75
313500,569.5,571,1.8,10.5,-4,194.1190661,68.99,570.25
313600,569,570.5,1.8,10.5,-4,193.8739471,68.98,569.75
313700,571.5,573,1.8,10.5,-4,193.9988314,68.97,572.25
313800,574,575.5,1.8,10.5,-4,194.3193981,68.96,574.75
313900,569.5,571,1.9,10.5,-4,193.892288,68.96,570.25
314000,570,571.5,1.9,10.5,-4,194.1071841,68.95,570.75
314100,572,573.5,1.9,10.5,-4,194.3584002,68.94,572.75
314200,576.5,578,1.9,10.5,-4,194.3904475,68.94,577.25
314300,575,576.5,1.9,10.5,-4,194.2423043,68.93,575.75
314400,574.5,576.5,1.9,10.5,-4,194.2333192,68.92,575.5
314500,574.5,576.5,1.9,10.5,-4,194.0007119,68.91,575.5
314600,571,572.5,1.9,10.5,-4,193.9420081,68.9,571.75
314700,567,568.5,1.9,10.5,-4,193.5902506,68.9,567.75
314800,564.5,566,1.9,10.5,-4,193.5761646,68.89,565.25
314900,569.5,571,1.9,10.5,-4,193.6886975,68.88,570.25
315000,570.5,572,1.9,10.5,-4,193.6610916,68.88,571.25
315100,568,569.5,1.9,10.5,-4,193.5868144,68.87,568.75
315200,568,569.5,1.9,10.5,-4,193.5348175,68.86,568.75
315300,572.5,574,1.9,10.5,-4,193.742474,68.85,573.25
315400,571.5,573,1.9,10.5,-4,193.5613017,68.84,572.25
315500,571,572.5,1.9,10.5,-4,193.4724849,68.84,571.75
315600,570.5,572,1.9,10.5,-4,193.3475327,68.83,571.25
315700,574.5,576,1.9,10.5,-4,193.4883915,68.82,575.25
315800,570.5,572,1.9,10.5,-4,193.3036483,68.82,571.25
315900,568.5,570,1.9,10.5,-4,193.3088579,68.81,569.25
316000,569.5,571,1.9,10.5,-4,193.4847542,68.8,570.25
316100,570.5,572,1.9,10.5,-4,193.5380642,68.79,571.25
316200,571.5,573,1.9,10.5,-4,193.4548973,68.78,572.25
316300,570.5,572,1.9,10.5,-4,193.1606263,68.78,571.25
316400,572.5,574,1.9,10.5,-4,193.408748,68.77,573.25
316500,571.5,573,1.9,10.5,-4,193.0048583,68.76,572.25
316600,571.5,573,1.9,10.5,-4,193.06651,68.76,572.25
316700,572.5,574,1.9,10.5,-4,193.1129271,68.75,573.25
316800,576,577.5,1.9,10.5,-4,193.321691,68.74,576.75
316900,572.5,574,1.9,10.5,-4,193.1658621,68.73,573.25
317000,568,569.5,1.9,10.5,-4,193.104014,68.72,568.75
317100,568,569.5,1.9,10.5,-4,193.2605215,68.72,568.75
317200,565,566.5,1.9,10.5,-4,193.0601192,68.71,565.75
317300,566,567.5,1.9,10.5,-4,193.0647129,68.7,566.75
317400,563.5,565,1.9,10.5,-4,192.9333234,68.69,564.25
317500,562.5,564,1.9,10.5,-4,192.9148056,68.69,563.25
317600,564,565.5,1.9,10.5,-4,193.0386813,68.68,564.75
317700,563.5,565,1.9,10.5,-4,192.7828856,68.67,564.25
317800,563.5,565,1.9,10.5,-4,193.126283,68.67,564.25
317900,565.5,567,1.9,10.5,-4,193.2903543,68.66,566.25
318000,565,566.5,1.9,10.5,-4,193.3671721,68.65,565.75
318100,566.5,568,1.9,10.5,-4,193.3754008,68.64,567.25
318200,562.5,564,1.9,10.5,-4,193.3886909,68.64,563.25
318300,567,568.5,1.9,10.5,-4,193.4439325,68.63,567.75
318400,562.5,564,1.9,10.5,-4,193.3297928,68.62,563.25
318500,562.5,564,1.9,10.5,-4,193.1526978,68.61,563.25
318600,560.5,562,1.9,10.5,-4,192.8575889,68.6,561.25
318700,562,563.5,1.9,10.5,-4,193.0728817,68.6,562.75
318800,560,561.5,1.9,10.5,-4,192.9045023,68.59,560.75
318900,557,558.5,1.9,10.5,-4,192.6129563,68.58,557.75
319000,557.5,559,1.9,10.5,-4,192.6076211,68.58,558.25
319100,560,561.5,1.9,10.5,-4,192.6275255,68.57,560.75
319200,558,559.5,1.9,10.5,-4,192.7787527,68.56,558.75
319300,558.5,560,1.9,10.5,-4,192.9768056,68.55,559.25
319400,557.5,559,1.9,10.5,-4,193.0814897,68.54,558.25
319500,556.5,558,1.9,10.5,-4,192.916479,68.54,557.25
319600,557,558.5,1.9,10.5,-4,193.4204802,68.53,557.75
319700,558,559.5,1.9,10.5,-4,193.4676444,68.52,558.75
319800,558,560,1.9,10.5,-4,193.3315711,68.52,559
319900,558.5,560,1.9,10.5,-4,193.5903998,68.51,559.25
320000,560,561.5,1.9,10.5,-4,193.6984142,68.5,560.75
320100,556.5,558,1.9,10.5,-4,193.4407658,68.49,557.25
320200,556,557.5,1.9,10.5,-4,193.6574677,68.48,556.75
320300,554,555.5,1.9,10.5,-4,193.6947959,68.48,554.75
320400,556.5,558,1.9,10.5,-4,193.7899956,68.47,557.25
320500,556.5,558,1.9,10.5,-4,193.719995,68.46,557.25
320600,552,553.5,1.9,10.5,-4,193.6416197,68.46,552.75
320700,551.5,553,1.9,10.5,-4,193.7497867,68.45,552.25
320800,549.5,551,1.9,10.5,-4,193.4089701,68.44,550.25
320900,549,550.5,1.9,10.5,-4,193.7783606,68.43,549.75
321000,552.5,554,1.9,10.5,-4,194.1454697,68.42,553.25
321100,555,556.5,1.9,10.5,-4,194.0794842,68.42,555.75
321200,557,558.5,1.9,10.5,-4,194.2511862,68.41,557.75
321300,556.5,558,1.9,10.5,-4,194.0595815,68.4,557.25
321400,554.5,556,1.9,10.5,-4,193.9210108,68.4,555.25
321500,556.5,558,1.9,10.5,-4,194.1207402,68.39,557.25
321600,553.5,555,1.9,10.5,-4,193.8956327,68.38,554.25
321700,556.5,558,1.9,10.5,-4,193.8256677,68.37,557.25
321800,552.5,554,1.9,10.5,-4,193.7637042,68.36,553.25
321900,551,552.5,1.9,10.5,-4,193.6796573,68.36,551.75
322000,551.5,553,1.9,10.5,-4,193.6826514,68.35,552.25
322100,548.5,550,1.9,10.5,-4,193.3519313,68.34,549.25
322200,552,553.5,1.9,10.5,-4,193.3811742,68.33,552.75
322300,554.5,556,1.9,10.5,-4,193.3631559,68.33,555.25
322400,556.5,558,1.9,10.5,-4,193.3668545,68.32,557.25
322500,559,560.5,1.9,10.5,-4,193.759515,68.31,559.75
322600,558.5,560,1.9,10.5,-4,193.8257827,68.31,559.25
322700,560,561.5,1.9,10.5,-4,193.5189088,68.3,560.75
322800,562.5,564,1.9,10.5,-4,193.4001571,68.29,563.25
322900,562,564,1.9,10.5,-4,193.3643058,68.28,563
323000,560.5,562,1.9,10.5,-4,193.1160974,68.28,561.25
323100,559.5,561,1.9,10.5,-4,192.947107,68.27,560.25
323200,556.5,558,1.9,10.5,-4,192.8109812,68.26,557.25
323300,555.5,557,1.9,10.5,-4,192.7846225,68.25,556.25
323400,557,558.5,1.9,10.5,-4,192.9966716,68.24,557.75
323500,559.5,561,1.9,10.5,-4,193.2943059,68.24,560.25
323600,559,561,1.9,10.5,-4,193.2082478,68.23,560
323700,558.5,560,1.9,10.5,-4,193.2886579,68.22,559.25
323800,555,556.5,1.9,10.5,-4,193.1454722,68.22,555.75
323900,557,558.5,1.9,10.5,-4,193.2738071,68.21,557.75
324000,558.5,560,1.9,10.5,-4,193.2194096,68.2,559.25
324100,558,559.5,1.9,10.5,-4,193.5603361,68.19,558.75
324200,557.5,559,1.9,10.5,-4,193.7073075,68.18,558.25
324300,560.5,562,1.9,10.5,-4,193.8208585,68.18,561.25
324400,561,562.5,1.9,10.5,-4,193.9985439,68.17,561.75
324500,563.5,565,1.9,10.5,-4,194.1263387,68.16,564.25
324600,565,566.5,1.9,10.5,-4,194.3801401,68.16,565.75
324700,567,568.5,1.9,10.5,-4,194.5190758,68.15,567.75
324800,565,566.5,1.9,10.5,-4,194.3734871,68.14,565.75
324900,564,565.5,1.9,10.5,-4,194.2150632,68.13,564.75
325000,565.5,567,1.9,10.5,-4,194.2543367,68.12,566.25
325100,563.5,565,1.9,10.5,-4,193.9668623,68.12,564.25
325200,561.5,563,1.9,10.5,-4,193.6687522,68.11,562.25
325300,561.5,563,1.9,10.5,-4,193.286507,68.1,562.25
325400,559,560.5,1.9,10.5,-4,193.2188311,68.1,559.75
325500,562,563.5,1.9,10.5,-4,193.4283321,68.09,562.75
325600,558.5,560,1.9,10.5,-4,193.0636088,68.08,559.25
325700,560.5,562,1.9,10.5,-4,193.1458004,68.07,561.25
325800,560,561.5,1.9,10.5,-4,192.8953532,68.06,560.75
325900,563,564.5,1.9,10.5,-4,193.021563,68.06,563.75
326000,566,567.5,1.9,10.5,-4,193.258267,68.05,566.75
326100,567.5,569,1.9,10.5,-4,193.4113436,68.04,568.25
326200,568,569.5,1.9,10.5,-4,193.5405419,68.04,568.75
326300,567.5,569.5,1.9,10.5,-4,193.6124522,68.03,568.5
326400,570,571.5,1.9,10.5,-4,193.640786,68.02,570.75
326500,578,579.5,1.9,10.5,-4,194.008237,68.01,578.75
326600,578,579.5,1.9,10.5,-4,194.1470046,68,578.75
326700,576,577.5,1.9,10.5,-4,193.6259737,68,576.75
326800,572.5,574,1.9,10.5,-4,193.5640203,67.99,573.25
326900,576.5,578,1.9,10.5,-4,193.6371637,67.98,577.25
327000,576,578,1.9,10.5,-4,193.2877069,67.97,577
327100,573.5,575,1.9,10.5,-4,193.196262,67.97,574.25
327200,567,568.5,1.9,10.5,-4,192.943644,67.96,567.75
327300,572.5,574,1.9,10.5,-4,192.951085,67.95,573.25
327400,572.5,574,1.9,10.5,-4,193.0757434,67.94,573.25
327500,576,577.5,1.9,10.5,-4,193.1861958,67.94,576.75
327600,577.5,579,1.9,10.5,-4,193.2305332,67.93,578.25
327700,580.5,582,1.9,10.5,-4,193.3089534,67.92,581.25
327800,586,587.5,1.9,10.5,-4,193.4492163,67.92,586.75
327900,586.5,588,1.9,10.5,-4,193.7471614,67.91,587.25
328000,591.5,593,1.9,10.5,-4,194.2240196,67.9,592.25
328100,585,586.5,1.9,10.5,-4,193.9255118,67.89,585.75
328200,586.5,588,1.9,10.5,-4,194.0714096,67.89,587.25
328300,589.5,591,1.9,10.5,-4,194.327009,67.88,590.25
328400,591,592.5,1.9,10.5,-4,194.5372369,67.87,591.75
328500,593.5,595,1.9,10.5,-4,194.7341555,67.86,594.25
328600,590.5,592,1.9,10.5,-4,194.6828539,67.86,591.25
328700,593,594.5,1.9,10.5,-4,194.9764044,67.85,593.75
328800,597,598.5,1.9,10.5,-4,195.2529021,67.84,597.75
328900,598.5,600,1.9,10.5,-4,195.3289749,67.83,599.25
329000,600,601.5,1.9,10.5,-4,195.5111238,67.82,600.75
329100,601,602.5,1.9,10.5,-4,195.5938984,67.82,601.75
329200,598.5,600,1.9,10.5,-4,195.4392712,67.81,599.25
329300,598.5,600,1.9,10.5,-4,195.5521743,67.8,599.25
329400,602.5,604,1.9,10.5,-4,195.7092987,67.8,603.25
329500,603.5,605,1.9,10.5,-4,195.9268457,67.79,604.25
329600,603,604.5,1.9,10.5,-4,196.0975218,67.78,603.75
329700,597.5,599,1.9,10.5,-4,195.951377,67.77,598.25
329800,596,597.5,1.9,10.5,-4,196.3819046,67.76,596.75
329900,595.5,597,1.9,10.5,-4,196.2345452,67.76,596.25
330000,595.5,597,1.9,10.5,-4,196.2929918,67.75,596.25
330100,595.5,597,1.9,10.5,-4,196.1150002,67.74,596.25
330200,597.5,599,1.9,10.5,-4,196.3750988,67.74,598.25
330300,600.5,602,1.9,10.5,-4,196.341458,67.73,601.25
330400,601,602.5,1.9,10.5,-4,196.458676,67.72,601.75
330500,599,600.5,1.9,10.5,-4,196.3635201,67.71,599.75
330600,603,604.5,1.9,10.5,-4,196.4474975,67.7,603.75
330700,600.5,602,1.9,10.5,-4,196.375082,67.7,601.25
330800,599,600.5,1.9,10.5,-4,196.2313044,67.69,599.75
330900,600,601.5,1.9,10.5,-4,196.5733762,67.68,600.75
331000,598.5,600,1.9,10.5,-4,196.5141977,67.68,599.25
331100,594.5,596,1.9,10.5,-4,196.3510027,67.67,595.25
331200,596.5,598,1.9,10.5,-4,196.1748271,67.66,597.25
331300,595,596.5,1.9,10.5,-4,196.3045143,67.65,595.75
331400,594,595.5,1.9,10.5,-4,196.1338159,67.64,594.75
331500,594,595.5,1.9,10.5,-4,196.355138,67.64,594.75
331600,599.5,601,1.9,10.5,-4,196.3948403,67.63,600.25
331700,595.5,597,1.9,10.5,-4,196.2998336,67.62,596.25
331800,594,595.5,1.9,10.5,-4,195.8861151,67.61,594.75
331900,596.5,598,1.9,10.5,-4,195.8771439,67.61,597.25
332000,596.5,598,1.9,10.5,-4,195.5647327,67.6,597.25
332100,601.5,603,1.9,10.5,-4,195.4706891,67.59,602.25
332200,605,606.5,1.9,10.5,-4,195.5416872,67.58,605.75
332300,603.5,605,1.9,10.5,-4,195.4746911,67.58,604.25
332400,601,602.5,1.9,10.5,-4,195.4290337,67.57,601.75
332500,600.5,602,1.9,10.5,-4,195.6401074,67.56,601.25
332600,603.5,605,1.9,10.5,-4,195.8487683,67.56,604.25
332700,603.5,605,1.9,10.5,-4,195.7258917,67.55,604.25
332800,604.5,606,1.9,10.5,-4,195.8272924,67.54,605.25
332900,604,605.5,1.9,10.5,-4,195.5730294,67.53,604.75
333000,603.5,605,1.9,10.5,-4,195.8266599,67.53,604.25
333100,601,602.5,1.9,10.5,-4,195.568094,67.52,601.75
333200,602,603.5,1.9,10.5,-4,195.587661,67.51,602.75
333300,602.5,604,1.9,10.5,-4,195.3914818,67.5,603.25
333400,601.5,603,1.9,10.5,-4,195.5770812,67.5,602.25
333500,604,605.5,1.9,10.5,-4,195.636921,67.49,604.75
333600,604,605.5,1.9,10.5,-4,195.7306754,67.48,604.75
333700,608,609.5,1.9,10.5,-4,195.7601793,67.47,608.75
333800,612.5,614,1.9,10.5,-4,195.8285461,67.46,613.25
333900,613,614.5,1.9,10.5,-4,195.8573627,67.46,613.75
334000,615.5,617,1.9,10.5,-4,195.909515,67.45,616.25
334100,617,618.5,1.9,10.5,-4,196.0767745,67.44,617.75
334200,622,623.5,1.9,10.5,-4,196.2752677,67.44,622.75
334300,619,620.5,1.9,10.5,-4,196.138365,67.43,619.75
334400,616.5,618,1.9,10.5,-4,195.9841175,67.42,617.25
334500,615,616.5,1.9,10.5,-4,196.0140579,67.41,615.75
334600,616,617.5,1.9,10.5,-4,196.2911738,67.4,616.75
334700,617,618.5,1.9,10.5,-4,196.3691495,67.4,617.75
334800,613.5,615,1.9,10.5,-4,196.1428721,67.39,614.25
334900,611.5,613,1.9,10.5,-4,196.0867468,67.38,612.25
335000,612,613.5,1.9,10.5,-4,196.0343805,67.38,612.75
335100,617,618.5,1.9,10.5,-4,196.112514,67.37,617.75
335200,612.5,614,1.9,10.5,-4,195.9827908,67.36,613.25
335300,613.5,615,1.9,10.5,-4,195.9407975,67.35,614.25
335400,613.5,615,1.9,10.5,-4,195.8380288,67.34,614.25
335500,617,618.5,1.9,10.5,-4,195.9301141,67.34,617.75
335600,614.5,616,1.9,10.5,-4,195.9048818,67.33,615.25
335700,614.5,616,1.9,10.5,-4,195.8313867,67.32,615.25
335800,618,619.5,1.9,10.5,-4,196.0212018,67.32,618.75
335900,618,619.5,1.9,10.5,-4,196.0898654,67.31,618.75
336000,619,620.5,1.9,10.5,-4,196.2825253,67.3,619.75
336100,619,620.5,1.9,10.5,-4,196.0947139,67.29,619.75
336200,621,622.5,1.9,10.5,-4,196.2246573,67.28,621.75
336300,622.5,624,1.9,10.5,-4,196.3880655,67.28,623.25
336400,626,627.5,1.9,10.5,-4,196.5971492,67.27,626.75
336500,627.5,629,1.9,10.5,-4,196.6244797,67.26,628.25
336600,630.5,632,1.9,10.5,-4,196.707644,67.26,631.25
336700,629,630.5,1.9,10.5,-4,196.6199127,67.25,629.75
336800,627.5,629,1.9,10.5,-4,196.5950176,67.24,628.25
336900,628.5,630,1.9,10.5,-4,196.6816357,67.23,629.25
337000,629,630.5,1.9,10.5,-4,196.882409,67.22,629.75
337100,631,632.5,1.9,10.5,-4,197.0166163,67.22,631.75
337200,632,633.5,1.9,10.5,-4,196.9216065,67.21,632.75
337300,631.5,633,1.9,10.5,-4,196.7579106,67.2,632.25
337400,634,635.5,1.9,10.5,-4,196.9723971,67.19,634.75
337500,633,634.5,1.9,10.5,-4,196.8811362,67.19,633.75
337600,632.5,634,1.9,10.5,-4,196.8533463,67.18,633.25
337700,635,636.5,1.9,10.5,-4,197.1330611,67.17,635.75
337800,634,635.5,1.9,10.5,-4,196.8453811,67.17,634.75
337900,634,635.5,1.9,10.5,-4,197.178133,67.16,634.75
338000,634,635.5,1.9,10.5,-4,197.3087203,67.15,634.75
338100,636,637.5,1.9,10.5,-4,197.3434569,67.14,636.75
338200,639.5,641,1.9,10.5,-4,197.4086291,67.14,640.25
338300,645,646.5,1.9,10.5,-4,197.57105,67.13,645.75
338400,645,646.5,1.9,10.5,-4,197.3596312,67.12,645.75
338500,644.5,646,1.9,10.5,-4,197.3808292,67.11,645.25
338600,647,648.5,1.9,10.5,-4,197.4359393,67.1,647.75
338700,642.5,644,1.9,10.5,-4,197.356045,67.1,643.25
338800,644,645.5,1.9,10.5,-4,197.3758998,67.09,644.75
338900,645,646.5,1.9,10.5,-4,197.6805942,67.08,645.75
339000,644,645.5,1.9,10.5,-4,197.6505613,67.08,644.75
339100,649,650.5,1.8,10.5,-4,197.6891314,67.07,649.75
339200,648,649.5,1.8,10.5,-4,197.6385104,67.06,648.75
339300,645,646.5,1.8,10.5,-4,197.558439,67.05,645.75
339400,644,645.5,1.8,10.5,-4,197.2973515,67.04,644.75
339500,645,646.5,1.8,10.5,-4,197.2685332,67.04,645.75
339600,643.5,645,1.8,10.5,-4,196.9069572,67.03,644.25
339700,646.5,648,1.8,10.5,-4,197.0909141,67.02,647.25
339800,643,644.5,1.8,10.5,-4,196.7565276,67.02,643.75
339900,643.5,645,1.8,10.5,-4,196.8817485,67.01,644.25
340000,644.5,646,1.8,10.5,-4,196.9005486,67,645.25
340100,646.5,648,1.8,10.5,-4,196.9668004,66.99,647.25
340200,648,649.5,1.8,10.5,-4,197.0617997,66.98,648.75
340300,648.5,650,1.8,10.5,-4,197.1220553,66.98,649.25
340400,647,648.5,1.8,10.5,-4,196.9510941,66.97,647.75
340500,649,650.5,1.8,10.5,-4,196.9656901,66.96,649.75
340600,652.5,654,1.8,10.5,-4,197.3780433,66.96,653.25
340700,654.5,656,1.8,10.5,-4,197.4392538,66.95,655.25
340800,650,651.5,1.8,10.5,-4,197.1091276,66.94,650.75
340900,652,653.5,1.8,10.5,-4,197.1709888,66.93,652.75
341000,655,656.5,1.8,10.5,-4,197.3194389,66.92,655.75
341100,659.5,661,1.8,10.5,-4,197.4215943,66.92,660.25
341200,664,665.5,1.8,10.5,-4,197.6250614,66.91,664.75
341300,661.5,663,1.8,10.5,-4,197.5344572,66.9,662.25
341400,659.5,661,1.8,10.5,-4,197.1959962,66.9,660.25
341500,661,662.5,1.8,10.5,-4,197.1643933,66.89,661.75
341600,661.5,663,1.8,10.5,-4,197.2688451,66.88,662.25
341700,662.5,664,1.8,10.5,-4,197.5069106,66.87,663.25
341800,660.5,662,1.8,10.5,-4,197.203678,66.86,661.25
341900,660.5,662,1.8,10.5,-4,197.2784507,66.86,661.25
342000,658,659.5,1.8,10.5,-4,197.1930182,66.85,658.75
342100,658,659.5,1.8,10.5,-4,196.9146915,66.84,658.75
342200,658.5,660,1.8,10.5,-4,197.1646105,66.83,659.25
342300,660.5,662,1.8,10.5,-4,197.2417268,66.83,661.25
342400,659,660.5,1.8,10.5,-4,197.3291441,66.82,659.75
342500,661.5,663,1.8,10.5,-4,197.4651569,66.81,662.25
342600,661.5,663,1.8,10.5,-4,197.4048778,66.81,662.25
342700,655.5,657,1.8,10.5,-4,197.220784,66.8,656.25
342800,652.5,654,1.8,10.5,-4,196.9537075,66.79,653.25
342900,652,653.5,1.8,10.5,-4,196.8639607,66.78,652.75
343000,651.5,653,1.8,10.5,-4,196.7805536,66.78,652.25
343100,650,651.5,1.8,10.5,-4,196.5982641,66.77,650.75
343200,651,652.5,1.8,10.5,-4,196.6235606,66.76,651.75
343300,652.5,654,1.8,10.5,-4,196.2742672,66.75,653.25
343400,654.5,656,1.8,10.5,-4,196.0934485,66.74,655.25
343500,654,655.5,1.8,10.5,-4,196.0299438,66.74,654.75
343600,654,655.5,1.8,10.5,-4,195.9616915,66.73,654.75
343700,650,651.5,1.8,10.5,-4,195.8951688,66.72,650.75
343800,654,655.5,1.8,10.5,-4,196.3756777,66.72,654.75
343900,654,655.5,1.8,10.5,-4,196.6454296,66.71,654.75
344000,648.5,650,1.8,10.5,-4,196.3562741,66.7,649.25
344100,650.5,652,1.8,10.5,-4,196.2820108,66.69,651.25
344200,646.5,648,1.8,10.5,-4,196.1070569,66.68,647.25
344300,647,648.5,1.8,10.5,-4,196.0894349,66.68,647.75
344400,649,650.5,1.8,10.5,-4,196.4197705,66.67,649.75
344500,649.5,651,1.8,10.5,-4,196.2530601,66.66,650.25
344600,651,652.5,1.8,10.5,-4,196.4677075,66.66,651.75
344700,652,653.5,1.8,10.5,-4,196.6138753,66.65,652.75
344800,658,659.5,1.8,10.5,-4,196.9151145,66.64,658.75
344900,655,656.5,1.8,10.5,-4,196.6079938,66.63,655.75
345000,652.5,654,1.8,10.5,-4,196.747246,66.62,653.25
345100,651.5,653,1.8,10.5,-4,197.003987,66.62,652.25
345200,650,651.5,1.8,10.5,-4,197.113441,66.61,650.75
345300,653,654.5,1.8,10.5,-4,197.1649364,66.6,653.75
345400,653.5,655,1.8,10.5,-4,197.3358212,66.6,654.25
345500,648.5,650,1.8,10.5,-4,196.9617603,66.59,649.25
345600,649.5,651,1.8,10.5,-4,197.0707914,66.58,650.25
345700,652.5,654,1.8,10.5,-4,197.270576,66.57,653.25
345800,652,653.5,1.8,10.5,-4,197.2330947,66.56,652.75
345900,653.5,655,1.8,10.5,-4,197.3986511,66.56,654.25
346000,656.5,658,1.8,10.5,-4,197.5297188,66.55,657.25
346100,656.5,658,1.8,10.5,-4,197.428535,66.54,657.25
346200,654,655.5,1.8,10.5,-4,197.3079157,66.54,654.75
346300,650.5,652,1.8,10.5,-4,197.0228264,66.53,651.25
346400,649,650.5,1.8,10.5,-4,196.8432802,66.52,649.75
346500,646.5,648,1.8,10.5,-4,196.6248647,66.51,647.25
346600,645,646.5,1.8,10.5,-4,196.5540517,66.5,645.75
346700,639.5,641,1.8,10.5,-4,196.2782714,66.5,640.25
346800,637,638.5,1.8,10.5,-4,196.2816869,66.49,637.75
346900,641.5,643,1.8,10.5,-4,196.3575047,66.48,642.25
347000,644.5,646,1.8,10.5,-4,196.4410052,66.47,645.25
347100,645,646.5,1.8,10.5,-4,196.3921371,66.47,645.75
347200,646.5,648,1.8,10.5,-4,196.3674127,66.46,647.25
347300,646,648,1.8,10.5,-4,196.4230142,66.45,647
347400,648,649.5,1.8,10.5,-4,196.6002829,66.44,648.75
347500,647,648.5,1.8,10.5,-4,196.4995098,66.44,647.75
347600,644,645.5,1.8,10.5,-4,196.3002564,66.43,644.75
347700,643.5,645,1.8,10.5,-4,196.186334,66.42,644.25
347800,645,646.5,1.8,10.5,-4,196.6760217,66.42,645.75
347900,647,648.5,1.8,10.5,-4,196.9504915,66.41,647.75
348000,646.5,648.5,1.8,10.5,-4,196.9063149,66.4,647.5
348100,648.5,650,1.8,10.5,-4,196.9947201,66.39,649.25
348200,652,653.5,1.8,10.5,-4,197.067997,66.39,652.75
348300,653.5,655,1.8,10.5,-4,197.1740382,66.38,654.25
348400,651.5,653,1.8,10.5,-4,196.9204709,66.37,652.25
348500,649.5,651,1.8,10.5,-4,196.9160819,66.36,650.25
348600,650.5,652,1.8,10.5,-4,196.9957821,66.36,651.25
348700,650,652,1.8,10.5,-4,196.9727267,66.35,651
348800,651.5,653,1.8,10.5,-4,197.1726744,66.34,652.25
348900,646.5,648,1.8,10.5,-4,196.8337761,66.33,647.25
349000,644,645.5,1.8,10.5,-4,196.4610247,66.32,644.75
349100,645,646.5,1.8,10.5,-4,196.6939874,66.32,645.75
349200,646,647.5,1.8,10.5,-4,196.5287528,66.31,646.75
349300,650.5,652,1.8,10.5,-4,196.7828035,66.3,651.25
349400,650.5,652,1.8,10.5,-4,196.7238782,66.3,651.25
349500,651.5,653,1.8,10.5,-4,196.7536929,66.29,652.25
349600,655,656.5,1.8,10.5,-4,196.9595662,66.28,655.75
349700,657,658.5,1.8,10.5,-4,197.0824602,66.27,657.75
349800,656.5,658.5,1.8,10.5,-4,196.8852457,66.26,657.5
349900,654,655.5,1.8,10.5,-4,196.6212007,66.26,654.75
350000,655,656.5,1.8,10.5,-4,196.7019162,66.25,655.75
350100,651.5,653,1.8,10.5,-4,196.6909807,66.24,652.25
350200,651.5,653,1.8,10.5,-4,196.8974671,66.24,652.25
350300,651,652.5,1.8,10.5,-4,196.8307802,66.23,651.75
350400,650,651.5,1.8,10.5,-4,196.8139175,66.22,650.75
350500,648.5,650,1.8,10.5,-4,196.7084479,66.21,649.25
350600,651.5,653,1.8,10.5,-4,196.9898837,66.2,652.25
350700,649.5,651,1.8,10.5,-4,197.001572,66.2,650.25
350800,652,653.5,1.8,10.5,-4,197.1124992,66.19,652.75
350900,652,653.5,1.8,10.5,-4,197.1643121,66.18,652.75
351000,654.5,656,1.8,10.5,-4,197.1783852,66.18,655.25
351100,658,659.5,1.8,10.5,-4,197.4229047,66.17,658.75
351200,658.5,660,1.8,10.5,-4,197.5095302,66.16,659.25
351300,663.5,665,1.8,10.5,-4,197.7374956,66.15,664.25
351400,662,663.5,1.8,10.5,-4,197.7716358,66.14,662.75
351500,663,664.5,1.8,10.5,-4,197.8482657,66.14,663.75
351600,667,668.5,1.8,10.5,-4,197.9051672,66.13,667.75
351700,670.5,672,1.8,10.5,-4,197.9638806,66.12,671.25
351800,671.5,673,1.8,10.5,-4,198.0109225,66.11,672.25
351900,671.5,673,1.8,10.5,-4,197.856595,66.11,672.25
352000,671,672.5,1.8,10.5,-4,197.7503431,66.1,671.75
352100,671,672.5,1.8,10.5,-4,197.8369617,66.09,671.75
352200,670,671.5,1.8,10.5,-4,197.9327704,66.08,670.75
352300,670,672,1.8,10.5,-4,198.0449337,66.08,671
352400,671,672.5,1.8,10.5,-4,197.9700066,66.07,671.75
352500,667.5,669,1.8,10.5,-4,197.8605736,66.06,668.25
352600,668.5,670,1.8,10.5,-4,197.7758608,66.06,669.25
352700,667.5,669,1.8,10.5,-4,197.7768404,66.05,668.25
352800,668,669.5,1.8,10.5,-4,197.753583,66.04,668.75
352900,673,674.5,1.8,10.5,-4,198.3281516,66.03,673.75
353000,672,673.5,1.8,10.5,-4,198.3044764,66.03,672.75
353100,671,672.5,1.8,10.5,-4,198.2471131,66.02,671.75
353200,671,672.5,1.8,10.5,-4,198.2536822,66.01,671.75
353300,673,674.5,1.8,10.5,-4,198.5589792,66,673.75
353400,671.5,673,1.8,10.5,-4,198.456606,66,672.25
353500,670.5,672,1.8,10.5,-4,198.2059038,65.99,671.25
353600,668.5,670,1.8,10.5,-4,198.2024386,65.98,669.25
353700,667.5,669,1.8,10.5,-4,198.1355319,65.97,668.25
353800,671,672.5,1.8,10.5,-4,198.2348219,65.96,671.75
353900,672.5,674,1.8,10.5,-4,198.2909892,65.96,673.25
354000,673,674.5,1.8,10.5,-4,198.5518907,65.95,673.75
354100,675,676.5,1.8,10.5,-4,198.8187651,65.94,675.75
354200,674,675.5,1.8,10.5,-4,198.8267583,65.94,674.75
354300,675.5,677,1.8,10.5,-4,198.8748715,65.93,676.25
354400,674,675.5,1.8,10.5,-4,198.8107733,65.92,674.75
354500,676,677.5,1.8,10.5,-4,198.6911782,65.91,676.75
354600,672,673.5,1.8,10.5,-4,198.6600183,65.9,672.75
354700,674.5,676,1.8,10.5,-4,198.8419318,65.9,675.25
354800,673,674.5,1.8,10.5,-4,198.6945775,65.89,673.75
354900,672.5,674.5,1.8,10.5,-4,198.6449402,65.88,673.5
355000,671.5,673,1.8,10.5,-4,198.5778834,65.88,672.25
355100,669,670.5,1.8,10.5,-4,198.5065084,65.87,669.75
355200,673,674.5,1.8,10.5,-4,198.6946893,65.86,673.75
355300,675.5,677,1.8,10.5,-4,198.9155623,65.85,676.25
355400,673,674.5,1.8,10.5,-4,198.8555387,65.84,673.75
355500,674,675.5,1.8,10.5,-4,198.8598742,65.84,674.75
355600,675.5,677,1.8,10.5,-4,199.1055001,65.83,676.25
355700,670,671.5,1.8,10.5,-4,199.0063955,65.82,670.75
355800,665.5,667,1.8,10.5,-4,198.6056619,65.82,666.25
355900,666,667.5,1.8,10.5,-4,198.6879952,65.81,666.75
356000,665,666.5,1.8,10.5,-4,198.9261374,65.8,665.75
356100,665,667,1.8,10.5,-4,198.8916646,65.79,666
356200,664,665.5,1.8,10.5,-4,198.8320846,65.78,664.75
356300,664,665.5,1.8,10.5,-4,198.7751795,65.78,664.75
356400,662,663.5,1.8,10.5,-4,198.7394323,65.77,662.75
356500,661.5,663,1.8,10.5,-4,198.9005936,65.76,662.25
356600,661.5,663.5,1.8,10.5,-4,198.7099186,65.76,662.5
356700,660.5,662,1.8,10.5,-4,198.2994883,65.75,661.25
356800,664.5,666,1.8,10.5,-4,198.2918326,65.74,665.25
356900,662.5,664,1.9,10.5,-4,198.1343361,65.73,663.25
357000,660.5,662,1.9,10.5,-4,198.1295583,65.72,661.25
357100,659.5,661,1.9,10.5,-4,198.064293,65.72,660.25
357200,663,664.5,1.9,10.5,-4,198.0832766,65.71,663.75
357300,665.5,667,1.9,10.5,-4,198.1909509,65.7,666.25
357400,666.5,668,1.9,10.5,-4,198.046965,65.69,667.25
357500,670.5,672,1.9,10.5,-4,198.1582418,65.69,671.25
357600,669.5,671,1.9,10.5,-4,198.0092607,65.68,670.25
357700,666,667.5,1.9,10.5,-4,197.7592809,65.67,666.75
357800,665,666.5,1.9,10.5,-4,197.7542152,65.67,665.75
357900,664,665.5,1.9,10.5,-4,197.8237244,65.66,664.75
358000,664.5,666,1.9,10.5,-4,197.7466657,65.65,665.25
358100,665.5,667,1.9,10.5,-4,197.6675427,65.64,666.25
358200,666.5,668,1.9,10.5,-4,197.7913748,65.64,667.25
358300,667.5,669,1.9,10.5,-4,197.7970749,65.63,668.25
358400,671,672.5,1.9,10.5,-4,197.8904515,65.62,671.75
358500,667.5,669,1.9,10.5,-4,197.7461143,65.61,668.25
358600,667.5,669,1.9,10.5,-4,197.4830021,65.6,668.25
358700,671,672.5,1.9,10.5,-4,198.0240045,65.6,671.75
358800,674,675.5,1.9,10.5,-4,198.1148951,65.59,674.75
358900,672,673.5,1.9,10.5,-4,198.1019054,65.58,672.75
359000,673,674.5,1.9,10.5,-4,198.3658838,65.58,673.75
359100,672,673.5,1.9,10.5,-4,198.2386463,65.57,672.75
359200,667,668.5,1.9,10.5,-4,197.931718,65.56,667.75
359300,669,670.5,1.9,10.5,-4,197.9782324,65.55,669.75
359400,670,671.5,1.9,10.5,-4,197.92805,65.54,670.75
359500,667.5,669,1.9,10.5,-4,197.8357162,65.54,668.25
359600,665.5,667,1.9,10.5,-4,197.5205588,65.53,666.25
359700,668,669.5,1.9,10.5,-4,197.656354,65.52,668.75
359800,666.5,668,1.9,10.5,-4,197.1284814,65.52,667.25
359900,668,669.5,1.9,10.5,-4,197.2975276,65.51,668.75
360000,663,664.5,1.9,10.5,-4,196.8822154,65.5,663.75
360100,666,667.5,1.9,10.5,-4,196.8445271,65.49,666.75
360200,665,666.5,1.9,10.5,-4,196.9325873,65.48,665.75
360300,663,664.5,1.9,10.5,-4,196.8489403,65.48,663.75
360400,665,666.5,1.9,10.5,-4,196.983882,65.47,665.75
360500,667.5,669,1.9,10.5,-4,197.2048615,65.46,668.25
360600,664,665.5,1.9,10.5,-4,196.9842768,65.46,664.75
360700,668.5,670,1.9,10.5,-4,197.0564528,65.45,669.25
360800,667.5,669,1.9,10.5,-4,197.0864314,65.44,668.25
360900,665.5,667,1.9,10.5,-4,197.0487542,65.43,666.25
361000,664.5,666,1.9,10.5,-4,196.7420003,65.42,665.25
361100,667.5,669,1.9,10.5,-4,196.7454797,65.42,668.25
361200,667.5,669,1.9,10.5,-4,196.4989508,65.41,668.25
361300,667.5,669,1.9,10.5,-4,196.5952886,65.4,668.25
361400,668,669.5,1.9,10.5,-4,196.4462888,65.4,668.75
361500,674,675.5,1.9,10.5,-4,196.7685421,65.39,674.75
361600,677,678.5,1.9,10.5,-4,196.7835391,65.38,677.75
361700,678,679.5,1.9,10.5,-4,196.9257929,65.37,678.75
361800,674,675.5,1.9,10.5,-4,196.7835967,65.36,674.75
361900,673,674.5,1.9,10.5,-4,196.791632,65.36,673.75
362000,677,678.5,1.9,10.5,-4,196.9395518,65.35,677.75
362100,678,679.5,1.9,10.5,-4,197.1861683,65.34,678.75
362200,677.5,679,1.9,10.5,-4,197.0482266,65.33,678.25
362300,679,680.5,1.9,10.5,-4,196.9203158,65.33,679.75
362400,677.5,679,1.9,10.5,-4,196.7827699,65.32,678.25
362500,678.5,680,1.9,10.5,-4,196.7490539,65.31,679.25
362600,679,680.5,1.9,10.5,-4,197.0283984,65.31,679.75
362700,681,682.5,1.9,10.5,-4,197.0666056,65.3,681.75
362800,679.5,681,1.9,10.5,-4,197.2343278,65.29,680.25
362900,676.5,678,1.9,10.5,-4,197.1558278,65.28,677.25
363000,674,675.5,1.9,10.5,-4,197.0662254,65.28,674.75
363100,673.5,675,1.9,10.5,-4,196.9922939,65.27,674.25
363200,675.5,677,1.9,10.5,-4,197.1630239,65.26,676.25
363300,675.5,677,1.9,10.5,-4,197.1925159,65.25,676.25
363400,678,679.5,1.9,10.5,-4,197.4217747,65.24,678.75
363500,679.5,681,1.9,10.5,-4,197.5234025,65.24,680.25
363600,683,684.5,1.9,10.5,-4,197.7390746,65.23,683.75
363700,684.5,686,1.9,10.5,-4,197.4687301,65.22,685.25
363800,682,683.5,1.9,10.5,-4,197.3641292,65.22,682.75
363900,683.5,685,1.9,10.5,-4,197.397134,65.21,684.25
364000,679,680.5,1.9,10.5,-4,197.0386349,65.2,679.75
364100,679,680.5,1.9,10.5,-4,196.9460626,65.19,679.75
364200,682.5,684,1.9,10.5,-4,196.9807293,65.18,683.25
364300,684,685.5,1.9,10.5,-4,197.2355466,65.18,684.75
364400,684.5,686,1.9,10.5,-4,197.2780781,65.17,685.25
364500,685,686.5,1.9,10.5,-4,197.3351073,65.16,685.75
364600,687,688.5,1.9,10.5,-4,197.3383285,65.16,687.75
364700,686.5,688,1.9,10.5,-4,197.0781055,65.15,687.25
364800,690,691.5,1.9,10.5,-4,197.216674,65.14,690.75
364900,688,689.5,1.9,10.5,-4,197.1532919,65.13,688.75
365000,690,691.5,1.9,10.5,-4,197.2587247,65.12,690.75
365100,692,693.5,1.9,10.5,-4,197.7636645,65.12,692.75
365200,692,693.5,1.9,10.5,-4,197.9015031,65.11,692.75
365300,690,691.5,1.9,10.5,-4,197.7725056,65.1,690.75
365400,694,695.5,1.9,10.5,-4,197.8130726,65.1,694.75
365500,693.5,695.5,1.9,10.5,-4,197.6932648,65.09,694.5
365600,694.5,696,1.9,10.5,-4,197.8581504,65.08,695.25
365700,694.5,696,1.9,10.5,-4,197.5738335,65.07,695.25
365800,699.5,701,1.9,10.5,-4,197.7811169,65.06,700.25
365900,696.5,698,1.9,10.5,-4,197.3880473,65.06,697.25
366000,696.5,698,1.9,10.5,-4,197.365604,65.05,697.25
366100,699.5,701,1.9,10.5,-4,197.7373592,65.04,700.25
366200,696,697.5,1.9,10.5,-4,197.3470426,65.04,696.75
366300,696,697.5,1.9,10.5,-4,197.504991,65.03,696.75
366400,697,698.5,1.9,10.5,-4,197.6997488,65.02,697.75
366500,701,702.5,1.9,10.5,-4,197.6493395,65.01,701.75
366600,700,701.5,1.9,10.5,-4,197.5249499,65,700.75
366700,696,697.5,1.9,10.5,-4,197.1532737,65,696.75
366800,697,698.5,1.9,10.5,-4,197.3737857,64.99,697.75
366900,694.5,696,1.9,10.5,-4,197.0103712,64.98,695.25
367000,696.5,698,1.9,10.5,-4,197.0902863,64.97,697.25
367100,698.5,700,1.9,10.5,-4,196.9487269,64.97,699.25
367200,698,700,1.9,10.5,-4,196.7739112,64.96,699
367300,694,695.5,1.9,10.5,-4,196.5037225,64.95,694.75
367400,698,699.5,1.9,10.5,-4,196.7231212,64.94,698.75
367500,699,700.5,1.9,10.5,-4,196.8840562,64.94,699.75
367600,700,701.5,1.9,10.5,-4,197.2748936,64.93,700.75
367700,701,702.5,1.9,10.5,-4,197.2364193,64.92,701.75
367800,697.5,699,1.9,10.5,-4,197.1842339,64.92,698.25
367900,697.5,699,1.9,10.5,-4.5,197.166754,64.91,698.25
368000,692,693.5,1.9,10.5,-4.5,197.1338696,64.9,692.75
368100,692,693.5,1.9,10.5,-4.5,197.2070005,64.89,692.75
368200,689.5,691,1.9,10.5,-4.5,197.2523827,64.89,690.25
368300,690,691.5,1.9,10.5,-4.5,197.5287391,64.88,690.75
368400,684,685.5,1.9,10.5,-4.5,197.2722103,64.87,684.75
368500,686,687.5,1.9,10.5,-4.5,197.37403,64.86,686.75
368600,686,687.5,1.9,10.5,-4.5,197.4212043,64.86,686.75
368700,684,685.5,1.9,10.5,-4.5,197.4838038,64.85,684.75
368800,685,686.5,1.9,10.5,-4.5,197.4515917,64.84,685.75
368900,686,687.5,1.9,10.5,-4.5,197.5739768,64.83,686.75
369000,688.5,690,1.9,10.5,-4.5,197.6373374,64.82,689.25
369100,688,689.5,1.9,10.5,-4.5,197.5517264,64.82,688.75
369200,685,686.5,1.9,10.5,-4.5,197.5293551,64.81,685.75
369300,683,684.5,1.9,10.5,-4.5,197.4360009,64.8,683.75
369400,684,685.5,1.9,10.5,-4.5,197.673195,64.8,684.75
369500,682.5,684,1.9,10.5,-4.5,197.5590828,64.79,683.25
369600,676.5,678,1.9,10.5,-4.5,197.197792,64.78,677.25
369700,678,679.5,1.9,10.5,-4.5,197.2354013,64.77,678.75
369800,681,682.5,1.9,10.5,-4.5,197.2765286,64.76,681.75
369900,678.5,680,1.9,10.5,-4.5,197.2371768,64.76,679.25
370000,677,678.5,1.9,10.5,-4.5,197.1112817,64.75,677.75
370100,677,678.5,1.9,10.5,-4.5,197.0316316,64.74,677.75
370200,679,680.5,1.9,10.5,-4.5,197.2821554,64.74,679.75
370300,681,682.5,1.9,10.5,-4.5,197.4149916,64.73,681.75
370400,679,680.5,1.9,10.5,-4.5,197.2472486,64.72,679.75
370500,682,683.5,1.9,10.5,-4.5,197.4071422,64.71,682.75
370600,682.5,684,1.9,10.5,-4.5,197.5436367,64.7,683.25
370700,681.5,683,1.9,10.5,-4.5,197.5124767,64.7,682.25
370800,677.5,679,1.9,10.5,-4.5,197.4641074,64.69,678.25
370900,677.5,679,1.9,10.5,-4.5,197.4537631,64.68,678.25
371000,678.5,680,1.9,10.5,-4.5,197.3802697,64.68,679.25
371100,681,682.5,1.9,10.5,-4.5,197.4473923,64.67,681.75
371200,680.5,682,1.9,10.5,-4.5,197.6911687,64.66,681.25
371300,676.5,678,1.9,10.5,-4.5,197.3597763,64.65,677.25
371400,677.5,679,1.9,10.5,-4.5,197.5948276,64.64,678.25
371500,676.5,678,1.9,10.5,-4.5,197.7411534,64.64,677.25
371600,679.5,681,1.9,10.5,-4.5,197.8592867,64.63,680.25
371700,675.5,677,1.9,10.5,-4.5,197.4970855,64.62,676.25
371800,673.5,675,1.9,10.5,-4.5,197.292652,64.61,674.25
371900,676.5,678,1.9,10.5,-4.5,197.510797,64.61,677.25
372000,678,679.5,1.9,10.5,-4.5,197.6465391,64.6,678.75
372100,679,680.5,1.9,10.5,-4.5,197.4940483,64.59,679.75
372200,680.5,682,1.9,10.5,-4.5,197.7522675,64.58,681.25
372300,682,683.5,1.9,10.5,-4.5,198.2464228,64.58,682.75
372400,682,683.5,1.9,10.5,-4.5,198.5340813,64.57,682.75
372500,682,683.5,1.9,10.5,-4.5,198.436873,64.56,682.75
372600,683,684.5,1.9,10.5,-4.5,198.2822397,64.56,683.75
372700,685.5,687,1.9,10.5,-4.5,198.6636973,64.55,686.25
372800,687.5,689,1.9,10.5,-4.5,198.5466535,64.54,688.25
372900,690,691.5,1.9,10.5,-4.5,198.7078476,64.53,690.75
373000,692,693.5,1.9,10.5,-4.5,198.9873713,64.53,692.75
373100,693.5,695,1.9,10.5,-4.5,199.1563206,64.52,694.25
373200,695.5,697,1.9,10.5,-4.5,199.3534695,64.51,696.25
373300,693,694.5,1.9,10.5,-4.5,199.1042017,64.5,693.75
373400,691,692.5,1.9,10.5,-4.5,198.8843273,64.5,691.75
373500,686,687.5,1.9,10.5,-4.5,198.4121087,64.49,686.75
373600,686,688,1.9,10.5,-4.5,198.412647,64.48,687
373700,687.5,689,1.9,10.5,-4.5,198.468929,64.47,688.25
373800,689.5,691,1.9,10.5,-4.5,198.7707579,64.46,690.25
373900,688.5,690,1.9,10.5,-4.5,198.7846964,64.46,689.25
374000,687,688.5,1.9,10.5,-4.5,198.7794716,64.45,687.75
374100,686,687.5,1.9,10.5,-4.5,198.5945305,64.44,686.75
374200,687,688.5,1.9,10.5,-4.5,198.7290707,64.44,687.75
374300,687.5,689,1.9,10.5,-4.5,198.6567708,64.43,688.25
374400,689,690.5,1.9,10.5,-4.5,199.0197337,64.42,689.75
374500,688,689.5,1.9,10.5,-4.5,198.9332342,64.41,688.75
374600,689,690.5,1.9,10.5,-4.5,199.3648457,64.4,689.75
374700,689.5,691,1.9,10.5,-4.5,199.2649788,64.4,690.25
374800,690,691.5,1.9,10.5,-4.5,199.3308644,64.39,690.75
374900,690.5,692,1.9,10.5,-4.5,199.6170435,64.38,691.25
375000,694,695.5,1.9,10.5,-4.5,199.7975611,64.38,694.75
375100,696,697.5,1.9,10.5,-4.5,199.9083363,64.37,696.75
375200,694,695.5,1.9,10.5,-4.5,199.8190533,64.36,694.75
375300,691,692.5,1.9,10.5,-4.5,199.311066,64.35,691.75
375400,688,689.5,1.9,10.5,-4.5,198.8923624,64.34,688.75
375500,689,690.5,1.9,10.5,-4.5,198.8772846,64.34,689.75
375600,690,691.5,1.9,10.5,-4.5,198.9099753,64.33,690.75
375700,693,694.5,1.9,10.5,-4.5,199.1193378,64.32,693.75
375800,696.5,698,1.9,10.5,-4.5,199.3250706,64.32,697.25
375900,696,697.5,1.9,10.5,-4.5,199.3565557,64.31,696.75
376000,696,697.5,1.9,10.5,-4.5,199.1699024,64.3,696.75
376100,697,698.5,1.9,10.5,-4.5,199.3297291,64.29,697.75
376200,694.5,696,1.9,10.5,-4.5,199.1133895,64.28,695.25
376300,692.5,694,1.9,10.5,-4.5,198.6522331,64.28,693.25
376400,692,693.5,1.9,10.5,-4.5,198.5856321,64.27,692.75
376500,688,689.5,1.9,10.5,-4.5,198.449492,64.26,688.75
376600,688,689.5,1.9,10.5,-4.5,198.6214399,64.26,688.75
376700,689.5,691,1.9,10.5,-4.5,198.6030904,64.25,690.25
376800,691.5,693,1.9,10.5,-4.5,198.8884023,64.24,692.25
376900,688.5,690,1.9,10.5,-4.5,198.5417102,64.23,689.25
377000,685,686.5,1.9,10.5,-4.5,198.4402533,64.22,685.75
377100,682,683.5,1.9,10.5,-4.5,198.3253534,64.22,682.75
377200,682.5,684,1.9,10.5,-4.5,198.4039586,64.21,683.25
377300,683,684.5,1.9,10.5,-4.5,198.5137904,64.2,683.75
377400,680,681.5,1.9,10.5,-4.5,198.4924004,64.19,680.75
377500,683.5,685,1.9,10.5,-4.5,198.6718217,64.19,684.25
377600,683,684.5,1.9,10.5,-4.5,198.4742366,64.18,683.75
377700,683.5,685,1.9,10.5,-4.5,198.4751125,64.17,684.25
377800,685,686.5,1.9,10.5,-4.5,198.5170997,64.17,685.75
377900,682,683.5,1.9,10.5,-4.5,198.4447966,64.16,682.75
378000,680,681.5,1.9,10.5,-4.5,198.3520252,64.15,680.75
378100,678.5,680,1.9,10.5,-4.5,198.2239064,64.14,679.25
378200,684.5,686,1.9,10.5,-4.5,198.5100943,64.14,685.25
378300,683,684.5,1.9,10.5,-4.5,198.5747012,64.13,683.75
378400,683.5,685,1.9,10.5,-4.5,198.8472714,64.12,684.25
378500,684.5,686,1.9,10.5,-4.5,199.0699784,64.11,685.25
378600,681.5,683,1.9,10.5,-4.5,198.8049274,64.1,682.25
378700,685.5,687,1.9,10.5,-4.5,198.8262288,64.1,686.25
378800,683.5,685,1.9,10.5,-4.5,198.6735378,64.09,684.25
378900,684,685.5,1.9,10.5,-4.5,198.3629668,64.08,684.75
379000,687,688.5,1.9,10.5,-4.5,198.7057073,64.08,687.75
379100,689.5,691,1.9,10.5,-4.5,198.8449698,64.07,690.25
379200,685,686.5,1.9,10.5,-4.5,198.7222792,64.06,685.75
379300,682.5,684,1.9,10.5,-4.5,198.3879358,64.05,683.25
379400,684,685.5,1.9,10.5,-4.5,198.3734653,64.04,684.75
379500,682,683.5,1.9,10.5,-4.5,198.2577765,64.04,682.75
379600,680,681.5,1.9,10.5,-4.5,198.2829851,64.03,680.75
379700,682.5,684,1.9,10.5,-4.5,198.2915698,64.02,683.25
379800,684.5,686,1.9,10.5,-4.5,198.420171,64.02,685.25
379900,685.5,687,1.9,10.5,-4.5,198.5033091,64.01,686.25
380000,685,686.5,1.9,10.5,-4.5,198.4622738,64,685.75
380100,689.5,691,1.9,10.5,-4.5,198.7906586,63.99,690.25
380200,688,689.5,1.9,10.5,-4.5,198.5936145,63.98,688.75
380300,687.5,689,1.9,10.5,-4.5,198.4375131,63.98,688.25
380400,691.5,693,1.9,10.5,-4.5,198.6757513,63.97,692.25
380500,690.5,692,1.9,10.5,-4.5,198.776326,63.96,691.25
380600,686.5,688,1.9,10.5,-4.5,198.526158,63.96,687.25
380700,689.5,691,1.9,10.5,-4.5,198.5800036,63.95,690.25
380800,690.5,692,1.9,10.5,-4.5,198.6062099,63.94,691.25
380900,688.5,690,1.9,10.5,-4.5,198.4851699,63.93,689.25
381000,687,688.5,1.9,10.5,-4.5,198.5024105,63.92,687.75
381100,685,686.5,1.9,10.5,-4.5,198.1834648,63.92,685.75
381200,687,688.5,1.9,10.5,-4.5,198.2049984,63.91,687.75
381300,683.5,685,1.9,10.5,-4.5,198.2016495,63.9,684.25
381400,688,689.5,1.9,10.5,-4.5,198.270599,63.9,688.75
381500,685,686.5,1.9,10.5,-4.5,198.1171889,63.89,685.75
381600,682.5,684,1.9,10.5,-4.5,198.0405732,63.88,683.25
381700,686,687.5,1.9,10.5,-4.5,198.3096455,63.87,686.75
381800,690.5,692,1.9,10.5,-4.5,198.653914,63.86,691.25
381900,689.5,691,1.9,10.5,-4.5,198.6154516,63.86,690.25
382000,689,690.5,1.9,10.5,-4.5,198.796968,63.85,689.75
382100,687,688.5,1.9,10.5,-4.5,198.5783746,63.84,687.75
382200,688.5,690,1.9,10.5,-4.5,198.6508849,63.84,689.25
382300,693,694.5,1.9,10.5,-4.5,198.7762632,63.83,693.75
382400,689,690.5,1.9,10.5,-4.5,198.534408,63.82,689.75
382500,690.5,692,1.9,10.5,-4.5,198.5857508,63.81,691.25
382600,693.5,695,1.9,10.5,-4.5,198.8533778,63.8,694.25
382700,692,693.5,1.9,10.5,-4.5,198.556016,63.8,692.75
382800,693.5,695,1.9,10.5,-4.5,198.5999373,63.79,694.25
382900,693,694.5,1.9,10.5,-4.5,198.5721859,63.78,693.75
383000,689.5,691,1.9,10.5,-4.5,198.4325309,63.78,690.25
383100,689.5,691.5,1.9,10.5,-4.5,198.7505039,63.77,690.5
383200,685,686.5,1.9,10.5,-4.5,198.5233289,63.76,685.75
383300,683,684.5,1.9,10.5,-4.5,198.4137197,63.75,683.75
383400,685,686.5,1.9,10.5,-4.5,198.5244605,63.74,685.75
383500,688,689.5,1.9,10.5,-4.5,198.7832608,63.74,688.75
383600,682.5,684,1.9,10.5,-4.5,198.7702329,63.73,683.25
383700,679.5,681,1.9,10.5,-4.5,198.713195,63.72,680.25
383800,681.5,683,1.9,10.5,-4.5,198.8825706,63.72,682.25
383900,680.5,682,1.9,10.5,-4.5,198.6299539,63.71,681.25
384000,679,680.5,1.9,10.5,-4.5,198.5399461,63.7,679.75
384100,678,679.5,1.9,10.5,-4.5,198.469434,63.69,678.75
384200,678.5,680,1.9,10.5,-4.5,198.4662722,63.68,679.25
384300,675.5,677,1.9,10.5,-4.5,198.1205636,63.68,676.25
384400,675,676.5,1.9,10.5,-4.5,197.8984319,63.67,675.75
384500,675.5,677,1.9,10.5,-4.5,197.7430797,63.66,676.25
384600,672.5,674,1.9,10.5,-4.5,197.7155815,63.66,673.25
384700,673,674.5,1.9,10.5,-4.5,197.4676524,63.65,673.75
384800,674.5,676,1.9,10.5,-4.5,197.6875857,63.64,675.25
384900,679.5,681,1.9,10.5,-4.5,197.887609,63.63,680.25
385000,678.5,680,1.9,10.5,-4.5,197.7856908,63.62,679.25
385100,676,677.5,1.9,10.5,-4.5,197.7106464,63.62,676.75
385200,678,679.5,1.9,10.5,-4.5,197.9592946,63.61,678.75
385300,674.5,676,1.9,10.5,-4.5,197.4396991,63.6,675.25
385400,679,680.5,1.9,10.5,-4.5,197.7157145,63.6,679.75
385500,677,678.5,1.9,10.5,-4.5,197.5253064,63.59,677.75
385600,679,680.5,1.9,10.5,-4.5,197.5950264,63.58,679.75
385700,680,681.5,1.9,10.5,-4.5,197.8449341,63.57,680.75
385800,680.5,682,1.9,10.5,-4.5,197.782383,63.56,681.25
385900,682,683.5,1.9,10.5,-4.5,197.7954332,63.56,682.75
386000,685,686.5,1.9,10.5,-4.5,197.860712,63.55,685.75
386100,685,686.5,1.9,10.5,-4.5,197.8152541,63.54,685.75
386200,687,688.5,1.9,10.5,-4.5,197.8817938,63.54,687.75
386300,684,685.5,1.9,10.5,-4.5,197.5943421,63.53,684.75
386400,684.5,686,1.9,10.5,-4.5,197.3586083,63.52,685.25
386500,688.5,690,1.9,10.5,-4.5,197.371175,63.51,689.25
386600,691.5,693,1.9,10.5,-4.5,197.4216476,63.5,692.25
386700,695.5,697,1.9,10.5,-4.5,197.4578741,63.5,696.25
386800,701,702.5,1.9,10.5,-4.5,197.5245087,63.49,701.75
386900,697,698.5,1.9,10.5,-4.5,197.0667565,63.48,697.75
387000,695,696.5,1.9,10.5,-4.5,196.8669652,63.48,695.75
387100,696,697.5,1.9,10.5,-4.5,196.7508884,63.47,696.75
387200,694,695.5,1.9,10.5,-4.5,196.6128607,63.46,694.75
387300,692.5,694,1.9,10.5,-4.5,196.187076,63.45,693.25
387400,693.5,695,1.9,10.5,-4.5,196.2726859,63.44,694.25
387500,697,698.5,1.9,10.5,-4.5,196.4337719,63.44,697.75
387600,696,697.5,1.9,10.5,-4.5,196.3885645,63.43,696.75
387700,695,696.5,1.9,10.5,-4.5,196.336999,63.42,695.75
387800,696,697.5,1.9,10.5,-4.5,196.2185518,63.42,696.75
387900,696,697.5,1.9,10.5,-4.5,196.565261,63.41,696.75
388000,698.5,700,1.9,10.5,-4.5,196.6496529,63.4,699.25
388100,698.5,700,1.9,10.5,-4.5,196.6498119,63.39,699.25
388200,695,696.5,1.9,10.5,-4.5,196.578157,63.38,695.75
388300,696,697.5,1.9,10.5,-4.5,196.6764226,63.38,696.75
388400,695,696.5,1.9,10.5,-4.5,196.4014313,63.37,695.75
388500,692,693.5,1.9,10.5,-4.5,196.3357766,63.36,692.75
388600,691.5,693,1.9,10.5,-4.5,196.232721,63.36,692.25
388700,691.5,693,1.9,10.5,-4.5,196.1725977,63.35,692.25
388800,691,692.5,1.9,10.5,-4.5,196.1032196,63.34,691.75
388900,691.5,693,1.9,10.5,-4.5,196.0008624,63.33,692.25
389000,694,695.5,1.9,10.5,-4.5,196.0471332,63.32,694.75
389100,690.5,692,1.9,10.5,-4.5,195.7961939,63.32,691.25
389200,689,690.5,1.9,10.5,-4.5,196.0297134,63.31,689.75
389300,695.5,697,1.9,10.5,-4.5,196.2967209,63.3,696.25
389400,696.5,698,1.9,10.5,-4.5,196.3474803,63.3,697.25
389500,698,699.5,1.9,10.5,-4.5,196.3526945,63.29,698.75
389600,699,700.5,1.9,10.5,-4.5,196.4657743,63.28,699.75
389700,696,697.5,1.9,10.5,-4.5,196.375286,63.27,696.75
389800,699.5,701,1.9,10.5,-4.5,196.546671,63.26,700.25
389900,702.5,704,1.9,10.5,-4.5,196.7600349,63.26,703.25
390000,704,705.5,1.9,10.5,-4.5,196.7642975,63.25,704.75
390100,703,704.5,1.9,10.5,-4.5,196.585071,63.24,703.75
390200,701,702.5,1.9,10.5,-4.5,196.5035232,63.24,701.75
390300,703.5,705,1.9,10.5,-4.5,196.3327175,63.23,704.25
390400,702.5,704,1.9,10.5,-4.5,196.2569061,63.22,703.25
390500,701.5,703,1.8,10.5,-4.5,196.1216006,63.21,702.25
390600,698,699.5,1.8,10.5,-4.5,195.9685645,63.2,698.75
390700,700,701.5,1.8,10.5,-4.5,196.1060424,63.2,700.75
390800,700,701.5,1.8,10.5,-4.5,195.9796166,63.19,700.75
390900,696.5,698,1.8,10.5,-4.5,195.8466677,63.18,697.25
391000,697.5,699,1.8,10.5,-4.5,195.9463919,63.18,698.25
391100,702,703.5,1.8,10.5,-4.5,196.1339977,63.17,702.75
391200,699,700.5,1.8,10.5,-4.5,195.8595676,63.16,699.75
391300,695,696.5,1.8,10.5,-4.5,195.4664973,63.15,695.75
391400,693,694.5,1.8,10.5,-4.5,195.4171567,63.14,693.75
391500,687.5,689,1.8,10.5,-4.5,195.1501395,63.14,688.25
391600,692.5,694,1.8,10.5,-4.5,195.4320748,63.13,693.25
391700,695.5,697,1.8,10.5,-4.5,195.4021501,63.12,696.25
391800,694,695.5,1.8,10.5,-4.5,195.3268065,63.12,694.75
391900,693,694.5,1.8,10.5,-4.5,195.1588191,63.11,693.75
392000,688.5,690,1.8,10.5,-4.5,194.8531971,63.1,689.25
392100,686.5,688,1.8,10.5,-4.5,194.7689527,63.09,687.25
392200,688,689.5,1.8,10.5,-4.5,194.8099684,63.08,688.75
392300,691,692.5,1.8,10.5,-4.5,195.027473,63.08,691.75
392400,695.5,697,1.8,10.5,-4.5,195.4379731,63.07,696.25
392500,695,696.5,1.8,10.5,-4.5,195.2412868,63.06,695.75
392600,698.5,700,1.8,10.5,-4.5,195.5193673,63.06,699.25
392700,700,701.5,1.8,10.5,-4.5,195.6411241,63.05,700.75
392800,702.5,704,1.8,10.5,-4.5,195.7921613,63.04,703.25
392900,700.5,702,1.8,10.5,-4.5,195.7567143,63.03,701.25
393000,699,700.5,1.8,10.5,-4.5,195.5056832,63.02,699.75
393100,698.5,700,1.8,10.5,-4.5,195.7725611,63.02,699.25
393200,701.5,703,1.8,10.5,-4.5,195.9747598,63.01,702.25
393300,705.5,707,1.8,10.5,-4.5,196.2157694,63,706.25
393400,708,709.5,1.8,10.5,-4.5,196.4493355,63,708.75
393500,707,708.5,1.8,10.5,-4.5,196.4083759,62.99,707.75
393600,707.5,709,1.8,10.5,-4.5,196.3136734,62.98,708.25
393700,707.5,709.5,1.8,10.5,-4.5,196.4183789,62.97,708.5
393800,711.5,713,1.8,10.5,-4.5,196.4682591,62.96,712.25
393900,714.5,716,1.8,10.5,-4.5,196.7486535,62.96,715.25
394000,714,716,1.8,10.5,-4.5,196.6492202,62.95,715
394100,718,719.5,1.8,10.5,-4.5,196.7813266,62.94,718.75
394200,714,715.5,1.8,10.5,-4.5,196.4838503,62.94,714.75
394300,715.5,717,1.8,10.5,-4.5,196.7695465,62.93,716.25
394400,717.5,719,1.8,10.5,-4.5,196.7838786,62.92,718.25
394500,715,716.5,1.8,10.5,-4.5,196.416548,62.91,715.75
394600,719.5,721,1.8,10.5,-4.5,196.5956141,62.9,720.25
394700,722,723.5,1.8,10.5,-4.5,196.7105907,62.9,722.75
394800,721.5,723,1.8,10.5,-4.5,197.0822753,62.89,722.25
394900,720.5,722,1.8,10.5,-4.5,197.123168,62.88,721.25
395000,722,723.5,1.8,10.5,-4.5,197.1528524,62.88,722.75
395100,722.5,724,1.8,10.5,-4.5,197.1782461,62.87,723.25
395200,720.5,722,1.8,10.5,-4.5,197.2662962,62.86,721.25
395300,718.5,720,1.8,10.5,-4.5,197.0846411,62.85,719.25
395400,718.5,720,1.8,10.5,-4.5,197.1406879,62.84,719.25
395500,721,722.5,1.8,10.5,-4.5,197.264424,62.84,721.75
395600,723,724.5,1.8,10.5,-4.5,197.6085371,62.83,723.75
395700,725.5,727,1.8,10.5,-4.5,197.6138201,62.82,726.25
395800,722.5,724,1.8,10.5,-4.5,197.3419864,62.82,723.25
395900,723,724.5,1.8,10.5,-4.5,197.1533983,62.81,723.75
396000,723.5,725,1.8,10.5,-4.5,197.1568654,62.8,724.25
396100,723.5,725,1.8,10.5,-4.5,196.9412994,62.79,724.25
396200,717,718.5,1.8,10.5,-4.5,196.8244061,62.78,717.75
396300,720.5,722,1.8,10.5,-4.5,196.8980435,62.78,721.25
396400,718,719.5,1.8,10.5,-4.5,196.7390276,62.77,718.75
396500,719.5,721,1.8,10.5,-4.5,196.8249859,62.76,720.25
396600,725,726.5,1.8,10.5,-4.5,196.9860274,62.76,725.75
396700,724.5,726,1.8,10.5,-4.5,197.2271164,62.75,725.25
396800,723.5,725,1.8,10.5,-4.5,197.0643231,62.74,724.25
396900,726.5,728,1.8,10.5,-4.5,197.2740347,62.73,727.25
397000,723,724.5,1.8,10.5,-4.5,197.1847664,62.72,723.75
397100,723.5,725,1.8,10.5,-4.5,196.9760532,62.72,724.25
397200,723,724.5,1.8,10.5,-4.5,196.9387181,62.71,723.75
397300,728,729.5,1.8,10.5,-4.5,197.0808119,62.7,728.75
397400,724.5,726,1.8,10.5,-4.5,196.8752739,62.7,725.25
397500,725.5,727,1.8,10.5,-4.5,197.0584618,62.69,726.25
397600,721,722.5,1.8,10.5,-4.5,196.4094814,62.68,721.75
397700,725,726.5,1.8,10.5,-4.5,196.6391697,62.67,725.75
397800,728,729.5,1.8,10.5,-4.5,196.768857,62.66,728.75
397900,729.5,731,1.8,10.5,-4.5,196.7640448,62.66,730.25
398000,729,730.5,1.8,10.5,-4.5,196.7275385,62.65,729.75
398100,726,727.5,1.8,10.5,-4.5,197.0482169,62.64,726.75
398200,727,728.5,1.8,10.5,-4.5,197.1027264,62.64,727.75
398300,726,727.5,1.8,10.5,-4.5,197.0324253,62.63,726.75
398400,725,726.5,1.8,10.5,-4.5,196.9364314,62.62,725.75
398500,727,728.5,1.8,10.5,-4.5,196.9563531,62.61,727.75
398600,728.5,730,1.8,10.5,-4.5,197.0602267,62.6,729.25
398700,728.5,730,1.8,10.5,-4.5,197.4509967,62.6,729.25
398800,727,728.5,1.8,10.5,-4.5,197.2361926,62.59,727.75
398900,731.5,733,1.8,10.5,-4.5,197.3016658,62.58,732.25
399000,731.5,733,1.8,10.5,-4.5,197.1347084,62.58,732.25
399100,730,731.5,1.8,10.5,-4.5,197.0889084,62.57,730.75
399200,729.5,731,1.8,10.5,-4.5,197.1875639,62.56,730.25
399300,726.5,728,1.8,10.5,-4.5,196.9691939,62.55,727.25
399400,727.5,729,1.8,10.5,-4.5,196.9697613,62.54,728.25
399500,725,726.5,1.8,10.5,-4.5,196.5222122,62.54,725.75
399600,725.5,727,1.8,10.5,-4.5,196.6090832,62.53,726.25
399700,724.5,726,1.8,10.5,-4.5,196.3865112,62.52,725.25
399800,724.5,726,1.8,10.5,-4.5,196.5437572,62.52,725.25
399900,726,727.5,1.8,10.5,-4.5,196.6224983,62.51,726.75
400000,728,729.5,1.8,10.5,-4.5,196.8811747,62.5,728.75
400100,729,730.5,1.8,10.5,-4.5,196.8475699,62.49,729.75
400200,726,727.5,1.8,10.5,-4.5,196.8426017,62.48,726.75
400300,722,723.5,1.8,10.5,-4.5,196.6658564,62.48,722.75
400400,722,724,1.8,10.5,-4.5,196.9734361,62.47,723
400500,725,726.5,1.8,10.5,-4.5,196.9485657,62.46,725.75
400600,725,726.5,1.8,10.5,-4.5,196.9610536,62.46,725.75
400700,725,726.5,1.8,10.5,-4.5,197.0529196,62.45,725.75
400800,726,727.5,1.8,10.5,-4.5,196.9778273,62.44,726.75
400900,730,731.5,1.8,10.5,-4.5,197.251477,62.43,730.75
401000,728.5,730,1.8,10.5,-4.5,196.9873626,62.42,729.25
401100,728.5,730,1.8,10.5,-4.5,196.912348,62.42,729.25
401200,726.5,728,1.8,10.5,-4.5,196.8517067,62.41,727.25
401300,725.5,727,1.8,10.5,-4.5,196.7300494,62.4,726.25
401400,724,725.5,1.8,10.5,-4.5,196.4518391,62.4,724.75
401500,725,726.5,1.8,10.5,-4.5,196.8568586,62.39,725.75
401600,723.5,725,1.8,10.5,-4.5,196.7427483,62.38,724.25
401700,717.5,719,1.8,10.5,-4.5,196.5484464,62.37,718.25
401800,714,715.5,1.8,10.5,-4.5,196.501887,62.36,714.75
401900,714.5,716,1.8,10.5,-4.5,196.66505,62.36,715.25
402000,713,714.5,1.8,10.5,-4.5,196.8180711,62.35,713.75
402100,711,712.5,1.8,10.5,-4.5,196.773703,62.34,711.75
402200,712.5,714,1.8,10.5,-4.5,196.7603447,62.34,713.25
402300,712.5,714.5,1.8,10.5,-4.5,196.62915,62.33,713.5
402400,707,708.5,1.8,10.5,-4.5,196.4942043,62.32,707.75
402500,705.5,707,1.8,10.5,-4.5,196.5100177,62.31,706.25
402600,704,705.5,1.8,10.5,-4.5,196.7414653,62.3,704.75
402700,707.5,709,1.8,10.5,-4.5,196.6337324,62.3,708.25
402800,711.5,713,1.8,10.5,-4.5,196.7485961,62.29,712.25
402900,709.5,711,1.8,10.5,-4.5,196.7188265,62.28,710.25
403000,710,711.5,1.8,10.5,-4.5,196.5478918,62.28,710.75
403100,709,710.5,1.8,10.5,-4.5,196.4639948,62.27,709.75
403200,710.5,712,1.8,10.5,-4.5,196.5168632,62.26,711.25
403300,707,708.5,1.8,10.5,-4.5,196.302909,62.25,707.75
403400,705,706.5,1.8,10.5,-4.5,196.2219275,62.24,705.75
403500,702.5,704,1.8,10.5,-4.5,196.2078028,62.24,703.25
403600,707.5,709,1.8,10.5,-4.5,196.21997,62.23,708.25
403700,710,711.5,1.8,10.5,-4.5,196.2885968,62.22,710.75
403800,709.5,711,1.8,10.5,-4.5,196.5322636,62.22,710.25
403900,709.5,711,1.8,10.5,-4.5,196.3894522,62.21,710.25
404000,707.5,709,1.8,10.5,-4.5,196.0366462,62.2,708.25
404100,709,710.5,1.8,10.5,-4.5,196.087655,62.19,709.75
404200,709.5,711,1.8,10.5,-4.5,196.0709303,62.18,710.25
404300,713,714.5,1.8,10.5,-4.5,196.1491343,62.18,713.75
404400,713,715,1.8,10.5,-4.5,196.0599396,62.17,714
404500,713.5,715,1.8,10.5,-4.5,196.0246608,62.16,714.25
404600,713,714.5,1.8,10.5,-4.5,195.9925377,62.16,713.75
404700,711,712.5,1.8,10.5,-4.5,195.676009,62.15,711.75
404800,710.5,712.5,1.8,10.5,-5,196.0587989,62.14,711.5
404900,712,713.5,1.8,10.5,-5,196.058079,62.13,712.75
405000,711.5,713,1.8,10.5,-5,195.9565727,62.12,712.25
405100,707.5,709,1.8,10.5,-5,195.7879629,62.12,708.25
405200,709.5,711,1.8,10.5,-5,195.655987,62.11,710.25
405300,707.5,709,1.8,10.5,-5,195.9936268,62.1,708.25
405400,708.5,710,1.8,10.5,-5,195.6775875,62.1,709.25
405500,706.5,708,1.8,10.5,-5,195.6593235,62.09,707.25
405600,708.5,710,1.8,10.5,-5,195.8453735,62.08,709.25
405700,708,710,1.8,10.5,-5,195.7381304,62.07,709
405800,706,707.5,1.8,10.5,-5,195.3536255,62.06,706.75
405900,705.5,707,1.8,10.5,-5,195.4669049,62.06,706.25
406000,707,708.5,1.8,10.5,-5,195.5295742,62.05,707.75
406100,707,709,1.8,10.5,-5,195.5290353,62.04,708
406200,712,713.5,1.8,10.5,-5,195.602525,62.04,712.75
406300,709,710.5,1.8,10.5,-5,195.2610545,62.03,709.75
406400,709,710.5,1.8,10.5,-5,195.2893698,62.02,709.75
406500,707,708.5,1.8,10.5,-5,195.2193413,62.01,707.75
406600,707,708.5,1.8,10.5,-5,195.4000867,62,707.75
406700,708,709.5,1.8,10.5,-5,195.4330457,62,708.75
406800,710.5,712,1.8,10.5,-5,195.5099038,61.99,711.25
406900,711,712.5,1.8,10.5,-5,195.4816889,61.98,711.75
407000,712,713.5,1.8,10.5,-5,195.6697155,61.98,712.75
407100,714,715.5,1.8,10.5,-5,195.6772944,61.97,714.75
407200,717.5,719,1.8,10.5,-5,195.8687949,61.96,718.25
407300,720.5,722,1.8,10.5,-5,195.9476477,61.95,721.25
407400,718.5,720,1.8,10.5,-5,195.8974557,61.94,719.25
407500,718,720,1.8,10.5,-5,195.8352651,61.94,719
407600,721,722.5,1.8,10.5,-5,195.7903795,61.93,721.75
407700,718.5,720,1.8,10.5,-5,195.6822436,61.92,719.25
407800,716,717.5,1.8,10.5,-5,195.1694884,61.92,716.75
407900,719,720.5,1.8,10.5,-5,195.0826398,61.91,719.75
408000,718.5,720,1.8,10.5,-5,195.1133823,61.9,719.25
408100,716,717.5,1.8,10.5,-5,194.8863745,61.89,716.75
408200,717.5,719,1.8,10.5,-5,195.2242731,61.88,718.25
408300,712.5,714,1.8,10.5,-5,194.8952806,61.88,713.25
408400,710,711.5,1.8,10.5,-5,194.8452491,61.87,710.75
408500,713,714.5,1.8,10.5,-5,194.9052674,61.86,713.75
408600,711.5,713,1.8,10.5,-5,194.8161846,61.86,712.25
408700,710.5,712,1.8,10.5,-5,195.0616948,61.85,711.25
408800,712.5,714,1.8,10.5,-5,195.0962576,61.84,713.25
408900,715.5,717,1.8,10.5,-5,195.2692801,61.83,716.25
409000,715.5,717,1.8,10.5,-5,195.277401,61.82,716.25
409100,718.5,720,1.8,10.5,-5,195.5362003,61.82,719.25
409200,720,721.5,1.8,10.5,-5,195.631181,61.81,720.75
409300,720.5,722,1.8,10.5,-5,195.5784153,61.8,721.25
409400,719,720.5,1.8,10.5,-5,195.3278356,61.8,719.75
409500,719,720.5,1.8,10.5,-5,195.6875746,61.79,719.75
409600,719,720.5,1.8,10.5,-5,195.5728813,61.78,719.75
409700,720.5,722,1.8,10.5,-5,195.7452312,61.77,721.25
409800,722,723.5,1.8,10.5,-5,195.7475112,61.76,722.75
409900,719.5,721,1.8,10.5,-5,195.4936826,61.76,720.25
410000,720,721.5,1.8,10.5,-5,195.177877,61.75,720.75
410100,722.5,724,1.8,10.5,-5,195.3956703,61.74,723.25
410200,723,724.5,1.8,10.5,-5,195.5462494,61.74,723.75
410300,723.5,725,1.8,10.5,-5,195.9482433,61.73,724.25
410400,724,725.5,1.8,10.5,-5,196.1513925,61.72,724.75
410500,722.5,724,1.8,10.5,-5,196.0157746,61.71,723.25
410600,725.5,727,1.8,10.5,-5,196.0839254,61.7,726.25
410700,726.5,728,1.8,10.5,-5,196.2561985,61.7,727.25
410800,728,729.5,1.8,10.5,-5,196.4251279,61.69,728.75
410900,730.5,732,1.8,10.5,-5,196.5521073,61.68,731.25
411000,728.5,730,1.8,10.5,-5,196.506093,61.68,729.25
411100,730,731.5,1.8,10.5,-5,196.8261908,61.67,730.75
411200,731.5,733,1.8,10.5,-5,196.9044528,61.66,732.25
411300,728,729.5,1.8,10.5,-5,196.8400888,61.65,728.75
411400,730,731.5,1.8,10.5,-5,196.8494158,61.64,730.75
411500,731,732.5,1.8,10.5,-5,197.0847605,61.64,731.75
411600,733.5,735,1.8,10.5,-5,197.1049353,61.63,734.25
411700,736,737.5,1.8,10.5,-5,197.2145146,61.62,736.75
411800,735.5,737,1.8,10.5,-5,197.3604427,61.62,736.25
411900,732,733.5,1.8,10.5,-5,197.2140822,61.61,732.75
412000,735.5,737,1.8,10.5,-5,197.2449179,61.6,736.25
412100,733,734.5,1.8,10.5,-5,197.0992235,61.59,733.75
412200,732,733.5,1.8,10.5,-5,197.0282285,61.58,732.75
412300,730,731.5,1.8,10.5,-5,197.0488833,61.58,730.75
412400,729.5,731,1.8,10.5,-5,196.8548785,61.57,730.25
412500,728.5,730,1.8,10.5,-5,196.7789,61.56,729.25
412600,730.5,732,1.8,10.5,-5,196.7845316,61.56,731.25
412700,727.5,729,1.8,10.5,-5,196.4999161,61.55,728.25
412800,724.5,726,1.8,10.5,-5,196.3696824,61.54,725.25
412900,719.5,721,1.8,10.5,-5,196.2376197,61.53,720.25
413000,719.5,721.5,1.8,10.5,-5,196.18558,61.52,720.5
413100,720.5,722,1.8,10.5,-5,196.1043443,61.52,721.25
413200,721.5,723,1.8,10.5,-5,196.2909034,61.51,722.25
413300,718,719.5,1.8,10.5,-5,196.1155126,61.5,718.75
413400,716,717.5,1.8,10.5,-5,196.0398259,61.5,716.75
413500,716,717.5,1.8,10.5,-5,196.3952743,61.49,716.75
413600,715.5,717,1.8,10.5,-5,196.586414,61.48,716.25
413700,717.5,719,1.8,10.5,-5,196.9537074,61.47,718.25
413800,716.5,718,1.8,10.5,-5,196.7405824,61.46,717.25
413900,714.5,716,1.8,10.5,-5,196.6451564,61.46,715.25
414000,710.5,712,1.8,10.5,-5,196.3292117,61.45,711.25
414100,712,713.5,1.8,10.5,-5,196.389058,61.44,712.75
414200,712,713.5,1.8,10.5,-5,196.3711565,61.44,712.75
414300,712,713.5,1.8,10.5,-5,196.4429961,61.43,712.75
414400,711,712.5,1.8,10.5,-5,196.3339154,61.42,711.75
414500,713,714.5,1.8,10.5,-5,196.5101384,61.41,713.75
414600,715,716.5,1.8,10.5,-5,196.6346932,61.4,715.75
414700,713.5,715,1.8,10.5,-5,196.5791323,61.4,714.25
414800,714.5,716,1.8,10.5,-5,196.4706814,61.39,715.25
414900,714,715.5,1.8,10.5,-5,196.4548879,61.38,714.75
415000,712,713.5,1.8,10.5,-5,196.2937495,61.38,712.75
415100,712,714,1.8,10.5,-5,196.3882274,61.37,713
415200,712.5,714,1.8,10.5,-5,196.4262257,61.36,713.25
415300,711.5,713,1.8,10.5,-5,196.0287025,61.35,712.25
415400,715.5,717,1.8,10.5,-5,196.1997273,61.34,716.25
415500,716.5,718,1.8,10.5,-5,196.2306205,61.34,717.25
415600,717,718.5,1.8,10.5,-5,196.2058832,61.33,717.75
415700,715.5,717,1.8,10.5,-5,196.2817283,61.32,716.25
415800,715.5,717,1.8,10.5,-5,196.2445352,61.32,716.25
415900,718.5,720,1.8,10.5,-5,196.2591473,61.31,719.25
416000,716.5,718,1.8,10.5,-5,196.2156131,61.3,717.25
416100,713,714.5,1.8,10.5,-5,196.24647,61.29,713.75
416200,712,713.5,1.8,10.5,-5,196.4618814,61.28,712.75
416300,715,716.5,1.8,10.5,-5,196.4914185,61.28,715.75
416400,716.5,718,1.8,10.5,-5,196.6572914,61.27,717.25
416500,710.5,712,1.8,10.5,-5,196.5142529,61.26,711.25
416600,709.5,711,1.8,10.5,-5,196.4777081,61.26,710.25
416700,712.5,714,1.8,10.5,-5,196.5632891,61.25,713.25
416800,712,713.5,1.8,10.5,-5,196.5297478,61.24,712.75
416900,716.5,718,1.8,10.5,-5,196.7983873,61.23,717.25
417000,714,715.5,1.8,10.5,-5,196.7727343,61.22,714.75
417100,714.5,716,1.8,10.5,-5,196.8136235,61.22,715.25
417200,715.5,717,1.8,10.5,-5,197.0598847,61.21,716.25
417300,709,710.5,1.8,10.5,-5,196.7944777,61.2,709.75
417400,708,709.5,1.8,10.5,-5,196.6608426,61.2,708.75
417500,706.5,708,1.8,10.5,-5,196.6475143,61.19,707.25
417600,703,704.5,1.8,10.5,-5,196.2946726,61.18,703.75
417700,702,703.5,1.8,10.5,-5,196.2986086,61.17,702.75
417800,704.5,706,1.8,10.5,-5,196.4578573,61.16,705.25
417900,708,709.5,1.8,10.5,-5,196.6157806,61.16,708.75
418000,712.5,714,1.8,10.5,-5,196.8724871,61.15,713.25
418100,711,712.5,1.8,10.5,-5,197.07796,61.14,711.75
418200,707.5,709,1.8,10.5,-5,197.023185,61.14,708.25
418300,710.5,712,1.8,10.5,-5,197.0452914,61.13,711.25
418400,710,711.5,1.8,10.5,-5,197.2618742,61.12,710.75
418500,710.5,712,1.8,10.5,-5,197.2697034,61.11,711.25
418600,707,708.5,1.8,10.5,-5,197.023745,61.1,707.75
418700,704.5,706,1.8,10.5,-5,196.7037165,61.1,705.25
418800,707,708.5,1.8,10.5,-5,196.9332807,61.09,707.75
418900,704.5,706,1.8,10.5,-5,196.8202007,61.08,705.25
419000,702,703.5,1.8,10.5,-5,196.7491304,61.08,702.75
419100,707.5,709,1.8,10.5,-5,197.0445327,61.07,708.25
419200,711,712.5,1.8,10.5,-5,197.4560157,61.06,711.75
419300,711.5,713,1.8,10.5,-5,197.6683322,61.05,712.25
419400,709.5,711,1.8,10.5,-5,197.2569998,61.04,710.25
419500,708.5,710,1.8,10.5,-5,197.1667699,61.04,709.25
419600,709,710.5,1.8,10.5,-5,197.3691136,61.03,709.75
419700,707.5,709,1.8,10.5,-5,197.1563747,61.02,708.25
419800,709.5,711,1.8,10.5,-5,197.2130225,61.02,710.25
419900,708.5,710,1.8,10.5,-5,197.2491235,61.01,709.25
420000,708.5,710,1.8,10.5,-5,197.2803071,61,709.25
420100,709.5,711,1.8,10.5,-5,197.3557884,60.99,710.25
420200,708,709.5,1.8,10.5,-5,197.3136312,60.98,708.75
420300,706.5,708,1.8,10.5,-5,197.2410199,60.98,707.25
420400,706,707.5,1.8,10.5,-5,197.3599384,60.97,706.75
420500,705,706.5,1.8,10.5,-5,197.1445687,60.96,705.75
420600,701.5,703,1.8,10.5,-5,197.0861541,60.96,702.25
420700,698.5,700,1.8,10.5,-5,196.851913,60.95,699.25
420800,694,695.5,1.8,10.5,-5,196.4978793,60.94,694.75
420900,695,696.5,1.8,10.5,-5,196.2824287,60.93,695.75
421000,694.5,696,1.8,10.5,-5,196.5807203,60.92,695.25
421100,697,698.5,1.8,10.5,-5,196.911041,60.92,697.75
421200,696.5,698,1.8,10.5,-5,196.5939604,60.91,697.25
421300,696,698,1.8,10.5,-5,196.5684488,60.9,697
421400,692.5,694,1.8,10.5,-5,196.3656236,60.9,693.25
421500,690,691.5,1.8,10.5,-5,196.3242826,60.89,690.75
421600,686,687.5,1.8,10.5,-5,196.2412557,60.88,686.75
421700,686.5,688,1.8,10.5,-5,196.2457717,60.87,687.25
421800,686.5,688,1.8,10.5,-5,196.4666639,60.86,687.25
421900,686.5,688,1.8,10.5,-5,196.2831744,60.86,687.25
422000,686.5,688,1.8,10.5,-5,196.3117469,60.85,687.25
422100,689.5,691,1.8,10.5,-5,196.4656939,60.84,690.25
422200,690,691.5,1.8,10.5,-5,196.4043881,60.84,690.75
422300,684.5,686,1.8,10.5,-5,196.2541175,60.83,685.25
422400,689,690.5,1.8,10.5,-5,196.5842595,60.82,689.75
422500,687.5,689,1.8,10.5,-5,196.4532561,60.81,688.25
422600,688,689.5,1.8,10.5,-5,196.630209,60.8,688.75
422700,687.5,689,1.8,10.5,-5,196.6470749,60.8,688.25
422800,687,688.5,1.8,10.5,-5,196.229166,60.79,687.75
422900,683.5,685,1.8,10.5,-5,196.2008873,60.78,684.25
423000,684.5,686,1.8,10.5,-5,196.1257556,60.78,685.25
423100,684.5,686,1.8,10.5,-5,196.001622,60.77,685.25
423200,682.5,684,1.8,10.5,-5,195.791843,60.76,683.25
423300,684,685.5,1.8,10.5,-5,195.7884034,60.75,684.75
423400,683.5,685,1.8,10.5,-5,195.6978555,60.74,684.25
423500,683,684.5,1.8,10.5,-5,195.7738711,60.74,683.75
423600,683.5,685,1.8,10.5,-5,195.7691915,60.73,684.25
423700,682.5,684,1.8,10.5,-5,195.5084548,60.72,683.25
423800,683,684.5,1.8,10.5,-5,195.8128249,60.72,683.75
423900,682,683.5,1.8,10.5,-5,195.8176766,60.71,682.75
424000,681.5,683.5,1.8,10.5,-5,195.5615941,60.7,682.5
424100,682,683.5,1.8,10.5,-5,195.496715,60.69,682.75
424200,686,687.5,1.8,10.5,-5,195.71648,60.68,686.75
424300,683,684.5,1.8,10.5,-5,195.5367648,60.68,683.75
424400,683.5,685,1.8,10.5,-5,195.8397364,60.67,684.25
424500,688,689.5,1.8,10.5,-5,195.9709672,60.66,688.75
424600,689,690.5,1.8,10.5,-5,195.8496977,60.66,689.75
424700,690.5,692,1.8,10.5,-5,196.1417568,60.65,691.25
424800,689.5,691,1.8,10.5,-5,195.9851654,60.64,690.25
424900,687,688.5,1.8,10.5,-5,195.8849525,60.63,687.75
425000,689,690.5,1.8,10.5,-5,196.0169522,60.62,689.75
425100,685,686.5,1.8,10.5,-5,195.6948009,60.62,685.75
425200,686.5,688,1.8,10.5,-5,195.8823814,60.61,687.25
425300,685,686.5,1.8,10.5,-5,195.9178774,60.6,685.75
425400,686,687.5,1.8,10.5,-5,195.8825454,60.6,686.75
425500,685,686.5,1.8,10.5,-5,195.8842843,60.59,685.75
425600,685,686.5,1.8,10.5,-5,196.0986457,60.58,685.75
425700,684.5,686.5,1.8,10.5,-5,196.2341157,60.57,685.5
425800,682.5,684,1.8,10.5,-5,196.1883589,60.56,683.25
425900,684,685.5,1.8,10.5,-5,196.2508427,60.56,684.75
426000,682,683.5,1.8,10.5,-5,196.2828748,60.55,682.75
426100,683.5,685,1.8,10.5,-5,196.0865059,60.54,684.25
426200,683.5,685,1.8,10.5,-5,196.2204391,60.54,684.25
426300,682.5,684,1.8,10.5,-5,196.1305459,60.53,683.25
426400,680.5,682,1.8,10.5,-5,195.6569039,60.52,681.25
426500,679,680.5,1.8,10.5,-5,195.6847127,60.51,679.75
426600,677.5,679,1.8,10.5,-5,195.6764868,60.5,678.25
426700,680.5,682,1.8,10.5,-5,195.9323414,60.5,681.25
426800,675,676.5,1.8,10.5,-5,195.8987212,60.49,675.75
426900,674,675.5,1.8,10.5,-5,195.5214989,60.48,674.75
427000,672,673.5,1.8,10.5,-5,195.136362,60.48,672.75
427100,672,673.5,1.8,10.5,-5,195.0868119,60.47,672.75
427200,671.5,673,1.8,10.5,-5,195.0536439,60.46,672.25
427300,670,671.5,1.8,10.5,-5,194.970623,60.45,670.75
427400,666.5,668,1.8,10.5,-5,194.7011278,60.44,667.25
427500,666.5,668,1.8,10.5,-5,194.4503874,60.44,667.25
427600,666.5,668.5,1.8,10.5,-5,194.7849205,60.43,667.5
427700,665,666.5,1.8,10.5,-5,195.1333842,60.42,665.75
427800,664.5,666.5,1.8,10.5,-5,195.1041512,60.42,665.5
427900,667.5,669,1.8,10.5,-5,195.2028652,60.41,668.25
428000,666,667.5,1.8,10.5,-5,195.0893207,60.4,666.75
428100,662.5,664,1.8,10.5,-5,195.114613,60.39,663.25
428200,665,666.5,1.8,10.5,-5,194.9921208,60.38,665.75
428300,666.5,668,1.8,10.5,-5,194.9065421,60.38,667.25
428400,664,665.5,1.8,10.5,-5,194.8589432,60.37,664.75
428500,660.5,662,1.8,10.5,-5,194.7217913,60.36,661.25
428600,663.5,665,1.8,10.5,-5,194.8082535,60.36,664.25
428700,663.5,665.5,1.8,10.5,-5,195.1034977,60.35,664.5
428800,668,669.5,1.8,10.5,-5,195.4553659,60.34,668.75
428900,663.5,665,1.8,10.5,-5,195.3274975,60.33,664.25
429000,661,662.5,1.8,11,-5,195.2986942,60.32,661.75
429100,657.5,659,1.8,11,-5,195.1442132,60.32,658.25
429200,654.5,656,1.8,11,-5,195.4202191,60.31,655.25
429300,657.5,659,1.8,11,-5,195.6440222,60.3,658.25
429400,655.5,657,1.8,11,-5,195.5363612,60.3,656.25
429500,655.5,657,1.8,11,-5,195.7332445,60.29,656.25
429600,653.5,655,1.8,11,-5,195.4962015,60.28,654.25
429700,653.5,655.5,1.8,11,-5,195.8012019,60.27,654.5
429800,656,657.5,1.8,11,-5,196.1805315,60.26,656.75
429900,651.5,653,1.8,11,-5,196.1032986,60.26,652.25
430000,649,650.5,1.8,11,-5,196.0916245,60.25,649.75
430100,650,651.5,1.8,11,-5,196.245415,60.24,650.75
430200,643.5,645,1.8,11,-5,196.1131921,60.24,644.25
430300,641.5,643,1.8,11,-5,196.2552454,60.23,642.25
430400,646.5,648,1.8,11,-5,196.6532187,60.22,647.25
430500,644,645.5,1.8,11,-5,196.5749154,60.21,644.75
430600,640.5,642,1.8,11,-5,196.4788823,60.2,641.25
430700,643,644.5,1.8,11,-5,196.7465888,60.2,643.75
430800,641,642.5,1.8,11,-5,196.7303316,60.19,641.75
430900,638.5,640,1.8,11,-5,196.3697984,60.18,639.25
431000,637,638.5,1.8,11,-5,196.2195292,60.18,637.75
431100,636.5,638,1.8,11,-5.5,196.2442008,60.17,637.25
431200,633,634.5,1.8,11,-5.5,195.8242228,60.16,633.75
431300,635.5,637,1.8,11,-5.5,196.1401964,60.15,636.25
431400,632.5,634,1.8,11,-5.5,195.82418,60.14,633.25
431500,634.5,636,1.8,11,-5.5,195.8399089,60.14,635.25
431600,633.5,635,1.8,11,-5.5,195.7855499,60.13,634.25
431700,632,633.5,1.8,11,-5.5,195.7268747,60.12,632.75
431800,632.5,634,1.8,11,-5.5,195.9658343,60.12,633.25
431900,634.5,636,1.8,11,-5.5,195.9333703,60.11,635.25
432000,637,638.5,1.8,11,-5.5,196.214882,60.1,637.75
432100,638,639.5,1.8,11,-5.5,196.2524488,60.09,638.75
432200,638.5,640,1.8,11,-5.5,196.4031674,60.08,639.25
432300,638,639.5,1.8,11,-5.5,196.4472763,60.08,638.75
432400,638.5,640,1.8,11,-5.5,196.5605721,60.07,639.25
432500,638,639.5,1.8,11,-5.5,196.3196893,60.06,638.75
432600,640,641.5,1.8,11,-5.5,196.5649099,60.06,640.75
432700,640.5,642,1.8,11,-5.5,196.3695291,60.05,641.25
432800,639.5,641,1.8,11,-5.5,196.2310893,60.04,640.25
432900,639,640.5,1.8,11,-5.5,196.204724,60.03,639.75
433000,641,642.5,1.8,11,-5.5,196.3163125,60.02,641.75
433100,635,636.5,1.8,11,-5.5,196.1779751,60.02,635.75
433200,638,639.5,1.8,11,-5.5,196.2583872,60.01,638.75
433300,634,635.5,1.8,11,-5.5,196.1735964,60,634.75
433400,638.5,640,1.8,11,-5.5,196.3298876,60,639.25
433500,638,639.5,1.8,11,-5.5,196.4976784,59.99,638.75
433600,637,638.5,1.8,11,-5.5,196.1926438,59.98,637.75
433700,639,640.5,1.8,11,-5.5,196.3140956,59.97,639.75
433800,634,635.5,1.8,11,-5.5,196.1527718,59.96,634.75
433900,633.5,635,1.8,11,-5.5,195.8264014,59.96,634.25
434000,637.5,639,1.8,11,-5.5,195.8416128,59.95,638.25
434100,638.5,640,1.8,11,-5.5,195.9507543,59.94,639.25
434200,634.5,636,1.8,11,-5.5,195.6165268,59.94,635.25
434300,634.5,636.5,1.8,11,-5.5,195.661253,59.93,635.5
434400,637,638.5,1.8,11,-5.5,195.57918,59.92,637.75
434500,639,640.5,1.8,11,-5.5,195.7247421,59.91,639.75
434600,641,642.5,1.8,11,-5.5,195.8063892,59.9,641.75
434700,640,641.5,1.8,11,-5.5,195.9227113,59.9,640.75
434800,638,639.5,1.8,11,-5.5,195.8436319,59.89,638.75
434900,639,640.5,1.8,11,-5.5,195.9779127,59.88,639.75
435000,640.5,642,1.8,11,-5.5,195.9852805,59.88,641.25
435100,643,644.5,1.8,11,-5.5,196.3065147,59.87,643.75
435200,644,645.5,1.8,11,-5.5,196.4278494,59.86,644.75
435300,644,645.5,1.8,11,-5.5,196.3368962,59.85,644.75
435400,642,643.5,1.8,11,-5.5,196.2965688,59.84,642.75
435500,641.5,643,1.8,11,-5.5,196.3312187,59.84,642.25
435600,638,639.5,1.8,11,-5.5,196.0988321,59.83,638.75
435700,638.5,640,1.8,11,-5.5,196.1569234,59.82,639.25
435800,638.5,640,1.8,11,-5.5,196.1605868,59.82,639.25
435900,637.5,639,1.8,11,-5.5,196.1486961,59.81,638.25
436000,636.5,638,1.8,11,-5.5,195.9633641,59.8,637.25
436100,638,639.5,1.8,11,-5.5,196.2947138,59.79,638.75
436200,633,634.5,1.8,11,-5.5,196.2252137,59.78,633.75
436300,629,630.5,1.8,11,-5.5,196.1617327,59.78,629.75
436400,630.5,632,1.8,11,-5.5,195.9456401,59.77,631.25
436500,629,630.5,1.8,11,-5.5,195.8441576,59.76,629.75
436600,634.5,636,1.8,11,-5.5,196.0603982,59.76,635.25
436700,632.5,634,1.8,11,-5.5,196.0265876,59.75,633.25
436800,637,638.5,1.8,11,-5.5,196.0382093,59.74,637.75
436900,637.5,639,1.8,11,-5.5,195.8938341,59.73,638.25
437000,636.5,638,1.8,11,-5.5,196.0273877,59.72,637.25
437100,636.5,638,1.8,11,-5.5,196.1397868,59.72,637.25
437200,640.5,642,1.8,11,-5.5,196.1864638,59.71,641.25
437300,640,641.5,1.8,11,-5.5,196.1158682,59.7,640.75
437400,636,637.5,1.8,11,-5.5,196.1342589,59.7,636.75
437500,633,634.5,1.8,11,-5.5,196.0940441,59.69,633.75
437600,636,637.5,1.8,11,-5.5,196.306777,59.68,636.75
437700,636.5,638,1.8,11,-5.5,196.2434838,59.67,637.25
437800,638.5,640,1.8,11,-5.5,196.3119784,59.66,639.25
437900,637,638.5,1.8,11,-5.5,196.1956742,59.66,637.75
438000,636,637.5,1.8,11,-5.5,195.9708546,59.65,636.75
438100,635,636.5,1.8,11,-5.5,195.9613146,59.64,635.75
438200,631,632.5,1.8,11,-5.5,195.8655093,59.64,631.75
438300,631.5,633,1.8,11,-5.5,195.6515884,59.63,632.25
438400,633.5,635,1.8,11,-5.5,195.6886807,59.62,634.25
438500,632,633.5,1.8,11,-5.5,195.4743247,59.61,632.75
438600,635.5,637,1.8,11,-5.5,195.4857901,59.6,636.25
438700,634.5,636,1.8,11,-5.5,195.5569469,59.6,635.25
438800,637.5,639,1.8,11,-5.5,195.6013969,59.59,638.25
438900,637.5,639,1.8,11,-5.5,195.6762468,59.58,638.25
439000,636.5,638,1.8,11,-5.5,195.2589825,59.58,637.25
439100,638.5,640,1.8,11,-5.5,195.4292823,59.57,639.25
439200,641,642.5,1.8,11,-5.5,195.5144757,59.56,641.75
439300,641,642.5,1.8,11,-5.5,195.4639726,59.55,641.75
439400,642.5,644,1.8,11,-5.5,195.5463525,59.54,643.25
439500,644.5,646,1.8,11,-5.5,195.3973097,59.54,645.25
439600,643.5,645,1.8,11,-5.5,195.2725174,59.53,644.25
439700,647,648.5,1.8,11,-5.5,195.4472982,59.52,647.75
439800,648,649.5,1.8,11,-5.5,195.6796156,59.52,648.75
439900,647,648.5,1.8,11,-5.5,195.9054445,59.51,647.75
440000,650.5,652,1.8,11,-5.5,195.909498,59.5,651.25
440100,650.5,652,1.8,11,-5.5,196.0607225,59.49,651.25
440200,647.5,649,1.8,11,-5.5,195.8918077,59.48,648.25
440300,645.5,647,1.8,11,-5.5,195.8178775,59.48,646.25
440400,644.5,646,1.8,11,-5.5,195.6858431,59.47,645.25
440500,642.5,644,1.8,11,-5.5,195.6008037,59.46,643.25
440600,646.5,648,1.8,11,-5.5,195.6273676,59.46,647.25
440700,645.5,647,1.8,11,-5.5,195.625628,59.45,646.25
440800,646.5,648,1.8,11,-5.5,196.0035348,59.44,647.25
440900,639.5,641,1.8,11,-5.5,195.5341657,59.43,640.25
441000,637.5,639,1.8,11,-5.5,195.5098369,59.42,638.25
441100,633,634.5,1.8,11,-5.5,195.3399256,59.42,633.75
441200,633.5,635,1.8,11,-5.5,195.4711966,59.41,634.25
441300,635,636.5,1.8,11,-5.5,195.7532945,59.4,635.75
441400,635,636.5,1.8,11,-5.5,195.5993351,59.4,635.75
441500,637,638.5,1.8,11,-5.5,195.6755779,59.39,637.75
441600,640.5,642,1.8,11,-5.5,195.9148243,59.38,641.25
441700,637.5,639,1.8,11,-5.5,195.9335289,59.37,638.25
441800,638.5,640,1.8,11,-5.5,196.1449262,59.36,639.25
441900,639,640.5,1.8,11,-5.5,195.7838321,59.36,639.75
442000,641,642.5,1.8,11,-5.5,195.9879657,59.35,641.75
442100,636,637.5,1.8,11,-5.5,195.8734255,59.34,636.75
442200,637.5,639,1.8,11,-5.5,195.9451033,59.34,638.25
442300,639,640.5,1.8,11,-5.5,196.0911474,59.33,639.75
442400,637.5,639,1.8,11,-5.5,196.2702979,59.32,638.25
442500,638.5,640,1.8,11,-5.5,196.380985,59.31,639.25
442600,637.5,639,1.8,11,-5.5,196.340791,59.3,638.25
442700,633,634.5,1.8,11,-5.5,195.8400562,59.3,633.75
442800,636.5,638,1.8,11,-5.5,195.9163473,59.29,637.25
442900,637,638.5,1.8,11,-5.5,195.9471818,59.28,637.75
443000,635.5,637,1.8,11,-5.5,195.8877632,59.28,636.25
443100,637,638.5,1.8,11,-5.5,196.0612247,59.27,637.75
443200,639,640.5,1.8,11,-5.5,196.0837118,59.26,639.75
443300,639,640.5,1.8,11,-5.5,196.233552,59.25,639.75
443400,636,637.5,1.8,11,-5.5,196.121858,59.24,636.75
443500,635.5,637.5,1.8,11,-5.5,196.2250241,59.24,636.5
443600,638.5,640,1.8,11,-5.5,196.2327762,59.23,639.25
443700,638.5,640,1.8,11,-5.5,196.2356723,59.22,639.25
443800,640,641.5,1.8,11,-5.5,196.3510378,59.22,640.75
443900,641,642.5,1.8,11,-5.5,196.278852,59.21,641.75
444000,637,638.5,1.8,11,-5.5,196.0554237,59.2,637.75
444100,639.5,641,1.8,11,-5.5,196.112142,59.19,640.25
444200,641,642.5,1.8,11,-5.5,196.1887837,59.18,641.75
444300,639,640.5,1.8,11,-5.5,195.9789658,59.18,639.75
444400,636.5,638,1.8,11,-5.5,195.7597399,59.17,637.25
444500,637,638.5,1.8,11,-5.5,195.7987244,59.16,637.75
444600,637,638.5,1.8,11,-5.5,196.0454567,59.16,637.75
444700,636.5,638,1.8,11,-5.5,195.9716644,59.15,637.25
444800,631,632.5,1.8,11,-5.5,195.7462193,59.14,631.75
444900,635,636.5,1.8,11,-5.5,195.8853706,59.13,635.75
445000,634.5,636,1.8,11,-5.5,195.7772496,59.12,635.25
445100,633,634.5,1.8,11,-5.5,195.7224525,59.12,633.75
445200,635.5,637,1.8,11,-5.5,195.9500896,59.11,636.25
445300,637,638.5,1.8,11,-5.5,196.0539752,59.1,637.75
445400,634,635.5,1.8,11,-5.5,195.9102123,59.1,634.75
445500,637,638.5,1.8,11,-5.5,195.9942457,59.09,637.75
445600,635.5,637,1.8,11,-5.5,195.8158783,59.08,636.25
445700,630,631.5,1.8,11,-5.5,195.4998092,59.07,630.75
445800,629.5,631,1.8,11,-5.5,195.214496,59.06,630.25
445900,629,630.5,1.8,11,-5.5,195.2787135,59.06,629.75
446000,628,629.5,1.8,11,-5.5,195.2224037,59.05,628.75
446100,629.5,631,1.8,11,-5.5,195.3301378,59.04,630.25
446200,632,633.5,1.8,11,-5.5,195.3689743,59.04,632.75
446300,629.5,631,1.8,11,-5.5,195.2473345,59.03,630.25
446400,630,631.5,1.8,11,-5.5,195.1087238,59.02,630.75
446500,628,629.5,1.8,11,-5.5,194.9997291,59.01,628.75
446600,631,632.5,1.8,11,-5.5,195.4537492,59,631.75
446700,629.5,631,1.8,11,-5.5,195.530383,59,630.25
446800,628.5,630,1.8,11,-5.5,195.854795,58.99,629.25
446900,631,632.5,1.8,11,-5.5,195.9146638,58.98,631.75
447000,626,627.5,1.8,11,-5.5,195.8108431,58.98,626.75
447100,629,630.5,1.8,11,-5.5,196.0442174,58.97,629.75
447200,627,628.5,1.8,11,-5.5,196.0357085,58.96,627.75
447300,629.5,631,1.8,11,-5.5,196.1809985,58.95,630.25
447400,629,630.5,1.8,11,-5.5,196.3068019,58.94,629.75
447500,624.5,626,1.8,11,-5.5,196.2237657,58.94,625.25
447600,623,624.5,1.8,11,-5.5,196.086855,58.93,623.75
447700,622.5,624,1.8,11,-5.5,195.8878059,58.92,623.25
447800,616.5,618,1.8,11,-5.5,195.5607306,58.92,617.25
447900,613.5,615,1.8,11,-5.5,195.2630618,58.91,614.25
448000,610,611.5,1.8,11,-5.5,195.1967076,58.9,610.75
448100,609.5,611,1.8,11,-5.5,195.0849144,58.89,610.25
448200,606,607.5,1.8,11,-5.5,194.88406,58.88,606.75
448300,604.5,606,1.8,11,-5.5,194.8553642,58.88,605.25
448400,605,606.5,1.8,11,-5.5,195.1216645,58.87,605.75
448500,607.5,609,1.8,11,-5.5,195.2246254,58.86,608.25
448600,611.5,613,1.8,11,-5.5,195.4075305,58.86,612.25
448700,606.5,608,1.8,11,-5.5,195.3567424,58.85,607.25
448800,603,604.5,1.8,11,-5.5,195.2478537,58.84,603.75
448900,606.5,608,1.8,11,-5.5,195.5384345,58.83,607.25
449000,610,611.5,1.8,11,-5.5,195.653204,58.82,610.75
449100,610,611.5,1.8,11,-5.5,195.5522343,58.82,610.75
449200,608,609.5,1.8,11,-5.5,195.2705738,58.81,608.75
449300,606,607.5,1.8,11,-5.5,195.2966098,58.8,606.75
449400,609.5,611,1.8,11,-5.5,195.5928554,58.8,610.25
449500,611.5,613,1.8,11,-5.5,195.6867338,58.79,612.25
449600,613,614.5,1.8,11,-5.5,195.8699612,58.78,613.75
449700,614.5,616,1.8,11,-5.5,196.0815523,58.77,615.25
449800,612.5,614,1.8,11,-5.5,196.1302102,58.76,613.25
449900,609.5,611,1.8,11,-5.5,196.189775,58.76,610.25
450000,610.5,612,1.8,11,-5.5,196.0381914,58.75,611.25
450100,607.5,609,1.8,11,-5.5,195.9156385,58.74,608.25
450200,606,607.5,1.8,11,-5.5,195.8736635,58.74,606.75
450300,603,604.5,1.8,11,-5.5,195.7835633,58.73,603.75
450400,607.5,609,1.8,11,-5.5,195.7864543,58.72,608.25
450500,607.5,609,1.8,11,-5.5,195.9214499,58.71,608.25
450600,607,608.5,1.8,11,-5.5,195.8218395,58.7,607.75
450700,608.5,610,1.8,11,-5.5,195.8836615,58.7,609.25
450800,609.5,611,1.8,11,-5.5,195.9214501,58.69,610.25
450900,607,608.5,1.8,11,-5.5,195.9106955,58.68,607.75
451000,605,606.5,1.8,11,-5.5,195.9073295,58.68,605.75
451100,605.5,607,1.8,11,-5.5,195.8481792,58.67,606.25
451200,607.5,609,1.8,11,-5.5,195.9413097,58.66,608.25
451300,611,612.5,1.8,11,-5.5,196.1412559,58.65,611.75
451400,610.5,612,1.8,11,-5.5,196.0336034,58.64,611.25
451500,613,614.5,1.8,11,-5.5,196.2485435,58.64,613.75
451600,614,615.5,1.8,11,-5.5,196.6238166,58.63,614.75
451700,609.5,611,1.8,11,-5.5,196.3517025,58.62,610.25
451800,610.5,612,1.8,11,-5.5,196.3581849,58.62,611.25
451900,611,612.5,1.8,11,-5.5,196.5855339,58.61,611.75
452000,612.5,614,1.8,11,-5.5,196.6199298,58.6,613.25
452100,611.5,613,1.8,11,-5.5,196.286647,58.59,612.25
452200,613,614.5,1.8,11,-5.5,196.29704,58.58,613.75
452300,613,614.5,1.8,11,-5.5,196.2663419,58.58,613.75
452400,610.5,612,1.8,11,-5.5,195.8077474,58.57,611.25
452500,610.5,612,1.8,11,-5.5,195.595547,58.56,611.25
452600,608,609.5,1.8,11,-5.5,195.6593786,58.56,608.75
452700,608,609.5,1.8,11,-5.5,195.6729145,58.55,608.75
452800,610.5,612,1.8,11,-5.5,195.715156,58.54,611.25
452900,609.5,611,1.8,11,-5.5,195.7034559,58.53,610.25
453000,609,610.5,1.8,11,-5.5,195.6805897,58.52,609.75
453100,611.5,613,1.8,11,-5.5,195.7751766,58.52,612.25
453200,611,613,1.8,11,-5.5,195.5781894,58.51,612
453300,612.5,614,1.8,11,-5.5,195.9155022,58.5,613.25
453400,613.5,615,1.8,11,-5.5,196.1728573,58.5,614.25
453500,614.5,616,1.8,11,-5.5,196.1644703,58.49,615.25
453600,611.5,613,1.8,11,-5.5,195.9003142,58.48,612.25
453700,615,616.5,1.8,11,-5.5,196.1133598,58.47,615.75
453800,615,617,1.8,11,-5.5,195.9369074,58.46,616
453900,612,613.5,1.8,11,-5.5,195.6022856,58.46,612.75
454000,613,614.5,1.8,11,-5.5,195.6425358,58.45,613.75
454100,610.5,612,1.8,11,-5.5,195.3780509,58.44,611.25
454200,610,611.5,1.8,11,-5.5,195.0276245,58.44,610.75
454300,609,610.5,1.8,11,-5.5,195.020593,58.43,609.75
454400,609.5,611,1.8,11,-5.5,195.00585,58.42,610.25
454500,606.5,608,1.8,11,-5.5,194.8933519,58.41,607.25
454600,607,608.5,1.8,11,-5.5,194.9288509,58.4,607.75
454700,604,605.5,1.8,11,-5.5,194.8697769,58.4,604.75
454800,604,605.5,1.8,11,-5.5,194.6133538,58.39,604.75
454900,602.5,604,1.8,11,-5.5,194.5281006,58.38,603.25
455000,601.5,603,1.8,11,-5.5,194.5411964,58.38,602.25
455100,598.5,600,1.8,11,-5.5,194.3630184,58.37,599.25
455200,601,602.5,1.8,11,-5.5,194.4119427,58.36,601.75
455300,600.5,602,1.8,11,-5.5,194.370911,58.35,601.25
455400,598,599.5,1.8,11,-5.5,194.703134,58.34,598.75
455500,599.5,601,1.8,11,-5.5,194.9214595,58.34,600.25
455600,598.5,600,1.8,11,-5.5,195.0235081,58.33,599.25
455700,601.5,603,1.8,11,-5.5,195.1421901,58.32,602.25
455800,601.5,603.5,1.8,11,-5.5,195.0893203,58.32,602.5
455900,601.5,603.5,1.8,11,-5.5,195.2085259,58.31,602.5
456000,604,605.5,1.8,11,-5.5,195.4629811,58.3,604.75
456100,607,608.5,1.8,11,-5.5,195.4844004,58.29,607.75
456200,605.5,607,1.8,11,-5.5,195.6198861,58.28,606.25
456300,609.5,611,1.8,11,-5.5,195.7377628,58.28,610.25
456400,609.5,611,1.8,11,-5.5,195.7252537,58.27,610.25
456500,607.5,609,1.8,11,-5.5,195.455416,58.26,608.25
456600,606,607.5,1.8,11,-5.5,195.4538186,58.26,606.75
456700,603.5,605,1.8,11,-5.5,195.4160619,58.25,604.25
456800,605,606.5,1.8,11,-5.5,195.5824543,58.24,605.75
456900,607,608.5,1.8,11,-5.5,195.6510386,58.23,607.75
457000,607.5,609,1.8,11,-5.5,195.529345,58.22,608.25
457100,606.5,608,1.8,11,-5.5,195.4449506,58.22,607.25
457200,602,603.5,1.8,11,-5.5,195.3728518,58.21,602.75
457300,600,601.5,1.8,11,-5.5,195.1906419,58.2,600.75
457400,597.5,599,1.8,11,-5.5,195.1468353,58.2,598.25
457500,595.5,597,1.8,11,-5.5,195.080366,58.19,596.25
457600,594,595.5,1.8,11,-5.5,195.0374462,58.18,594.75
457700,593,594.5,1.8,11,-5.5,195.211101,58.17,593.75
457800,592,593.5,1.8,11,-5.5,194.8530342,58.16,592.75
457900,592.5,594,1.8,11,-5.5,194.9485805,58.16,593.25
458000,595,596.5,1.8,11,-5.5,195.0022772,58.15,595.75
458100,595,596.5,1.8,11,-5.5,195.0503287,58.14,595.75
458200,595.5,597,1.8,11,-5.5,195.0859539,58.14,596.25
458300,592.5,594,1.8,11,-5.5,194.8599458,58.13,593.25
458400,594,595.5,1.8,11,-5.5,194.9346998,58.12,594.75
458500,591,592.5,1.8,11,-5.5,194.8849936,58.11,591.75
458600,589,590.5,1.8,11,-5.5,194.5638247,58.1,589.75
458700,587.5,589,1.8,11,-5.5,194.5395745,58.1,588.25
458800,588,589.5,1.8,11,-5.5,194.7602938,58.09,588.75
458900,588,589.5,1.8,11,-5.5,194.7328941,58.08,588.75
459000,589,590.5,1.8,11,-5.5,194.9770057,58.08,589.75
459100,589.5,591,1.8,11,-5.5,195.0200791,58.07,590.25
459200,589.5,591,1.8,11,-5.5,194.96263,58.06,590.25
459300,587.5,589,1.8,11,-5.5,194.9645869,58.05,588.25
459400,586.5,588,1.8,11,-5.5,194.6750996,58.04,587.25
459500,590,591.5,1.8,11,-5.5,194.9317785,58.04,590.75
459600,590.5,592,1.8,11,-5.5,194.9132361,58.03,591.25
459700,594.5,596,1.8,11,-5.5,194.9575897,58.02,595.25
459800,601,602.5,1.8,11,-5.5,195.0209783,58.02,601.75
459900,596,597.5,1.8,11,-5.5,194.9391768,58.01,596.75
460000,600,601.5,1.8,11,-5.5,195.1981909,58,600.75
460100,597.5,599,1.8,11,-5.5,195.1582203,57.99,598.25
460200,598,599.5,1.8,11,-5.5,195.2491682,57.98,598.75
460300,601,602.5,1.8,11,-5.5,195.516396,57.98,601.75
460400,601,602.5,1.8,11,-5.5,195.1846765,57.97,601.75
460500,601.5,603,1.8,11,-5.5,195.1488344,57.96,602.25
460600,601.5,603,1.8,11,-5.5,195.1079654,57.96,602.25
460700,604.5,606,1.8,11,-5.5,195.321359,57.95,605.25
460800,600.5,602,1.8,11,-5.5,195.3316896,57.94,601.25
460900,601,602.5,1.8,11,-5.5,195.6359381,57.93,601.75
461000,603,604.5,1.8,11,-5.5,195.7474794,57.92,603.75
461100,602,603.5,1.8,11,-5.5,195.5901662,57.92,602.75
461200,607,608.5,1.8,11,-5.5,195.6324119,57.91,607.75
461300,603,604.5,1.8,11,-5.5,195.4242974,57.9,603.75
461400,599.5,601,1.8,11,-5.5,195.1816575,57.9,600.25
461500,600.5,602,1.8,11,-5.5,195.3184527,57.89,601.25
461600,601.5,603,1.8,11,-5.5,195.2867006,57.88,602.25
461700,605,606.5,1.8,11,-5.5,195.3879796,57.87,605.75
461800,605,606.5,1.8,11,-5.5,194.9828075,57.86,605.75
461900,606.5,608,1.8,11,-5.5,195.1088099,57.86,607.25
462000,609.5,611,1.8,11,-5.5,195.3440431,57.85,610.25
462100,608.5,610,1.8,11,-5.5,195.2529013,57.84,609.25
462200,608.5,610,1.8,11,-5.5,195.0906633,57.84,609.25
462300,612.5,614,1.8,11,-5.5,195.2921237,57.83,613.25
462400,611.5,613,1.8,11,-5.5,195.3447412,57.82,612.25
462500,608,609.5,1.8,11,-5.5,194.8756405,57.81,608.75
462600,611.5,613,1.8,11,-5.5,194.9899873,57.8,612.25
462700,609,610.5,1.8,11,-5.5,194.8266063,57.8,609.75
462800,605.5,607,1.8,11,-5.5,194.6929526,57.79,606.25
462900,609,610.5,1.8,11,-5.5,194.9167739,57.78,609.75
463000,607.5,609,1.8,11,-5.5,194.8412717,57.78,608.25
463100,605.5,607,1.8,11,-5.5,195.0068011,57.77,606.25
463200,602.5,604,1.8,11,-5.5,194.8239559,57.76,603.25
463300,603.5,605,1.8,11,-5.5,194.6802984,57.75,604.25
463400,607.5,609,1.8,11,-5.5,194.7795692,57.74,608.25
463500,609.5,611,1.8,11,-5.5,195.0916272,57.74,610.25
463600,610,611.5,1.8,11,-5.5,195.1162596,57.73,610.75
463700,612.5,614,1.8,11,-5.5,195.1285431,57.72,613.25
463800,611,612.5,1.8,11,-5.5,195.3361976,57.72,611.75
463900,617,618.5,1.8,11,-5.5,195.7770818,57.71,617.75
464000,617,619,1.8,11,-5.5,195.845684,57.7,618
464100,617,618.5,1.8,11,-5.5,195.9009458,57.69,617.75
464200,618,619.5,1.8,11,-5.5,195.9821221,57.68,618.75
464300,619.5,621,1.8,11,-5.5,196.0096038,57.68,620.25
464400,621,622.5,1.8,11,-5.5,196.0451691,57.67,621.75
464500,618.5,620,1.8,11,-5.5,196.0246687,57.66,619.25
464600,619,620.5,1.8,11,-5.5,196.0306731,57.66,619.75
464700,615.5,617,1.8,11,-5.5,195.8341208,57.65,616.25
464800,611.5,613,1.8,11,-5.5,195.4911063,57.64,612.25
464900,610,611.5,1.8,11,-5.5,195.5674615,57.63,610.75
465000,612.5,614,1.8,11,-5.5,195.6957779,57.62,613.25
465100,615,616.5,1.8,11,-5.5,195.8628261,57.62,615.75
465200,618,619.5,1.8,11,-5.5,196.0649648,57.61,618.75
465300,616,617.5,1.8,11,-5.5,196.2971051,57.6,616.75
465400,619,620.5,1.8,11,-5.5,196.307453,57.6,619.75
465500,619.5,621,1.8,11,-5.5,196.1954782,57.59,620.25
465600,618.5,620,1.8,11,-5.5,196.1555428,57.58,619.25
465700,621.5,623,1.8,11,-5.5,196.4085717,57.57,622.25
465800,617.5,619,1.8,11,-5.5,196.3222439,57.56,618.25
465900,620,621.5,1.8,11,-5.5,196.5619508,57.56,620.75
466000,618,619.5,1.8,11,-5.5,196.451385,57.55,618.75
466100,617.5,619,1.8,11,-5.5,196.5351061,57.54,618.25
466200,614,615.5,1.8,11,-5.5,196.424985,57.54,614.75
466300,618,619.5,1.8,11,-5.5,196.6240516,57.53,618.75
466400,616.5,618,1.8,11,-5.5,196.4965455,57.52,617.25
466500,615.5,617,1.8,11,-5.5,196.2828724,57.51,616.25
466600,616,617.5,1.8,11,-5.5,196.3682935,57.5,616.75
466700,613,614.5,1.8,11,-5.5,196.0295906,57.5,613.75
466800,610.5,612,1.8,11,-5.5,196.0109926,57.49,611.25
466900,615.5,617,1.8,11,-5.5,196.2613351,57.48,616.25
467000,615.5,617,1.8,11,-5.5,196.5350666,57.48,616.25
467100,615.5,617,1.8,11,-5.5,196.6114093,57.47,616.25
467200,617,618.5,1.8,11,-5.5,196.7646732,57.46,617.75
467300,614.5,616,1.8,11,-5.5,196.53521,57.45,615.25
467400,618,619.5,1.8,11,-5.5,196.70138,57.44,618.75
467500,619,620.5,1.8,11,-5.5,196.9520729,57.44,619.75
467600,617,618.5,1.8,11,-5.5,196.7714453,57.43,617.75
467700,616,617.5,1.8,11,-5.5,196.6647491,57.42,616.75
467800,617.5,619,1.8,11,-5.5,196.4298225,57.42,618.25
467900,618,619.5,1.8,11,-5.5,196.4430481,57.41,618.75
468000,617,618.5,1.8,11,-5.5,196.4352472,57.4,617.75
468100,619,620.5,1.8,11,-5.5,196.5142333,57.39,619.75
468200,621.5,623,1.8,11,-5.5,196.8266182,57.38,622.25
468300,625.5,627,1.8,11,-5.5,197.163248,57.38,626.25
468400,627,628.5,1.8,11,-5.5,197.260097,57.37,627.75
468500,627,628.5,1.8,11,-5.5,197.2191858,57.36,627.75
468600,629,630.5,1.8,11,-5.5,197.2818862,57.36,629.75
468700,629,630.5,1.8,11,-5.5,197.4437864,57.35,629.75
468800,629,630.5,1.8,11,-5.5,197.6784652,57.34,629.75
468900,629,630.5,1.8,11,-5.5,197.6176511,57.33,629.75
469000,627,628.5,1.8,11,-5.5,197.5815881,57.32,627.75
469100,627,628.5,1.8,11,-5.5,197.4017372,57.32,627.75
469200,624,625.5,1.8,11,-5.5,197.1512448,57.31,624.75
469300,622,623.5,1.8,11,-5.5,196.9698375,57.3,622.75
469400,623.5,625,1.8,11,-5.5,197.0239545,57.3,624.25
469500,630.5,632,1.8,11,-5.5,197.3356573,57.29,631.25
469600,628,629.5,1.8,11,-5.5,197.0474479,57.28,628.75
469700,627,628.5,1.8,11,-5.5,196.8541928,57.27,627.75
469800,627,628.5,1.8,11,-5.5,196.9047546,57.26,627.75
469900,629.5,631,1.8,11,-5.5,196.9534562,57.26,630.25
470000,632.5,634,1.8,11,-5.5,197.0021727,57.25,633.25
470100,631,632.5,1.8,11,-5.5,196.9981687,57.24,631.75
470200,632.5,634,1.8,11,-5.5,197.1693998,57.24,633.25
470300,635,636.5,1.8,11,-5.5,197.0657709,57.23,635.75
470400,632,633.5,1.8,11,-5.5,197.1164006,57.22,632.75
470500,633.5,635,1.8,11,-5.5,197.2069859,57.21,634.25
470600,631.5,633,1.8,11,-5.5,196.9944238,57.2,632.25
470700,630.5,632,1.8,11,-5.5,196.7251411,57.2,631.25
470800,633.5,635,1.8,11,-5.5,196.9516793,57.19,634.25
470900,634,635.5,1.8,11,-5.5,196.9542265,57.18,634.75
471000,632,633.5,1.8,11,-5.5,196.8275431,57.18,632.75
471100,629,630.5,1.8,11,-5.5,196.686603,57.17,629.75
471200,628,629.5,1.8,11,-5.5,196.5986377,57.16,628.75
471300,629,630.5,1.8,11,-5.5,196.5002058,57.15,629.75
471400,628.5,630,1.8,11,-5.5,196.3859341,57.14,629.25
471500,628.5,630,1.8,11,-5.5,196.7183052,57.14,629.25
471600,627.5,629,1.8,11,-5.5,196.6078331,57.13,628.25
471700,624.5,626,1.8,11,-5.5,196.419165,57.12,625.25
471800,622,623.5,1.8,11,-5.5,196.1930602,57.12,622.75
471900,621.5,623,1.8,11,-5.5,196.3272547,57.11,622.25
472000,621.5,623,1.8,11,-5.5,196.348927,57.1,622.25
472100,622.5,624,1.8,11,-5.5,196.5446941,57.09,623.25
472200,622,623.5,1.8,11,-5.5,196.6285219,57.08,622.75
472300,623.5,625,1.8,11,-5.5,196.6899578,57.08,624.25
472400,624.5,626,1.8,11,-5.5,197.0772439,57.07,625.25
472500,625,626.5,1.8,11,-5.5,197.0489491,57.06,625.75
472600,627,628.5,1.8,11,-5.5,197.0504503,57.06,627.75
472700,630.5,632,1.8,11,-5.5,197.3246368,57.05,631.25
472800,632.5,634,1.8,11,-5.5,197.4429098,57.04,633.25
472900,628.5,630,1.8,11,-5.5,197.19555,57.03,629.25
473000,625,626.5,1.8,11,-5.5,196.8922363,57.02,625.75
473100,627.5,629,1.8,11,-5.5,196.9707793,57.02,628.25
473200,626.5,628,1.8,11,-5.5,196.8829244,57.01,627.25
473300,628,629.5,1.8,11,-5.5,196.9970665,57,628.75
473400,626.5,628,1.8,11,-5.5,196.9306818,57,627.25
473500,626,627.5,1.8,11,-5.5,196.8709819,56.99,626.75
473600,630,631.5,1.8,11,-5.5,197.0799032,56.98,630.75
473700,633.5,635,1.8,11,-5.5,197.2494996,56.97,634.25
473800,637.5,639,1.8,11,-5.5,197.2802273,56.96,638.25
473900,640.5,642,1.8,11,-5.5,197.3300361,56.96,641.25
474000,640,641.5,1.8,11,-5.5,197.0145263,56.95,640.75
474100,641,642.5,1.8,11,-5.5,197.1868799,56.94,641.75
474200,639,640.5,1.8,11,-5.5,196.9716149,56.94,639.75
474300,640,641.5,1.8,11,-5.5,197.0863802,56.93,640.75
474400,640,641.5,1.8,11,-5.5,196.7521512,56.92,640.75
474500,639.5,641.5,1.8,11,-5.5,196.7605987,56.91,640.5
474600,644,645.5,1.8,11,-5.5,197.0500039,56.9,644.75
474700,641.5,643,1.8,11,-5.5,196.7972595,56.9,642.25
474800,646,647.5,1.8,11,-5.5,197.1114257,56.89,646.75
474900,642.5,644,1.8,11,-5.5,196.8870786,56.88,643.25
475000,639.5,641,1.8,11,-5.5,196.5582073,56.88,640.25
475100,639.5,641,1.8,11,-5.5,196.5825557,56.87,640.25
475200,639.5,641,1.8,11,-5.5,196.8143419,56.86,640.25
475300,639.5,641,1.8,11,-5.5,196.8198309,56.85,640.25
475400,640,641.5,1.8,11,-5.5,196.875459,56.84,640.75
475500,637.5,639,1.8,11,-5.5,196.7226099,56.84,638.25
475600,634.5,636,1.8,11,-5.5,196.4587221,56.83,635.25
475700,639,640.5,1.8,11,-5.5,196.5626531,56.82,639.75
475800,637,638.5,1.8,11,-5.5,196.3903404,56.82,637.75
475900,637,638.5,1.8,11,-5.5,196.1940099,56.81,637.75
476000,637,638.5,1.8,11,-5.5,196.2647898,56.8,637.75
476100,640,641.5,1.8,11,-5.5,196.218085,56.79,640.75
476200,646,647.5,1.8,11,-5.5,196.6216074,56.78,646.75
476300,645,646.5,1.8,11,-5.5,196.5239117,56.78,645.75
476400,648,649.5,1.8,11,-5.5,196.5814982,56.77,648.75
476500,646,647.5,1.8,11,-5.5,196.4290402,56.76,646.75
476600,648,649.5,1.8,11,-5.5,196.33004,56.76,648.75
476700,649,650.5,1.8,11,-5.5,196.2471978,56.75,649.75
476800,648,649.5,1.8,11,-5.5,195.7561782,56.74,648.75
476900,650.5,652,1.8,11,-5.5,195.8245272,56.73,651.25
477000,654.5,656,1.8,11,-5.5,196.0970476,56.72,655.25
477100,660,661.5,1.8,11,-5.5,196.0260914,56.72,660.75
477200,655,656.5,1.8,11,-5.5,195.6284172,56.71,655.75
477300,653.5,655,1.8,11,-5.5,195.4616612,56.7,654.25
477400,651,652.5,1.8,11,-5.5,195.3363439,56.7,651.75
477500,648.5,650,1.8,11,-5.5,195.2045961,56.69,649.25
477600,647.5,649,1.8,11,-5.5,195.1276914,56.68,648.25
477700,645.5,647,1.8,11,-5.5,194.9011986,56.67,646.25
477800,643.5,645,1.8,11,-5.5,194.8453978,56.66,644.25
477900,646.5,648,1.8,11,-5.5,194.8820289,56.66,647.25
478000,644.5,646,1.8,11,-5.5,194.6943129,56.65,645.25
478100,651.5,653,1.8,11,-5.5,195.1494117,56.64,652.25
478200,647,648.5,1.8,11,-5.5,194.8846114,56.64,647.75
478300,647,648.5,1.8,11,-5.5,195.0676393,56.63,647.75
478400,646,647.5,1.8,11,-5.5,194.8665912,56.62,646.75
478500,643.5,645,1.8,11,-5.5,194.8301424,56.61,644.25
478600,640.5,642,1.8,11,-5.5,194.5248654,56.6,641.25
478700,638.5,640,1.8,11,-5.5,194.2318359,56.6,639.25
478800,637.5,639,1.8,11,-5.5,194.3779379,56.59,638.25
478900,637,638.5,1.8,11,-5.5,194.3791961,56.58,637.75
479000,632,633.5,1.8,11,-5.5,194.3688701,56.58,632.75
479100,633.5,635,1.8,11,-5.5,194.5177332,56.57,634.25
479200,632,633.5,1.8,11,-5.5,194.4840069,56.56,632.75
479300,627,628.5,1.8,11,-5.5,194.2338044,56.55,627.75
479400,623.5,625,1.8,11,-5.5,194.120274,56.54,624.25
479500,622,623.5,1.8,11,-5.5,194.1286054,56.54,622.75
479600,622,623.5,1.8,11,-5.5,194.6015584,56.53,622.75
479700,621,622.5,1.8,11,-5.5,194.4331317,56.52,621.75
479800,622,623.5,1.8,11,-5.5,194.2588123,56.52,622.75
479900,624,625.5,1.8,11,-5.5,194.4361831,56.51,624.75
480000,628,629.5,1.8,11,-5.5,194.457658,56.5,628.75
480100,625.5,627,1.8,11,-5.5,194.2814547,56.49,626.25
480200,624,625.5,1.8,11,-5.5,194.2810157,56.48,624.75
480300,623,624.5,1.8,11,-5.5,194.0988552,56.48,623.75
480400,621.5,623,1.8,11,-5.5,194.0319781,56.47,622.25
480500,619.5,621,1.8,11,-5.5,193.8984728,56.46,620.25
480600,624,625.5,1.8,11,-6,194.0464798,56.46,624.75
480700,622,623.5,1.8,11,-6,193.7423377,56.45,622.75
480800,622.5,624,1.8,11,-6,193.8780501,56.44,623.25
480900,620,621.5,1.8,11,-6,193.8658199,56.43,620.75
481000,624,625.5,1.8,11,-6,193.9493882,56.42,624.75
481100,620,621.5,1.8,11,-6,193.8001839,56.42,620.75
481200,621,622.5,1.8,11,-6,193.858831,56.41,621.75
481300,621,622.5,1.8,11,-6,194.0021474,56.4,621.75
481400,616.5,618,1.8,11,-6,193.6739023,56.4,617.25
481500,617.5,619,1.8,11,-6,193.6384636,56.39,618.25
481600,618,619.5,1.8,11,-6,193.6377061,56.38,618.75
481700,621,622.5,1.8,11,-6,193.709613,56.37,621.75
481800,622,623.5,1.8,11,-6,193.5478305,56.36,622.75
481900,620,621.5,1.8,11,-6,193.424384,56.36,620.75
482000,619.5,621,1.8,11,-6,193.4196568,56.35,620.25
482100,619.5,621,1.8,11,-6,193.5642013,56.34,620.25
482200,616,617.5,1.8,11,-6,193.3010178,56.34,616.75
482300,614.5,616,1.8,11,-6,193.3643975,56.33,615.25
482400,614.5,616.5,1.8,11,-6,193.3691911,56.32,615.5
482500,620.5,622,1.8,11,-6,193.4988813,56.31,621.25
482600,621.5,623,1.8,11,-6,193.7012162,56.3,622.25
482700,621.5,623,1.8,11,-6,193.6783249,56.3,622.25
482800,621.5,623,1.8,11,-6,193.8380043,56.29,622.25
482900,623.5,625,1.8,11,-6,193.9605838,56.28,624.25
483000,623,624.5,1.8,11,-6,193.8717943,56.28,623.75
483100,621.5,623,1.8,11,-6,193.846053,56.27,622.25
483200,620,621.5,1.8,11,-6,193.6311548,56.26,620.75
483300,618.5,620,1.8,11,-6,193.4857808,56.25,619.25
483400,617.5,619,1.8,11,-6,193.3688605,56.24,618.25
483500,613.5,615,1.8,11,-6,193.2763278,56.24,614.25
483600,611,612.5,1.8,11,-6,193.12955,56.23,611.75
483700,608.5,610,1.8,11,-6,193.0245707,56.22,609.25
483800,608,609.5,1.8,11,-6,192.8332982,56.22,608.75
483900,606.5,608,1.8,11,-6,192.7617403,56.21,607.25
484000,606.5,608,1.8,11,-6,192.9463209,56.2,607.25
484100,606.5,608,1.8,11,-6,193.5159806,56.19,607.25
484200,611,612.5,1.8,11,-6,193.6286542,56.18,611.75
484300,614.5,616,1.8,11,-6,193.6406091,56.18,615.25
484400,613.5,615,1.8,11,-6,193.1507834,56.17,614.25
484500,613.5,615,1.8,11,-6,192.9137356,56.16,614.25
484600,615.5,617,1.8,11,-6,192.9622431,56.16,616.25
484700,616,617.5,1.8,11,-6,193.1995723,56.15,616.75
484800,615,616.5,1.8,11,-6,193.1070569,56.14,615.75
484900,612.5,614,1.8,11,-6,192.8592023,56.13,613.25
485000,615,616.5,1.8,11,-6,192.892775,56.12,615.75
485100,614.5,616,1.8,11,-6,192.7251976,56.12,615.25
485200,617,618.5,1.8,11,-6,192.7366472,56.11,617.75
485300,618,619.5,1.8,11,-6,192.8942711,56.1,618.75
485400,616.5,618,1.8,11,-6,192.7759033,56.1,617.25
485500,618.5,620,1.8,11,-6,192.9287579,56.09,619.25
485600,619,620.5,1.8,11,-6,193.1619746,56.08,619.75
485700,621.5,623,1.8,11,-6,193.3230118,56.07,622.25
485800,620.5,622,1.8,11,-6,193.4362599,56.06,621.25
485900,624.5,626,1.8,11,-6,193.7059955,56.06,625.25
486000,624,626,1.8,11,-6,193.7088125,56.05,625
486100,623,624.5,1.8,11,-6,193.4452043,56.04,623.75
486200,624,625.5,1.8,11,-6,193.8001493,56.04,624.75
486300,624,625.5,1.8,11.5,-6,194.1077083,56.03,624.75
486400,624.5,626,1.8,11.5,-6,194.0875848,56.02,625.25
486500,623,624.5,1.8,11.5,-6,194.0071077,56.01,623.75
486600,622,623.5,1.8,11.5,-6,193.6236315,56,622.75
486700,621,622.5,1.8,11.5,-6,193.6497653,56,621.75
486800,619,620.5,1.8,11.5,-6,193.5616796,55.99,619.75
486900,621,622.5,1.8,11.5,-6,193.6858056,55.98,621.75
487000,623,624.5,1.8,11.5,-6,193.7879792,55.98,623.75
487100,628,629.5,1.8,11.5,-6,194.0656542,55.97,628.75
487200,632,633.5,1.8,11.5,-6,194.2131389,55.96,632.75
487300,636,637.5,1.8,11.5,-6,194.3130675,55.95,636.75
487400,637.5,639,1.8,11.5,-6,194.4544996,55.94,638.25
487500,639,640.5,1.8,11.5,-6,194.6212127,55.94,639.75
487600,638,639.5,1.8,11.5,-6,194.4367971,55.93,638.75
487700,638.5,640,1.8,11.5,-6,194.7459485,55.92,639.25
487800,641,642.5,1.8,11.5,-6,194.968869,55.92,641.75
487900,643.5,645,1.8,11.5,-6,195.3534643,55.91,644.25
488000,640,641.5,1.8,11.5,-6,195.051327,55.9,640.75
488100,635.5,637,1.8,11.5,-6,194.9369205,55.89,636.25
488200,637,638.5,1.8,11.5,-6,195.263638,55.88,637.75
488300,632,633.5,1.8,11.5,-6,194.9480295,55.88,632.75
488400,634.5,636,1.8,11.5,-6,195.0959929,55.87,635.25
488500,630,631.5,1.8,11.5,-6,194.7777265,55.86,630.75
488600,633.5,635,1.8,11.5,-6,194.9649344,55.86,634.25
488700,632.5,634,1.8,11.5,-6,194.8592315,55.85,633.25
488800,632,634,1.8,11.5,-6,194.9174632,55.84,633
488900,629,630.5,1.8,11.5,-6,194.8212717,55.83,629.75
489000,630.5,632,1.8,11.5,-6,194.8756541,55.82,631.25
489100,631.5,633,1.8,11.5,-6,195.0834763,55.82,632.25
489200,632,633.5,1.8,11.5,-6,194.9495396,55.81,632.75
489300,629.5,631,1.8,11.5,-6,194.6427586,55.8,630.25
489400,628.5,630,1.8,11.5,-6,194.6979303,55.8,629.25
489500,632.5,634,1.8,11.5,-6,194.9515829,55.79,633.25
489600,636.5,638,1.8,11.5,-6,194.9807557,55.78,637.25
489700,638,639.5,1.8,11.5,-6,195.1395472,55.77,638.75
489800,637,638.5,1.8,11.5,-6,195.0111808,55.76,637.75
489900,638,639.5,1.8,11.5,-6,194.7731288,55.76,638.75
490000,636,637.5,1.8,11.5,-6,194.6609821,55.75,636.75
490100,637.5,639,1.8,11.5,-6,194.732355,55.74,638.25
490200,640,641.5,1.8,11.5,-6,194.8715229,55.74,640.75
490300,642.5,644,1.8,11.5,-6,195.0277179,55.73,643.25
490400,644,645.5,1.8,11.5,-6,195.3166664,55.72,644.75
490500,641,642.5,1.8,11.5,-6,195.2791416,55.71,641.75
490600,640,641.5,1.8,11.5,-6,195.2384398,55.7,640.75
490700,636.5,638,1.8,11.5,-6,194.9356768,55.7,637.25
490800,636.5,638,1.8,11.5,-6,194.7663933,55.69,637.25
490900,636.5,638,1.8,11.5,-6,194.7809838,55.68,637.25
491000,636.5,638,1.8,11.5,-6,194.5037766,55.68,637.25
491100,634,635.5,1.8,11.5,-6,194.0962047,55.67,634.75
491200,639.5,641,1.8,11.5,-6,194.1792979,55.66,640.25
491300,639.5,641,1.8,11.5,-6,194.0971289,55.65,640.25
491400,638,639.5,1.8,11.5,-6,194.2163748,55.64,638.75
491500,640.5,642,1.8,11.5,-6,194.3051753,55.64,641.25
491600,637,638.5,1.8,11.5,-6,194.1966755,55.63,637.75
491700,637,639,1.8,11.5,-6,194.1321531,55.62,638
491800,636.5,638,1.8,11.5,-6,194.0214401,55.62,637.25
491900,638,639.5,1.8,11.5,-6,194.2512897,55.61,638.75
492000,639.5,641,1.8,11.5,-6,194.1255421,55.6,640.25
492100,643,644.5,1.8,11.5,-6,194.2698543,55.59,643.75
492200,639,640.5,1.8,11.5,-6,193.9101719,55.58,639.75
492300,644.5,646,1.8,11.5,-6,194.1314941,55.58,645.25
492400,646,647.5,1.8,11.5,-6,194.1560182,55.57,646.75
492500,652,653.5,1.8,11.5,-6,194.2738927,55.56,652.75
492600,654,655.5,1.8,11.5,-6,194.2894716,55.56,654.75
492700,654,655.5,1.8,11.5,-6,194.5209506,55.55,654.75
492800,659.5,661,1.8,11.5,-6,194.7046136,55.54,660.25
492900,658,659.5,1.8,11.5,-6,194.6515228,55.53,658.75
493000,660,661.5,1.8,11.5,-6,194.8832416,55.52,660.75
493100,661,662.5,1.8,11.5,-6,195.122228,55.52,661.75
493200,660,661.5,1.8,11.5,-6,194.890833,55.51,660.75
493300,658,659.5,1.8,11.5,-6,194.8876699,55.5,658.75
493400,658,659.5,1.8,11.5,-6,195.1151906,55.5,658.75
493500,660,661.5,1.8,11.5,-6,195.1504139,55.49,660.75
493600,663,664.5,1.8,11.5,-6,195.417341,55.48,663.75
493700,663,664.5,1.8,11.5,-6,195.6585731,55.47,663.75
493800,663,664.5,1.8,11.5,-6,195.3411063,55.46,663.75
493900,660.5,662,1.8,11.5,-6,195.3220033,55.46,661.25
494000,661,662.5,1.8,11.5,-6,195.2577482,55.45,661.75
494100,661,662.5,1.8,11.5,-6,195.4205688,55.44,661.75
494200,663,664.5,1.8,11.5,-6,195.5263909,55.44,663.75
494300,663.5,665,1.8,11.5,-6,195.3626341,55.43,664.25
494400,663,664.5,1.8,11.5,-6,195.3873755,55.42,663.75
494500,662,663.5,1.8,11.5,-6,195.3401138,55.41,662.75
494600,662,663.5,1.8,11.5,-6,195.0463126,55.4,662.75
494700,665,666.5,1.8,11.5,-6,195.1021571,55.4,665.75
494800,668.5,670,1.8,11.5,-6,195.4734213,55.39,669.25
494900,666.5,668,1.8,11.5,-6,195.4784966,55.38,667.25
495000,664.5,666,1.8,11.5,-6,195.4817532,55.38,665.25
495100,664,665.5,1.8,11.5,-6,195.4576122,55.37,664.75
495200,667,668.5,1.8,11.5,-6,195.6722654,55.36,667.75
495300,666.5,668,1.8,11.5,-6,195.4968487,55.35,667.25
495400,661.5,663,1.8,11.5,-6,195.3941797,55.34,662.25
495500,662,663.5,1.8,11.5,-6,195.467398,55.34,662.75
495600,663,664.5,1.8,11.5,-6,195.7259372,55.33,663.75
495700,660,661.5,1.8,11.5,-6,195.5834071,55.32,660.75
495800,659.5,661.5,1.8,11.5,-6,195.6227216,55.32,660.5
495900,664,665.5,1.8,11.5,-6,195.7970525,55.31,664.75
496000,666,667.5,1.8,11.5,-6,195.8845301,55.3,666.75
496100,668.5,670,1.8,11.5,-6,196.2626631,55.29,669.25
496200,674.5,676,1.8,11.5,-6,196.6001681,55.28,675.25
496300,680.5,682,1.8,11.5,-6,196.6098325,55.28,681.25
496400,681.5,683,1.8,11.5,-6,196.2697449,55.27,682.25
496500,681.5,683,1.8,11.5,-6,196.2062587,55.26,682.25
496600,682.5,684,1.8,11.5,-6,196.1300986,55.26,683.25
496700,681.5,683,1.8,11.5,-6,195.9324129,55.25,682.25
496800,681.5,683,1.8,11.5,-6,195.854041,55.24,682.25
496900,680,681.5,1.8,11.5,-6,195.7568254,55.23,680.75
497000,683,684.5,1.8,11.5,-6,196.1122129,55.22,683.75
497100,685.5,687,1.8,11.5,-6,196.3068315,55.22,686.25
497200,685,686.5,1.8,11.5,-6,196.369153,55.21,685.75
497300,683.5,685,1.8,11.5,-6,196.2283685,55.2,684.25
497400,679.5,681,1.8,11.5,-6,195.8264555,55.2,680.25
497500,673,674.5,1.8,11.5,-6,195.6372438,55.19,673.75
497600,673,674.5,1.8,11.5,-6,195.6771571,55.18,673.75
497700,672,673.5,1.8,11.5,-6,195.4243294,55.17,672.75
497800,670.5,672,1.8,11.5,-6,195.3696806,55.16,671.25
497900,669.5,671,1.8,11.5,-6,195.320487,55.16,670.25
498000,669.5,671,1.8,11.5,-6,195.2269159,55.15,670.25
498100,672,673.5,1.8,11.5,-6,195.2961359,55.14,672.75
498200,672,674,1.8,11.5,-6,195.1933128,55.14,673
498300,670,671.5,1.8,11.5,-6,195.1439115,55.13,670.75
498400,671.5,673,1.8,11.5,-6,195.5420147,55.12,672.25
498500,671.5,673,1.8,11.5,-6,195.3756279,55.11,672.25
498600,673.5,675,1.8,11.5,-6,195.3954508,55.1,674.25
498700,674.5,676,1.8,11.5,-6,195.5702588,55.1,675.25
498800,674.5,676,1.8,11.5,-6,195.4528328,55.09,675.25
498900,675.5,677,1.8,11.5,-6,195.4928865,55.08,676.25
499000,677.5,679,1.8,11.5,-6,195.6986155,55.08,678.25
499100,677.5,679,1.8,11.5,-6,195.7029227,55.07,678.25
499200,676.5,678,1.8,11.5,-6,195.6438189,55.06,677.25
499300,678,679.5,1.8,11.5,-6,195.7303425,55.05,678.75
499400,681.5,683,1.8,11.5,-6,196.1130627,55.04,682.25
499500,679.5,681,1.8,11.5,-6,195.9381567,55.04,680.25
499600,678,679.5,1.8,11.5,-6,195.6900833,55.03,678.75
499700,679,680.5,1.8,11.5,-6,195.9373602,55.02,679.75
499800,675.5,677,1.8,11.5,-6,195.6741354,55.02,676.25
499900,679,680.5,1.8,11.5,-6,195.936066,55.01,679.75
500000,676.5,678,1.8,11.5,-6,195.9137245,55,677.25
500100,682.5,684,1.8,11.5,-6,196.1284557,54.99,683.25
500200,685,686.5,1.8,11.5,-6,196.2289406,54.98,685.75
500300,685,686.5,1.8,11.5,-6,195.9746889,54.98,685.75
500400,690.5,692,1.8,11.5,-6,196.2236046,54.97,691.25
500500,695,696.5,1.8,11.5,-6,196.3986143,54.96,695.75
500600,697,698.5,1.8,11.5,-6,196.3359828,54.96,697.75
500700,699.5,701,1.8,11.5,-6,196.5481713,54.95,700.25
500800,701,702.5,1.8,11.5,-6,196.7444333,54.94,701.75
500900,701,702.5,1.8,11.5,-6,196.7510241,54.93,701.75
501000,699,700.5,1.8,11.5,-6,196.4206598,54.92,699.75
501100,700.5,702,1.8,11.5,-6,196.310795,54.92,701.25
501200,697,698.5,1.8,11.5,-6,196.0996337,54.91,697.75
501300,693.5,695,1.8,11.5,-6,195.8303468,54.9,694.25
501400,694.5,696,1.8,11.5,-6,196.1965631,54.9,695.25
501500,698.5,700,1.8,11.5,-6,196.5603113,54.89,699.25
501600,697.5,699,1.8,11.5,-6,196.4843026,54.88,698.25
501700,701.5,703,1.8,11.5,-6,196.7017828,54.87,702.25
501800,703,704.5,1.8,11.5,-6,196.5285587,54.86,703.75
501900,702.5,704,1.8,11.5,-6,196.4858981,54.86,703.25
502000,702,703.5,1.8,11.5,-6,196.3909839,54.85,702.75
502100,706.5,708,1.8,11.5,-6,196.4526263,54.84,707.25
502200,706.5,708.5,1.8,11.5,-6,195.9724589,54.84,707.5
502300,707.5,709,1.8,11.5,-6,196.0448887,54.83,708.25
502400,707,708.5,1.8,11.5,-6,196.1478517,54.82,707.75
502500,711,712.5,1.8,11.5,-6,196.2321718,54.81,711.75
502600,713,714.5,1.8,11.5,-6,196.1649261,54.8,713.75
502700,707.5,709,1.8,11.5,-6,195.9081209,54.8,708.25
502800,707.5,709.5,1.8,11.5,-6,195.8966207,54.79,708.5
502900,705.5,707,1.8,11.5,-6,195.8726778,54.78,706.25
503000,705,707,1.8,11.5,-6,195.8795081,54.78,706
503100,703,704.5,1.8,11.5,-6,195.8270907,54.77,703.75
503200,703,704.5,1.8,11.5,-6,196.1337541,54.76,703.75
503300,703,704.5,1.8,11.5,-6,195.9180964,54.75,703.75
503400,702.5,704,1.8,11.5,-6,196.2953619,54.74,703.25
503500,705,706.5,1.8,11.5,-6,196.3469576,54.74,705.75
503600,705,707,1.8,11.5,-6,196.33738,54.73,706
503700,706,707.5,1.8,11.5,-6,196.5428877,54.72,706.75
503800,705,706.5,1.8,11.5,-6,196.3958296,54.72,705.75
503900,701.5,703,1.8,11.5,-6,196.2466909,54.71,702.25
504000,700,701.5,1.8,11.5,-6,196.1707262,54.7,700.75
504100,699.5,701,1.8,11.5,-6,195.7274673,54.69,700.25
504200,705,706.5,1.8,11.5,-6,196.2772711,54.68,705.75
504300,707,708.5,1.8,11.5,-6,196.1405556,54.68,707.75
504400,704,705.5,1.8,11.5,-6,195.9839112,54.67,704.75
504500,706.5,708,1.8,11.5,-6,196.0668573,54.66,707.25
504600,705,706.5,1.8,11.5,-6,195.7653383,54.66,705.75
504700,707.5,709,1.8,11.5,-6,195.8142616,54.65,708.25
504800,705,706.5,1.8,11.5,-6,195.6331185,54.64,705.75
504900,705,707,1.8,11.5,-6,195.6298032,54.63,706
505000,704.5,706,1.8,11.5,-6,195.6796839,54.62,705.25
505100,707,708.5,1.8,11.5,-6,195.7290451,54.62,707.75
505200,710.5,712,1.8,11.5,-6,195.7362697,54.61,711.25
505300,712,713.5,1.8,11.5,-6,195.8495036,54.6,712.75
505400,713,714.5,1.8,11.5,-6,195.8964924,54.6,713.75
505500,711.5,713,1.8,11.5,-6,195.9084211,54.59,712.25
505600,713,714.5,1.8,11.5,-6,196.0867326,54.58,713.75
505700,715,716.5,1.8,11.5,-6,196.1741499,54.57,715.75
505800,715.5,717,1.8,11.5,-6,196.2734122,54.56,716.25
505900,718.5,720,1.8,11.5,-6,196.4717766,54.56,719.25
506000,714,715.5,1.8,11.5,-6,196.3114841,54.55,714.75
506100,712,713.5,1.8,11.5,-6,195.9298632,54.54,712.75
506200,709,710.5,1.8,11.5,-6,195.7188878,54.54,709.75
506300,712,713.5,1.8,11.5,-6,196.1312997,54.53,712.75
506400,715,716.5,1.8,11.5,-6,196.4454473,54.52,715.75
506500,711,712.5,1.8,11.5,-6,196.0912576,54.51,711.75
506600,713,714.5,1.8,11.5,-6,196.1325964,54.5,713.75
506700,716.5,718,1.8,11.5,-6,196.1570724,54.5,717.25
506800,716,717.5,1.8,11.5,-6,196.0521535,54.49,716.75
506900,721.5,723,1.8,11.5,-6,196.2641852,54.48,722.25
507000,721.5,723,1.8,11.5,-6,196.1192006,54.48,722.25
507100,719.5,721,1.8,11.5,-6,195.9032215,54.47,720.25
507200,718.5,720,1.8,11.5,-6,196.053908,54.46,719.25
507300,716.5,718,1.8,11.5,-6,195.8021884,54.45,717.25
507400,719.5,721,1.8,11.5,-6,196.2491671,54.44,720.25
507500,721.5,723,1.8,11.5,-6,196.5476628,54.44,722.25
507600,723.5,725,1.8,11.5,-6,196.6818785,54.43,724.25
507700,724.5,726,1.8,11.5,-6,196.5611037,54.42,725.25
507800,724.5,726,1.8,11.5,-6,196.597748,54.42,725.25
507900,722,723.5,1.8,11.5,-6,196.6640013,54.41,722.75
508000,719.5,721,1.8,11.5,-6,196.4446477,54.4,720.25
508100,722,723.5,1.8,11.5,-6,196.6071285,54.39,722.75
508200,721.5,723,1.8,11.5,-6,196.8048147,54.38,722.25
508300,719.5,721,1.8,11.5,-6,196.6932576,54.38,720.25
508400,721,722.5,1.8,11.5,-6,196.6166192,54.37,721.75
508500,721.5,723,1.8,11.5,-6,196.5927545,54.36,722.25
508600,727.5,729,1.8,11.5,-6,196.6831028,54.36,728.25
508700,730,731.5,1.8,11.5,-6,196.8128225,54.35,730.75
508800,730,731.5,1.8,11.5,-6,196.8062371,54.34,730.75
508900,728.5,730,1.8,11.5,-6,196.5873972,54.33,729.25
509000,726.5,728,1.8,11.5,-6,196.2615245,54.32,727.25
509100,723.5,725,1.8,11.5,-6,195.9966183,54.32,724.25
509200,725.5,727,1.8,11.5,-6,196.3990682,54.31,726.25
509300,727.5,729,1.8,11.5,-6,196.7158981,54.3,728.25
509400,729,730.5,1.8,11.5,-6,196.737663,54.3,729.75
509500,730,731.5,1.8,11.5,-6,196.6204912,54.29,730.75
509600,732.5,734,1.8,11.5,-6,196.5999862,54.28,733.25
509700,738,739.5,1.8,11.5,-6,196.6992135,54.27,738.75
509800,740,741.5,1.8,11.5,-6,196.9121625,54.26,740.75
509900,742,743.5,1.8,11.5,-6,196.9848944,54.26,742.75
510000,745.5,747,1.8,11.5,-6,197.3735561,54.25,746.25
510100,745,746.5,1.8,11.5,-6,197.2083112,54.24,745.75
510200,744,745.5,1.8,11.5,-6,197.1226156,54.24,744.75
510300,742,743.5,1.8,11.5,-6,197.1446698,54.23,742.75
510400,743.5,745,1.8,11.5,-6,197.0518537,54.22,744.25
510500,747,748.5,1.8,11.5,-6,197.3286512,54.21,747.75
510600,744,745.5,1.8,11.5,-6,197.1159953,54.2,744.75
510700,745,746.5,1.8,11.5,-6,197.1026687,54.2,745.75
510800,743.5,745,1.8,11.5,-6,197.0027035,54.19,744.25
510900,749,750.5,1.8,11.5,-6,197.1484655,54.18,749.75
511000,748,749.5,1.8,11.5,-6,197.0008835,54.18,748.75
511100,747,748.5,1.8,11.5,-6,196.7376987,54.17,747.75
511200,741.5,743,1.8,11.5,-6,196.616,54.16,742.25
511300,745,746.5,1.8,11.5,-6,196.9729018,54.15,745.75
511400,743.5,745,1.8,11.5,-6,196.8902463,54.14,744.25
511500,743,744.5,1.8,11.5,-6,197.0988367,54.14,743.75
511600,740,741.5,1.8,11.5,-6,197.0277152,54.13,740.75
511700,743,744.5,1.8,11.5,-6,197.3039198,54.12,743.75
511800,742,743.5,1.8,11.5,-6,197.0523431,54.12,742.75
511900,740.5,742,1.8,11.5,-6,196.9476679,54.11,741.25
512000,742,743.5,1.8,11.5,-6,197.1882091,54.1,742.75
512100,740,741.5,1.8,11.5,-6,197.1852708,54.09,740.75
512200,738.5,740,1.8,11.5,-6,197.1500475,54.08,739.25
512300,738,739.5,1.8,11.5,-6,196.9014938,54.08,738.75
512400,735.5,737,1.8,11.5,-6,196.7426868,54.07,736.25
512500,730,731.5,1.8,11.5,-6,196.2798059,54.06,730.75
512600,725,726.5,1.8,11.5,-6,196.2257539,54.06,725.75
512700,727.5,729,1.8,11.5,-6,196.3377945,54.05,728.25
512800,726,727.5,1.8,11.5,-6,196.1361728,54.04,726.75
512900,726,727.5,1.8,11.5,-6,196.2857238,54.03,726.75
513000,722.5,724,1.8,11.5,-6,196.2258608,54.02,723.25
513100,723,724.5,1.8,11.5,-6,196.3226359,54.02,723.75
513200,723,724.5,1.8,11.5,-6,196.2489112,54.01,723.75
513300,721,722.5,1.8,11.5,-6,196.108965,54,721.75
513400,721.5,723,1.8,11.5,-6,196.0646614,54,722.25
513500,719.5,721,1.8,11.5,-6,195.816598,53.99,720.25
513600,720.5,722,1.8,11.5,-6,195.8512612,53.98,721.25
513700,719,720.5,1.8,11.5,-6,195.4744496,53.97,719.75
513800,720,721.5,1.8,11.5,-6,195.7770993,53.96,720.75
513900,716.5,718,1.8,11.5,-6,195.7048387,53.96,717.25
514000,720,721.5,1.8,11.5,-6,195.8308906,53.95,720.75
514100,718.5,720,1.8,11.5,-6,195.9318074,53.94,719.25
514200,717.5,719,1.8,11.5,-6,195.8135254,53.94,718.25
514300,717.5,719,1.8,11.5,-6,195.68939,53.93,718.25
514400,718,719.5,1.8,11.5,-6,195.6323394,53.92,718.75
514500,716.5,718,1.8,11.5,-6,195.7394664,53.91,717.25
514600,721,722.5,1.8,11.5,-6,195.7612604,53.9,721.75
514700,719.5,721,1.8,11.5,-6,195.6195891,53.9,720.25
514800,723.5,725,1.8,11.5,-6,195.9333475,53.89,724.25
514900,724,725.5,1.8,11.5,-6,195.8870531,53.88,724.75
515000,718.5,720,1.8,11.5,-6,195.7831771,53.88,719.25
515100,715.5,717,1.8,11.5,-6,195.493677,53.87,716.25
515200,714,715.5,1.8,11.5,-6,195.3635178,53.86,714.75
515300,713,714.5,1.8,11.5,-6,195.2349644,53.85,713.75
515400,715.5,717,1.8,11.5,-6,195.4295024,53.84,716.25
515500,712.5,714,1.8,11.5,-6,195.3788406,53.84,713.25
515600,715.5,717,1.8,11.5,-6,195.5637749,53.83,716.25
515700,715,716.5,1.8,11.5,-6,195.5113475,53.82,715.75
515800,715.5,717,1.8,11.5,-6,195.688625,53.82,716.25
515900,715.5,717,1.8,11.5,-6,195.6159569,53.81,716.25
516000,719.5,721,1.8,11.5,-6,196.0240428,53.8,720.25
516100,720.5,722,1.8,11.5,-6,195.9510244,53.79,721.25
516200,721,722.5,1.8,11.5,-6,195.8824601,53.78,721.75
516300,717,718.5,1.8,11.5,-6,195.6982676,53.78,717.75
516400,715.5,717,1.8,11.5,-6,195.5340344,53.77,716.25
516500,715.5,717,1.8,11.5,-6,195.5347333,53.76,716.25
516600,717,718.5,1.8,11.5,-6,195.5781274,53.76,717.75
516700,719.5,721,1.8,11.5,-6,195.7750717,53.75,720.25
516800,718,719.5,1.8,11.5,-6,195.5665415,53.74,718.75
516900,718,719.5,1.8,11.5,-6,195.5432787,53.73,718.75
517000,717.5,719,1.8,11.5,-6,195.4993006,53.72,718.25
517100,715.5,717,1.8,11.5,-6,195.1712779,53.72,716.25
517200,718.5,720,1.8,11.5,-6,195.2436995,53.71,719.25
517300,719,720.5,1.8,11.5,-6,195.1565003,53.7,719.75
517400,715,716.5,1.8,11.5,-6,194.710756,53.7,715.75
517500,715,716.5,1.8,11.5,-6,194.7961395,53.69,715.75
517600,715.5,717,1.8,11.5,-6,194.7026269,53.68,716.25
517700,712,713.5,1.8,11.5,-6,194.4685883,53.67,712.75
517800,713.5,715,1.8,11.5,-6,194.6180804,53.66,714.25
517900,710,711.5,1.8,11.5,-6,194.312102,53.66,710.75
518000,712,713.5,1.8,11.5,-6,194.4310223,53.65,712.75
518100,711,712.5,1.8,11.5,-6,194.4714862,53.64,711.75
518200,710,711.5,1.8,11.5,-6,194.5304248,53.64,710.75
518300,713,714.5,1.8,11.5,-6,194.6524523,53.63,713.75
518400,716,717.5,1.8,11.5,-6,194.8228021,53.62,716.75
518500,717,718.5,1.8,11.5,-6,194.7553557,53.61,717.75
518600,715,716.5,1.8,11.5,-6,194.6448052,53.6,715.75
518700,712,713.5,1.8,11.5,-6,194.6114482,53.6,712.75
518800,712.5,714,1.8,11.5,-6,194.7991231,53.59,713.25
518900,712.5,714.5,1.8,11.5,-6,194.5732291,53.58,713.5
519000,712,713.5,1.8,11.5,-6,194.3270136,53.58,712.75
519100,714.5,716,1.8,11.5,-6,194.4368897,53.57,715.25
519200,710.5,712,1.8,11.5,-6,194.1423535,53.56,711.25
519300,714,715.5,1.8,11.5,-6,194.5339441,53.55,714.75
519400,717,718.5,1.8,11.5,-6,194.8810311,53.54,717.75
519500,720.5,722,1.8,11.5,-6,194.9333581,53.54,721.25
519600,722,723.5,1.8,11.5,-6,195.0675582,53.53,722.75
519700,718.5,720,1.8,11.5,-6,194.9028802,53.52,719.25
519800,717,718.5,1.8,11.5,-6,194.9105358,53.52,717.75
519900,717,718.5,1.8,11.5,-6,194.9198805,53.51,717.75
520000,716,717.5,1.8,11.5,-6,194.5301916,53.5,716.75
520100,711,712.5,1.8,11.5,-6,194.321278,53.49,711.75
520200,712,713.5,1.8,11.5,-6,194.6397262,53.48,712.75
520300,712,713.5,1.8,11.5,-6,194.7888743,53.48,712.75
520400,714.5,716,1.8,11.5,-6,194.9469992,53.47,715.25
520500,712.5,714,1.8,11.5,-6,194.8801089,53.46,713.25
520600,712.5,714.5,1.8,11.5,-6,194.8576364,53.46,713.5
520700,708.5,710,1.8,11.5,-6,194.6655256,53.45,709.25
520800,710,711.5,1.8,11.5,-6,194.7733735,53.44,710.75
520900,710.5,712,1.8,11.5,-6,195.1950219,53.43,711.25
521000,714.5,716,1.8,11.5,-6,195.3621029,53.42,715.25
521100,713.5,715,1.8,11.5,-6,195.4325436,53.42,714.25
521200,708.5,710,1.8,11.5,-6,195.2926657,53.41,709.25
521300,708.5,710,1.8,11.5,-6,195.2624752,53.4,709.25
521400,710,711.5,1.8,11.5,-6,195.2183698,53.4,710.75
521500,710,711.5,1.8,11.5,-6,194.9565378,53.39,710.75
521600,713.5,715,1.8,11.5,-6,195.0608531,53.38,714.25
521700,709.5,711,1.8,11.5,-6,194.9798026,53.37,710.25
521800,712,713.5,1.8,11.5,-6,195.0076645,53.36,712.75
521900,716.5,718,1.8,11.5,-6,195.5031944,53.36,717.25
522000,715.5,717,1.8,11.5,-6,195.1896412,53.35,716.25
522100,715.5,717.5,1.8,11.5,-6,195.1680421,53.34,716.5
522200,718,719.5,1.8,11.5,-6,194.8286414,53.34,718.75
522300,717.5,719.5,1.8,11.5,-6,194.9067104,53.33,718.5
522400,717,718.5,1.8,11.5,-6,194.8698201,53.32,717.75
522500,717.5,719,1.8,11.5,-6,194.8113201,53.31,718.25
522600,718,719.5,1.8,11.5,-6,194.815535,53.3,718.75
522700,719,720.5,1.8,11.5,-6,194.6664119,53.3,719.75
522800,722,723.5,1.8,11.5,-6,194.798726,53.29,722.75
522900,716,717.5,1.8,11.5,-6,194.6969647,53.28,716.75
523000,711.5,713,1.8,11.5,-6,194.5628012,53.28,712.25
523100,711,712.5,1.8,11.5,-6,194.5735304,53.27,711.75
523200,715,716.5,1.8,11.5,-6,194.8481933,53.26,715.75
523300,714,715.5,1.8,11.5,-6,194.7421834,53.25,714.75
523400,715,716.5,1.8,11.5,-6,194.7875016,53.24,715.75
523500,713,714.5,1.8,11.5,-6,194.778783,53.24,713.75
523600,716.5,718,1.8,11.5,-6,194.8635682,53.23,717.25
523700,717,718.5,1.8,11.5,-6,194.8813976,53.22,717.75
523800,718.5,720,1.8,11.5,-6,195.0066307,53.22,719.25
523900,717,718.5,1.8,11.5,-6,194.9013095,53.21,717.75
524000,714,715.5,1.8,11.5,-6,194.4587596,53.2,714.75
524100,708.5,710,1.8,11.5,-6,194.4320004,53.19,709.25
524200,711,712.5,1.8,11.5,-6,194.4628051,53.18,711.75
524300,712.5,714,1.8,11.5,-6,194.5476651,53.18,713.25
524400,713.5,715,1.8,11.5,-6,194.1577054,53.17,714.25
524500,716,717.5,1.8,11.5,-6,194.2804747,53.16,716.75
524600,715,716.5,1.8,11.5,-6,194.0429675,53.16,715.75
524700,711,712.5,1.8,11.5,-6,193.915435,53.15,711.75
524800,709.5,711,1.8,11.5,-6,193.5718764,53.14,710.25
524900,712.5,714,1.8,11.5,-6,193.5480011,53.13,713.25
525000,710,711.5,1.8,11.5,-6,193.2715055,53.12,710.75
525100,709,710.5,1.8,11.5,-6,193.634273,53.12,709.75
525200,709,710.5,1.8,11.5,-6,193.7293994,53.11,709.75
525300,713,714.5,1.8,11.5,-6,193.8728161,53.1,713.75
525400,714,715.5,1.8,11.5,-6,193.8836399,53.1,714.75
525500,713,714.5,1.8,11.5,-6,194.0463054,53.09,713.75
525600,711,712.5,1.8,11.5,-6,194.0040281,53.08,711.75
525700,712.5,714,1.8,11.5,-6,194.1045557,53.07,713.25
525800,709.5,711,1.8,11.5,-6,194.0479417,53.06,710.25
525900,715,716.5,1.8,11.5,-6,194.2421994,53.06,715.75
526000,716.5,718,1.8,11.5,-6,194.3583466,53.05,717.25
526100,715,716.5,1.8,11.5,-6,194.3725972,53.04,715.75
526200,719.5,721,1.8,11.5,-6,194.8068374,53.04,720.25
526300,717.5,719,1.8,11.5,-6,194.6026332,53.03,718.25
526400,726,727.5,1.8,11.5,-6,194.9355222,53.02,726.75
526500,728,729.5,1.8,11.5,-6,195.1692665,53.01,728.75
526600,724.5,726,1.8,11.5,-6,195.1153919,53,725.25
526700,724.5,726,1.8,11.5,-6,195.066731,53,725.25
526800,723.5,725,1.8,11.5,-6,194.6836104,52.99,724.25
526900,729,730.5,1.8,11.5,-6,194.8078698,52.98,729.75
527000,733,734.5,1.8,11.5,-6,194.850496,52.98,733.75
527100,732,733.5,1.8,11.5,-6,195.0118573,52.97,732.75
527200,732,733.5,1.8,11.5,-6,195.0079065,52.96,732.75
527300,732,733.5,1.8,11.5,-6,195.2492099,52.95,732.75
527400,731.5,733,1.8,11.5,-6,194.7189801,52.94,732.25
527500,731,732.5,1.8,11.5,-6,194.6597932,52.94,731.75
527600,729,730.5,1.8,11.5,-6,194.6077997,52.93,729.75
527700,726,727.5,1.8,11.5,-6,194.5924606,52.92,726.75
527800,726,727.5,1.8,11.5,-6,194.6606432,52.92,726.75
527900,728,729.5,1.8,11.5,-6,194.7562421,52.91,728.75
528000,732,733.5,1.8,11.5,-6,194.8626814,52.9,732.75
528100,729.5,731,1.8,11.5,-6,194.7639935,52.89,730.25
528200,729.5,731,1.8,11.5,-6,195.0435087,52.88,730.25
528300,725,726.5,1.8,11.5,-6,194.8933735,52.88,725.75
528400,729,730.5,1.8,11.5,-6,195.0659304,52.87,729.75
528500,730.5,732,1.8,11.5,-6,195.0663634,52.86,731.25
528600,733,734.5,1.8,11.5,-6,195.1403461,52.86,733.75
528700,728.5,730,1.8,11.5,-6,194.8460203,52.85,729.25
528800,730,731.5,1.8,11.5,-6,194.9972728,52.84,730.75
528900,725,726.5,1.8,11.5,-6,194.9220106,52.83,725.75
529000,727,728.5,1.8,11.5,-6,195.3600033,52.82,727.75
529100,728,729.5,1.8,11.5,-6,195.4500181,52.82,728.75
529200,726.5,728,1.7,11.5,-6,195.4679479,52.81,727.25
529300,728.5,730,1.7,11.5,-6,195.6974432,52.8,729.25
529400,728,729.5,1.7,11.5,-6,195.7637225,52.8,728.75
529500,730.5,732,1.7,11.5,-6,195.7178202,52.79,731.25
529600,732.5,734,1.7,11.5,-6,196.1053478,52.78,733.25
529700,730,731.5,1.7,11.5,-6,196.0335545,52.77,730.75
529800,730.5,732,1.7,11.5,-6,195.9593447,52.76,731.25
529900,731.5,733,1.7,11.5,-6,195.8068683,52.76,732.25
530000,729.5,731,1.7,11.5,-6,195.6219775,52.75,730.25
530100,726.5,728,1.7,11.5,-6,195.5080292,52.74,727.25
530200,729.5,731,1.7,11.5,-6,195.7382281,52.74,730.25
530300,727,728.5,1.7,11.5,-6,195.6333664,52.73,727.75
530400,726.5,728,1.7,11.5,-6,195.4703264,52.72,727.25
530500,722.5,724,1.7,11.5,-6,195.4029839,52.71,723.25
530600,724,725.5,1.7,11.5,-6,195.5247615,52.7,724.75
530700,723.5,725,1.7,11.5,-6,195.2364255,52.7,724.25
530800,719.5,721,1.7,11.5,-6,195.0836995,52.69,720.25
530900,719.5,721,1.7,11.5,-6,194.9347507,52.68,720.25
531000,720.5,722,1.6,11.5,-6,194.9862665,52.68,721.25
531100,720,722,1.6,11.5,-6,194.5733509,52.67,721
531200,718,719.5,1.6,11.5,-6,194.3322291,52.66,718.75
531300,718,719.5,1.6,11.5,-6,194.3796783,52.65,718.75
531400,717,718.5,1.6,11.5,-6,194.3510268,52.64,717.75
531500,721,722.5,1.6,11.5,-6,194.5350108,52.64,721.75
531600,722.5,724,1.6,11.5,-6,194.5249219,52.63,723.25
531700,720,721.5,1.6,11.5,-6,194.4685773,52.62,720.75
531800,721.5,723,1.6,11.5,-6,194.7706229,52.62,722.25
531900,722.5,724,1.6,11.5,-6,194.7573943,52.61,723.25
532000,724,725.5,1.6,11.5,-6,194.9462966,52.6,724.75
532100,723,724.5,1.6,11.5,-6,194.8988124,52.59,723.75
532200,720,721.5,1.6,11.5,-6,194.7562781,52.58,720.75
532300,722,723.5,1.6,11.5,-6,194.7627071,52.58,722.75
532400,722,723.5,1.6,11.5,-6,194.8219429,52.57,722.75
532500,720.5,722,1.6,11.5,-6,194.7009442,52.56,721.25
532600,721,722.5,1.6,11.5,-6,194.5710235,52.56,721.75
532700,717.5,719,1.6,11.5,-6,194.4601934,52.55,718.25
532800,714,715.5,1.6,11.5,-6,194.3346997,52.54,714.75
532900,713.5,715,1.6,11.5,-6,194.521058,52.53,714.25
533000,713.5,715,1.6,11.5,-6,194.5486924,52.52,714.25
533100,710,711.5,1.6,11.5,-6,194.4208652,52.52,710.75
533200,710,711.5,1.6,11.5,-6,194.4577139,52.51,710.75
533300,715.5,717,1.6,11.5,-6,194.5846801,52.5,716.25
533400,717.5,719,1.6,11.5,-6,194.6581694,52.5,718.25
533500,721,722.5,1.6,11.5,-6,194.7769898,52.49,721.75
533600,722.5,724,1.6,11.5,-6,194.7416869,52.48,723.25
533700,719.5,721,1.6,11.5,-6,194.5775023,52.47,720.25
533800,717.5,719,1.6,11.5,-6,194.2256332,52.46,718.25
533900,716,717.5,1.6,11.5,-6,194.3816815,52.46,716.75
534000,715.5,717,1.6,11.5,-6,194.3111162,52.45,716.25
534100,718.5,720,1.6,11.5,-6,194.4159031,52.44,719.25
534200,722,723.5,1.6,11.5,-6,194.5875185,52.44,722.75
534300,719.5,721,1.6,11.5,-6,194.5668465,52.43,720.25
534400,718,719.5,1.6,11.5,-6,194.4196768,52.42,718.75
534500,720,721.5,1.6,11.5,-6,194.5763085,52.41,720.75
534600,718,719.5,1.6,11.5,-6,194.213649,52.4,718.75
534700,712.5,714,1.6,11.5,-6,194.195719,52.4,713.25
534800,708.5,710,1.6,11.5,-6,193.8544045,52.39,709.25
534900,707.5,709,1.6,11.5,-6,193.8180822,52.38,708.25
535000,706.5,708,1.6,11.5,-6,193.6993793,52.38,707.25
535100,705,706.5,1.6,11.5,-6,193.6020186,52.37,705.75
535200,706.5,708,1.6,11.5,-6,193.9104791,52.36,707.25
535300,711.5,713,1.6,11.5,-6,193.9311431,52.35,712.25
535400,712,713.5,1.6,11.5,-6,193.9058301,52.34,712.75
535500,712,713.5,1.6,11.5,-6,193.708103,52.34,712.75
535600,713.5,715,1.6,11.5,-6,193.4393448,52.33,714.25
535700,710.5,712,1.6,11.5,-6,193.3063055,52.32,711.25
535800,715,716.5,1.6,11.5,-6,193.6593856,52.32,715.75
535900,717,718.5,1.6,11.5,-6,193.5395349,52.31,717.75
536000,714.5,716,1.6,11.5,-6,193.3482505,52.3,715.25
536100,710,711.5,1.6,11.5,-6,193.3004411,52.29,710.75
536200,708.5,710,1.6,11.5,-6,193.0609787,52.28,709.25
536300,713,714.5,1.6,11.5,-6,193.2805514,52.28,713.75
536400,713,714.5,1.6,11.5,-6,193.3305689,52.27,713.75
536500,710.5,712,1.6,11.5,-6,193.0534962,52.26,711.25
536600,707,708.5,1.6,11.5,-6,192.6105023,52.26,707.75
536700,706,707.5,1.6,11.5,-6,192.5443722,52.25,706.75
536800,705.5,707,1.6,11.5,-6,192.6108488,52.24,706.25
536900,705.5,707,1.6,11.5,-6,192.4800178,52.23,706.25
537000,706,707.5,1.6,11.5,-6,192.8285579,52.22,706.75
537100,704.5,706,1.6,11.5,-6,192.7280191,52.22,705.25
537200,707,708.5,1.6,11.5,-6,193.2351227,52.21,707.75
537300,706,707.5,1.6,11.5,-6,193.1045609,52.2,706.75
537400,705,706.5,1.6,11.5,-6,193.0927655,52.2,705.75
537500,699.5,701,1.6,11.5,-6,192.7431191,52.19,700.25
537600,702,703.5,1.6,11.5,-6,192.8003766,52.18,702.75
537700,702,703.5,1.6,11.5,-6,192.8873974,52.17,702.75
537800,705,706.5,1.6,11.5,-6,192.9363935,52.16,705.75
537900,710.5,712,1.6,11.5,-6,193.3985967,52.16,711.25
538000,708.5,710,1.6,11.5,-6,193.3088597,52.15,709.25
538100,710.5,712,1.6,11.5,-6,193.4062327,52.14,711.25
538200,709,710.5,1.6,11.5,-6,193.3421317,52.14,709.75
538300,709.5,711,1.6,11.5,-6,193.2493749,52.13,710.25
538400,711.5,713,1.6,11.5,-6,193.2999793,52.12,712.25
538500,712,713.5,1.6,11.5,-6,193.4893266,52.11,712.75
538600,711,712.5,1.6,11.5,-6,193.3966323,52.1,711.75
538700,709.5,711,1.6,11.5,-6,193.5848066,52.1,710.25
538800,708.5,710,1.6,11.5,-6,194.0428501,52.09,709.25
538900,710.5,712,1.6,11.5,-6,194.2256163,52.08,711.25
539000,712,713.5,1.6,11.5,-6,194.4150077,52.08,712.75
539100,712,714,1.6,11.5,-6,194.4494618,52.07,713
539200,713,714.5,1.6,11.5,-6,194.5365256,52.06,713.75
539300,713,714.5,1.6,11.5,-6,194.7333087,52.05,713.75
539400,711.5,713,1.6,11.5,-6,194.6331686,52.04,712.25
539500,712,713.5,1.6,11.5,-6,194.7172959,52.04,712.75
539600,706,707.5,1.6,11.5,-6,194.649072,52.03,706.75
539700,707.5,709,1.6,11.5,-6,194.7118908,52.02,708.25
539800,709,710.5,1.6,11.5,-6,194.8668419,52.02,709.75
539900,707,708.5,1.6,11.5,-6,194.8300606,52.01,707.75
540000,708.5,710,1.6,11.5,-6,194.9398012,52,709.25
540100,708.5,710,1.6,11.5,-6,194.7126428,51.99,709.25
540200,710,711.5,1.6,11.5,-6,194.7333731,51.98,710.75
540300,710.5,712,1.6,11.5,-6,194.5896198,51.98,711.25
540400,707.5,709,1.6,11.5,-6,194.3290364,51.97,708.25
540500,712.5,714,1.6,11.5,-6,194.3867051,51.96,713.25
540600,714.5,716,1.6,11.5,-6,194.554017,51.96,715.25
540700,717,718.5,1.6,11.5,-6,194.5663924,51.95,717.75
540800,713.5,715,1.6,11.5,-6,194.4058436,51.94,714.25
540900,712.5,714,1.6,11.5,-6,194.5932204,51.93,713.25
541000,708.5,710,1.6,11.5,-6,194.5624715,51.92,709.25
541100,705.5,707,1.6,11.5,-6,194.3874782,51.92,706.25
541200,707.5,709,1.6,11.5,-6,194.8706322,51.91,708.25
541300,708,709.5,1.6,11.5,-6,194.9608316,51.9,708.75
541400,705.5,707,1.6,11.5,-6,194.8434859,51.9,706.25
541500,700,701.5,1.6,11.5,-6,194.7794464,51.89,700.75
541600,697,698.5,1.6,11.5,-6,194.6052618,51.88,697.75
541700,701.5,703,1.6,11.5,-6,194.684901,51.87,702.25
541800,701.5,703,1.6,11.5,-6,194.9516665,51.86,702.25
541900,698.5,700,1.6,11.5,-6,194.878501,51.86,699.25
542000,695,696.5,1.6,11.5,-6,194.6973411,51.85,695.75
542100,699,700.5,1.6,11.5,-6,194.9214272,51.84,699.75
542200,695,696.5,1.6,11.5,-6,194.7779491,51.84,695.75
542300,692.5,694,1.6,11.5,-6,194.7759527,51.83,693.25
542400,695,696.5,1.6,11.5,-6,195.1758016,51.82,695.75
542500,694.5,696,1.6,11.5,-6,195.2545352,51.81,695.25
542600,701,702.5,1.6,11.5,-6,195.3609313,51.8,701.75
542700,701.5,703,1.6,11.5,-6,195.4249708,51.8,702.25
542800,701,702.5,1.6,11.5,-6,195.7144894,51.79,701.75
542900,699,700.5,1.6,11.5,-6,195.5476858,51.78,699.75
543000,701,702.5,1.6,11.5,-6,195.8807967,51.78,701.75
543100,703.5,705,1.6,11.5,-6,195.9810502,51.77,704.25
543200,705,706.5,1.6,11.5,-6,196.000471,51.76,705.75
543300,703,704.5,1.6,11.5,-6,195.7351204,51.75,703.75
543400,698,699.5,1.6,11.5,-6,195.4168428,51.74,698.75
543500,697,698.5,1.6,11.5,-6,195.4882297,51.74,697.75
543600,698.5,700,1.6,11.5,-6,195.5167727,51.73,699.25
543700,694,695.5,1.6,11.5,-6,195.3550187,51.72,694.75
543800,687.5,689,1.6,11.5,-6,195.1424976,51.72,688.25
543900,682,683.5,1.6,11.5,-6,194.9903149,51.71,682.75
544000,685.5,687,1.6,11.5,-6,195.1058014,51.7,686.25
544100,686.5,688,1.6,11.5,-6,195.2327887,51.69,687.25
544200,686.5,688,1.6,11.5,-6,195.1849207,51.68,687.25
544300,682.5,684,1.6,11.5,-6,194.9808993,51.68,683.25
544400,685,686.5,1.6,11.5,-6,195.0183733,51.67,685.75
544500,684.5,686,1.6,11.5,-6,195.0214732,51.66,685.25
544600,684.5,686,1.6,11.5,-6,195.1028196,51.66,685.25
544700,686.5,688,1.6,11.5,-6,195.2542732,51.65,687.25
544800,684,685.5,1.6,11.5,-6,195.4097651,51.64,684.75
544900,678,679.5,1.6,11.5,-6,195.2761927,51.63,678.75
545000,681,682.5,1.6,11.5,-6,195.3207902,51.62,681.75
545100,681,682.5,1.6,11.5,-6,195.3536708,51.62,681.75
545200,684,685.5,1.6,11.5,-6,195.4968095,51.61,684.75
545300,686.5,688,1.6,11.5,-6,195.4981823,51.6,687.25
545400,689,690.5,1.6,11.5,-6,195.5518786,51.6,689.75
545500,692,693.5,1.6,11.5,-6,195.5397334,51.59,692.75
545600,693,694.5,1.6,11.5,-6,195.6557423,51.58,693.75
545700,698.5,700,1.6,11.5,-6,195.85964,51.57,699.25
545800,693.5,695,1.6,11.5,-6,195.7912731,51.56,694.25
545900,696.5,698,1.6,11.5,-6,195.8635778,51.56,697.25
546000,700,701.5,1.6,11.5,-6,195.9357612,51.55,700.75
546100,703,704.5,1.6,11.5,-6,196.129865,51.54,703.75
546200,699,700.5,1.6,11.5,-6,195.7162868,51.54,699.75
546300,696.5,698,1.6,11.5,-6,195.9337746,51.53,697.25
546400,695.5,697,1.6,11.5,-6,196.1839547,51.52,696.25
546500,696,697.5,1.6,11.5,-6,196.0786256,51.51,696.75
546600,696,698,1.6,11.5,-6,195.9308314,51.5,697
546700,691.5,693,1.6,11.5,-6,195.6756965,51.5,692.25
546800,691.5,693,1.6,11.5,-6,195.8159925,51.49,692.25
546900,697,698.5,1.6,11.5,-6,195.9338125,51.48,697.75
547000,694.5,696,1.6,11.5,-6,195.8374634,51.48,695.25
547100,697.5,699,1.6,11.5,-6,195.9142237,51.47,698.25
547200,694,695.5,1.6,11.5,-6,195.8284134,51.46,694.75
547300,692.5,694,1.6,11.5,-6,195.7137638,51.45,693.25
547400,692,693.5,1.6,11.5,-6,195.4558212,51.44,692.75
547500,690,691.5,1.6,11.5,-6,195.2888075,51.44,690.75
547600,689,690.5,1.6,11.5,-6,195.3174987,51.43,689.75
547700,688,689.5,1.6,11.5,-6,195.2095429,51.42,688.75
547800,688.5,690,1.6,11.5,-6,195.2128095,51.42,689.25
547900,683,684.5,1.6,11.5,-6,195.0665272,51.41,683.75
548000,681.5,683,1.6,11.5,-6,194.9212057,51.4,682.25
548100,684,685.5,1.6,11.5,-6,195.0062387,51.39,684.75
548200,688.5,690,1.6,11.5,-6,195.3781893,51.38,689.25
548300,689.5,691,1.6,11.5,-6,195.4298578,51.38,690.25
548400,694,695.5,1.6,11.5,-6,195.6691844,51.37,694.75
548500,693.5,695.5,1.6,11.5,-6,195.738251,51.36,694.5
548600,693.5,695,1.6,11.5,-6,195.3550364,51.36,694.25
548700,698.5,700,1.6,11.5,-6,195.4895992,51.35,699.25
548800,697.5,699,1.6,11.5,-6,195.4365808,51.34,698.25
548900,698.5,700,1.6,11.5,-6,195.4922297,51.33,699.25
549000,701.5,703,1.6,11.5,-6,195.6721511,51.32,702.25
549100,698.5,700,1.6,11.5,-6,195.5133934,51.32,699.25
549200,701,702.5,1.6,11.5,-6,195.5902387,51.31,701.75
549300,699.5,701,1.6,11.5,-6,195.4281655,51.3,700.25
549400,703,704.5,1.6,11.5,-6,195.5805881,51.3,703.75
549500,696,697.5,1.6,11.5,-6,195.214707,51.29,696.75
549600,693,694.5,1.6,11.5,-6,195.1900805,51.28,693.75
549700,695.5,697,1.6,11.5,-6,195.8124678,51.27,696.25
549800,699.5,701,1.6,11.5,-6,196.0390495,51.26,700.25
549900,698.5,700,1.6,11.5,-6,195.83151,51.26,699.25
550000,696.5,698,1.6,11.5,-6,195.6767017,51.25,697.25
550100,694,695.5,1.6,11.5,-6,195.3983276,51.24,694.75
550200,697.5,699,1.6,11.5,-6,195.4561586,51.24,698.25
550300,694,695.5,1.6,11.5,-6,195.2974805,51.23,694.75
550400,693.5,695,1.6,11.5,-6,195.2776581,51.22,694.25
550500,694.5,696,1.6,11.5,-6,195.3533751,51.21,695.25
550600,695.5,697,1.6,11.5,-6,195.1747039,51.2,696.25
550700,697,698.5,1.6,11.5,-6,195.2922642,51.2,697.75
550800,697,698.5,1.6,11.5,-6,195.3786437,51.19,697.75
550900,696.5,698,1.6,11.5,-6,195.4294483,51.18,697.25
551000,694,695.5,1.6,11.5,-6,195.4043587,51.18,694.75
551100,691,692.5,1.6,11.5,-6,195.2950775,51.17,691.75
551200,694.5,696,1.6,11.5,-6,195.3675834,51.16,695.25
551300,692.5,694,1.6,11.5,-6,195.445214,51.15,693.25
551400,690.5,692,1.6,11.5,-6,195.1959158,51.14,691.25
551500,687,688.5,1.6,11.5,-6,194.9162888,51.14,687.75
551600,686.5,688,1.6,11.5,-6,194.8402955,51.13,687.25
551700,685,686.5,1.6,11.5,-6,194.906586,51.12,685.75
551800,683,684.5,1.6,11.5,-6,194.562441,51.12,683.75
551900,682,683.5,1.6,11.5,-6,194.7857053,51.11,682.75
552000,676,677.5,1.6,11.5,-6,194.6498325,51.1,676.75
552100,676,677.5,1.6,11.5,-6,194.621844,51.09,676.75
552200,677,678.5,1.6,11.5,-6,194.5843101,51.08,677.75
552300,679.5,681,1.6,11.5,-6,194.7233279,51.08,680.25
552400,680,681.5,1.6,11.5,-6,194.6806268,51.07,680.75
552500,682.5,684,1.6,11.5,-6,195.1937422,51.06,683.25
552600,680.5,682,1.6,11.5,-6,195.1860181,51.06,681.25
552700,681.5,683,1.6,11.5,-6,195.2434352,51.05,682.25
552800,677,678.5,1.6,11.5,-6,195.0892168,51.04,677.75
552900,675.5,677,1.6,11.5,-6,195.077115,51.03,676.25
553000,675.5,677,1.6,11.5,-6,194.7767537,51.02,676.25
553100,679,680.5,1.6,11.5,-6,194.9139015,51.02,679.75
553200,679,680.5,1.6,11.5,-6,194.7703053,51.01,679.75
553300,680.5,682,1.6,11.5,-6,195.0707787,51,681.25
553400,683,684.5,1.6,11.5,-6,195.2764653,51,683.75
553500,683.5,685,1.6,11.5,-6,195.5200015,50.99,684.25
553600,688,689.5,1.6,11.5,-6,195.6825824,50.98,688.75
553700,686,687.5,1.6,11.5,-6,195.5611097,50.97,686.75
553800,689.5,691,1.6,11.5,-6,195.67043,50.96,690.25
553900,691,692.5,1.6,11.5,-6,195.722212,50.96,691.75
554000,689.5,691,1.6,11.5,-6,195.6575682,50.95,690.25
554100,688,689.5,1.6,11.5,-6,195.6121902,50.94,688.75
554200,692.5,694,1.6,11.5,-6,195.9204258,50.94,693.25
554300,694,695.5,1.6,11.5,-6,196.0863347,50.93,694.75
554400,690,691.5,1.6,11.5,-6,195.9801404,50.92,690.75
554500,692.5,694,1.6,11.5,-6,196.1204027,50.91,693.25
554600,695,696.5,1.6,11.5,-6,196.2605977,50.9,695.75
554700,694.5,696,1.6,11.5,-6,196.121162,50.9,695.25
554800,698.5,700,1.6,11.5,-6,196.3784281,50.89,699.25
554900,697,698.5,1.6,11.5,-6,196.0252382,50.88,697.75
555000,693,694.5,1.6,11.5,-6,195.8708999,50.88,693.75
555100,699,700.5,1.6,11.5,-6,196.0085154,50.87,699.75
555200,697.5,699,1.6,11.5,-6,195.954353,50.86,698.25
555300,698,699.5,1.6,11.5,-6,195.8329209,50.85,698.75
555400,693.5,695,1.6,11.5,-6,195.4671831,50.84,694.25
555500,691,692.5,1.6,11.5,-6,195.4426032,50.84,691.75
555600,689,690.5,1.6,11.5,-6,195.5612891,50.83,689.75
555700,692,693.5,1.6,11.5,-6,195.6961438,50.82,692.75
555800,690,691.5,1.6,11.5,-6,195.3914116,50.82,690.75
555900,689.5,691,1.6,11.5,-6,194.9430331,50.81,690.25
556000,688.5,690,1.6,11.5,-6,194.9869886,50.8,689.25
556100,689.5,691,1.6,11.5,-6,195.1310094,50.79,690.25
556200,690.5,692,1.6,11.5,-6,195.162648,50.78,691.25
556300,689.5,691,1.6,11.5,-6,195.0880851,50.78,690.25
556400,688,689.5,1.6,11.5,-6,195.1972348,50.77,688.75
556500,688.5,690,1.6,11.5,-6,195.3066454,50.76,689.25
556600,687,688.5,1.6,11.5,-6,195.0944644,50.76,687.75
556700,686.5,688.5,1.6,11.5,-6,195.2449534,50.75,687.5
556800,688.5,690,1.6,11.5,-6,195.3377434,50.74,689.25
556900,690.5,692,1.6,11.5,-6,195.1684129,50.73,691.25
557000,692,693.5,1.6,11.5,-6,195.6085913,50.72,692.75
557100,691,692.5,1.6,11.5,-6,195.5298119,50.72,691.75
557200,691,692.5,1.6,11.5,-6,195.527598,50.71,691.75
557300,692,693.5,1.6,11.5,-6,195.4084993,50.7,692.75
557400,690,691.5,1.6,11.5,-6,195.3864417,50.7,690.75
557500,689.5,691,1.6,11.5,-6,195.3465268,50.69,690.25
557600,688,689.5,1.6,11.5,-6,195.1541315,50.68,688.75
557700,686,687.5,1.6,11.5,-6,195.1362653,50.67,686.75
557800,692.5,694,1.6,11.5,-6,195.317875,50.66,693.25
557900,691.5,693,1.6,11.5,-6,195.2277788,50.66,692.25
558000,693.5,695,1.6,11.5,-6,195.5461595,50.65,694.25
558100,689,690.5,1.6,11.5,-6,195.4965125,50.64,689.75
558200,687,688.5,1.6,11.5,-6,195.6002516,50.64,687.75
558300,693,694.5,1.6,11.5,-6,195.9178158,50.63,693.75
558400,689.5,691,1.6,11.5,-6,195.6823295,50.62,690.25
558500,689.5,691.5,1.6,11.5,-6,195.5741951,50.61,690.5
558600,688.5,690,1.6,11.5,-6,195.4789736,50.6,689.25
558700,689,690.5,1.6,11.5,-6,195.3628165,50.6,689.75
558800,684,685.5,1.6,11.5,-6,195.2762609,50.59,684.75
558900,681.5,683,1.6,11.5,-6,195.1206171,50.58,682.25
559000,683.5,685,1.6,11.5,-6,195.1645556,50.58,684.25
559100,683.5,685,1.6,11.5,-6,195.0270291,50.57,684.25
559200,679.5,681,1.6,11.5,-6,194.6527308,50.56,680.25
559300,682,683.5,1.6,11.5,-6,194.8357926,50.55,682.75
559400,679,680.5,1.6,11.5,-6,194.779751,50.54,679.75
559500,679,680.5,1.6,11.5,-6,194.6860809,50.54,679.75
559600,678.5,680.5,1.6,11.5,-6,194.396695,50.53,679.5
559700,674,675.5,1.6,11.5,-6,194.3537263,50.52,674.75
559800,678.5,680,1.6,11.5,-6,194.5483247,50.52,679.25
559900,680,681.5,1.6,11.5,-6,194.5078282,50.51,680.75
560000,680,681.5,1.6,11.5,-6,194.5943564,50.5,680.75
560100,678,679.5,1.6,11.5,-6,194.3958493,50.49,678.75
560200,680.5,682,1.6,11.5,-6,194.4502588,50.48,681.25
560300,675,676.5,1.6,11.5,-6,194.1681636,50.48,675.75
560400,673.5,675,1.6,11.5,-6,194.1184444,50.47,674.25
560500,676,677.5,1.6,11.5,-6,194.3208966,50.46,676.75
560600,673.5,675,1.6,11.5,-6,194.4154685,50.46,674.25
560700,673,674.5,1.6,11.5,-6,194.3463869,50.45,673.75
560800,672,673.5,1.6,11.5,-6,194.3860533,50.44,672.75
560900,676.5,678,1.6,11.5,-6,194.4137523,50.43,677.25
561000,673.5,675,1.6,11.5,-6,194.4013146,50.42,674.25
561100,680,681.5,1.6,11.5,-6,194.5359078,50.42,680.75
561200,681,682.5,1.6,11.5,-6,194.6701835,50.41,681.75
561300,680.5,682,1.6,11.5,-6,194.4429779,50.4,681.25
561400,681,682.5,1.6,11.5,-6,194.4900113,50.4,681.75
561500,680.5,682,1.6,11.5,-6,194.2138325,50.39,681.25
561600,681.5,683,1.6,11.5,-6,194.0528874,50.38,682.25
561700,679.5,681,1.6,11.5,-6,193.5886239,50.37,680.25
561800,684,685.5,1.6,11.5,-6,193.7221623,50.36,684.75
561900,686,687.5,1.6,11.5,-6,194.1465017,50.36,686.75
562000,686,688,1.6,11.5,-6,194.0086536,50.35,687
562100,690,691.5,1.6,11.5,-6,194.0238437,50.34,690.75
562200,690,691.5,1.6,11.5,-6,194.0871326,50.34,690.75
562300,688,689.5,1.6,11.5,-6,194.1254691,50.33,688.75
562400,685.5,687,1.6,11.5,-6,193.7689784,50.32,686.25
562500,685.5,687,1.6,11.5,-6,193.8365628,50.31,686.25
562600,683,684.5,1.6,11.5,-6,193.4758506,50.3,683.75
562700,688,689.5,1.6,11.5,-6,193.6077783,50.3,688.75
562800,689,690.5,1.6,11.5,-6,193.8792107,50.29,689.75
562900,684.5,686,1.6,11.5,-6,193.7126526,50.28,685.25
563000,688,689.5,1.6,11.5,-6,194.0194151,50.28,688.75
563100,690.5,692,1.6,11.5,-6,194.057849,50.27,691.25
563200,690.5,692,1.6,11.5,-6,193.9419905,50.26,691.25
563300,689,690.5,1.6,11.5,-6,194.03341,50.25,689.75
563400,686,687.5,1.6,11.5,-6,194.1934589,50.24,686.75
563500,686,687.5,1.6,11.5,-6,194.1160286,50.24,686.75
563600,685.5,687,1.6,11.5,-6,194.0544939,50.23,686.25
563700,683.5,685,1.6,11.5,-6,193.926143,50.22,684.25
563800,683,685,1.6,11.5,-6,193.8213708,50.22,684
563900,684.5,686,1.6,11.5,-6,193.8914798,50.21,685.25
564000,682,683.5,1.6,11.5,-6,193.9485641,50.2,682.75
564100,681,682.5,1.6,11.5,-6,193.8466742,50.19,681.75
564200,684.5,686,1.6,11.5,-6,194.2030904,50.18,685.25
564300,686,687.5,1.6,11.5,-6,194.2596619,50.18,686.75
564400,684.5,686,1.6,11.5,-6,194.238933,50.17,685.25
564500,685,686.5,1.6,11.5,-6,194.295514,50.16,685.75
564600,680.5,682,1.6,11.5,-6,194.1869959,50.16,681.25
564700,680.5,682,1.6,11.5,-6,193.9876072,50.15,681.25
564800,683,684.5,1.6,11.5,-6,194.3321165,50.14,683.75
564900,685.5,687,1.6,11.5,-6,194.4532991,50.13,686.25
565000,685.5,687.5,1.6,11.5,-6,194.6679399,50.12,686.5
565100,685,686.5,1.6,11.5,-6,194.3667532,50.12,685.75
565200,680.5,682,1.6,11.5,-6,194.1452759,50.11,681.25
565300,684,685.5,1.6,11.5,-6,194.3265247,50.1,684.75
565400,682,683.5,1.6,11.5,-6,193.8920077,50.1,682.75
565500,681.5,683,1.6,11.5,-6,193.7756376,50.09,682.25
565600,684.5,686,1.6,11.5,-6,194.0889569,50.08,685.25
565700,684,685.5,1.6,11.5,-6,194.3661458,50.07,684.75
565800,685,686.5,1.6,11.5,-6,194.2892571,50.06,685.75
565900,685,686.5,1.6,11.5,-6,194.1937951,50.06,685.75
566000,683.5,685,1.6,11.5,-6,194.1880876,50.05,684.25
566100,684.5,686,1.6,11.5,-6,194.2398885,50.04,685.25
566200,680.5,682,1.6,11.5,-6,194.1482259,50.04,681.25
566300,681.5,683,1.6,11.5,-6,193.8797058,50.03,682.25
566400,679.5,681,1.6,11.5,-6,193.6694055,50.02,680.25
566500,678,679.5,1.6,11.5,-6,193.4499423,50.01,678.75
566600,675.5,677,1.6,11,-6,193.2595425,50,676.25
566700,680,681.5,1.6,11,-6,193.2806728,50,680.75
566800,678,679.5,1.6,11,-6,193.0713746,49.99,678.75
566900,680,681.5,1.6,11,-6,193.1536974,49.98,680.75
567000,682.5,684,1.6,11,-6,193.2593772,49.98,683.25
567100,687.5,689,1.6,11,-6,193.4394859,49.97,688.25
567200,688.5,690,1.6,11,-6,193.6509711,49.96,689.25
567300,688,689.5,1.6,11,-6,193.833836,49.95,688.75
567400,688.5,690,1.6,11,-6,193.6282939,49.94,689.25
567500,686.5,688,1.6,11,-6,193.561257,49.94,687.25
567600,683.5,685,1.6,11,-6,193.4497318,49.93,684.25
567700,681.5,683,1.6,11,-6,193.3915975,49.92,682.25
567800,684,685.5,1.6,11,-6,193.5191927,49.92,684.75
567900,686.5,688,1.6,11,-6,193.7143054,49.91,687.25
568000,687,688.5,1.6,11,-6,194.0144342,49.9,687.75
568100,690,691.5,1.6,11,-6,193.9945393,49.89,690.75
568200,693.5,695,1.6,11,-6,194.1294783,49.88,694.25
568300,696,697.5,1.6,11,-6,194.1480859,49.88,696.75
568400,694.5,696,1.6,11,-6,194.0258192,49.87,695.25
568500,696.5,698,1.6,11,-6,194.068966,49.86,697.25
568600,697.5,699,1.6,11,-6,193.9897913,49.86,698.25
568700,699,700.5,1.6,11,-6,194.2190991,49.85,699.75
568800,699,700.5,1.6,11,-6,194.2518636,49.84,699.75
568900,699,700.5,1.6,11,-6,194.2773577,49.83,699.75
569000,697,698.5,1.6,11,-6,194.5030628,49.82,697.75
569100,697,698.5,1.6,11,-6,194.463291,49.82,697.75
569200,692.5,694,1.6,11,-6,194.3295827,49.81,693.25
569300,696,697.5,1.6,11,-6,194.3774394,49.8,696.75
569400,697.5,699,1.6,11,-6,194.3582127,49.8,698.25
569500,696.5,698,1.6,11,-6,194.4697945,49.79,697.25
569600,698,699.5,1.6,11,-6,194.7220081,49.78,698.75
569700,700,701.5,1.6,11,-6,194.7729345,49.77,700.75
569800,699,700.5,1.6,11,-6,195.0378344,49.76,699.75
569900,700.5,702,1.6,11,-6,195.2763361,49.76,701.25
570000,698,699.5,1.6,11,-6,195.3322386,49.75,698.75
570100,698.5,700,1.6,11,-6,195.2756534,49.74,699.25
570200,700.5,702,1.6,11,-6,195.3056431,49.74,701.25
570300,704.5,706,1.6,11,-6,195.3675802,49.73,705.25
570400,701.5,703,1.6,11,-6,195.1727155,49.72,702.25
570500,704,705.5,1.6,11,-6,195.3111181,49.71,704.75
570600,708.5,710,1.6,11,-6,195.663816,49.7,709.25
570700,708,710,1.6,11,-6,195.5424296,49.7,709
570800,713,714.5,1.6,11,-6,195.651099,49.69,713.75
570900,716,717.5,1.6,11,-6,195.7587332,49.68,716.75
571000,714,715.5,1.6,11,-6,195.452571,49.68,714.75
571100,715.5,717,1.6,11,-6,195.2769117,49.67,716.25
571200,719,720.5,1.6,11,-6,195.5567359,49.66,719.75
571300,717,718.5,1.6,11,-6,195.3830446,49.65,717.75
571400,718.5,720,1.6,11,-6,195.6776947,49.64,719.25
571500,714.5,716,1.6,11,-6,195.5274568,49.64,715.25
571600,712,713.5,1.6,11,-6,195.4424387,49.63,712.75
571700,716.5,718,1.6,11,-6,195.6494023,49.62,717.25
571800,719.5,721,1.6,11,-6,195.7362966,49.62,720.25
571900,724,725.5,1.6,11,-6,196.1672621,49.61,724.75
572000,727.5,729,1.6,11,-6,196.1740712,49.6,728.25
572100,728.5,730,1.6,11,-6,196.1844487,49.59,729.25
572200,731,732.5,1.6,11,-6,196.339102,49.58,731.75
572300,728,729.5,1.6,11,-6,196.1526293,49.58,728.75
572400,729,730.5,1.6,11,-6,196.0761808,49.57,729.75
572500,728.5,730,1.6,11,-6,195.9393309,49.56,729.25
572600,731.5,733,1.6,11,-6,196.3192972,49.56,732.25
572700,731,733,1.6,11,-6,196.4204481,49.55,732
572800,728,729.5,1.6,11,-6,196.1599589,49.54,728.75
572900,733,734.5,1.6,11,-6,196.2822601,49.53,733.75
573000,732.5,734,1.6,11,-6,196.4398862,49.52,733.25
573100,731.5,733,1.6,11,-6,196.4124362,49.52,732.25
573200,733,734.5,1.6,11,-6,196.5957553,49.51,733.75
573300,733,734.5,1.6,11,-6,196.5996156,49.5,733.75
573400,734,735.5,1.6,11,-6,196.5687456,49.5,734.75
573500,738,739.5,1.6,11,-6,196.8995473,49.49,738.75
573600,738,739.5,1.6,11,-6,197.2546285,49.48,738.75
573700,738,739.5,1.6,11,-6,197.2739034,49.47,738.75
573800,735.5,737,1.6,11,-6,197.0080345,49.46,736.25
573900,733.5,735,1.6,11,-6,196.818851,49.46,734.25
574000,731,732.5,1.6,11,-6,196.7166097,49.45,731.75
574100,730.5,732,1.6,11,-6,196.5320581,49.44,731.25
574200,727,728.5,1.6,11,-6,196.2664151,49.44,727.75
574300,725.5,727,1.6,11,-6,196.219766,49.43,726.25
574400,726.5,728,1.6,11,-6,196.4398895,49.42,727.25
574500,725.5,727,1.6,11,-6,196.63776,49.41,726.25
574600,728.5,730,1.6,11,-6,196.7063608,49.4,729.25
574700,727.5,729,1.6,11,-6,196.6936225,49.4,728.25
574800,727.5,729,1.6,11,-6,196.3623865,49.39,728.25
574900,724.5,726,1.6,11,-6,196.2957028,49.38,725.25
575000,724.5,726,1.6,11,-6,196.2165842,49.38,725.25
575100,723,724.5,1.6,11,-6,196.2033927,49.37,723.75
575200,719,720.5,1.6,11,-6,195.9829827,49.36,719.75
575300,715.5,717,1.6,11,-6,195.8016622,49.35,716.25
575400,717,718.5,1.6,11,-6,195.8106277,49.34,717.75
575500,721,722.5,1.6,11,-6,195.8517545,49.34,721.75
575600,723.5,725,1.6,11,-6,196.1216604,49.33,724.25
575700,721,722.5,1.6,11,-6,196.0737202,49.32,721.75
575800,718.5,720,1.6,11,-6,196.2877144,49.32,719.25
575900,722.5,724,1.6,11,-6,196.2608076,49.31,723.25
576000,724,725.5,1.6,11,-6,196.1434633,49.3,724.75
576100,728,729.5,1.6,11,-6,196.2037257,49.29,728.75
576200,727.5,729,1.6,11,-6,196.2045776,49.28,728.25
576300,724.5,726,1.6,11,-6,195.9114869,49.28,725.25
576400,726.5,728,1.6,11,-6,195.999177,49.27,727.25
576500,727,728.5,1.6,11,-6,196.0724709,49.26,727.75
576600,727.5,729,1.6,11,-6,196.2473934,49.26,728.25
576700,721.5,723,1.6,11,-6,196.1586211,49.25,722.25
576800,722.5,724,1.6,11,-6,196.3807308,49.24,723.25
576900,722,723.5,1.6,11,-6,196.2613441,49.23,722.75
577000,720.5,722,1.6,11,-6,196.2370989,49.22,721.25
577100,720.5,722,1.6,11,-6,196.1138069,49.22,721.25
577200,722,723.5,1.6,11,-6,195.9244717,49.21,722.75
577300,721,722.5,1.6,11,-6,195.7552695,49.2,721.75
577400,720.5,722,1.6,11,-6,195.7945161,49.2,721.25
577500,716.5,718,1.6,11,-6,195.7374421,49.19,717.25
577600,715,716.5,1.6,11,-6,195.5641756,49.18,715.75
577700,716,717.5,1.6,11,-6,195.7892153,49.17,716.75
577800,714.5,716,1.6,11,-6,195.5461217,49.16,715.25
577900,713.5,715,1.6,11,-6,195.3383216,49.16,714.25
578000,712.5,714,1.6,11,-6,195.3927785,49.15,713.25
578100,715.5,717,1.6,11,-6,195.4177389,49.14,716.25
578200,716.5,718,1.6,11,-6,195.6029694,49.14,717.25
578300,712,713.5,1.6,11,-6,195.4990476,49.13,712.75
578400,709.5,711,1.6,11,-6,195.3499305,49.12,710.25
578500,705.5,707,1.6,11,-6,195.2865949,49.11,706.25
578600,709,710.5,1.6,11,-6,195.3184578,49.1,709.75
578700,712.5,714,1.6,11,-6,195.6130476,49.1,713.25
578800,714,715.5,1.6,11,-6,195.5381257,49.09,714.75
578900,714.5,716,1.6,11,-6,195.5745759,49.08,715.25
579000,714.5,716,1.6,11,-6,195.4159359,49.08,715.25
579100,718,719.5,1.6,11,-6,195.6423703,49.07,718.75
579200,720.5,722,1.6,11,-6,195.9166783,49.06,721.25
579300,720.5,722,1.6,11,-6,195.9285897,49.05,721.25
579400,722,723.5,1.6,11,-6,195.8672753,49.04,722.75
579500,724,725.5,1.6,11,-6,195.81844,49.04,724.75
579600,725,726.5,1.6,11,-6,195.8679791,49.03,725.75
579700,722,723.5,1.6,11,-6,195.564868,49.02,722.75
579800,725.5,727,1.6,11,-6,195.7957089,49.02,726.25
579900,725.5,727.5,1.6,11,-6,195.8830073,49.01,726.5
580000,723.5,725,1.6,11,-6,195.6587597,49,724.25
580100,723,724.5,1.6,11,-6,195.4869194,48.99,723.75
580200,722.5,724,1.6,11,-6,195.3581368,48.98,723.25
580300,720,721.5,1.6,11,-6,195.3587176,48.98,720.75
580400,720,721.5,1.6,11,-6,195.5358994,48.97,720.75
580500,719,720.5,1.6,11,-6,195.3716773,48.96,719.75
580600,719,720.5,1.6,11,-6,195.4056477,48.96,719.75
580700,719,720.5,1.6,11,-6,195.310622,48.95,719.75
580800,716.5,718,1.6,11,-6,195.2891942,48.94,717.25
580900,716.5,718,1.6,11,-6,195.2017499,48.93,717.25
581000,715.5,717,1.6,11,-6,195.1637502,48.92,716.25
581100,718.5,720,1.6,11,-6,195.1835045,48.92,719.25
581200,716.5,718,1.6,11,-6,195.0986503,48.91,717.25
581300,715.5,717,1.6,11,-6,194.7240413,48.9,716.25
581400,715.5,717,1.6,11,-6,194.6245015,48.9,716.25
581500,719,720.5,1.6,11,-6,194.7962392,48.89,719.75
581600,719,720.5,1.6,11,-6,195.1691778,48.88,719.75
581700,725,726.5,1.6,11,-6,195.2777094,48.87,725.75
581800,725,726.5,1.6,11,-6,195.2138469,48.86,725.75
581900,727,728.5,1.6,11,-6,195.0942545,48.86,727.75
582000,726.5,728,1.6,11,-6,195.074866,48.85,727.25
582100,728.5,730,1.6,11,-6,195.2147828,48.84,729.25
582200,733,734.5,1.6,11,-6,195.3955087,48.84,733.75
582300,739.5,741,1.6,11,-6,195.5849218,48.83,740.25
582400,735,736.5,1.6,11,-6,195.4404229,48.82,735.75
582500,738,739.5,1.6,11,-6,195.5279125,48.81,738.75
582600,736,737.5,1.6,11,-6,195.2646485,48.8,736.75
582700,734,735.5,1.6,11,-6,195.2891623,48.8,734.75
582800,731.5,733,1.6,11,-6,195.0445512,48.79,732.25
582900,730,731.5,1.6,11,-6,194.8544203,48.78,730.75
583000,728.5,730,1.6,11,-6,194.6158251,48.78,729.25
583100,726,727.5,1.6,11,-6,194.7339744,48.77,726.75
583200,723.5,725,1.6,11,-6,194.5826798,48.76,724.25
583300,723,724.5,1.6,11,-6,194.3253133,48.75,723.75
583400,721.5,723,1.6,11,-6,194.2498784,48.74,722.25
583500,721.5,723,1.6,11,-6,193.9552653,48.74,722.25
583600,721.5,723,1.6,11,-6,194.1655108,48.73,722.25
583700,721.5,723.5,1.6,11,-6,194.0438524,48.72,722.5
583800,723.5,725,1.6,11,-6,194.1910209,48.72,724.25
583900,721.5,723,1.6,11,-6,194.2810897,48.71,722.25
584000,720,721.5,1.6,11,-6,194.2672701,48.7,720.75
584100,723.5,725,1.6,11,-6,194.3926877,48.69,724.25
584200,723,724.5,1.6,11,-6,194.0600439,48.68,723.75
584300,723,724.5,1.6,11,-6,194.2612387,48.68,723.75
584400,722,723.5,1.6,11,-6,194.091094,48.67,722.75
584500,723,724.5,1.6,11,-6,194.2915925,48.66,723.75
584600,723,724.5,1.6,11,-6,194.5474949,48.66,723.75
584700,722,723.5,1.6,11,-6,194.4421857,48.65,722.75
584800,721.5,723,1.6,11,-6,194.2348255,48.64,722.25
584900,716.5,718,1.6,11,-6,193.9909603,48.63,717.25
585000,712,713.5,1.6,11,-6,193.8922391,48.62,712.75
585100,709.5,711,1.6,11,-6,193.8120851,48.62,710.25
585200,706,707.5,1.6,11,-6,193.5837957,48.61,706.75
585300,709.5,711,1.6,11,-6,193.7144599,48.6,710.25
585400,711,712.5,1.6,11,-6,193.8009178,48.6,711.75
585500,713,714.5,1.6,11,-6,193.8841201,48.59,713.75
585600,710.5,712,1.6,11,-6,193.7284112,48.58,711.25
585700,711,712.5,1.6,11,-6,193.8234555,48.57,711.75
585800,710,711.5,1.6,11,-6,193.7077456,48.56,710.75
585900,710,711.5,1.6,11,-6,193.8368839,48.56,710.75
586000,711,712.5,1.6,11,-6,193.9381315,48.55,711.75
586100,709.5,711,1.6,11,-6,193.8400092,48.54,710.25
586200,711,712.5,1.6,11,-6,193.903701,48.54,711.75
586300,712.5,714,1.6,11,-6,193.9085128,48.53,713.25
586400,713,714.5,1.6,11,-6,193.96897,48.52,713.75
586500,715.5,717,1.6,11,-6,194.0486501,48.51,716.25
586600,716.5,718,1.6,11,-6,193.8288927,48.5,717.25
586700,715.5,717,1.6,11,-6,193.6429861,48.5,716.25
586800,717,718.5,1.6,11,-6,193.8675776,48.49,717.75
586900,715.5,717,1.6,11,-6,194.0436671,48.48,716.25
587000,713.5,715,1.6,11,-6,193.8202779,48.48,714.25
587100,712.5,714,1.6,11,-6,193.6639842,48.47,713.25
587200,716,717.5,1.6,11,-6,193.7321772,48.46,716.75
587300,717.5,719,1.6,11,-6,193.5880941,48.45,718.25
587400,717,718.5,1.6,11,-6,193.6393146,48.44,717.75
587500,718,719.5,1.6,11,-6,193.5603392,48.44,718.75
587600,716.5,718,1.6,11,-6,193.2133544,48.43,717.25
587700,717.5,719,1.6,11,-6,193.5676558,48.42,718.25
587800,718,719.5,1.6,11,-6,193.6932488,48.42,718.75
587900,717.5,719,1.6,11,-6,193.51009,48.41,718.25
588000,718.5,720,1.6,11,-6,193.5779122,48.4,719.25
588100,720.5,722,1.6,11,-6,193.7135158,48.39,721.25
588200,722.5,724,1.6,11,-6,194.099628,48.38,723.25
588300,720.5,722,1.6,11,-6,193.9433629,48.38,721.25
588400,717,718.5,1.6,11,-6,193.7082371,48.37,717.75
588500,716,717.5,1.6,11,-6,194.064578,48.36,716.75
588600,717.5,719,1.6,11,-6,194.0745691,48.36,718.25
588700,716.5,718,1.6,11,-6,193.909225,48.35,717.25
588800,720,721.5,1.6,11,-6,194.0469212,48.34,720.75
588900,715,716.5,1.6,11,-6,193.9876492,48.33,715.75
589000,716,717.5,1.6,11,-6,194.0214822,48.32,716.75
589100,716,717.5,1.6,11,-6,194.1505383,48.32,716.75
589200,717,718.5,1.6,11,-6,194.2247939,48.31,717.75
589300,714.5,716,1.6,11,-6,194.3019303,48.3,715.25
589400,714,715.5,1.6,11,-6,194.2672183,48.3,714.75
589500,715.5,717,1.6,11,-6,194.5146067,48.29,716.25
589600,715.5,717,1.6,11,-6,194.4789734,48.28,716.25
589700,716.5,718,1.6,11,-6,194.4899188,48.27,717.25
589800,716,718,1.6,11,-6,194.5243086,48.26,717
589900,717.5,719,1.6,11,-6,194.6751685,48.26,718.25
590000,724,725.5,1.6,11,-6,195.0342626,48.25,724.75
590100,718.5,720,1.6,11,-6,194.8369214,48.24,719.25
590200,720,721.5,1.6,11,-6,194.8976238,48.24,720.75
590300,716,717.5,1.6,11,-6,194.7185155,48.23,716.75
590400,715.5,717,1.6,11,-6,194.6248241,48.22,716.25
590500,718,719.5,1.6,11,-6,194.6761825,48.21,718.75
590600,717,718.5,1.6,11,-6,194.2999726,48.2,717.75
590700,716.5,718,1.6,11,-6,194.4524387,48.2,717.25
590800,720,721.5,1.6,11,-6,194.5878162,48.19,720.75
590900,718.5,720,1.6,11,-6,194.2658048,48.18,719.25
591000,717,718.5,1.6,11,-6,194.3295801,48.18,717.75
591100,718,719.5,1.6,11,-6,194.0259551,48.17,718.75
591200,716,717.5,1.6,11,-6,193.6776944,48.16,716.75
591300,714.5,716,1.6,11,-6,193.5366403,48.15,715.25
591400,715.5,717,1.6,11,-6,193.5377063,48.14,716.25
591500,713,714.5,1.6,11,-6,193.4236554,48.14,713.75
591600,712,713.5,1.6,11,-6,193.2787638,48.13,712.75
591700,713,714.5,1.6,11,-6,193.406201,48.12,713.75
591800,712.5,714,1.6,11,-6,193.202544,48.12,713.25
591900,709.5,711,1.6,11,-6,192.9671388,48.11,710.25
592000,712,713.5,1.6,11,-6,193.0706452,48.1,712.75
592100,711,712.5,1.6,11,-6,193.1567088,48.09,711.75
592200,710,711.5,1.6,11,-6,193.2139561,48.08,710.75
592300,703.5,705,1.6,11,-6,192.9108169,48.08,704.25
592400,702.5,704,1.6,11,-6,192.7405427,48.07,703.25
592500,702.5,704,1.6,11,-6,192.7006791,48.06,703.25
592600,703.5,705,1.6,11,-6,192.5756388,48.06,704.25
592700,707,708.5,1.6,11,-6,192.7996905,48.05,707.75
592800,711,712.5,1.6,11,-6,192.935745,48.04,711.75
592900,710,711.5,1.6,11,-6,192.792539,48.03,710.75
593000,710.5,712,1.6,11,-6,192.9202336,48.02,711.25
593100,707,708.5,1.6,11,-6,192.9049166,48.02,707.75
593200,705.5,707,1.6,11,-6,193.0862512,48.01,706.25
593300,707,708.5,1.6,11,-6,193.1066132,48,707.75
593400,706.5,708,1.6,11,-6,193.239214,48,707.25
593500,705.5,707,1.6,11,-6,193.2902269,47.99,706.25
593600,707.5,709,1.6,11,-6,193.2897993,47.98,708.25
593700,708,709.5,1.6,11,-6,193.4468524,47.97,708.75
593800,704.5,706,1.6,11,-6,193.1699506,47.96,705.25
593900,700.5,702,1.6,11,-6,193.3092338,47.96,701.25
594000,704.5,706,1.6,11,-6,193.3487942,47.95,705.25
594100,704,705.5,1.6,11,-6,193.268132,47.94,704.75
594200,705.5,707,1.6,11,-6,193.4551752,47.94,706.25
594300,708,709.5,1.6,11,-6,193.7390237,47.93,708.75
594400,710,711.5,1.6,11,-6,193.625648,47.92,710.75
594500,714.5,716,1.6,11,-6,194.0234592,47.91,715.25
594600,714,715.5,1.6,11,-5.5,193.9488953,47.9,714.75
594700,712,713.5,1.6,11,-5.5,193.7330996,47.9,712.75
594800,716,717.5,1.6,11,-5.5,193.8646939,47.89,716.75
594900,718,719.5,1.6,11,-5.5,194.1226719,47.88,718.75
595000,723,724.5,1.6,11,-5.5,194.3610141,47.88,723.75
595100,724,725.5,1.6,11,-5.5,194.3893846,47.87,724.75
595200,719,720.5,1.6,11,-5.5,194.2252999,47.86,719.75
595300,720.5,722,1.6,11,-5.5,194.5330686,47.85,721.25
595400,722,723.5,1.6,11,-5.5,194.6573781,47.84,722.75
595500,726.5,728,1.6,11,-5.5,194.9211788,47.84,727.25
595600,726.5,728,1.6,11,-5.5,195.0204361,47.83,727.25
595700,725.5,727,1.6,11,-5.5,194.9111506,47.82,726.25
595800,723.5,725,1.6,11,-5.5,194.961898,47.82,724.25
595900,722.5,724,1.6,11,-5.5,194.784091,47.81,723.25
596000,721,722.5,1.6,11,-5.5,194.5966121,47.8,721.75
596100,717.5,719,1.6,11,-5.5,194.499748,47.79,718.25
596200,714.5,716,1.6,11,-5.5,194.2603011,47.78,715.25
596300,715.5,717,1.6,11,-5.5,194.5284157,47.78,716.25
596400,716.5,718,1.6,11,-5.5,194.4353288,47.77,717.25
596500,715.5,717,1.6,11,-5.5,194.7152554,47.76,716.25
596600,718,719.5,1.6,11,-5.5,195.0078038,47.76,718.75
596700,719,720.5,1.6,11,-5.5,195.0498806,47.75,719.75
596800,720.5,722,1.6,11,-5.5,195.3399363,47.74,721.25
596900,723.5,725,1.6,11,-5.5,195.7198301,47.73,724.25
597000,722.5,724,1.6,11,-5.5,195.7086245,47.72,723.25
597100,723.5,725,1.6,11,-5.5,195.7026094,47.72,724.25
597200,721,722.5,1.6,11,-5.5,195.4336122,47.71,721.75
597300,719,720.5,1.6,11,-5.5,195.4136357,47.7,719.75
597400,716,717.5,1.6,11,-5.5,195.2680703,47.7,716.75
597500,713.5,715,1.6,11,-5.5,195.1367709,47.69,714.25
597600,717.5,719,1.6,11,-5.5,195.1832517,47.68,718.25
597700,715,716.5,1.6,11,-5.5,194.9581543,47.67,715.75
597800,716,717.5,1.6,11,-5.5,195.3383171,47.66,716.75
597900,714.5,716,1.6,11,-5.5,195.3422954,47.66,715.25
598000,716.5,718,1.6,11,-5.5,195.4534883,47.65,717.25
598100,721.5,723,1.6,11,-5.5,195.5342204,47.64,722.25
598200,721.5,723,1.6,11,-5.5,195.5975115,47.64,722.25
598300,723,724.5,1.6,11,-5.5,195.8381826,47.63,723.75
598400,725,726.5,1.6,11,-5.5,195.9039316,47.62,725.75
598500,731,732.5,1.6,11,-5.5,195.9927925,47.61,731.75
598600,728.5,730,1.6,11,-5.5,195.6053035,47.6,729.25
598700,731,732.5,1.6,11,-5.5,195.7051431,47.6,731.75
598800,732.5,734,1.6,11,-5.5,195.5409574,47.59,733.25
598900,730,731.5,1.6,11,-5.5,195.318617,47.58,730.75
599000,732.5,734,1.6,11,-5.5,195.3864667,47.58,733.25
599100,731.5,733,1.6,11,-5.5,195.0332207,47.57,732.25
599200,733.5,735,1.6,11,-5.5,195.1127393,47.56,734.25
599300,730,731.5,1.6,11,-5.5,194.9090676,47.55,730.75
599400,729,730.5,1.6,11,-5.5,194.8678171,47.54,729.75
599500,722,723.5,1.6,11,-5.5,194.7447711,47.54,722.75
599600,718,719.5,1.6,11,-5.5,194.26672,47.53,718.75
599700,717,718.5,1.6,11,-5.5,194.0764708,47.52,717.75
599800,718,719.5,1.6,11,-5.5,194.0317858,47.52,718.75
599900,711.5,713,1.6,11,-5.5,193.7766229,47.51,712.25
600000,707.5,709,1.6,11,-5.5,193.5630368,47.5,708.25
600100,707.5,709,1.6,11,-5.5,193.578351,47.49,708.25
600200,707.5,709,1.6,11,-5.5,193.7816739,47.48,708.25
600300,710.5,712,1.6,11,-5.5,193.8482321,47.48,711.25
600400,713,714.5,1.6,11,-5.5,194.1934724,47.47,713.75
600500,712,713.5,1.6,11,-5.5,194.14486,47.46,712.75
600600,712.5,714,1.6,11,-5.5,194.1774077,47.46,713.25
600700,711,712.5,1.6,11,-5.5,194.1271277,47.45,711.75
600800,713.5,715,1.6,11,-5.5,194.3275732,47.44,714.25
600900,710.5,712,1.6,11,-5.5,194.1224301,47.43,711.25
601000,711.5,713,1.6,11,-5.5,194.1894519,47.42,712.25
601100,708,709.5,1.6,11,-5.5,193.8273844,47.42,708.75
601200,707,708.5,1.6,11,-5.5,193.8922138,47.41,707.75
601300,702.5,704,1.6,11,-5.5,193.6665339,47.4,703.25
601400,702,703.5,1.6,11,-5.5,193.6333382,47.4,702.75
601500,701.5,703,1.6,11,-5.5,193.5298027,47.39,702.25
601600,704,705.5,1.6,11,-5.5,193.8052734,47.38,704.75
601700,706,707.5,1.6,11,-5.5,193.8482236,47.37,706.75
601800,708,709.5,1.6,11,-5.5,194.1674859,47.36,708.75
601900,711,712.5,1.6,11,-5.5,194.216868,47.36,711.75
602000,704.5,706,1.6,11,-5.5,194.1183994,47.35,705.25
602100,703.5,705,1.6,11,-5.5,194.2350664,47.34,704.25
602200,705,706.5,1.6,11,-5.5,194.4807123,47.34,705.75
602300,705.5,707,1.6,11,-5.5,194.3467932,47.33,706.25
602400,701.5,703,1.6,11,-5.5,194.1940985,47.32,702.25
602500,699.5,701,1.6,11,-5.5,194.2499294,47.31,700.25
602600,697.5,699,1.6,11,-5.5,193.9249652,47.3,698.25
602700,699.5,701,1.6,11,-5.5,194.1725777,47.3,700.25
602800,697,698.5,1.6,11,-5.5,194.0819353,47.29,697.75
602900,696.5,698,1.6,11,-5.5,194.0244531,47.28,697.25
603000,700.5,702,1.6,11,-5.5,194.092447,47.28,701.25
603100,699,700.5,1.6,11,-5.5,194.0944755,47.27,699.75
603200,699.5,701,1.6,11,-5.5,194.0012783,47.26,700.25
603300,698,699.5,1.6,11,-5.5,194.0180576,47.25,698.75
603400,700,701.5,1.6,11,-5.5,194.0305284,47.24,700.75
603500,697.5,699,1.6,11,-5.5,193.7309172,47.24,698.25
603600,701,702.5,1.6,11,-5.5,194.0146879,47.23,701.75
603700,704,705.5,1.6,11,-5.5,194.3683755,47.22,704.75
603800,705,706.5,1.6,11,-5.5,194.6665597,47.22,705.75
603900,701.5,703,1.6,11,-5.5,194.1909943,47.21,702.25
604000,699,700.5,1.6,11,-5.5,193.9205277,47.2,699.75
604100,697,698.5,1.6,11,-5.5,193.7110142,47.19,697.75
604200,696.5,698.5,1.6,11,-5.5,193.9408359,47.18,697.5
604300,696,697.5,1.6,11,-5.5,193.5546839,47.18,696.75
604400,700,701.5,1.6,11,-5.5,193.7586858,47.17,700.75
604500,699,700.5,1.6,11,-5.5,193.5151877,47.16,699.75
604600,699,700.5,1.6,11,-5.5,193.3863111,47.16,699.75
604700,699,700.5,1.6,11,-5.5,193.1357954,47.15,699.75
604800,701,702.5,1.6,11,-5.5,193.2846994,47.14,701.75
604900,699.5,701,1.6,11,-5.5,193.2614275,47.13,700.25
605000,698.5,700,1.6,11,-5.5,193.3319779,47.12,699.25
605100,696.5,698,1.6,11,-5.5,193.0822196,47.12,697.25
605200,697.5,699,1.6,11,-5.5,193.2308233,47.11,698.25
605300,697.5,699,1.6,11,-5.5,193.3108805,47.1,698.25
605400,695.5,697,1.6,11,-5.5,192.9663074,47.1,696.25
605500,692.5,694,1.6,11,-5.5,192.4883689,47.09,693.25
605600,689,690.5,1.6,11,-5.5,192.2934118,47.08,689.75
605700,688,689.5,1.6,11,-5.5,192.1040091,47.07,688.75
605800,690.5,692,1.6,11,-5.5,192.1719845,47.06,691.25
605900,689.5,691,1.6,11,-5.5,192.424686,47.06,690.25
606000,692.5,694,1.6,11,-5.5,192.5737767,47.05,693.25
606100,688.5,690,1.6,11,-5.5,192.5163234,47.04,689.25
606200,690.5,692,1.6,11,-5.5,192.5773861,47.04,691.25
606300,690.5,692,1.6,11,-5.5,192.6793478,47.03,691.25
606400,692,693.5,1.6,11,-5.5,193.018775,47.02,692.75
606500,694,695.5,1.6,11,-5.5,193.0196983,47.01,694.75
606600,691,692.5,1.6,11,-5.5,192.7094484,47,691.75
606700,690.5,692,1.6,11,-5.5,192.7486331,47,691.25
606800,693,694.5,1.6,11,-5.5,192.7913836,46.99,693.75
606900,689,690.5,1.6,11,-5.5,192.7305832,46.98,689.75
607000,691,692.5,1.6,11,-5.5,192.7890757,46.98,691.75
607100,689.5,691,1.6,11,-5.5,193.2417378,46.97,690.25
607200,690.5,692,1.6,11,-5.5,193.3538109,46.96,691.25
607300,695.5,697,1.6,11,-5.5,193.5114307,46.95,696.25
607400,691.5,693,1.6,11,-5.5,193.0786736,46.94,692.25
607500,690.5,692,1.6,11,-5.5,193.245322,46.94,691.25
607600,693.5,695,1.6,11,-5.5,193.2262966,46.93,694.25
607700,693,694.5,1.6,11,-5.5,193.2706924,46.92,693.75
607800,695.5,697,1.6,11,-5.5,193.5115107,46.92,696.25
607900,697.5,699,1.6,11,-5.5,193.7308486,46.91,698.25
608000,694,695.5,1.6,11,-5.5,193.7031373,46.9,694.75
608100,693.5,695,1.6,11,-5.5,193.6468572,46.89,694.25
608200,691,692.5,1.6,11,-5.5,193.4384446,46.88,691.75
608300,690.5,692,1.6,11,-5.5,193.2013806,46.88,691.25
608400,693,694.5,1.6,11,-5.5,193.0891103,46.87,693.75
608500,690,691.5,1.6,11,-5.5,192.99177,46.86,690.75
608600,691.5,693,1.6,11,-5.5,193.0479682,46.86,692.25
608700,693,694.5,1.6,11,-5.5,193.3531556,46.85,693.75
608800,691,692.5,1.6,11,-5.5,193.3928539,46.84,691.75
608900,697,698.5,1.6,11,-5.5,193.4262618,46.83,697.75
609000,698,699.5,1.6,11,-5.5,193.6874028,46.82,698.75
609100,695.5,697,1.6,11,-5.5,193.4938337,46.82,696.25
609200,696,697.5,1.6,11,-5.5,193.5035988,46.81,696.75
609300,694,695.5,1.6,11,-5.5,193.2077936,46.8,694.75
609400,694,695.5,1.6,11,-5.5,192.9622788,46.8,694.75
609500,694.5,696,1.6,11,-5.5,192.9167308,46.79,695.25
609600,691.5,693,1.6,11,-5.5,192.7469211,46.78,692.25
609700,691.5,693,1.6,11,-5.5,192.7942362,46.77,692.25
609800,688,689.5,1.6,11,-5.5,192.6455847,46.76,688.75
609900,694,695.5,1.6,11,-5.5,192.8830626,46.76,694.75
610000,691.5,693,1.6,11,-5.5,192.7552317,46.75,692.25
610100,688.5,690,1.6,11,-5.5,192.6090389,46.74,689.25
610200,693,694.5,1.6,11,-5.5,193.0196838,46.74,693.75
610300,694,695.5,1.6,11,-5.5,193.1818123,46.73,694.75
610400,695.5,697,1.6,11,-5.5,193.1293923,46.72,696.25
610500,698,699.5,1.6,11,-5.5,193.1535494,46.71,698.75
610600,696.5,698,1.6,11,-5.5,192.9830193,46.7,697.25
610700,696,697.5,1.6,11,-5.5,192.6922648,46.7,696.75
610800,692.5,694,1.6,11,-5.5,192.3174697,46.69,693.25
610900,692.5,694,1.6,11,-5.5,192.1328111,46.68,693.25
611000,692.5,694.5,1.6,11,-5.5,192.2106177,46.68,693.5
611100,688.5,690,1.6,11,-5.5,192.1185418,46.67,689.25
611200,692,693.5,1.6,11,-5.5,192.180501,46.66,692.75
611300,691,692.5,1.6,11,-5.5,192.2868596,46.65,691.75
611400,692,693.5,1.6,11,-5.5,192.2867361,46.64,692.75
611500,694,695.5,1.6,11,-5.5,192.4761003,46.64,694.75
611600,692,693.5,1.6,11,-5.5,192.3572718,46.63,692.75
611700,696.5,698,1.6,11,-5.5,192.6600817,46.62,697.25
611800,698.5,700,1.6,11,-5.5,192.6551522,46.62,699.25
611900,700.5,702,1.6,11,-5.5,192.8220374,46.61,701.25
612000,698,699.5,1.6,11,-5.5,192.7974437,46.6,698.75
612100,698.5,700,1.6,11,-5.5,192.7929839,46.59,699.25
612200,697,698.5,1.6,11,-5.5,192.5164009,46.58,697.75
612300,696,697.5,1.6,11,-5.5,192.4583264,46.58,696.75
612400,694.5,696,1.6,11,-5.5,192.2848477,46.57,695.25
612500,693.5,695,1.6,11,-5.5,192.3067621,46.56,694.25
612600,688,689.5,1.6,11,-5.5,192.1621223,46.56,688.75
612700,688.5,690,1.6,11,-5.5,192.0204582,46.55,689.25
612800,689,690.5,1.6,11,-5.5,191.9780174,46.54,689.75
612900,693,694.5,1.6,11,-5.5,192.0190117,46.53,693.75
613000,689,690.5,1.6,11,-5.5,191.959155,46.52,689.75
613100,689,690.5,1.6,11,-5.5,192.2427541,46.52,689.75
613200,692.5,694,1.6,11,-5.5,192.6044098,46.51,693.25
613300,694.5,696,1.6,11,-5.5,192.7794559,46.5,695.25
613400,694.5,696,1.6,11,-5.5,192.5907498,46.5,695.25
613500,696,697.5,1.6,11,-5.5,192.7406088,46.49,696.75
613600,694.5,696,1.6,11,-5.5,193.1237866,46.48,695.25
613700,698.5,700,1.6,11,-5.5,193.4498033,46.47,699.25
613800,699.5,701,1.6,11.5,-5.5,193.5482073,46.46,700.25
613900,701,702.5,1.6,11.5,-5.5,193.5899472,46.46,701.75
614000,698.5,700,1.6,11.5,-5.5,193.4125064,46.45,699.25
614100,697.5,699,1.6,11.5,-5.5,193.4154022,46.44,698.25
614200,696,697.5,1.6,11.5,-5.5,193.1591283,46.44,696.75
614300,693.5,695,1.6,11.5,-5.5,193.0913883,46.43,694.25
614400,691,692.5,1.6,11.5,-5.5,193.2607419,46.42,691.75
614500,693.5,695,1.6,11.5,-5.5,193.366966,46.41,694.25
614600,692.5,694,1.6,11.5,-5.5,193.3309107,46.4,693.25
614700,691.5,693,1.6,11.5,-5.5,193.2315842,46.4,692.25
614800,696,697.5,1.6,11.5,-5.5,193.2757615,46.39,696.75
614900,696.5,698,1.6,11.5,-5.5,193.3964548,46.38,697.25
615000,697.5,699,1.6,11.5,-5.5,193.2139829,46.38,698.25
615100,697.5,699.5,1.6,11.5,-5.5,193.1788509,46.37,698.5
615200,699,700.5,1.6,11.5,-5.5,193.4439001,46.36,699.75
615300,700,701.5,1.6,11.5,-5.5,193.7136407,46.35,700.75
615400,699.5,701,1.6,11.5,-5.5,193.5664816,46.34,700.25
615500,695,696.5,1.6,11.5,-5.5,193.0249941,46.34,695.75
615600,697.5,699,1.6,11.5,-5.5,193.1222424,46.33,698.25
615700,698,699.5,1.6,11.5,-5.5,193.1144614,46.32,698.75
615800,697,698.5,1.6,11.5,-5.5,193.0623358,46.32,697.75
615900,697,698.5,1.6,11.5,-5.5,193.0908654,46.31,697.75
616000,700,701.5,1.6,11.5,-5.5,193.1375928,46.3,700.75
616100,697,698.5,1.6,11.5,-5.5,193.1340221,46.29,697.75
616200,697,698.5,1.6,11.5,-5.5,193.0451451,46.28,697.75
616300,700,701.5,1.6,11.5,-5.5,193.2835407,46.28,700.75
616400,705.5,707,1.6,11.5,-5.5,193.411706,46.27,706.25
616500,703.5,705,1.6,11.5,-5.5,193.3857257,46.26,704.25
616600,705,706.5,1.6,11.5,-5.5,193.4356003,46.26,705.75
616700,698.5,700,1.6,11.5,-5.5,193.2272925,46.25,699.25
616800,701.5,703,1.6,11.5,-5.5,193.3798624,46.24,702.25
616900,704,705.5,1.6,11.5,-5.5,193.3968683,46.23,704.75
617000,701,702.5,1.6,11.5,-5.5,193.2722678,46.22,701.75
617100,703,704.5,1.6,11.5,-5.5,193.3085901,46.22,703.75
617200,702.5,704,1.6,11.5,-5.5,193.2905911,46.21,703.25
617300,705,706.5,1.6,11.5,-5.5,193.5596946,46.2,705.75
617400,705,706.5,1.6,11.5,-5.5,193.5580052,46.2,705.75
617500,704,705.5,1.6,11.5,-5.5,193.5044557,46.19,704.75
617600,708,709.5,1.6,11.5,-5.5,193.732686,46.18,708.75
617700,713,714.5,1.6,11.5,-5.5,193.8056523,46.17,713.75
617800,710.5,712,1.6,11.5,-5.5,193.6923161,46.16,711.25
617900,713,714.5,1.6,11.5,-5.5,193.7132094,46.16,713.75
618000,710,711.5,1.6,11.5,-5.5,193.6320508,46.15,710.75
618100,707,708.5,1.6,11.5,-5.5,193.4651702,46.14,707.75
618200,708.5,710,1.6,11.5,-5.5,193.0326345,46.14,709.25
618300,712,713.5,1.6,11.5,-5.5,193.1160356,46.13,712.75
618400,714,715.5,1.6,11.5,-5.5,193.3090561,46.12,714.75
618500,712.5,714,1.6,11.5,-5.5,193.4989873,46.11,713.25
618600,708,709.5,1.6,11.5,-5.5,193.4605959,46.1,708.75
618700,709,710.5,1.6,11.5,-5.5,193.7357628,46.1,709.75
618800,707.5,709,1.6,11.5,-5.5,193.530519,46.09,708.25
618900,708,709.5,1.6,11.5,-5.5,193.5764243,46.08,708.75
619000,706.5,708,1.6,11.5,-5.5,193.3266368,46.08,707.25
619100,702.5,704,1.6,11.5,-5.5,193.1886075,46.07,703.25
619200,700.5,702,1.6,11.5,-5.5,193.0760316,46.06,701.25
619300,701,702.5,1.6,11.5,-5.5,193.339815,46.05,701.75
619400,700.5,702,1.6,11.5,-5.5,193.1865026,46.04,701.25
619500,698,699.5,1.6,11.5,-5.5,193.1511401,46.04,698.75
619600,698.5,700,1.6,11.5,-5.5,193.2440412,46.03,699.25
619700,700,701.5,1.6,11.5,-5.5,193.5597209,46.02,700.75
619800,703,704.5,1.6,11.5,-5.5,193.624802,46.02,703.75
619900,708,709.5,1.6,11.5,-5.5,193.9081784,46.01,708.75
620000,708,709.5,1.6,11.5,-5.5,193.534671,46,708.75
620100,707.5,709,1.6,11.5,-5.5,193.6834464,45.99,708.25
620200,706.5,708,1.6,11.5,-5.5,193.6642438,45.98,707.25
620300,704.5,706,1.6,11.5,-5.5,193.5971959,45.98,705.25
620400,706,707.5,1.6,11.5,-5.5,193.6332135,45.97,706.75
620500,710.5,712,1.6,11.5,-5.5,193.9527359,45.96,711.25
620600,711.5,713,1.6,11.5,-5.5,194.0492954,45.96,712.25
620700,711,712.5,1.6,11.5,-5.5,193.8558526,45.95,711.75
620800,711,712.5,1.6,11.5,-5.5,194.2671409,45.94,711.75
620900,715.5,717,1.6,11.5,-6,194.5218402,45.93,716.25
621000,716.5,718,1.6,11.5,-6,194.3002065,45.92,717.25
621100,719,720.5,1.6,11.5,-6,194.5765666,45.92,719.75
621200,722.5,724,1.6,11.5,-6,194.7185553,45.91,723.25
621300,721.5,723,1.6,11.5,-6,194.6782303,45.9,722.25
621400,721,722.5,1.6,11.5,-6,194.7066279,45.9,721.75
621500,717.5,719,1.6,11.5,-6,194.5669664,45.89,718.25
621600,713.5,715,1.6,11.5,-6,194.3990588,45.88,714.25
621700,714.5,716,1.6,11.5,-6,194.3966202,45.87,715.25
621800,710,711.5,1.6,11.5,-6,194.2508768,45.86,710.75
621900,715,716.5,1.6,11.5,-6,194.5365285,45.86,715.75
622000,712.5,714,1.6,11.5,-6,194.4790553,45.85,713.25
622100,706.5,708,1.6,11.5,-6,194.2966214,45.84,707.25
622200,708,709.5,1.6,11.5,-6,194.3628664,45.84,708.75
622300,705.5,707,1.6,11.5,-6,194.5866496,45.83,706.25
622400,703.5,705,1.6,11.5,-6,194.4944157,45.82,704.25
622500,701,702.5,1.6,11.5,-6,194.3279408,45.81,701.75
622600,701,702.5,1.6,11.5,-6,194.0269539,45.8,701.75
622700,698.5,700,1.6,11.5,-6,193.793629,45.8,699.25
622800,700,701.5,1.6,11.5,-6,193.6051128,45.79,700.75
622900,704.5,706,1.6,11.5,-6,193.7867669,45.78,705.25
623000,705.5,707,1.6,11.5,-6,193.8226151,45.78,706.25
623100,708.5,710,1.6,11.5,-6,193.9474694,45.77,709.25
623200,709.5,711,1.6,11.5,-6,194.069375,45.76,710.25
623300,715,716.5,1.6,11.5,-6,194.4543102,45.75,715.75
623400,715,717,1.6,11.5,-6,194.5687731,45.74,716
623500,712,713.5,1.6,11.5,-6,194.3467366,45.74,712.75
623600,716,717.5,1.6,11.5,-6,194.4602276,45.73,716.75
623700,716,718,1.6,11.5,-6,194.4346247,45.72,717
623800,716,718,1.6,11.5,-6,194.4013101,45.72,717
623900,716.5,718,1.6,11.5,-6,194.5742178,45.71,717.25
624000,717.5,719,1.6,11.5,-6,195.0014514,45.7,718.25
624100,712.5,714,1.6,11.5,-6,194.7570627,45.69,713.25
624200,716.5,718,1.6,11.5,-6,194.8424778,45.68,717.25
624300,712,713.5,1.6,11.5,-6,194.7930547,45.68,712.75
624400,716.5,718,1.6,11.5,-6,194.9400819,45.67,717.25
624500,713.5,715,1.6,11.5,-6,194.6703816,45.66,714.25
624600,711.5,713,1.6,11.5,-6,194.5375727,45.66,712.25
624700,708.5,710,1.6,11.5,-6,194.3799113,45.65,709.25
624800,708,709.5,1.6,11.5,-6,194.3928706,45.64,708.75
624900,707.5,709,1.6,11.5,-6,194.3526483,45.63,708.25
625000,705,706.5,1.6,11.5,-6,194.023208,45.62,705.75
625100,703.5,705,1.6,11.5,-6,193.7040441,45.62,704.25
625200,703,704.5,1.6,11.5,-6,193.7794944,45.61,703.75
625300,707,708.5,1.6,11.5,-6,193.9822235,45.6,707.75
625400,708.5,710,1.6,11.5,-6,194.2372661,45.6,709.25
625500,708,709.5,1.6,11.5,-6,194.3043906,45.59,708.75
625600,707,708.5,1.6,11.5,-6,194.3926268,45.58,707.75
625700,707.5,709,1.6,11.5,-6,194.4183976,45.57,708.25
625800,706,707.5,1.6,11.5,-6,194.2674248,45.56,706.75
625900,706,707.5,1.6,11.5,-6,194.2685117,45.56,706.75
626000,704.5,706,1.6,11.5,-6,194.2942914,45.55,705.25
626100,707.5,709,1.6,11.5,-6,194.6508403,45.54,708.25
626200,709,710.5,1.6,11.5,-6,194.8770926,45.54,709.75
626300,707.5,709,1.6,11.5,-6,194.7353518,45.53,708.25
626400,706,707.5,1.6,11.5,-6,194.5846747,45.52,706.75
626500,706,707.5,1.6,11.5,-6,194.5543384,45.51,706.75
626600,705.5,707,1.6,11.5,-6,194.6561599,45.5,706.25
626700,705,707,1.6,11.5,-6,194.847334,45.5,706
626800,706.5,708,1.6,11.5,-6,194.6684159,45.49,707.25
626900,703.5,705,1.6,11.5,-6,194.5717692,45.48,704.25
627000,704,705.5,1.6,11.5,-6,194.5969165,45.48,704.75
627100,701.5,703,1.6,11.5,-6,194.4348177,45.47,702.25
627200,700.5,702,1.6,11.5,-6,194.2250943,45.46,701.25
627300,699.5,701,1.6,11.5,-6,193.8269656,45.45,700.25
627400,698,699.5,1.6,11.5,-6,193.7841363,45.44,698.75
627500,703.5,705,1.6,11.5,-6,193.950245,45.44,704.25
627600,704,705.5,1.6,11.5,-6,194.0264539,45.43,704.75
627700,701.5,703,1.6,11.5,-6,193.8301162,45.42,702.25
627800,702,703.5,1.6,11.5,-6,193.5355415,45.42,702.75
627900,698.5,700,1.6,11.5,-6,193.6375634,45.41,699.25
628000,698.5,700,1.6,11.5,-6,193.635031,45.4,699.25
628100,697.5,699,1.6,11.5,-6,193.7925743,45.39,698.25
628200,697.5,699,1.6,11.5,-6,193.6880546,45.38,698.25
628300,697.5,699,1.6,11.5,-6,193.5563515,45.38,698.25
628400,695,696.5,1.6,11.5,-6,193.5506705,45.37,695.75
628500,690,691.5,1.6,11.5,-6,193.3772359,45.36,690.75
628600,692,693.5,1.6,11.5,-6,193.507585,45.36,692.75
628700,692,694,1.6,11.5,-6,193.6479453,45.35,693
628800,691.5,693,1.6,11.5,-6,193.6312709,45.34,692.25
628900,689.5,691,1.6,11.5,-6,193.3447363,45.33,690.25
629000,692.5,694,1.6,11.5,-6,193.4071652,45.32,693.25
629100,691,692.5,1.6,11.5,-6,193.3252313,45.32,691.75
629200,689,690.5,1.6,11.5,-6,193.4627903,45.31,689.75
629300,693,694.5,1.6,11.5,-6,193.5948649,45.3,693.75
629400,690,691.5,1.6,11.5,-6,193.3710379,45.3,690.75
629500,689,690.5,1.6,11.5,-6,193.272407,45.29,689.75
629600,690,691.5,1.6,11.5,-6,193.2773112,45.28,690.75
629700,692,693.5,1.6,11.5,-6,193.515015,45.27,692.75
629800,693.5,695,1.6,11.5,-6,193.5793774,45.26,694.25
629900,698.5,700,1.6,11.5,-6,193.8933414,45.26,699.25
630000,700,701.5,1.6,11.5,-6,193.7708628,45.25,700.75
630100,697,698.5,1.6,11.5,-6,193.4461837,45.24,697.75
630200,702,703.5,1.6,11.5,-6,193.605448,45.24,702.75
630300,703,704.5,1.6,11.5,-6,193.6941359,45.23,703.75
630400,697,698.5,1.6,11.5,-6,193.5935222,45.22,697.75
630500,694,695.5,1.6,11.5,-6,193.8754406,45.21,694.75
630600,696,697.5,1.6,11.5,-6,193.774944,45.2,696.75
630700,695,696.5,1.6,11.5,-6,193.6720448,45.2,695.75
630800,698.5,700,1.6,11.5,-6,193.7806749,45.19,699.25
630900,695,696.5,1.6,11.5,-6,193.666924,45.18,695.75
631000,692.5,694,1.6,11.5,-6,193.5794275,45.18,693.25
631100,693.5,695,1.6,11.5,-6,193.4548859,45.17,694.25
631200,691.5,693,1.6,11.5,-6,193.3640275,45.16,692.25
631300,690.5,692,1.6,11.5,-6,193.2208531,45.15,691.25
631400,691,692.5,1.6,11.5,-6,193.3132688,45.14,691.75
631500,689.5,691,1.6,11.5,-6,193.1425812,45.14,690.25
631600,689,690.5,1.6,11.5,-6,193.1025009,45.13,689.75
631700,690.5,692,1.6,11.5,-6,193.2631199,45.12,691.25
631800,692.5,694,1.6,11.5,-6,193.3541188,45.12,693.25
631900,694.5,696,1.6,11.5,-6,193.3703693,45.11,695.25
632000,695.5,697,1.6,11.5,-6,193.7220257,45.1,696.25
632100,695,696.5,1.6,11.5,-6,193.5692554,45.09,695.75
632200,692.5,694,1.6,11.5,-6,193.5173496,45.08,693.25
632300,694.5,696,1.6,11.5,-6,193.6922437,45.08,695.25
632400,697.5,699,1.6,11.5,-6,193.7978019,45.07,698.25
632500,695,696.5,1.6,11.5,-6,193.512051,45.06,695.75
632600,696.5,698,1.6,11.5,-6,193.8983905,45.06,697.25
632700,695.5,697,1.6,11.5,-6,193.8216684,45.05,696.25
632800,694.5,696,1.6,11.5,-6,193.759684,45.04,695.25
632900,695.5,697,1.6,11.5,-6,193.8809512,45.03,696.25
633000,695.5,697,1.6,11.5,-6,193.7934673,45.02,696.25
633100,697,698.5,1.6,11.5,-6,193.7023906,45.02,697.75
633200,693.5,695,1.6,11.5,-6,193.4984609,45.01,694.25
633300,700,701.5,1.6,11.5,-6,193.7466983,45,700.75
633400,699.5,701,1.6,11.5,-6,194.0066226,45,700.25
633500,697.5,699,1.6,11.5,-6,194.041907,44.99,698.25
633600,696,697.5,1.6,11.5,-6,193.8732817,44.98,696.75
633700,694.5,696,1.6,11.5,-6,193.8081992,44.97,695.25
633800,696.5,698,1.6,11.5,-6,193.9641451,44.96,697.25
633900,698,699.5,1.6,11.5,-6,193.7506518,44.96,698.75
634000,698.5,700,1.6,11.5,-6,193.7106154,44.95,699.25
634100,700.5,702,1.6,11.5,-6,193.9053469,44.94,701.25
634200,698.5,700,1.6,11.5,-6,193.5368292,44.94,699.25
634300,696,697.5,1.6,11.5,-6,193.480943,44.93,696.75
634400,698,699.5,1.6,11.5,-6,193.552538,44.92,698.75
634500,693,694.5,1.6,11.5,-6,193.3978658,44.91,693.75
634600,688,689.5,1.6,11.5,-6,193.2444954,44.9,688.75
634700,687,688.5,1.6,11.5,-6,193.2381711,44.9,687.75
634800,688,689.5,1.6,11.5,-6,193.3015476,44.89,688.75
634900,690,691.5,1.6,11.5,-6,193.1949141,44.88,690.75
635000,691,692.5,1.6,11.5,-6,193.3105726,44.88,691.75
635100,695,696.5,1.6,11.5,-6,193.4813638,44.87,695.75
635200,692.5,694,1.6,11.5,-6,193.5359392,44.86,693.25
635300,692.5,694,1.6,11.5,-6,193.7307246,44.85,693.25
635400,693,694.5,1.6,11.5,-6,193.8047887,44.84,693.75
635500,692,693.5,1.6,11.5,-6,193.8731691,44.84,692.75
635600,693,694.5,1.6,11.5,-6,193.6785153,44.83,693.75
635700,695,696.5,1.6,11.5,-6,193.6926185,44.82,695.75
635800,692.5,694,1.6,11.5,-6,193.6078979,44.82,693.25
635900,693,694.5,1.6,11.5,-6,193.727428,44.81,693.75
636000,692.5,694,1.6,11.5,-6,193.7242367,44.8,693.25
636100,690.5,692,1.6,11.5,-6,193.7773639,44.79,691.25
636200,686.5,688,1.6,11.5,-6,193.7328173,44.78,687.25
636300,689.5,691,1.6,11.5,-6,193.8032938,44.78,690.25
636400,690.5,692,1.6,11.5,-6,193.9788254,44.77,691.25
636500,692.5,694,1.6,11.5,-6,194.2885709,44.76,693.25
636600,689.5,691,1.6,11.5,-6,194.1747304,44.76,690.25
636700,688.5,690,1.6,11.5,-6,193.9945348,44.75,689.25
636800,689.5,691,1.6,11.5,-6,194.3810703,44.74,690.25
636900,692,693.5,1.6,11.5,-6,194.640577,44.73,692.75
637000,694,695.5,1.6,11.5,-6,194.6720525,44.72,694.75
637100,694,695.5,1.6,11.5,-6,194.8238347,44.72,694.75
637200,695,696.5,1.6,11.5,-6,195.020261,44.71,695.75
637300,694,695.5,1.6,11.5,-6,195.1930002,44.7,694.75
637400,693,694.5,1.6,11.5,-6,195.2305112,44.7,693.75
637500,693.5,695,1.6,11.5,-6,195.3659654,44.69,694.25
637600,692.5,694,1.6,11.5,-6,195.4133081,44.68,693.25
637700,693,694.5,1.6,11.5,-6,195.601651,44.67,693.75
637800,688.5,690,1.6,11.5,-6,195.1329802,44.66,689.25
637900,689.5,691,1.6,11.5,-6,195.2129342,44.66,690.25
638000,688,689.5,1.6,11.5,-6,195.0750779,44.65,688.75
638100,688,689.5,1.6,11.5,-6,194.9381439,44.64,688.75
638200,685.5,687,1.6,11.5,-6,194.9555878,44.64,686.25
638300,683,684.5,1.6,11.5,-6,194.9137695,44.63,683.75
638400,684,685.5,1.6,11.5,-6,195.0745598,44.62,684.75
638500,684.5,686,1.6,11.5,-6,195.2708889,44.61,685.25
638600,680.5,682,1.6,11.5,-6,194.8067189,44.6,681.25
638700,680.5,682,1.6,11.5,-6,194.7761974,44.6,681.25
638800,676,677.5,1.6,11.5,-6,194.6985682,44.59,676.75
638900,677,678.5,1.6,11.5,-6,195.143021,44.58,677.75
639000,675,676.5,1.6,11.5,-6,195.1056648,44.58,675.75
639100,677,678.5,1.6,11.5,-6,195.0901792,44.57,677.75
639200,679,680.5,1.6,11.5,-6,195.003964,44.56,679.75
639300,684,685.5,1.6,11.5,-6,195.0906454,44.55,684.75
639400,686,687.5,1.6,11.5,-6,195.299828,44.54,686.75
639500,684.5,686,1.6,11.5,-6,195.3347917,44.54,685.25
639600,684,685.5,1.6,11.5,-6,195.410204,44.53,684.75
639700,683,684.5,1.6,11.5,-6,195.2529845,44.52,683.75
639800,681,682.5,1.6,11.5,-6,195.2186296,44.52,681.75
639900,682,683.5,1.6,11.5,-6,195.2933199,44.51,682.75
640000,684,685.5,1.6,11.5,-6,195.5303741,44.5,684.75
640100,683.5,685,1.6,11.5,-6,195.4932698,44.49,684.25
640200,684,685.5,1.6,11.5,-6,195.6076109,44.48,684.75
640300,681.5,683,1.6,11.5,-6,195.3300977,44.48,682.25
640400,682,683.5,1.6,11.5,-6,195.3722537,44.47,682.75
640500,681.5,683,1.6,11.5,-6,194.9738332,44.46,682.25
640600,681.5,683,1.6,11.5,-6,194.9778929,44.46,682.25
640700,679.5,681,1.6,11.5,-6,194.9690368,44.45,680.25
640800,683,684.5,1.6,11.5,-6,195.0061521,44.44,683.75
640900,680.5,682,1.6,11.5,-6,194.7600044,44.43,681.25
641000,678.5,680,1.6,11.5,-6,194.7047082,44.42,679.25
641100,681,682.5,1.6,11.5,-6,194.8933725,44.42,681.75
641200,679.5,681,1.6,11.5,-6,194.5621869,44.41,680.25
641300,678.5,680,1.6,11.5,-6,194.6535674,44.4,679.25
641400,675.5,677,1.6,11.5,-6,194.4829977,44.4,676.25
641500,678,679.5,1.6,11.5,-6,194.729283,44.39,678.75
641600,676,677.5,1.6,11.5,-6,194.6162985,44.38,676.75
641700,675,676.5,1.6,11.5,-6,194.4911364,44.37,675.75
641800,675,676.5,1.6,11.5,-6,194.4798212,44.36,675.75
641900,676.5,678,1.6,11.5,-6,194.4323243,44.36,677.25
642000,674,675.5,1.6,11.5,-6,194.3357144,44.35,674.75
642100,673,674.5,1.6,11.5,-6,194.1028749,44.34,673.75
642200,671.5,673,1.6,11.5,-6,194.0508657,44.34,672.25
642300,668.5,670,1.6,11.5,-6,193.9731867,44.33,669.25
642400,670,671.5,1.6,11.5,-6,193.9223445,44.32,670.75
642500,676,677.5,1.6,11.5,-6,194.1698144,44.31,676.75
642600,672,673.5,1.6,11.5,-6,193.9519382,44.3,672.75
642700,668,669.5,1.6,11.5,-6,193.4043345,44.3,668.75
642800,667,668.5,1.6,11.5,-6,193.3102669,44.29,667.75
642900,663.5,665,1.6,11.5,-6,193.2216913,44.28,664.25
643000,663.5,665.5,1.6,11.5,-6,192.9906336,44.28,664.5
643100,662,663.5,1.6,11.5,-6,192.8882999,44.27,662.75
643200,658.5,660,1.6,11.5,-6,192.817348,44.26,659.25
643300,660.5,662,1.6,11.5,-6,192.8913061,44.25,661.25
643400,665,666.5,1.6,11.5,-6,193.1803977,44.24,665.75
643500,664,665.5,1.6,11.5,-6,193.1419939,44.24,664.75
643600,663,664.5,1.6,11.5,-6,193.1423363,44.23,663.75
643700,667,668.5,1.6,11.5,-6,193.3604776,44.22,667.75
643800,667,668.5,1.6,11.5,-6,193.2260684,44.22,667.75
643900,670.5,672,1.6,11.5,-6,193.5019532,44.21,671.25
644000,669,670.5,1.6,11.5,-6,193.4303084,44.2,669.75
644100,670,671.5,1.6,11.5,-6,193.3794201,44.19,670.75
644200,669.5,671,1.6,11.5,-6,193.4576761,44.18,670.25
644300,672,673.5,1.6,11.5,-6,193.6601713,44.18,672.75
644400,677,678.5,1.6,11.5,-6,193.7819319,44.17,677.75
644500,674,675.5,1.6,11.5,-6,193.7131756,44.16,674.75
644600,673,674.5,1.6,11.5,-6,193.707603,44.16,673.75
644700,672.5,674,1.6,11.5,-6,193.6558137,44.15,673.25
644800,671.5,673,1.6,11.5,-6,193.6341498,44.14,672.25
644900,672.5,674,1.6,11.5,-6,193.8505561,44.13,673.25
645000,667,668.5,1.6,11.5,-6,193.703934,44.12,667.75
645100,667,668.5,1.6,11.5,-6,193.700127,44.12,667.75
645200,666,667.5,1.6,11.5,-6,193.4515862,44.11,666.75
645300,665,666.5,1.6,11.5,-6,193.2785059,44.1,665.75
645400,662.5,664,1.6,11.5,-6,193.2185933,44.1,663.25
645500,662,663.5,1.6,11.5,-6,193.2155817,44.09,662.75
645600,663,664.5,1.6,11.5,-6,193.1916311,44.08,663.75
645700,660,661.5,1.6,11.5,-6,193.049055,44.07,660.75
645800,658.5,660,1.6,11.5,-6,192.9654171,44.06,659.25
645900,661.5,663,1.6,11.5,-6,193.0681269,44.06,662.25
646000,663,664.5,1.6,11.5,-6,193.0212677,44.05,663.75
646100,661.5,663,1.6,11.5,-6,193.2142076,44.04,662.25
646200,663,664.5,1.6,11.5,-6,193.2478825,44.04,663.75
646300,658.5,660,1.6,11.5,-6,192.9363977,44.03,659.25
646400,659.5,661,1.6,11.5,-6,193.0215914,44.02,660.25
646500,656.5,658,1.6,11.5,-6,193.0149465,44.01,657.25
646600,654.5,656,1.6,11.5,-6,192.8561948,44,655.25
646700,654,655.5,1.6,11.5,-6,192.7768708,44,654.75
646800,655.5,657,1.6,11.5,-6,192.6966146,43.99,656.25
646900,656.5,658,1.6,11.5,-6,192.5546804,43.98,657.25
647000,659.5,661,1.6,11.5,-6,192.6634836,43.98,660.25
647100,658,659.5,1.6,11.5,-6,192.5182492,43.97,658.75
647200,658,659.5,1.6,11.5,-6,192.0997487,43.96,658.75
647300,657.5,659,1.6,11.5,-6,191.742461,43.95,658.25
647400,655.5,657,1.6,11.5,-6,191.8351802,43.94,656.25
647500,659,660.5,1.6,11.5,-6,192.0663533,43.94,659.75
647600,656.5,658,1.6,11.5,-6,192.0415731,43.93,657.25
647700,659,660.5,1.6,11.5,-6,192.1103824,43.92,659.75
647800,658.5,660.5,1.6,11.5,-6,192.3668855,43.92,659.5
647900,656,657.5,1.6,11.5,-6,192.3203575,43.91,656.75
648000,658.5,660,1.6,11.5,-6,192.8580587,43.9,659.25
648100,658.5,660.5,1.6,11.5,-6,192.8438266,43.89,659.5
648200,658.5,660,1.6,11.5,-6,192.779489,43.88,659.25
648300,658,659.5,1.6,11.5,-6,192.8327047,43.88,658.75
648400,658,659.5,1.6,11.5,-6,193.0473907,43.87,658.75
648500,663.5,665,1.6,11.5,-6,193.1741569,43.86,664.25
648600,660.5,662,1.6,11.5,-6,192.9394294,43.86,661.25
648700,665,666.5,1.6,11.5,-6,193.0367306,43.85,665.75
648800,665,666.5,1.6,11.5,-6,192.8673578,43.84,665.75
648900,667,668.5,1.6,11.5,-6,192.9669923,43.83,667.75
649000,665,666.5,1.6,11.5,-6,192.9984047,43.82,665.75
649100,667,668.5,1.6,11.5,-6,192.9898892,43.82,667.75
649200,667.5,669,1.6,11.5,-6,193.1664959,43.81,668.25
649300,664,665.5,1.6,11.5,-6,192.8488547,43.8,664.75
649400,667.5,669,1.6,11.5,-6,192.9596881,43.8,668.25
649500,664,665.5,1.6,11.5,-6,192.7695785,43.79,664.75
649600,659,660.5,1.6,11.5,-6,192.5828421,43.78,659.75
649700,661,662.5,1.6,11.5,-6,192.616343,43.77,661.75
649800,662,663.5,1.6,11.5,-6,192.71309,43.76,662.75
649900,659,660.5,1.6,11.5,-6,192.4853493,43.76,659.75
650000,661,662.5,1.6,11.5,-6,192.6497938,43.75,661.75
650100,661,663,1.6,11.5,-6,192.6225961,43.74,662
650200,661,662.5,1.6,11.5,-6,192.530937,43.74,661.75
650300,660,661.5,1.6,11.5,-6,192.630721,43.73,660.75
650400,660,661.5,1.6,11.5,-6,192.7740263,43.72,660.75
650500,659,660.5,1.6,11.5,-6,192.7403108,43.71,659.75
650600,657.5,659,1.6,11.5,-6,192.3464096,43.7,658.25
650700,658.5,660,1.6,11.5,-6,192.5526243,43.7,659.25
650800,661,662.5,1.6,11.5,-6,192.6531524,43.69,661.75
650900,665,666.5,1.6,11.5,-6,192.8882736,43.68,665.75
651000,662,663.5,1.6,11.5,-6,192.7217357,43.68,662.75
651100,661.5,663.5,1.6,11.5,-6,192.3769635,43.67,662.5
651200,665.5,667,1.6,11.5,-6,192.2322312,43.66,666.25
651300,665.5,667,1.6,11.5,-6,192.222192,43.65,666.25
651400,667.5,669,1.6,11.5,-6,192.5376356,43.64,668.25
651500,667.5,669,1.6,11.5,-6,192.6658597,43.64,668.25
651600,669.5,671,1.6,11.5,-6,192.930621,43.63,670.25
651700,668.5,670,1.6,11.5,-6,192.7151063,43.62,669.25
651800,669.5,671,1.6,11.5,-6,192.8101354,43.62,670.25
651900,671.5,673,1.6,11.5,-6,193.0391057,43.61,672.25
652000,675,676.5,1.6,11.5,-6,193.3010575,43.6,675.75
652100,672.5,674,1.6,11.5,-6,193.3090891,43.59,673.25
652200,672.5,674,1.6,11.5,-6,193.0712694,43.58,673.25
652300,673.5,675,1.6,11.5,-6,193.1343806,43.58,674.25
652400,672.5,674,1.6,11.5,-6,193.1201267,43.57,673.25
652500,672.5,674,1.6,11.5,-6,193.2052579,43.56,673.25
652600,667,668.5,1.6,11.5,-6,193.0765035,43.56,667.75
652700,665,666.5,1.6,11.5,-6,192.8626792,43.55,665.75
652800,662,663.5,1.6,11.5,-6,192.7160554,43.54,662.75
652900,661.5,663,1.6,11.5,-6,192.6963644,43.53,662.25
653000,663.5,665,1.6,11.5,-6,193.0031344,43.52,664.25
653100,667.5,669,1.6,11.5,-6,193.3295391,43.52,668.25
653200,673.5,675,1.6,11.5,-6,193.6018226,43.51,674.25
653300,677.5,679,1.6,11.5,-6,193.6442673,43.5,678.25
653400,679,680.5,1.6,11.5,-6,194.0663617,43.5,679.75
653500,678.5,680,1.6,11.5,-6,194.3960113,43.49,679.25
653600,677,678.5,1.6,11.5,-6,194.1443885,43.48,677.75
653700,677,678.5,1.6,11.5,-6,194.4156039,43.47,677.75
653800,681,682.5,1.6,11.5,-6,194.5537878,43.46,681.75
653900,681.5,683,1.6,11.5,-6,194.7461398,43.46,682.25
654000,683.5,685,1.6,11.5,-6,195.0067732,43.45,684.25
654100,680.5,682,1.6,11.5,-6,194.8081383,43.44,681.25
654200,678.5,680,1.7,11.5,-6,194.8048478,43.44,679.25
654300,681.5,683,1.7,11.5,-6,194.8937325,43.43,682.25
654400,683.5,685,1.7,11.5,-6,194.9273566,43.42,684.25
654500,682,683.5,1.7,11.5,-6,194.7934615,43.41,682.75
654600,683.5,685,1.7,11.5,-6,194.7446539,43.4,684.25
654700,686.5,688,1.7,11.5,-6,194.8954305,43.4,687.25
654800,688,689.5,1.7,11.5,-6,195.0264459,43.39,688.75
654900,684,685.5,1.7,11.5,-6,194.9851598,43.38,684.75
655000,688.5,690,1.7,11.5,-6,195.2138571,43.38,689.25
655100,688.5,690,1.7,11.5,-6,195.199678,43.37,689.25
655200,682.5,684,1.7,11.5,-6,194.7961136,43.36,683.25
655300,684.5,686,1.7,11.5,-6,194.8659575,43.35,685.25
655400,685.5,687,1.7,11.5,-6,194.8105855,43.34,686.25
655500,684,685.5,1.7,11.5,-6,194.7690137,43.34,684.75
655600,683,684.5,1.7,11.5,-6,194.8114218,43.33,683.75
655700,684,685.5,1.6,11.5,-6,194.9979013,43.32,684.75
655800,680,681.5,1.6,11.5,-6,194.965884,43.32,680.75
655900,677.5,679,1.6,11.5,-6,195.2358687,43.31,678.25
656000,676.5,678,1.6,11.5,-6,195.141058,43.3,677.25
656100,676,677.5,1.6,11.5,-6,194.8863667,43.29,676.75
656200,675,676.5,1.6,11.5,-6,194.8063494,43.28,675.75
656300,676.5,678,1.6,11.5,-6,194.7649414,43.28,677.25
656400,672.5,674,1.6,11.5,-6,194.5697149,43.27,673.25
656500,669.5,671,1.6,11.5,-6,194.2329793,43.26,670.25
656600,667.5,669,1.6,11.5,-6,194.3069873,43.26,668.25
656700,668,669.5,1.6,11.5,-6,194.4502032,43.25,668.75
656800,670.5,672,1.6,11.5,-6,194.6612189,43.24,671.25
656900,668,669.5,1.6,11.5,-6,194.5553581,43.23,668.75
657000,672,673.5,1.6,11.5,-6,194.7252451,43.22,672.75
657100,676,677.5,1.6,11.5,-6,195.0403945,43.22,676.75
657200,675,676.5,1.6,11.5,-6,194.8769683,43.21,675.75
657300,670,671.5,1.6,11.5,-6,194.6878969,43.2,670.75
657400,667,668.5,1.6,11.5,-6,194.6277567,43.2,667.75
657500,671,672.5,1.6,11.5,-6,194.9303672,43.19,671.75
657600,673,674.5,1.6,11.5,-6,194.9450963,43.18,673.75
657700,676,677.5,1.6,11.5,-6,195.1387343,43.17,676.75
657800,677,678.5,1.6,11.5,-6,195.184594,43.16,677.75
657900,676,677.5,1.6,11.5,-6,195.2630722,43.16,676.75
658000,675,676.5,1.6,11.5,-6,195.2836243,43.15,675.75
658100,674,675.5,1.6,11.5,-6,195.3300229,43.14,674.75
658200,670,671.5,1.6,11.5,-6,195.11296,43.14,670.75
658300,673,674.5,1.6,11.5,-6,195.2462761,43.13,673.75
658400,675.5,677,1.6,11.5,-6,195.2631822,43.12,676.25
658500,674,675.5,1.6,11.5,-6,195.1659751,43.11,674.75
658600,669,670.5,1.6,11.5,-6,194.8609774,43.1,669.75
658700,670.5,672,1.6,11.5,-6,194.9262731,43.1,671.25
658800,668,669.5,1.6,11.5,-6,194.7012906,43.09,668.75
658900,671.5,673,1.6,11.5,-6,194.9915919,43.08,672.25
659000,671.5,673,1.6,11.5,-6,194.7759425,43.08,672.25
659100,669,670.5,1.6,11.5,-6,194.7039211,43.07,669.75
659200,670.5,672,1.6,11.5,-6,194.796911,43.06,671.25
659300,672,673.5,1.6,11.5,-6,195.141884,43.05,672.75
659400,677.5,679,1.6,11.5,-6,195.2748599,43.04,678.25
659500,677,678.5,1.6,11.5,-6,195.1645468,43.04,677.75
659600,679,680.5,1.6,11.5,-6,195.2894846,43.03,679.75
659700,676.5,678,1.6,11.5,-6,195.2355131,43.02,677.25
659800,676.5,678,1.6,11.5,-6,194.9867506,43.02,677.25
659900,677.5,679,1.6,11.5,-6,194.7739957,43.01,678.25
660000,674,675.5,1.6,11.5,-6,194.6778515,43,674.75
660100,670,671.5,1.6,11.5,-6,194.5724287,42.99,670.75
660200,673.5,675,1.6,11.5,-6,194.6888368,42.98,674.25
660300,673.5,675,1.6,11.5,-6,194.61512,42.98,674.25
660400,675.5,677,1.6,11.5,-6,194.836064,42.97,676.25
660500,677.5,679,1.6,11.5,-6,194.8063517,42.96,678.25
660600,678,679.5,1.6,11.5,-6,194.9418909,42.96,678.75
660700,679.5,681,1.6,11.5,-6,195.1566103,42.95,680.25
660800,678.5,680,1.6,11.5,-6,195.2839504,42.94,679.25
660900,676.5,678,1.6,11.5,-6,195.0586954,42.93,677.25
661000,674.5,676,1.6,11.5,-6,194.9353157,42.92,675.25
661100,675,676.5,1.6,11.5,-6,195.0530009,42.92,675.75
661200,674,675.5,1.6,11.5,-6,195.0608216,42.91,674.75
661300,672.5,674,1.6,11.5,-6,194.9679865,42.9,673.25
661400,673.5,675,1.6,11.5,-6,194.8564704,42.9,674.25
661500,677,678.5,1.6,11.5,-6,194.7816026,42.89,677.75
661600,675,676.5,1.6,11.5,-6,194.5181576,42.88,675.75
661700,678,679.5,1.6,11.5,-6,194.7394652,42.87,678.75
661800,674.5,676,1.6,11.5,-6,194.6611756,42.86,675.25
661900,678,679.5,1.6,11.5,-6,194.8494708,42.86,678.75
662000,678,679.5,1.6,11.5,-6,194.7111502,42.85,678.75
662100,683,684.5,1.6,11.5,-6,194.8798276,42.84,683.75
662200,681.5,683,1.6,11.5,-6,194.5620681,42.84,682.25
662300,681,683,1.6,11.5,-6,194.4797257,42.83,682
662400,676,677.5,1.6,11.5,-6,194.2507782,42.82,676.75
662500,673.5,675,1.6,11.5,-6,194.1901218,42.81,674.25
662600,669.5,671,1.6,11.5,-6,194.0820667,42.8,670.25
662700,672.5,674,1.6,11.5,-6,194.2754571,42.8,673.25
662800,673.5,675,1.6,11.5,-6,194.2741008,42.79,674.25
662900,670.5,672,1.6,11.5,-6,194.4064724,42.78,671.25
663000,674.5,676,1.6,11.5,-6,194.8055188,42.78,675.25
663100,676,677.5,1.6,11.5,-6,194.9996472,42.77,676.75
663200,673,674.5,1.6,11.5,-6,194.6373971,42.76,673.75
663300,671,672.5,1.6,11.5,-6,194.5955213,42.75,671.75
663400,668.5,670,1.6,11.5,-6,194.5709375,42.74,669.25
663500,666.5,668,1.6,11.5,-6,194.4704399,42.74,667.25
663600,666.5,668,1.6,11.5,-6,194.3032256,42.73,667.25
663700,668.5,670,1.6,11.5,-6,194.4784029,42.72,669.25
663800,673.5,675,1.6,11.5,-6,194.7436698,42.72,674.25
663900,671.5,673,1.6,11.5,-6,194.9086616,42.71,672.25
664000,673,674.5,1.6,11.5,-6,195.0260594,42.7,673.75
664100,674,675.5,1.6,11.5,-6,194.9237438,42.69,674.75
664200,670.5,672,1.6,11.5,-6,194.6897854,42.68,671.25
664300,670.5,672,1.6,11.5,-6,194.6799209,42.68,671.25
664400,672,673.5,1.6,11.5,-6,194.6942566,42.67,672.75
664500,674.5,676,1.6,11.5,-6,195.0173412,42.66,675.25
664600,672,673.5,1.6,11.5,-6,194.9852042,42.66,672.75
664700,672,673.5,1.6,11.5,-6,194.7748436,42.65,672.75
664800,668,669.5,1.6,11.5,-6,194.5457869,42.64,668.75
664900,668,670,1.6,11.5,-6,194.4811318,42.63,669
665000,668.5,670,1.6,11.5,-6,194.336731,42.62,669.25
665100,670,671.5,1.6,11.5,-6,194.5529697,42.62,670.75
665200,672.5,674,1.6,11.5,-6,194.6338395,42.61,673.25
665300,675.5,677,1.6,11.5,-6,194.8152873,42.6,676.25
665400,677,678.5,1.6,11.5,-6,194.9723848,42.6,677.75
665500,680,681.5,1.6,11.5,-6,195.0383301,42.59,680.75
665600,680,681.5,1.6,11.5,-6,195.2638907,42.58,680.75
665700,680,682,1.6,11.5,-6,195.0366142,42.57,681
665800,683,684.5,1.6,11.5,-6,195.4108805,42.56,683.75
665900,683,684.5,1.6,11.5,-6,195.4851133,42.56,683.75
666000,684.5,686,1.6,11.5,-6,195.6213275,42.55,685.25
666100,687,688.5,1.6,11.5,-6,195.6291324,42.54,687.75
666200,684,685.5,1.6,11.5,-6,195.6204636,42.54,684.75
666300,685.5,687,1.6,11.5,-6,195.618253,42.53,686.25
666400,684,685.5,1.6,11.5,-6,195.3463604,42.52,684.75
666500,684,685.5,1.6,11.5,-6,195.6148807,42.51,684.75
666600,682,683.5,1.6,11.5,-6,195.2026363,42.5,682.75
666700,681,682.5,1.6,11.5,-6,195.0351859,42.5,681.75
666800,680,681.5,1.6,11.5,-6,194.8328098,42.49,680.75
666900,679.5,681,1.6,11.5,-6,194.9645369,42.48,680.25
667000,678.5,680,1.6,11.5,-6,194.9091239,42.48,679.25
667100,682,683.5,1.6,11.5,-6,195.0618318,42.47,682.75
667200,683,684.5,1.6,11.5,-6,195.2256802,42.46,683.75
667300,680,681.5,1.6,11.5,-6,195.1684406,42.45,680.75
667400,678.5,680,1.6,11.5,-6,195.1651483,42.44,679.25
667500,679.5,681,1.6,11.5,-6,195.3755561,42.44,680.25
667600,680.5,682,1.6,11.5,-6,195.554143,42.43,681.25
667700,680.5,682.5,1.6,11.5,-6,195.5509319,42.42,681.5
667800,682,683.5,1.6,11.5,-6,195.8207826,42.42,682.75
667900,680.5,682,1.6,11.5,-6,195.427968,42.41,681.25
668000,680.5,682,1.6,11.5,-6,195.2933025,42.4,681.25
668100,680,681.5,1.6,11.5,-6,195.2175911,42.39,680.75
668200,682,683.5,1.6,11.5,-6,195.3675604,42.38,682.75
668300,681,682.5,1.6,11.5,-6,195.7557002,42.38,681.75
668400,680.5,682,1.6,11.5,-6,195.6563996,42.37,681.25
668500,683,684.5,1.6,11.5,-6,196.1419176,42.36,683.75
668600,682.5,684.5,1.6,11.5,-6,196.09988,42.36,683.5
668700,685.5,687,1.6,11.5,-6,196.1344792,42.35,686.25
668800,685.5,687,1.6,11.5,-6,196.2039626,42.34,686.25
668900,689,690.5,1.6,11.5,-6,196.4540528,42.33,689.75
669000,689,690.5,1.6,11.5,-6,196.4926815,42.32,689.75
669100,693,694.5,1.6,11.5,-6,196.7497978,42.32,693.75
669200,693,695,1.6,11.5,-6,197.1099198,42.31,694
669300,693,694.5,1.6,11.5,-6,197.207643,42.3,693.75
669400,696,697.5,1.6,11.5,-6,197.4993356,42.3,696.75
669500,696,697.5,1.6,11.5,-6,197.7841649,42.29,696.75
669600,691.5,693,1.6,11.5,-6,197.5028464,42.28,692.25
669700,693,694.5,1.6,11.5,-6,197.6589704,42.27,693.75
669800,691,692.5,1.6,11.5,-6,197.4944465,42.26,691.75
669900,691.5,693,1.6,11.5,-6,197.3163274,42.26,692.25
670000,689.5,691,1.6,11.5,-6,197.3153717,42.25,690.25
670100,693,694.5,1.6,11.5,-6,197.5919986,42.24,693.75
670200,692.5,694,1.6,11.5,-6,197.4959656,42.24,693.25
670300,691,692.5,1.6,11.5,-6,197.3312326,42.23,691.75
670400,688,689.5,1.6,11.5,-6,196.9907915,42.22,688.75
670500,686,687.5,1.6,11.5,-6,196.8005598,42.21,686.75
670600,684,685.5,1.6,11.5,-6,196.5871755,42.2,684.75
670700,684,685.5,1.6,11.5,-6,196.7889823,42.2,684.75
670800,685.5,687,1.6,11.5,-6,196.946672,42.19,686.25
670900,684.5,686,1.6,11.5,-6,196.6226445,42.18,685.25
671000,684,685.5,1.6,11.5,-6,196.5803516,42.18,684.75
671100,680.5,682,1.6,11.5,-6,196.3305863,42.17,681.25
671200,676.5,678,1.6,11.5,-6,196.0913544,42.16,677.25
671300,675,676.5,1.6,11.5,-6,196.0364525,42.15,675.75
671400,676,677.5,1.6,11.5,-6,196.1167353,42.14,676.75
671500,680,681.5,1.6,11.5,-6,196.317552,42.14,680.75
671600,680,681.5,1.6,11.5,-6,196.1854141,42.13,680.75
671700,674,675.5,1.6,11.5,-6,195.6566512,42.12,674.75
671800,670.5,672,1.6,11.5,-6,195.2612061,42.12,671.25
671900,667.5,669,1.6,11.5,-6,194.982453,42.11,668.25
672000,669,670.5,1.6,11.5,-6,195.1369176,42.1,669.75
672100,673,674.5,1.6,11.5,-6,195.3092705,42.09,673.75
672200,667.5,669,1.6,11.5,-6,195.036096,42.08,668.25
672300,668.5,670,1.6,11.5,-6,195.0060434,42.08,669.25
672400,671.5,673,1.6,11.5,-6,195.0438678,42.07,672.25
672500,675,676.5,1.6,11.5,-6,195.0643388,42.06,675.75
672600,677.5,679,1.6,11.5,-6,195.3311412,42.06,678.25
672700,680,681.5,1.6,11.5,-6,195.4585449,42.05,680.75
672800,678.5,680,1.6,11.5,-6,195.3421792,42.04,679.25
672900,679.5,681,1.6,11.5,-6,195.5201338,42.03,680.25
673000,683.5,685,1.6,11.5,-6,195.7546264,42.02,684.25
673100,682.5,684,1.6,11.5,-6,195.6436906,42.02,683.25
673200,685,686.5,1.6,11.5,-6,195.8386365,42.01,685.75
673300,689,690.5,1.6,11.5,-6,195.9966367,42,689.75
673400,687.5,689,1.6,11.5,-6,195.7525198,42,688.25
673500,688,689.5,1.6,11.5,-6,195.6518843,41.99,688.75
673600,688,689.5,1.6,11.5,-6,195.5707318,41.98,688.75
673700,688.5,690,1.6,11.5,-6,195.4791634,41.97,689.25
673800,685.5,687,1.6,11.5,-6,195.2324767,41.96,686.25
673900,683.5,685,1.6,11.5,-6,195.1844924,41.96,684.25
674000,683,684.5,1.6,11.5,-6,195.4020768,41.95,683.75
674100,685.5,687,1.6,11.5,-6,195.5715289,41.94,686.25
674200,686,687.5,1.6,11.5,-6,195.3788886,41.94,686.75
674300,691,692.5,1.6,11.5,-6,195.4063866,41.93,691.75
674400,689.5,691,1.6,11.5,-6,195.143885,41.92,690.25
674500,690,691.5,1.6,11.5,-6,195.2826284,41.91,690.75
674600,690,691.5,1.6,11.5,-6,195.3393011,41.9,690.75
674700,693.5,695,1.6,11.5,-6,195.7211712,41.9,694.25
674800,691.5,693,1.6,11.5,-6,195.6513604,41.89,692.25
674900,689,690.5,1.6,11.5,-6,195.645654,41.88,689.75
675000,693.5,695,1.6,11.5,-6,195.7657188,41.88,694.25
675100,691,692.5,1.6,11.5,-6,195.6282358,41.87,691.75
675200,693,694.5,1.6,11.5,-6,195.3911,41.86,693.75
675300,691,692.5,1.6,11.5,-6,195.3126978,41.85,691.75
675400,694,695.5,1.6,11.5,-6,195.5742403,41.84,694.75
675500,691.5,693,1.6,11.5,-6,195.3931611,41.84,692.25
675600,691.5,693,1.6,11.5,-6,195.4616637,41.83,692.25
675700,689.5,691,1.6,11.5,-6,195.3974249,41.82,690.25
675800,689,690.5,1.6,11.5,-6,195.1681754,41.82,689.75
675900,687.5,689,1.6,11.5,-6,195.0525019,41.81,688.25
676000,690,691.5,1.6,11.5,-6,195.1027007,41.8,690.75
676100,688.5,690,1.6,11.5,-6,195.2345899,41.79,689.25
676200,688,689.5,1.6,11.5,-6,195.021255,41.78,688.75
676300,685.5,687,1.6,11.5,-6,194.7769402,41.78,686.25
676400,684.5,686,1.6,11.5,-6,194.9654277,41.77,685.25
676500,682.5,684,1.6,11.5,-6,194.7734865,41.76,683.25
676600,683,684.5,1.6,11.5,-6,194.8887439,41.76,683.75
676700,683,684.5,1.6,11.5,-6,194.9608531,41.75,683.75
676800,682,683.5,1.6,11.5,-6,194.9881807,41.74,682.75
676900,683,684.5,1.6,11.5,-6,194.9780547,41.73,683.75
677000,682.5,684,1.6,11.5,-6,195.0880337,41.72,683.25
677100,687,688.5,1.6,11.5,-6,195.2820936,41.72,687.75
677200,688,689.5,1.6,11.5,-6,195.3849361,41.71,688.75
677300,688,689.5,1.6,11.5,-6,195.3035955,41.7,688.75
677400,686.5,688,1.6,11.5,-6,195.3331971,41.7,687.25
677500,688.5,690,1.6,11.5,-6,195.0980319,41.69,689.25
677600,688.5,690,1.6,11.5,-6,195.3137952,41.68,689.25
677700,690.5,692,1.6,11.5,-6,195.5264543,41.67,691.25
677800,689,690.5,1.6,11.5,-6,195.5882514,41.66,689.75
677900,688.5,690.5,1.6,11.5,-6,195.6264923,41.66,689.5
678000,693,694.5,1.6,11.5,-6,195.7137789,41.65,693.75
678100,693.5,695,1.6,11.5,-6,195.754148,41.64,694.25
678200,698,699.5,1.6,11.5,-6,195.9268045,41.64,698.75
678300,701.5,703,1.6,11.5,-6,196.0857097,41.63,702.25
678400,697,698.5,1.6,11.5,-6,195.9581991,41.62,697.75
678500,693.5,695,1.6,11.5,-6,195.9331435,41.61,694.25
678600,697,698.5,1.6,11.5,-6,195.9345917,41.6,697.75
678700,695.5,697,1.6,11.5,-6,195.7388537,41.6,696.25
678800,695.5,697,1.6,11.5,-6,195.755106,41.59,696.25
678900,695.5,697,1.6,11.5,-6,195.9818846,41.58,696.25
679000,698,699.5,1.6,11.5,-6,196.1357844,41.58,698.75
679100,698,699.5,1.6,11.5,-6,196.1055667,41.57,698.75
679200,695,696.5,1.6,11.5,-6,195.9721783,41.56,695.75
679300,695.5,697,1.6,11.5,-6,196.1676717,41.55,696.25
679400,694.5,696,1.6,11.5,-6,195.7458039,41.54,695.25
679500,696.5,698,1.6,11.5,-6,196.0226225,41.54,697.25
679600,698,699.5,1.6,11.5,-6,196.2172134,41.53,698.75
679700,699,700.5,1.6,11.5,-6,196.4301716,41.52,699.75
679800,702.5,704,1.6,11.5,-6,196.6438465,41.52,703.25
679900,700.5,702,1.6,11.5,-6,196.5738714,41.51,701.25
680000,700.5,702,1.6,11.5,-6,196.6155465,41.5,701.25
680100,699.5,701,1.6,11.5,-6,196.4582708,41.49,700.25
680200,700,701.5,1.6,11.5,-6,196.6140494,41.48,700.75
680300,701,702.5,1.6,11.5,-6,196.6520672,41.48,701.75
680400,700.5,702,1.6,11.5,-6,196.4272255,41.47,701.25
680500,699,700.5,1.6,11.5,-6,196.4760073,41.46,699.75
680600,703,704.5,1.6,11.5,-6,196.5250037,41.46,703.75
680700,704.5,706,1.6,11.5,-6,196.5413456,41.45,705.25
680800,705.5,707,1.6,11.5,-6,196.5834129,41.44,706.25
680900,705,706.5,1.6,11.5,-6,196.5338926,41.43,705.75
681000,708,709.5,1.6,11.5,-6,196.5347659,41.42,708.75
681100,707,708.5,1.6,11.5,-6,196.1390998,41.42,707.75
681200,706.5,708.5,1.6,11.5,-6,196.1407328,41.41,707.5
681300,703.5,705,1.6,11.5,-6,196.0049938,41.4,704.25
681400,703.5,705,1.6,11.5,-6,195.868523,41.4,704.25
681500,706,707.5,1.6,11.5,-6,196.1901939,41.39,706.75
681600,702.5,704,1.6,11.5,-6,196.0609893,41.38,703.25
681700,708,709.5,1.6,11.5,-6,196.2323241,41.37,708.75
681800,708,709.5,1.6,11.5,-6,196.3988592,41.36,708.75
681900,710,711.5,1.6,11.5,-6,196.4937,41.36,710.75
682000,705,706.5,1.6,11.5,-6,196.1487271,41.35,705.75
682100,708,709.5,1.6,11.5,-6,196.2996919,41.34,708.75
682200,706,707.5,1.6,11.5,-6,196.6988737,41.34,706.75
682300,704.5,706,1.6,11.5,-6,196.5818781,41.33,705.25
682400,704.5,706,1.6,11.5,-6,196.8748128,41.32,705.25
682500,699.5,701,1.6,11.5,-6,196.7531964,41.31,700.25
682600,697,698.5,1.6,11.5,-6,196.6533846,41.3,697.75
682700,695.5,697,1.6,11.5,-6,196.404665,41.3,696.25
682800,693.5,695,1.6,11.5,-6,196.2657784,41.29,694.25
682900,695.5,697,1.6,11.5,-6,196.2248123,41.28,696.25
683000,697.5,699,1.6,11.5,-6,196.4748305,41.28,698.25
683100,702,703.5,1.6,11.5,-6,196.5925566,41.27,702.75
683200,707.5,709,1.6,11.5,-6,196.6545658,41.26,708.25
683300,711.5,713,1.6,11.5,-6,196.6573185,41.25,712.25
683400,711.5,713,1.6,11.5,-6,196.5989288,41.24,712.25
683500,709.5,711,1.6,11.5,-6,196.5861168,41.24,710.25
683600,706.5,708,1.6,11.5,-6,196.3970829,41.23,707.25
683700,707.5,709,1.6,11.5,-6,196.4694392,41.22,708.25
683800,705,706.5,1.6,11.5,-6,196.4444525,41.22,705.75
683900,706,707.5,1.6,11.5,-6,196.2366265,41.21,706.75
684000,707,708.5,1.6,11.5,-6,196.1670617,41.2,707.75
684100,705,706.5,1.6,11.5,-6,196.1557717,41.19,705.75
684200,704.5,706,1.6,11.5,-6,196.2156271,41.18,705.25
684300,704,706,1.6,11.5,-6,196.0687869,41.18,705
684400,701,702.5,1.6,11.5,-6,195.8956523,41.17,701.75
684500,702.5,704,1.6,11.5,-6,196.1662761,41.16,703.25
684600,700.5,702,1.6,11.5,-6,195.962511,41.16,701.25
684700,701.5,703,1.6,11.5,-6,196.033483,41.15,702.25
684800,701.5,703,1.6,11.5,-6,196.1948246,41.14,702.25
684900,702.5,704,1.6,11.5,-6,196.4442581,41.13,703.25
685000,705,706.5,1.6,11.5,-6,196.7849527,41.12,705.75
685100,707,708.5,1.6,11.5,-6,196.8665163,41.12,707.75
685200,709,710.5,1.6,11.5,-6,196.891116,41.11,709.75
685300,708,709.5,1.6,11.5,-6,197.1495437,41.1,708.75
685400,710,711.5,1.6,11.5,-6,197.2510955,41.1,710.75
685500,707,708.5,1.6,11.5,-6,197.2532852,41.09,707.75
685600,710.5,712,1.6,11.5,-6,197.5559054,41.08,711.25
685700,709.5,711,1.6,11.5,-6,197.54663,41.07,710.25
685800,704.5,706,1.6,11.5,-6,197.3398017,41.06,705.25
685900,702.5,704,1.6,11.5,-6,197.2712659,41.06,703.25
686000,699.5,701,1.6,11.5,-6,197.1773451,41.05,700.25
686100,698,699.5,1.6,11.5,-6,197.1212104,41.04,698.75
686200,696,697.5,1.6,11.5,-6,197.0812413,41.04,696.75
686300,692.5,694,1.6,11.5,-6,197.165026,41.03,693.25
686400,690.5,692,1.6,11.5,-6,197.1490926,41.02,691.25
686500,692.5,694,1.6,11.5,-6,197.3710718,41.01,693.25
686600,692,693.5,1.6,11.5,-6,197.3520395,41,692.75
686700,694,695.5,1.6,11.5,-6,197.5641359,41,694.75
686800,697.5,699,1.6,11.5,-6,197.7758683,40.99,698.25
686900,695.5,697,1.6,11.5,-6,197.7745947,40.98,696.25
687000,695.5,697,1.6,11.5,-6,197.9332849,40.98,696.25
687100,695.5,697,1.6,11.5,-6,197.9158936,40.97,696.25
687200,691,692.5,1.6,11.5,-6,197.517586,40.96,691.75
687300,694.5,696,1.6,11.5,-6,197.5576413,40.95,695.25
687400,697,698.5,1.6,11.5,-6,197.6037092,40.94,697.75
687500,698.5,700,1.6,11.5,-6,197.6291334,40.94,699.25
687600,702,703.5,1.6,11.5,-6,197.7084358,40.93,702.75
687700,698,699.5,1.6,11.5,-6,197.4800707,40.92,698.75
687800,698,699.5,1.6,11.5,-6,197.435029,40.92,698.75
687900,697.5,699,1.6,11.5,-6,197.3817887,40.91,698.25
688000,700,701.5,1.6,11.5,-6,197.4910569,40.9,700.75
688100,697.5,699,1.6,11.5,-6,197.0745982,40.89,698.25
688200,696.5,698,1.6,11.5,-6,197.068662,40.88,697.25
688300,695.5,697,1.6,11.5,-6,197.0006453,40.88,696.25
688400,692.5,694,1.6,11.5,-6,197.1332153,40.87,693.25
688500,691.5,693,1.6,11.5,-6,197.116584,40.86,692.25
688600,697.5,699,1.6,11.5,-6,197.211654,40.85,698.25
688700,701,702.5,1.6,11.5,-6,197.3324066,40.85,701.75
688800,699,700.5,1.6,11.5,-6,197.320045,40.84,699.75
688900,700,701.5,1.6,11.5,-6,197.2471329,40.83,700.75
689000,701,702.5,1.6,11.5,-6,197.209929,40.83,701.75
689100,699.5,701,1.6,11.5,-6,197.1786534,40.82,700.25
689200,701.5,703,1.6,11.5,-6,197.316372,40.81,702.25
689300,703.5,705,1.6,11.5,-6,197.3163612,40.8,704.25
689400,702,703.5,1.6,11.5,-6,197.0338248,40.8,702.75
689500,700,701.5,1.6,11.5,-6,197.1245202,40.79,700.75
689600,695,696.5,1.6,11.5,-6,196.7684995,40.78,695.75
689700,697.5,699,1.6,11.5,-6,197.0248908,40.77,698.25
689800,697.5,699,1.6,11.5,-6,196.9768162,40.76,698.25
689900,696,697.5,1.6,11.5,-6,196.9433988,40.76,696.75
690000,693.5,695,1.6,11.5,-6,196.9306291,40.75,694.25
690100,693.5,695,1.6,11.5,-6,197.0852776,40.74,694.25
690200,691.5,693,1.6,11.5,-6,196.9281074,40.74,692.25
690300,695.5,697,1.6,11.5,-6,196.9669362,40.73,696.25
690400,691,692.5,1.6,11.5,-6,196.6658623,40.72,691.75
690500,695,696.5,1.6,11.5,-6,196.7002887,40.71,695.75
690600,694.5,696.5,1.6,11.5,-6,196.6377548,40.7,695.5
690700,694,695.5,1.6,11.5,-6,196.8955154,40.7,694.75
690800,695.5,697,1.6,11.5,-6,197.0458689,40.69,696.25
690900,692.5,694,1.6,11.5,-6,197.0112621,40.68,693.25
691000,693,694.5,1.6,11.5,-6,197.2091583,40.67,693.75
691100,691.5,693,1.6,11.5,-6,197.1912377,40.67,692.25
691200,696.5,698,1.6,11.5,-6,197.5126359,40.66,697.25
691300,693.5,695,1.6,11.5,-6,197.5020053,40.65,694.25
691400,694.5,696,1.6,11.5,-6,197.5680475,40.65,695.25
691500,697,698.5,1.6,11.5,-6,197.6676297,40.64,697.75
691600,695,696.5,1.6,11.5,-6,197.6506555,40.63,695.75
691700,695,696.5,1.6,11.5,-6,197.6384574,40.62,695.75
691800,697,698.5,1.6,11.5,-6,197.6993122,40.62,697.75
691900,695,696.5,1.6,11.5,-6,197.7578609,40.61,695.75
692000,692,693.5,1.6,11.5,-6,197.5429763,40.6,692.75
692100,697.5,699,1.6,11.5,-6,197.7182786,40.59,698.25
692200,694.5,696,1.6,11.5,-6,197.4753271,40.58,695.25
692300,694,696,1.6,11.5,-6,197.4899673,40.58,695
692400,696.5,698,1.6,11.5,-6,197.6828824,40.57,697.25
692500,701.5,703,1.6,11.5,-6,197.918444,40.56,702.25
692600,704.5,706,1.6,11.5,-6,198.1037731,40.56,705.25
692700,706,707.5,1.6,11.5,-6,198.2877414,40.55,706.75
692800,709,710.5,1.6,11.5,-6,198.5146787,40.54,709.75
692900,710,711.5,1.6,11.5,-6,198.6271846,40.53,710.75
693000,711,712.5,1.6,11.5,-6,198.6633882,40.52,711.75
693100,709.5,711,1.6,11.5,-6,198.5932692,40.52,710.25
693200,705,706.5,1.6,11.5,-6,198.4963077,40.51,705.75
693300,708.5,710,1.6,11.5,-6,198.7502604,40.5,709.25
693400,706,707.5,1.6,11.5,-6,198.5954736,40.49,706.75
693500,709.5,711,1.6,11.5,-6,198.6149187,40.49,710.25
693600,709,710.5,1.6,11.5,-6,198.5944417,40.48,709.75
693700,713.5,715,1.6,11.5,-6,198.6909102,40.47,714.25
693800,712,713.5,1.6,11.5,-6,198.6136487,40.47,712.75
693900,713,714.5,1.6,11.5,-6,198.7230408,40.46,713.75
694000,714.5,716,1.6,11.5,-6,198.8672522,40.45,715.25
694100,714,715.5,1.6,11.5,-6,198.8516602,40.44,714.75
694200,716,717.5,1.6,11.5,-6,199.0978035,40.44,716.75
694300,717,718.5,1.6,11.5,-6,199.2538124,40.43,717.75
694400,715.5,717,1.6,11.5,-6,198.8625813,40.42,716.25
694500,715.5,717,1.6,11.5,-6,198.8759098,40.41,716.25
694600,717.5,719,1.6,11.5,-6,199.260548,40.4,718.25
694700,719,720.5,1.6,11.5,-6,199.4211271,40.4,719.75
694800,723,724.5,1.6,11.5,-6,199.6557349,40.39,723.75
694900,721.5,723,1.6,11.5,-6,199.5576962,40.38,722.25
695000,719.5,721,1.6,11.5,-6,199.4536782,40.38,720.25
695100,723,724.5,1.6,11.5,-6,199.5677242,40.37,723.75
695200,726,727.5,1.6,11.5,-6,199.6900427,40.36,726.75
695300,727.5,729,1.6,11.5,-6,199.9186396,40.35,728.25
695400,726,727.5,1.6,11.5,-6,199.9140404,40.34,726.75
695500,729.5,731,1.6,11.5,-6,199.9332358,40.34,730.25
695600,734,735.5,1.6,11.5,-6,200.0668367,40.33,734.75
695700,733.5,735,1.6,11.5,-6,199.794974,40.32,734.25
695800,733,734.5,1.6,11.5,-6,199.7328123,40.32,733.75
695900,735.5,737,1.6,11.5,-6,199.7549162,40.31,736.25
696000,735.5,737,1.6,11.5,-6,199.7667308,40.3,736.25
696100,737,738.5,1.6,11.5,-6,199.801305,40.29,737.75
696200,735,736.5,1.6,11.5,-6,199.6335113,40.28,735.75
696300,732.5,734,1.6,11.5,-6,199.4722219,40.28,733.25
696400,733,734.5,1.6,11.5,-6,199.547833,40.27,733.75
696500,732.5,734.5,1.6,11.5,-6,199.2670277,40.26,733.5
696600,733,734.5,1.6,11.5,-6,199.2623294,40.26,733.75
696700,735,736.5,1.6,11.5,-6,199.5961572,40.25,735.75
696800,735.5,737,1.6,11.5,-6,199.7199928,40.24,736.25
696900,734,735.5,1.6,11.5,-6,199.5423913,40.23,734.75
697000,736.5,738,1.6,11.5,-6,199.8092351,40.22,737.25
697100,736.5,738,1.6,11.5,-6,199.9043799,40.22,737.25
697200,731,732.5,1.6,11.5,-6,199.4302895,40.21,731.75
697300,728.5,730,1.6,11.5,-6,199.2507195,40.2,729.25
697400,725,726.5,1.6,11.5,-6,199.2059304,40.2,725.75
697500,726,727.5,1.6,11.5,-6,199.2552019,40.19,726.75
697600,729,730.5,1.6,11.5,-6,199.3807794,40.18,729.75
697700,728.5,730.5,1.6,11.5,-6,199.3791426,40.17,729.5
697800,730,731.5,1.6,11.5,-6,199.5829498,40.16,730.75
697900,733.5,735,1.6,11.5,-6,199.6072725,40.16,734.25
698000,735,736.5,1.6,11.5,-6,199.8165209,40.15,735.75
698100,734.5,736,1.6,11.5,-6,199.7043728,40.14,735.25
698200,735.5,737,1.6,11.5,-6,199.8605475,40.14,736.25
698300,739,740.5,1.6,11.5,-6,200.1065838,40.13,739.75
698400,744,745.5,1.6,11.5,-6,200.4343206,40.12,744.75
698500,741.5,743,1.6,11.5,-6,200.2023042,40.11,742.25
698600,740.5,742,1.6,11.5,-6,200.1595718,40.1,741.25
698700,745,746.5,1.6,11.5,-6,200.1789399,40.1,745.75
698800,747.5,749,1.6,11.5,-6,200.3912047,40.09,748.25
698900,747.5,749,1.6,11.5,-6,200.6515119,40.08,748.25
699000,747,748.5,1.6,11.5,-6,200.5480082,40.08,747.75
699100,751,752.5,1.6,11.5,-6,200.8036808,40.07,751.75
699200,745.5,747,1.6,11.5,-6,200.4573801,40.06,746.25
699300,749.5,751,1.6,11.5,-6,200.536545,40.05,750.25
699400,751,752.5,1.6,11.5,-6,200.5257002,40.04,751.75
699500,748.5,750,1.6,11.5,-6,200.273965,40.04,749.25
699600,744.5,746,1.6,11.5,-6,200.0874127,40.03,745.25
699700,745,746.5,1.6,11.5,-6,200.2266117,40.02,745.75
699800,746,747.5,1.6,11.5,-6,200.1809927,40.02,746.75
699900,747,748.5,1.6,11.5,-6,200.2088665,40.01,747.75
700000,743,744.5,1.6,11.5,-6,199.8695697,40,743.75
700100,740,741.5,1.6,11.5,-6,199.8029354,40,740.75
700200,743.5,745,1.6,11.5,-6,200.2358165,40.01,744.25
700300,745,746.5,1.6,11.5,-6,200.1970752,40.01,745.75
700400,743,744.5,1.6,11.5,-6,199.875186,40.01,743.75
700500,741.5,743,1.6,11.5,-6,199.8475838,40.01,742.25
700600,742,743.5,1.6,11.5,-6,199.5504003,40.02,742.75
700700,744.5,746,1.6,11.5,-6,199.5850042,40.02,745.25
700800,738,739.5,1.6,11.5,-6,199.5242674,40.02,738.75
700900,738,739.5,1.6,11.5,-6,199.7146463,40.02,738.75
701000,736.5,738,1.6,11.5,-6,199.7454814,40.02,737.25
701100,739.5,741,1.6,11.5,-6,199.882596,40.03,740.25
701200,739.5,741,1.6,11.5,-6,199.9974788,40.03,740.25
701300,741.5,743,1.6,11.5,-6,200.1085077,40.03,742.25
701400,740.5,742,1.6,11.5,-6,200.2407354,40.03,741.25
701500,745,746.5,1.6,11.5,-6,200.3180319,40.04,745.75
701600,750.5,752,1.6,11.5,-6,200.7589647,40.04,751.25
701700,751.5,753,1.6,11.5,-6,200.8575033,40.04,752.25
701800,754.5,756,1.6,11.5,-6,200.8708064,40.04,755.25
701900,755,756.5,1.6,11.5,-6,200.7485984,40.05,755.75
702000,753.5,755,1.6,11.5,-6,200.3490855,40.05,754.25
702100,754,755.5,1.6,11.5,-6,200.3499895,40.05,754.75
702200,752.5,754,1.6,11.5,-6,200.1509887,40.06,753.25
702300,753.5,755,1.6,11.5,-6,200.1152281,40.06,754.25
702400,758,759.5,1.6,11.5,-6,200.5176812,40.06,758.75
702500,753.5,755,1.6,11.5,-6,200.4272073,40.06,754.25
702600,752.5,754,1.6,11.5,-6,200.4155098,40.06,753.25
702700,752,753.5,1.6,11.5,-6,200.1985959,40.07,752.75
702800,753.5,755,1.6,11.5,-6,200.3290202,40.07,754.25
702900,755.5,757,1.6,11,-6,200.5219896,40.07,756.25
703000,755.5,757,1.6,11,-6,200.5461156,40.08,756.25
703100,754.5,756,1.6,11,-6,200.4931861,40.08,755.25
703200,753.5,755,1.6,11,-6,200.2701042,40.08,754.25
703300,755.5,757,1.6,11,-6,200.2575578,40.08,756.25
703400,757.5,759,1.6,11,-6,200.4904501,40.08,758.25
703500,758,759.5,1.6,11,-6,200.4806663,40.09,758.75
703600,756.5,758,1.6,11,-6,200.3403043,40.09,757.25
703700,755,756.5,1.6,11,-6,200.3006549,40.09,755.75
703800,754.5,756,1.6,11,-6,200.2208694,40.1,755.25
703900,755.5,757,1.6,11,-6,200.053504,40.1,756.25
704000,757,758.5,1.6,11,-6,200.2346995,40.1,757.75
704100,756,757.5,1.6,11,-6,200.4139605,40.1,756.75
704200,756,757.5,1.6,11,-6,200.5089498,40.1,756.75
704300,759.5,761,1.6,11,-6,200.9679079,40.11,760.25
704400,764,765.5,1.6,11,-6,201.1665823,40.11,764.75
704500,767.5,769,1.6,11,-6,201.4781125,40.11,768.25
704600,766.5,768,1.6,11,-6,201.3897984,40.12,767.25
704700,769.5,771,1.6,11,-6,201.5366017,40.12,770.25
704800,767.5,769,1.6,11,-6,201.3096932,40.12,768.25
704900,769,770.5,1.6,11,-6,201.5249713,40.12,769.75
705000,764.5,766,1.6,11,-6,201.142712,40.12,765.25
705100,763.5,765,1.6,11,-6,200.9454787,40.13,764.25
705200,767,768.5,1.6,11,-6,201.1080563,40.13,767.75
705300,766.5,768.5,1.6,11,-6,201.2288743,40.13,767.5
705400,766,767.5,1.6,11,-6,201.0177514,40.14,766.75
705500,768,769.5,1.6,11,-6,200.8516462,40.14,768.75
705600,768,770,1.6,11,-6,201.0583876,40.14,769
705700,770,771.5,1.6,11,-6,201.3714318,40.14,770.75
705800,764.5,766,1.6,11,-6,201.3704602,40.15,765.25
705900,763.5,765,1.6,11,-6,201.2875455,40.15,764.25
706000,765,766.5,1.6,11,-6,201.2265851,40.15,765.75
706100,765,767,1.6,11,-6,201.2853026,40.15,766
706200,772.5,774,1.6,11,-6,201.3552336,40.16,773.25
706300,772,773.5,1.6,11,-6,201.2438384,40.16,772.75
706400,775,776.5,1.6,11,-6,201.227681,40.16,775.75
706500,779,780.5,1.6,11,-6,201.3405389,40.16,779.75
706600,783.5,785,1.6,11,-6,201.5291951,40.16,784.25
706700,786.5,788,1.6,11,-6,201.5798855,40.17,787.25
706800,788.5,790,1.6,11,-6,201.8225964,40.17,789.25
706900,787,788.5,1.6,11,-6,201.7486624,40.17,787.75
707000,791,792.5,1.6,11,-6,201.960507,40.17,791.75
707100,792,793.5,1.6,11,-6,202.2253547,40.18,792.75
707200,793.5,795,1.6,11,-6,202.3099801,40.18,794.25
707300,792.5,794,1.6,11,-6,202.2425282,40.18,793.25
707400,797.5,799,1.6,11,-6,202.4690274,40.18,798.25
707500,801,802.5,1.6,11,-6,202.5194924,40.19,801.75
707600,797,798.5,1.6,11,-6,202.4392334,40.19,797.75
707700,797,798.5,1.6,11,-6,202.419754,40.19,797.75
707800,797,798.5,1.6,11,-6,202.4074491,40.2,797.75
707900,795.5,797,1.6,11,-6,202.6378336,40.2,796.25
708000,799.5,801,1.6,11,-6,202.6640547,40.2,800.25
708100,801,802.5,1.6,11,-6,202.6588667,40.2,801.75
708200,798,799.5,1.6,11,-6,202.4886422,40.2,798.75
708300,792.5,794,1.6,11,-6,202.1109748,40.21,793.25
708400,793,794.5,1.6,11,-6,202.0484151,40.21,793.75
708500,788,789.5,1.6,11,-6,202.081281,40.21,788.75
708600,789,790.5,1.6,11,-6,202.1606938,40.22,789.75
708700,791.5,793,1.6,11,-6,202.2731697,40.22,792.25
708800,793,794.5,1.6,11,-6,202.4695851,40.22,793.75
708900,791.5,793,1.6,11,-6,202.4698972,40.22,792.25
709000,791,792.5,1.6,11,-6,202.4810623,40.22,791.75
709100,790.5,792,1.6,11,-6,202.3363937,40.23,791.25
709200,786.5,788,1.6,11,-6,202.299834,40.23,787.25
709300,791.5,793,1.6,11,-6,202.5832763,40.23,792.25
709400,791,792.5,1.6,11,-6,202.583264,40.24,791.75
709500,790,791.5,1.6,11,-6,202.5675248,40.24,790.75
709600,796,797.5,1.6,11,-6,202.9175724,40.24,796.75
709700,794.5,796,1.6,11,-6,202.6727191,40.24,795.25
709800,796,797.5,1.6,11,-6,202.8286651,40.24,796.75
709900,798,799.5,1.6,11,-6,202.9369682,40.25,798.75
710000,793,794.5,1.6,11,-6,202.6765482,40.25,793.75
710100,789.5,791,1.6,11,-6,202.4152221,40.25,790.25
710200,793,794.5,1.6,11,-6,202.6810367,40.26,793.75
710300,793,794.5,1.6,11,-6,202.6141469,40.26,793.75
710400,795.5,797,1.6,11,-6,202.8070327,40.26,796.25
710500,797.5,799,1.6,11,-6,202.8890518,40.26,798.25
710600,798.5,800,1.6,11,-6,202.8024859,40.26,799.25
710700,797.5,799,1.6,11,-6,202.7896565,40.27,798.25
710800,801,802.5,1.6,11,-6,202.8858704,40.27,801.75
710900,804,805.5,1.6,11,-6,203.05689,40.27,804.75
711000,806.5,808,1.6,11,-6,203.0843418,40.28,807.25
711100,807.5,809,1.6,11,-6,203.5642634,40.28,808.25
711200,804,805.5,1.6,11,-6,203.2198667,40.28,804.75
711300,803,804.5,1.6,11,-6,203.2353334,40.28,803.75
711400,803,805,1.6,11,-6,203.1568901,40.28,804
711500,802.5,804,1.5,11,-6,203.2032009,40.29,803.25
711600,802.5,804,1.5,11,-6,203.1439914,40.29,803.25
711700,805.5,807,1.5,11,-6,203.4354731,40.29,806.25
711800,800,801.5,1.5,11,-6,203.2103442,40.3,800.75
711900,800,801.5,1.5,11,-6,203.3558334,40.3,800.75
712000,801,802.5,1.5,11,-6,203.2574352,40.3,801.75
712100,799,800.5,1.5,11,-6,202.8532309,40.3,799.75
712200,796.5,798,1.5,11,-6,202.5206009,40.3,797.25
712300,794,795.5,1.5,11,-6,202.5076676,40.31,794.75
712400,790.5,792,1.5,11,-6,202.5969633,40.31,791.25
712500,793.5,795,1.5,11,-6,202.9839818,40.31,794.25
712600,792,793.5,1.5,11,-6,202.9291484,40.32,792.75
712700,790,791.5,1.5,11,-6,202.7856586,40.32,790.75
712800,789.5,791,1.5,11,-6,202.6694064,40.32,790.25
712900,790.5,792,1.5,11,-6,202.7290815,40.32,791.25
713000,791,792.5,1.5,11,-6,202.8578375,40.33,791.75
713100,788,789.5,1.5,11,-6,202.6133424,40.33,788.75
713200,790,791.5,1.5,11,-6,202.5020724,40.33,790.75
713300,789.5,791,1.5,11,-6,202.3349597,40.33,790.25
713400,788.5,790,1.5,11,-6,202.313152,40.34,789.25
713500,786.5,788,1.5,11,-6,202.2979153,40.34,787.25
713600,786.5,788,1.5,11,-6,202.3091062,40.34,787.25
713700,784,785.5,1.5,11,-6,202.0689062,40.34,784.75
713800,786.5,788,1.5,11,-6,202.1959132,40.34,787.25
713900,788.5,790,1.5,11,-6,202.2970075,40.35,789.25
714000,786.5,788,1.5,11,-6,202.2190778,40.35,787.25
714100,786.5,788,1.5,11,-6,202.1569607,40.35,787.25
714200,785.5,787,1.5,11,-6,202.2376904,40.35,786.25
714300,782.5,784,1.5,11,-6,201.9975591,40.36,783.25
714400,780.5,782,1.5,11,-6,201.812889,40.36,781.25
714500,777,778.5,1.5,11,-6,201.6439423,40.36,777.75
714600,778.5,780,1.5,11,-6,201.7461371,40.36,779.25
714700,778,779.5,1.5,11,-6,201.6599382,40.37,778.75
714800,778.5,780,1.5,11,-6,201.5323237,40.37,779.25
714900,773.5,775,1.5,11,-6,201.1567609,40.37,774.25
715000,769.5,771,1.5,11,-6,201.1354558,40.38,770.25
715100,772,773.5,1.5,11,-6,201.4251108,40.38,772.75
715200,772,773.5,1.5,11,-6,201.4595158,40.38,772.75
715300,770.5,772,1.5,11,-6,201.0334361,40.38,771.25
715400,770,771.5,1.5,11,-6,200.8275926,40.38,770.75
715500,770.5,772,1.5,11,-6,201.0121017,40.39,771.25
715600,770.5,772,1.5,11,-6,201.3535602,40.39,771.25
715700,768.5,770,1.5,11,-6,201.2703234,40.39,769.25
715800,768,769.5,1.5,11,-6,201.4568739,40.4,768.75
715900,768,770,1.5,11,-6,201.4861186,40.4,769
716000,767,768.5,1.5,11,-6,201.6423229,40.4,767.75
716100,767.5,769,1.5,11,-6,201.4237978,40.4,768.25
716200,767,768.5,1.5,11,-6,201.479445,40.4,767.75
716300,766.5,768,1.5,11,-6,201.5320327,40.41,767.25
716400,765.5,767,1.5,11,-6,201.6515783,40.41,766.25
716500,767,768.5,1.5,11,-6,201.751762,40.41,767.75
716600,762,763.5,1.5,11,-6,201.3906234,40.42,762.75
716700,762.5,764,1.5,11,-6,201.565706,40.42,763.25
716800,766,767.5,1.5,11,-6,201.7890383,40.42,766.75
716900,768,769.5,1.5,11,-6,201.997359,40.42,768.75
717000,767.5,769.5,1.5,11,-6,202.1646078,40.42,768.5
717100,766,767.5,1.5,11,-6,201.9753762,40.43,766.75
717200,763,764.5,1.5,11,-6,201.8718616,40.43,763.75
717300,759.5,761,1.5,11,-6,201.6117178,40.43,760.25
717400,761,762.5,1.5,11,-6,201.6620843,40.44,761.75
717500,762,763.5,1.5,11,-6,201.8357867,40.44,762.75
717600,761.5,763,1.5,11,-6,201.898728,40.44,762.25
717700,761,762.5,1.5,11,-6,201.7393656,40.44,761.75
717800,761,762.5,1.5,11,-6,202.0813717,40.44,761.75
717900,761.5,763,1.5,11,-6,201.9080095,40.45,762.25
718000,764.5,766,1.5,11,-6,201.9598694,40.45,765.25
718100,766.5,768,1.5,11,-6,202.3773648,40.45,767.25
718200,767,768.5,1.5,11,-6,202.5777661,40.46,767.75
718300,764,765.5,1.5,11,-6,202.316334,40.46,764.75
718400,768.5,770,1.5,11,-6,202.3587432,40.46,769.25
718500,771.5,773,1.5,11,-6,202.4522915,40.46,772.25
718600,771.5,773,1.5,11,-6,202.7747206,40.47,772.25
718700,772,773.5,1.5,11,-6,202.6199618,40.47,772.75
718800,770,771.5,1.5,11,-6,202.4698541,40.47,770.75
718900,770,771.5,1.5,11,-6,202.5301819,40.47,770.75
719000,768.5,770,1.5,11,-6,202.5258702,40.48,769.25
719100,768,769.5,1.5,11,-6,202.467507,40.48,768.75
719200,763.5,765,1.5,11,-6,202.1959832,40.48,764.25
719300,762.5,764,1.5,11,-6,202.1060686,40.48,763.25
719400,763,764.5,1.5,11,-6,202.1837962,40.48,763.75
719500,761,762.5,1.5,11,-6,202.2534207,40.49,761.75
719600,761.5,763,1.5,11,-6,202.0788927,40.49,762.25
719700,759,760.5,1.5,11,-6,201.7956094,40.49,759.75
719800,760.5,762,1.5,11,-6,201.9780731,40.49,761.25
719900,761.5,763,1.5,11,-6,201.9152241,40.5,762.25
720000,761.5,763.5,1.5,11,-6,201.5663037,40.5,762.5
720100,762.5,764,1.5,11,-6,201.8864735,40.5,763.25
720200,760,761.5,1.5,11,-6,201.7497209,40.51,760.75
720300,759,760.5,1.5,11,-6,201.7003319,40.51,759.75
720400,756,757.5,1.5,11,-6,201.5486644,40.51,756.75
720500,758,759.5,1.5,11,-6,201.6624372,40.51,758.75
720600,762,763.5,1.5,11,-6,201.9257926,40.52,762.75
720700,761.5,763,1.5,11,-6,202.1747051,40.52,762.25
720800,758,759.5,1.5,11,-6,202.0199103,40.52,758.75
720900,759.5,761,1.5,11,-6,202.1849116,40.52,760.25
721000,763.5,765,1.5,11,-6,202.2676358,40.52,764.25
721100,764,765.5,1.5,11,-6,202.4166034,40.53,764.75
721200,762.5,764,1.5,11,-6,202.1633174,40.53,763.25
721300,760.5,762,1.5,11,-6,202.133216,40.53,761.25
721400,760,761.5,1.5,11,-6,201.9605078,40.53,760.75
721500,758.5,760,1.5,11,-6,201.8181936,40.54,759.25
721600,760.5,762,1.5,11,-6,201.8807583,40.54,761.25
721700,767,768.5,1.5,11,-6,202.1176893,40.54,767.75
721800,767,768.5,1.5,11,-6,201.9558322,40.54,767.75
721900,765.5,767,1.5,11,-6,201.7128794,40.55,766.25
722000,765.5,767.5,1.5,11,-6,201.5430136,40.55,766.5
722100,765,766.5,1.5,11,-6,201.4054233,40.55,765.75
722200,766,767.5,1.5,11,-6,201.4954634,40.56,766.75
722300,767,768.5,1.5,11,-6,201.683881,40.56,767.75
722400,769.5,771,1.5,11,-6,201.7367596,40.56,770.25
722500,770,771.5,1.5,11,-6,201.6835678,40.56,770.75
722600,766,767.5,1.5,11,-6,201.5551701,40.56,766.75
722700,766,767.5,1.5,11,-6,201.5941109,40.57,766.75
722800,766,767.5,1.5,11,-6,201.5663706,40.57,766.75
722900,766,767.5,1.5,11,-6,201.6143008,40.57,766.75
723000,769.5,771,1.5,11,-6,201.7896863,40.58,770.25
723100,768.5,770,1.5,11,-6,202.1114578,40.58,769.25
723200,770,771.5,1.5,11,-6,202.306817,40.58,770.75
723300,772,773.5,1.5,11,-6,202.4803803,40.58,772.75
723400,766.5,768,1.5,11,-6,202.127883,40.58,767.25
723500,767,768.5,1.5,11,-6,202.1630245,40.59,767.75
723600,765.5,767,1.5,11,-6,202.1117804,40.59,766.25
723700,759.5,761,1.5,11,-6,201.7819657,40.59,760.25
723800,759.5,761.5,1.5,11,-6,201.8642639,40.6,760.5
723900,760.5,762,1.5,11,-6,202.142152,40.6,761.25
724000,761.5,763,1.5,11,-6,202.2236659,40.6,762.25
724100,758,759.5,1.5,11,-6,202.0999063,40.6,758.75
724200,757.5,759,1.5,11,-6,202.0502846,40.6,758.25
724300,758,759.5,1.5,11,-6,202.3747482,40.61,758.75
724400,756.5,758,1.5,11,-6,202.0657832,40.61,757.25
724500,752,753.5,1.5,11,-6,201.8772662,40.61,752.75
724600,752,753.5,1.5,11,-6,202.3260228,40.62,752.75
724700,754.5,756,1.5,11,-6,202.6080602,40.62,755.25
724800,752.5,754,1.5,11,-6,202.5974478,40.62,753.25
724900,754.5,756,1.5,11,-6,202.6250115,40.62,755.25
725000,752.5,754,1.5,11,-6,202.550781,40.62,753.25
725100,751,752.5,1.5,11,-6,202.3450527,40.63,751.75
725200,749.5,751,1.5,11,-6,202.1172409,40.63,750.25
725300,750,751.5,1.5,11,-6,202.2093302,40.63,750.75
725400,748.5,750,1.5,11,-6,202.0154188,40.64,749.25
725500,750.5,752,1.5,11,-6,202.273258,40.64,751.25
725600,750,751.5,1.5,11,-6,202.2503541,40.64,750.75
725700,750,751.5,1.5,11,-6,202.1955254,40.64,750.75
725800,747.5,749,1.5,11,-6,202.1514844,40.65,748.25
725900,749,750.5,1.5,11,-6,202.1637706,40.65,749.75
726000,752,753.5,1.5,11,-6,202.3330083,40.65,752.75
726100,748,749.5,1.5,11,-6,202.2960858,40.65,748.75
726200,751.5,753,1.5,11,-6,202.3766144,40.66,752.25
726300,757.5,759,1.5,11,-6,202.4938061,40.66,758.25
726400,757.5,759,1.5,11,-6,202.5124566,40.66,758.25
726500,759,760.5,1.5,11,-6,202.545938,40.66,759.75
726600,757,758.5,1.5,11,-6,202.5079746,40.66,757.75
726700,758,759.5,1.5,11,-6,202.2384449,40.67,758.75
726800,761,762.5,1.5,11,-6,202.3480982,40.67,761.75
726900,760.5,762.5,1.5,11,-6,202.4762789,40.67,761.5
727000,762.5,764,1.5,11,-6,202.4965559,40.67,763.25
727100,763.5,765,1.5,11,-6,202.4717799,40.68,764.25
727200,764,765.5,1.5,11,-6,202.7724057,40.68,764.75
727300,765,766.5,1.5,11,-6,202.8170719,40.68,765.75
727400,764.5,766,1.5,11,-6,202.9122962,40.68,765.25
727500,764,765.5,1.5,11,-6,203.014118,40.69,764.75
727600,766.5,768,1.5,11,-6,203.1342947,40.69,767.25
727700,766,767.5,1.5,11,-6,203.1136827,40.69,766.75
727800,766.5,768,1.5,11,-6,203.1809035,40.7,767.25
727900,763,764.5,1.5,11,-6,202.9650309,40.7,763.75
728000,763,764.5,1.5,11,-6,202.9152114,40.7,763.75
728100,762.5,764.5,1.5,11,-6,202.9072445,40.7,763.5
728200,763.5,765,1.5,11,-6,202.8078005,40.7,764.25
728300,765,766.5,1.5,11,-6,202.9281795,40.71,765.75
728400,767,768.5,1.5,11,-6,203.0473342,40.71,767.75
728500,766,767.5,1.5,11,-6,202.9498847,40.71,766.75
728600,768,769.5,1.5,11,-6,203.14107,40.72,768.75
728700,767,768.5,1.5,11,-6,202.9890624,40.72,767.75
728800,764.5,766,1.5,11,-6,202.962366,40.72,765.25
728900,767.5,769,1.5,11,-6,203.1174125,40.72,768.25
729000,771.5,773,1.5,11,-6,203.1246628,40.72,772.25
729100,767,768.5,1.5,11,-6,202.8534762,40.73,767.75
729200,770.5,772,1.5,11,-6,203.0225175,40.73,771.25
729300,772.5,774,1.5,11,-6,203.0612543,40.73,773.25
729400,772,774,1.5,11,-6,202.8493634,40.74,773
729500,769,770.5,1.5,11,-6,202.7553399,40.74,769.75
729600,765.5,767,1.5,11,-6,202.6372249,40.74,766.25
729700,765.5,767,1.5,11,-6,202.6161337,40.74,766.25
729800,762.5,764,1.5,11,-6,202.4629515,40.74,763.25
729900,762.5,764.5,1.5,11,-6,202.4259245,40.75,763.5
730000,760,761.5,1.5,11,-6,202.3223965,40.75,760.75
730100,763,764.5,1.5,11,-6,202.5127464,40.75,763.75
730200,765,766.5,1.5,11,-6,202.6523961,40.76,765.75
730300,767.5,769,1.5,11,-6,202.8655424,40.76,768.25
730400,765,766.5,1.5,11,-6,202.6031233,40.76,765.75
730500,763.5,765,1.5,11,-6,202.7871995,40.76,764.25
730600,762,763.5,1.5,11,-6,202.6339781,40.76,762.75
730700,759.5,761,1.5,11,-6,202.4670086,40.77,760.25
730800,760,761.5,1.5,11,-6,202.8397418,40.77,760.75
730900,758,759.5,1.5,11,-6,202.6737012,40.77,758.75
731000,756.5,758,1.5,11,-6,202.553155,40.78,757.25
731100,756.5,758,1.5,11,-6,202.6897254,40.78,757.25
731200,755,756.5,1.5,11,-6,202.4278474,40.78,755.75
731300,759.5,761,1.5,11,-6,202.4727519,40.78,760.25
731400,759.5,761.5,1.5,11,-6,202.6360724,40.78,760.5
731500,761,762.5,1.5,11,-6,202.7171543,40.79,761.75
731600,763.5,765,1.5,11,-6,202.6854261,40.79,764.25
731700,765.5,767,1.5,11,-6,202.6716394,40.79,766.25
731800,767.5,769,1.5,11,-6,202.7064628,40.8,768.25
731900,765.5,767,1.5,11,-6,202.4990446,40.8,766.25
732000,762,763.5,1.5,11,-6,202.4341451,40.8,762.75
732100,760,761.5,1.5,11,-6,202.3639014,40.8,760.75
732200,757.5,759,1.5,11,-6,202.1545302,40.8,758.25
732300,758.5,760,1.5,11,-6,202.316212,40.81,759.25
732400,761.5,763,1.5,11,-6,202.5141498,40.81,762.25
732500,757.5,759,1.5,11,-6,202.4235584,40.81,758.25
732600,755.5,757,1.5,11,-6,202.3696019,40.82,756.25
732700,755.5,757.5,1.5,11,-6,202.3211463,40.82,756.5
732800,754,755.5,1.5,11,-6,202.1636129,40.82,754.75
732900,752.5,754,1.5,11,-6,201.9212795,40.82,753.25
733000,752.5,754.5,1.5,11,-6,202.0171073,40.83,753.5
733100,752.5,754,1.5,11,-6,201.8558278,40.83,753.25
733200,755.5,757,1.5,11,-6,202.078784,40.83,756.25
733300,756,757.5,1.5,11,-6,202.0714776,40.83,756.75
733400,754,755.5,1.5,11,-6,202.0662027,40.84,754.75
733500,757.5,759,1.5,11,-6,202.4462358,40.84,758.25
733600,755,756.5,1.5,11,-6,202.2245079,40.84,755.75
733700,758.5,760,1.5,11,-6,202.2444878,40.84,759.25
733800,762.5,764,1.5,11,-6,202.4603798,40.84,763.25
733900,764,765.5,1.5,11,-6,202.4782782,40.85,764.75
734000,764,766,1.5,11,-6,202.6453132,40.85,765
734100,764,765.5,1.5,11,-6,202.6362711,40.85,764.75
734200,764,765.5,1.5,11,-6,202.523571,40.85,764.75
734300,764,765.5,1.5,11,-6,202.6653397,40.86,764.75
734400,758,759.5,1.5,11,-6,202.4259218,40.86,758.75
734500,757,758.5,1.5,11,-6,202.279061,40.86,757.75
734600,759.5,761,1.5,11,-6,202.3415647,40.86,760.25
734700,761,762.5,1.5,11,-6,202.3966832,40.87,761.75
734800,756.5,758,1.5,11,-6,202.0454836,40.87,757.25
734900,755,756.5,1.5,11,-6,201.984452,40.87,755.75
735000,753.5,755,1.5,11,-6,201.7647131,40.88,754.25
735100,753.5,755,1.5,11,-6,201.8898708,40.88,754.25
735200,758.5,760,1.5,11,-6,202.29585,40.88,759.25
735300,758,759.5,1.5,11,-6,202.1849431,40.88,758.75
735400,758,759.5,1.5,11,-6,202.184043,40.88,758.75
735500,759,760.5,1.5,11,-6,202.2162786,40.89,759.75
735600,756,757.5,1.5,11,-6,202.0598409,40.89,756.75
735700,758,759.5,1.5,11,-6,201.9972361,40.89,758.75
735800,761.5,763,1.5,11,-6,202.2932619,40.9,762.25
735900,762,763.5,1.5,11,-6,202.6914917,40.9,762.75
736000,759.5,761,1.5,11,-6,202.650585,40.9,760.25
736100,760.5,762,1.5,11,-6,202.761343,40.9,761.25
736200,762.5,764,1.5,11,-6,202.9640399,40.9,763.25
736300,764.5,766,1.5,11,-6,203.16484,40.91,765.25
736400,766.5,768,1.5,11,-6,203.1692063,40.91,767.25
736500,767.5,769,1.5,11,-6,203.5555474,40.91,768.25
736600,765.5,767,1.5,11,-6,203.3572571,40.92,766.25
736700,765.5,767.5,1.5,11,-6,202.9667321,40.92,766.5
736800,767,768.5,1.5,11,-6,203.0589103,40.92,767.75
736900,764.5,766,1.5,11,-6,203.0599194,40.92,765.25
737000,768.5,770,1.5,11,-6,203.3043892,40.92,769.25
737100,766.5,768,1.5,11,-6,203.2300529,40.93,767.25
737200,768,769.5,1.5,11,-6,203.1259727,40.93,768.75
737300,768,769.5,1.5,11,-6,202.9979571,40.93,768.75
737400,770,771.5,1.5,11,-6,203.0953741,40.94,770.75
737500,769.5,771.5,1.5,11,-6,203.2513871,40.94,770.5
737600,768,769.5,1.5,11,-6,203.1843527,40.94,768.75
737700,765,766.5,1.5,11,-6,202.9413089,40.94,765.75
737800,767.5,769,1.5,11,-6,202.7404551,40.94,768.25
737900,767.5,769,1.5,11,-6,202.9302642,40.95,768.25
738000,765,766.5,1.5,11,-6,202.7827708,40.95,765.75
738100,760.5,762,1.5,11,-6,202.5523627,40.95,761.25
738200,762,763.5,1.5,11,-6,202.5261297,40.96,762.75
738300,764.5,766,1.5,11,-6,202.5882202,40.96,765.25
738400,762,763.5,1.5,11,-6,202.2418973,40.96,762.75
738500,762,763.5,1.5,11,-6,202.1122441,40.96,762.75
738600,762.5,764,1.5,11,-6,202.0826929,40.96,763.25
738700,761,762.5,1.5,11,-6,202.0367347,40.97,761.75
738800,759.5,761,1.5,11,-6,201.7889626,40.97,760.25
738900,761,762.5,1.5,11,-6,202.0111278,40.97,761.75
739000,758.5,760,1.5,11,-6,201.8486524,40.98,759.25
739100,757.5,759,1.5,11,-6,201.5802112,40.98,758.25
739200,755.5,757,1.5,11,-6,201.5785808,40.98,756.25
739300,758.5,760,1.5,11,-6,201.6022301,40.98,759.25
739400,760.5,762,1.5,11,-6,201.6101778,40.98,761.25
739500,758,759.5,1.5,11,-6,201.5244794,40.99,758.75
739600,754.5,756,1.5,11,-6,201.3568956,40.99,755.25
739700,751.5,753,1.5,11,-6,201.232323,40.99,752.25
739800,754,755.5,1.5,11,-6,201.5125326,41,754.75
739900,753.5,755.5,1.5,11,-6,201.6797001,41,754.5
740000,753,754.5,1.5,11,-6,201.67007,41,753.75
740100,755,756.5,1.5,11,-6,201.7834917,41,755.75
740200,756.5,758,1.5,11,-6,201.6895965,41,757.25
740300,756,757.5,1.5,11,-6,201.3830883,41.01,756.75
740400,755,756.5,1.5,11,-6,201.1536515,41.01,755.75
740500,753,754.5,1.5,11,-6,201.0418445,41.01,753.75
740600,758,759.5,1.5,11,-6,201.2875908,41.02,758.75
740700,759,760.5,1.5,11,-6,201.3147941,41.02,759.75
740800,753.5,755,1.5,11,-6,201.2031677,41.02,754.25
740900,756,757.5,1.5,11,-6,201.2861461,41.02,756.75
741000,754.5,756,1.5,11,-6,201.3715312,41.02,755.25
741100,756,757.5,1.5,11,-6,201.6942822,41.03,756.75
741200,753,754.5,1.5,11,-6,201.6113063,41.03,753.75
741300,751.5,753,1.5,11,-6,201.2877829,41.03,752.25
741400,748.5,750,1.5,11,-6,201.0538517,41.04,749.25
741500,745.5,747,1.5,11,-6,201.0235063,41.04,746.25
741600,746,747.5,1.5,11,-6,200.9882166,41.04,746.75
741700,747,748.5,1.5,11,-6,201.0743917,41.04,747.75
741800,746.5,748.5,1.5,11,-6,200.8789008,41.04,747.5
741900,744.5,746,1.5,11,-6,200.9351955,41.05,745.25
742000,746.5,748,1.5,11,-6,200.9245813,41.05,747.25
742100,743,744.5,1.5,11,-6,200.8676969,41.05,743.75
742200,739,740.5,1.5,11,-6,200.7706418,41.06,739.75
742300,735.5,737,1.5,11,-6,200.7058589,41.06,736.25
742400,734.5,736,1.5,11,-6,200.685784,41.06,735.25
742500,731.5,733,1.5,11,-6,200.4021942,41.06,732.25
742600,732,733.5,1.5,11,-6,200.4962661,41.06,732.75
742700,733,734.5,1.5,11,-6,200.6072074,41.07,733.75
742800,730,731.5,1.5,11,-6,200.3222456,41.07,730.75
742900,728,729.5,1.5,11,-6,200.2190491,41.07,728.75
743000,726,727.5,1.5,11,-6,200.1894045,41.08,726.75
743100,726.5,728,1.5,11,-6,199.9162992,41.08,727.25
743200,727,728.5,1.5,11,-6,200.1183813,41.08,727.75
743300,726,727.5,1.5,11,-6,200.022762,41.08,726.75
743400,725,726.5,1.5,11,-6,199.9003541,41.08,725.75
743500,728.5,730,1.5,11,-6,199.9014778,41.09,729.25
743600,729,730.5,1.5,11,-6,200.0091431,41.09,729.75
743700,730,731.5,1.5,11,-6,200.0349783,41.09,730.75
743800,730,731.5,1.5,11,-6,200.189656,41.1,730.75
743900,732.5,734,1.5,11,-6,200.6524131,41.1,733.25
744000,738,739.5,1.5,11,-6,200.9252152,41.1,738.75
744100,735.5,737,1.5,11,-6,200.8741673,41.1,736.25
744200,733,734.5,1.5,11,-6,200.6129042,41.1,733.75
744300,731.5,733,1.5,11,-6,200.3161011,41.11,732.25
744400,727.5,729,1.5,11,-6,200.1327082,41.11,728.25
744500,725,726.5,1.5,11,-6,199.9730656,41.11,725.75
744600,722.5,724,1.5,11,-6,199.8158692,41.12,723.25
744700,726,727.5,1.5,11,-6,199.8771965,41.12,726.75
744800,726,727.5,1.5,11,-6,200.1100384,41.12,726.75
744900,724.5,726,1.5,11,-6,200.0697894,41.12,725.25
745000,725.5,727,1.5,11,-6,200.0653327,41.12,726.25
745100,725.5,727,1.5,11,-6,200.0043369,41.13,726.25
745200,726.5,728,1.5,11,-6,199.9926144,41.13,727.25
745300,724.5,726,1.5,11,-6,199.7867783,41.13,725.25
745400,724,725.5,1.5,11,-6,199.904633,41.14,724.75
745500,722.5,724,1.5,11,-6,199.8595315,41.14,723.25
745600,720,721.5,1.5,11,-6,199.7034026,41.14,720.75
745700,719.5,721,1.5,11,-6,199.7410199,41.14,720.25
745800,722,723.5,1.5,11,-6,199.9475389,41.14,722.75
745900,721,722.5,1.5,11,-6,199.9699074,41.15,721.75
746000,724.5,726,1.5,11,-6,200.0247481,41.15,725.25
746100,724,726,1.5,11,-6,199.7944483,41.15,725
746200,726,727.5,1.5,11,-6,199.8297546,41.16,726.75
746300,724,725.5,1.5,11,-6,199.7703699,41.16,724.75
746400,723.5,725,1.5,11,-6,199.8392202,41.16,724.25
746500,721.5,723,1.5,11,-6,199.7065048,41.16,722.25
746600,722.5,724,1.5,11,-6,199.8482181,41.16,723.25
746700,723.5,725,1.5,11,-6,200.0643654,41.17,724.25
746800,727.5,729,1.5,11,-6,200.2364137,41.17,728.25
746900,730,731.5,1.5,11,-6,200.2902681,41.17,730.75
747000,727,728.5,1.5,11,-6,200.1609239,41.18,727.75
747100,725,726.5,1.5,11,-6,200.0025862,41.18,725.75
747200,725,726.5,1.5,11,-6,200.1165515,41.18,725.75
747300,723,724.5,1.5,11,-6,200.0361071,41.18,723.75
747400,719.5,721,1.5,11,-6,199.7619502,41.18,720.25
747500,716.5,718,1.5,11,-6,199.7319983,41.19,717.25
747600,717,718.5,1.5,11,-6,199.7212541,41.19,717.75
747700,715,716.5,1.5,11,-6,199.6789556,41.19,715.75
747800,714.5,716,1.5,11,-6,199.6874429,41.2,715.25
747900,717.5,719,1.5,11,-6,199.9213266,41.2,718.25
748000,715.5,717,1.5,11,-6,199.9272278,41.2,716.25
748100,714.5,716,1.5,11,-6,200.0544549,41.2,715.25
748200,718.5,720,1.5,11,-6,200.2112304,41.2,719.25
748300,722.5,724,1.5,11,-6,200.4884615,41.21,723.25
748400,721.5,723,1.5,11,-6,200.5013851,41.21,722.25
748500,718,719.5,1.5,11,-6,200.3878918,41.21,718.75
748600,717,718.5,1.5,11,-6,200.5690092,41.22,717.75
748700,719.5,721,1.5,11,-6,200.8294853,41.22,720.25
748800,719,720.5,1.5,11,-6,200.6429171,41.22,719.75
748900,715.5,717,1.5,11,-6,200.4429422,41.22,716.25
749000,715,717,1.5,11,-6,200.4171347,41.22,716
749100,718.5,720,1.5,11,-6,200.7617257,41.23,719.25
749200,722,723.5,1.5,11,-6,201.0768871,41.23,722.75
749300,721,722.5,1.5,11,-6,201.0256844,41.23,721.75
749400,726,727.5,1.5,11,-6,201.491312,41.24,726.75
749500,725.5,727,1.5,11,-6,201.6157532,41.24,726.25
749600,727.5,729,1.5,11,-6,201.8944423,41.24,728.25
749700,729.5,731,1.5,11,-6,202.0636777,41.24,730.25
749800,731,732.5,1.5,11,-6,201.973243,41.24,731.75
749900,731,732.5,1.5,11,-6,201.7099777,41.25,731.75
750000,729.5,731,1.5,11,-6,201.6281074,41.25,730.25
750100,725,726.5,1.5,11,-6,201.4088001,41.25,725.75
750200,725,726.5,1.5,11,-6,201.3509387,41.26,725.75
750300,723.5,725,1.5,11,-6,201.130154,41.26,724.25
750400,722.5,724,1.5,11,-6,200.9736736,41.26,723.25
750500,719,720.5,1.5,11,-6,200.8645041,41.26,719.75
750600,719.5,721,1.5,11,-6,200.7448369,41.26,720.25
750700,723,724.5,1.5,11,-6,200.9205144,41.27,723.75
750800,720.5,722,1.5,11,-6,200.8228015,41.27,721.25
750900,727.5,729,1.5,11,-6,200.9987234,41.27,728.25
751000,727.5,729,1.5,11,-6,201.0453801,41.28,728.25
751100,730,731.5,1.5,11,-6,201.0594605,41.28,730.75
751200,729,730.5,1.5,11,-6,201.3410201,41.28,729.75
751300,730,731.5,1.5,11,-6,201.5723284,41.28,730.75
751400,728,729.5,1.5,11,-6,201.7242925,41.28,728.75
751500,730,731.5,1.5,11,-6,201.806806,41.29,730.75
751600,730,731.5,1.5,11,-6,201.9468735,41.29,730.75
751700,729.5,731,1.5,11,-6,201.6450613,41.29,730.25
751800,729.5,731,1.5,11,-6,201.7592943,41.3,730.25
751900,734.5,736,1.5,11,-6,202.0516371,41.3,735.25
752000,732,733.5,1.5,11,-6,202.1219468,41.3,732.75
752100,731,732.5,1.5,11,-6,201.9873426,41.3,731.75
752200,732,733.5,1.5,11,-6,202.0182771,41.3,732.75
752300,732,734,1.5,11,-6,202.0218475,41.31,733
752400,732.5,734,1.5,11,-6,201.7638717,41.31,733.25
752500,730.5,732,1.5,11,-6,201.658781,41.31,731.25
752600,733,734.5,1.5,11,-6,201.8837141,41.32,733.75
752700,731.5,733,1.5,11,-6,201.7528594,41.32,732.25
752800,730.5,732,1.5,11,-6,201.3821905,41.32,731.25
752900,725.5,727,1.5,11,-6,201.0547299,41.32,726.25
753000,725,726.5,1.5,11,-6,201.075696,41.32,725.75
753100,728,729.5,1.5,11,-6,201.2175181,41.33,728.75
753200,731.5,733,1.5,11,-6,201.3033595,41.33,732.25
753300,730,731.5,1.5,11,-6,201.2363816,41.33,730.75
753400,732,733.5,1.5,11,-6,201.382373,41.34,732.75
753500,734,735.5,1.5,11,-6,201.5923121,41.34,734.75
753600,734,735.5,1.5,11,-6,201.7129332,41.34,734.75
753700,736,737.5,1.5,11,-6,201.8089996,41.34,736.75
753800,735.5,737,1.5,11,-6,201.7562438,41.34,736.25
753900,736.5,738,1.5,11,-6,201.859619,41.35,737.25
754000,737.5,739,1.5,11,-6,202.2412606,41.35,738.25
754100,737.5,739,1.5,11,-6,202.2294305,41.35,738.25
754200,732,733.5,1.5,11,-6,202.0612286,41.36,732.75
754300,730.5,732,1.5,11,-6,202.1811093,41.36,731.25
754400,731.5,733,1.5,11,-6,202.2768777,41.36,732.25
754500,733,734.5,1.5,11,-6,202.4611317,41.36,733.75
754600,733,734.5,1.5,11,-6,202.2462502,41.36,733.75
754700,734.5,736,1.5,11,-6,202.319512,41.37,735.25
754800,731.5,733,1.5,11,-6,202.0363091,41.37,732.25
754900,735,736.5,1.5,11,-6,202.0604297,41.37,735.75
755000,733,734.5,1.5,11,-6,201.974296,41.38,733.75
755100,733.5,735,1.5,11,-6,202.1312757,41.38,734.25
755200,734.5,736,1.5,11,-6,202.0088247,41.38,735.25
755300,734.5,736,1.5,11,-6,201.9376213,41.38,735.25
755400,734,735.5,1.5,11,-6,201.923716,41.38,734.75
755500,731.5,733,1.5,11,-6,201.8123425,41.39,732.25
755600,732.5,734,1.5,11,-6,202.0904026,41.39,733.25
755700,730,731.5,1.5,11,-6,201.8447309,41.39,730.75
755800,730,731.5,1.5,11,-6,202.1517629,41.4,730.75
755900,731,732.5,1.5,11,-6,202.3547663,41.4,731.75
756000,735.5,737,1.5,11,-6,202.7538452,41.4,736.25
756100,734,735.5,1.5,11,-6,202.8594621,41.4,734.75
756200,735.5,737,1.5,11,-6,203.0535268,41.4,736.25
756300,731.5,733,1.5,11,-6,202.9003664,41.41,732.25
756400,728,729.5,1.5,11,-6,202.8719018,41.41,728.75
756500,727.5,729,1.5,11,-6,203.0012178,41.41,728.25
756600,729,730.5,1.5,11,-6,203.1873434,41.42,729.75
756700,726,727.5,1.5,11,-6,203.059701,41.42,726.75
756800,726,728,1.5,11,-6,202.7887153,41.42,727
756900,727,728.5,1.5,11,-6,202.8155733,41.42,727.75
757000,727,728.5,1.5,11,-6,202.9112905,41.42,727.75
757100,728.5,730,1.5,11,-6,203.2990551,41.43,729.25
757200,727.5,729,1.5,11,-6,203.263337,41.43,728.25
757300,726,727.5,1.5,11,-6,203.3463032,41.43,726.75
757400,728.5,730,1.5,11,-6,203.407264,41.44,729.25
757500,728,730,1.5,11,-6,203.7960092,41.44,729
757600,729,730.5,1.5,11,-6,203.7719734,41.44,729.75
757700,733.5,735,1.5,11,-6,203.864182,41.44,734.25
757800,732,733.5,1.5,11,-6,203.6665861,41.44,732.75
757900,729.5,731,1.5,11,-6,203.6209987,41.45,730.25
758000,729.5,731,1.5,11,-6,203.6561305,41.45,730.25
758100,729.5,731,1.5,11,-6,203.6611053,41.45,730.25
758200,727.5,729,1.5,11,-6,203.5931418,41.46,728.25
758300,731,732.5,1.5,11,-6,203.7532769,41.46,731.75
758400,727.5,729,1.5,11,-6,203.7220386,41.46,728.25
758500,725.5,727,1.5,11,-6,203.6203436,41.46,726.25
758600,723.5,725,1.5,11,-6,203.5589131,41.46,724.25
758700,720.5,722,1.5,11,-6,203.3105149,41.47,721.25
758800,720.5,722,1.5,11,-6,203.4133699,41.47,721.25
758900,722.5,724,1.5,11,-6,203.8041878,41.47,723.25
759000,724,725.5,1.5,11,-6,203.4181389,41.48,724.75
759100,726,727.5,1.5,11,-6,203.4483432,41.48,726.75
759200,725.5,727,1.5,11,-6,203.3292693,41.48,726.25
759300,724.5,726,1.5,11,-6,203.311004,41.48,725.25
759400,724.5,726,1.5,11,-6,203.1973044,41.48,725.25
759500,722.5,724,1.5,11,-6,202.874675,41.49,723.25
759600,722,723.5,1.5,11,-6,202.8274177,41.49,722.75
759700,722,723.5,1.5,11,-6,202.7098362,41.49,722.75
759800,722.5,724,1.5,11,-6,202.8126154,41.5,723.25
759900,722.5,724.5,1.5,11,-6,202.6424793,41.5,723.5
760000,720.5,722,1.5,11,-6,202.4230557,41.5,721.25
760100,719.5,721,1.5,11,-6,202.5113431,41.5,720.25
760200,718,719.5,1.5,11,-6,202.3986664,41.5,718.75
760300,714,715.5,1.5,11,-6,202.1622293,41.51,714.75
760400,712.5,714,1.5,11,-6,202.3864647,41.51,713.25
760500,715,716.5,1.5,11,-6,202.4273507,41.51,715.75
760600,718,719.5,1.5,11,-6,202.3179186,41.52,718.75
760700,720,721.5,1.5,11,-6,202.3309873,41.52,720.75
760800,719,720.5,1.5,11,-6,202.2625093,41.52,719.75
760900,716.5,718,1.5,11,-6,202.123924,41.52,717.25
761000,716,718,1.5,11,-6,202.2691547,41.52,717
761100,719.5,721,1.5,11,-6,202.2650856,41.53,720.25
761200,719.5,721,1.5,11,-6,202.3177506,41.53,720.25
761300,723,724.5,1.5,11,-6,202.4500247,41.53,723.75
761400,722.5,724,1.5,11,-6,202.4441757,41.54,723.25
761500,719.5,721,1.5,11,-6,202.1178244,41.54,720.25
761600,720.5,722,1.5,11,-6,202.2714743,41.54,721.25
761700,724.5,726,1.5,11,-6,202.6567338,41.54,725.25
761800,722,723.5,1.5,11,-6,202.2688594,41.54,722.75
761900,721,722.5,1.5,11,-6,202.2286872,41.55,721.75
762000,724.5,726,1.5,11,-6,202.5160888,41.55,725.25
762100,725.5,727,1.5,11,-6,202.5378142,41.55,726.25
762200,724,725.5,1.5,11,-6,202.3507506,41.56,724.75
762300,723,724.5,1.5,11,-6,202.2623536,41.56,723.75
762400,725,726.5,1.5,11,-6,202.3437213,41.56,725.75
762500,724.5,726.5,1.5,11,-6,201.9171407,41.56,725.5
762600,726,727.5,1.5,11,-6,201.7353307,41.56,726.75
762700,725,726.5,1.5,11,-6,201.6415564,41.57,725.75
762800,724,725.5,1.5,11,-6,201.4199162,41.57,724.75
762900,723,724.5,1.5,11,-6,201.4160475,41.57,723.75
763000,727,728.5,1.5,11,-6,201.5728872,41.58,727.75
763100,727,728.5,1.5,11,-6,201.3993043,41.58,727.75
763200,723.5,725,1.5,11,-6,201.2875228,41.58,724.25
763300,722,723.5,1.5,11,-6,201.2596598,41.58,722.75
763400,721.5,723,1.5,11,-6,201.3783839,41.58,722.25
763500,721.5,723,1.5,11,-6,201.6651173,41.59,722.25
763600,723,724.5,1.5,11,-6,201.737045,41.59,723.75
763700,719,720.5,1.5,11,-6,201.3503328,41.59,719.75
763800,720,721.5,1.5,11,-6,201.6170914,41.6,720.75
763900,718,719.5,1.5,11,-6,201.2816851,41.6,718.75
764000,721,722.5,1.5,11,-6,201.3332211,41.6,721.75
764100,720,721.5,1.5,11,-6,201.2317951,41.6,720.75
764200,721.5,723,1.5,11,-6,201.4196679,41.6,722.25
764300,721,722.5,1.5,11,-6,201.4008547,41.61,721.75
764400,719.5,721,1.5,11,-6,201.268396,41.61,720.25
764500,720,721.5,1.5,11,-6,201.2676118,41.61,720.75
764600,716,717.5,1.5,11,-6,201.1324752,41.62,716.75
764700,715.5,717,1.5,11,-6,201.2209077,41.62,716.25
764800,721.5,723,1.5,11,-6,201.7517973,41.62,722.25
764900,721.5,723.5,1.5,11,-6,201.6829225,41.62,722.5
765000,723,724.5,1.5,11,-6,201.8210651,41.62,723.75
765100,722.5,724.5,1.5,11,-6,201.6735198,41.63,723.5
765200,720.5,722,1.5,11,-6,201.9968707,41.63,721.25
765300,721,722.5,1.5,11,-6,202.0433409,41.63,721.75
765400,718,719.5,1.5,11,-6,201.6522478,41.64,718.75
765500,716,717.5,1.5,11,-6,201.5921554,41.64,716.75
765600,718.5,720,1.5,11,-6,201.8761644,41.64,719.25
765700,713,714.5,1.5,11,-6,201.5834385,41.64,713.75
765800,708.5,710,1.5,11,-6,201.3845133,41.64,709.25
765900,712,713.5,1.5,11,-6,201.4997346,41.65,712.75
766000,711,712.5,1.5,11,-6,201.3903243,41.65,711.75
766100,709.5,711,1.5,11,-6,201.4860388,41.65,710.25
766200,708,709.5,1.5,11,-6,201.43703,41.66,708.75
766300,711,712.5,1.5,11,-6,201.8299271,41.66,711.75
766400,710.5,712,1.5,11,-6,201.8291373,41.66,711.25
766500,709.5,711,1.5,11,-6,201.883673,41.66,710.25
766600,713.5,715,1.5,11,-6,201.9144146,41.66,714.25
766700,713.5,715,1.5,11,-6,201.7514175,41.67,714.25
766800,714,715.5,1.5,11,-6,201.7509038,41.67,714.75
766900,716,717.5,1.5,11,-6,201.9774182,41.67,716.75
767000,715,716.5,1.5,11,-6,201.8637124,41.68,715.75
767100,714.5,716,1.5,11,-6,201.5770708,41.68,715.25
767200,714,716,1.5,11,-6,201.3824624,41.68,715
767300,716.5,718,1.5,11,-6,201.5257396,41.68,717.25
767400,716,718,1.5,11,-6,201.3092357,41.68,717
767500,715.5,717,1.5,11,-6,201.3860825,41.69,716.25
767600,712.5,714,1.5,11,-6,201.1537724,41.69,713.25
767700,713.5,715,1.5,11,-6,200.7377245,41.69,714.25
767800,713,714.5,1.5,11,-6,200.580222,41.7,713.75
767900,716.5,718,1.5,11,-6,200.9562302,41.7,717.25
768000,716,717.5,1.5,11,-6,201.0844885,41.7,716.75
768100,718.5,720,1.5,11,-6,201.2098191,41.7,719.25
768200,717.5,719,1.5,11,-6,200.9790473,41.7,718.25
768300,718.5,720,1.5,11,-6,201.0517502,41.71,719.25
768400,718.5,720,1.5,11,-6,201.1356487,41.71,719.25
768500,722.5,724,1.5,11,-6,201.4417351,41.71,723.25
768600,719.5,721,1.5,11,-6,201.4402032,41.72,720.25
768700,723,724.5,1.5,11,-6,201.706372,41.72,723.75
768800,722,723.5,1.5,11,-6,201.7846631,41.72,722.75
768900,720,721.5,1.5,11,-6,201.6715569,41.72,720.75
769000,720,722,1.5,11,-6,201.7204008,41.72,721
769100,719,720.5,1.5,11,-6,201.7199294,41.73,719.75
769200,719.5,721,1.5,11,-6,201.7903794,41.73,720.25
769300,720,721.5,1.5,11,-6,201.8388293,41.73,720.75
769400,721.5,723,1.5,11,-6,201.8619304,41.74,722.25
769500,716.5,718,1.5,11,-6,201.80996,41.74,717.25
769600,715.5,717,1.5,11,-6,201.7400103,41.74,716.25
769700,715.5,717,1.5,11,-6,201.9119437,41.74,716.25
769800,719.5,721,1.5,11,-6,202.0013903,41.74,720.25
769900,719.5,721,1.5,11,-6,201.8812719,41.75,720.25
770000,725,726.5,1.5,11,-6,202.0123312,41.75,725.75
770100,723,724.5,1.5,11,-6,201.7933748,41.75,723.75
770200,726.5,728,1.5,11,-6,201.8330785,41.76,727.25
770300,729.5,731,1.5,11,-6,201.8773227,41.76,730.25
770400,727.5,729,1.5,11,-6,201.7302568,41.76,728.25
770500,725.5,727,1.5,11,-6,201.5109652,41.76,726.25
770600,726.5,728,1.5,11,-6,201.6814744,41.76,727.25
770700,725.5,727,1.5,11,-6,201.8698031,41.77,726.25
770800,724,725.5,1.5,11,-6,201.741905,41.77,724.75
770900,727.5,729,1.5,11,-6,201.8106329,41.77,728.25
771000,724,725.5,1.5,11,-6,201.4806196,41.78,724.75
771100,729,730.5,1.5,11,-6,201.5897863,41.78,729.75
771200,730,731.5,1.5,11,-6,201.75667,41.78,730.75
771300,729,730.5,1.5,11,-6,201.6702105,41.78,729.75
771400,732.5,734,1.5,11,-6,201.7963936,41.78,733.25
771500,735.5,737,1.5,11,-6,201.7168683,41.79,736.25
771600,738,739.5,1.5,11,-6,201.9581224,41.79,738.75
771700,736,737.5,1.5,11,-6,201.9069403,41.79,736.75
771800,736,738,1.5,11,-6,202.0673765,41.8,737
771900,734.5,736,1.5,11,-6,202.0406075,41.8,735.25
772000,736.5,738,1.5,11,-6,202.2793737,41.8,737.25
772100,735,736.5,1.5,11,-6,201.9820707,41.8,735.75
772200,730.5,732,1.5,11,-6,201.7932809,41.8,731.25
772300,733,734.5,1.5,11,-6,202.0541879,41.81,733.75
772400,729.5,731,1.5,11,-6,201.8297974,41.81,730.25
772500,729,731,1.5,11,-6,201.7316423,41.81,730
772600,729,730.5,1.5,11,-6,201.4904428,41.82,729.75
772700,727,728.5,1.5,11,-6,201.1805094,41.82,727.75
772800,725,726.5,1.5,11,-6,200.9841724,41.82,725.75
772900,727.5,729,1.5,11,-6,201.128693,41.82,728.25
773000,721.5,723,1.5,11,-6,200.7963488,41.82,722.25
773100,719,720.5,1.5,11,-6,200.5553883,41.83,719.75
773200,719.5,721,1.5,11,-6,200.529011,41.83,720.25
773300,718.5,720,1.5,11,-6,200.4181293,41.83,719.25
773400,718.5,720,1.5,11,-6,200.4511316,41.84,719.25
773500,716,717.5,1.5,11,-6,200.269251,41.84,716.75
773600,715,716.5,1.5,11,-6,200.0773356,41.84,715.75
773700,713,714.5,1.5,11,-6,200.0316842,41.84,713.75
773800,712,713.5,1.5,11,-6,200.3065506,41.84,712.75
773900,711.5,713,1.5,11,-6,200.3053899,41.85,712.25
774000,708,709.5,1.5,11,-6,200.1986632,41.85,708.75
774100,704.5,706,1.5,11,-6,200.0823292,41.85,705.25
774200,705.5,707,1.5,11,-6,200.1235629,41.86,706.25
774300,704,705.5,1.5,11,-6,199.9677215,41.86,704.75
774400,705,706.5,1.5,11,-6,199.9555331,41.86,705.75
774500,700.5,702,1.5,11,-6,199.8895014,41.86,701.25
774600,702,703.5,1.5,11,-6,200.0090103,41.86,702.75
774700,702,703.5,1.5,11,-6,199.9575917,41.87,702.75
774800,706,707.5,1.5,11,-6,199.9601193,41.87,706.75
774900,706.5,708,1.5,11,-6,199.7588928,41.87,707.25
775000,702.5,704,1.5,11,-6,199.636354,41.88,703.25
775100,705.5,707,1.5,11,-6,199.7845736,41.88,706.25
775200,711.5,713,1.5,11,-6,199.9213578,41.88,712.25
775300,711.5,713,1.5,11,-6,200.0418101,41.88,712.25
775400,715,716.5,1.5,11,-6,200.3861959,41.88,715.75
775500,715,716.5,1.5,11,-6,200.101547,41.89,715.75
775600,714.5,716.5,1.5,11,-6,200.0989171,41.89,715.5
775700,715,716.5,1.5,11,-6,200.2364417,41.89,715.75
775800,718,719.5,1.5,11,-6,200.4471414,41.9,718.75
775900,722,723.5,1.5,11,-6,200.669738,41.9,722.75
776000,723,724.5,1.5,11,-6,200.7198548,41.9,723.75
776100,726.5,728,1.5,11,-6,201.1142047,41.9,727.25
776200,722,723.5,1.5,11,-6,200.9580778,41.9,722.75
776300,724,725.5,1.5,11,-6,200.9674993,41.91,724.75
776400,726.5,728,1.5,11,-6,201.1753729,41.91,727.25
776500,721.5,723,1.5,11,-6,201.0936616,41.91,722.25
776600,719,720.5,1.5,11,-6,201.0859949,41.92,719.75
776700,718.5,720.5,1.5,11,-6,201.0437625,41.92,719.5
776800,718,719.5,1.5,11,-6,200.781069,41.92,718.75
776900,717.5,719,1.5,11,-6,200.8541868,41.92,718.25
777000,715.5,717,1.5,11,-6,200.6426381,41.92,716.25
777100,718,719.5,1.5,11,-6,200.8997332,41.93,718.75
777200,718,719.5,1.5,11,-6,200.7076897,41.93,718.75
777300,720,721.5,1.5,11,-6,201.0460039,41.93,720.75
777400,718,719.5,1.5,11,-6,200.6729018,41.94,718.75
777500,717.5,719,1.5,11,-6,200.4555491,41.94,718.25
777600,714.5,716,1.5,11,-6,200.0624834,41.94,715.25
777700,716.5,718,1.5,11,-6,200.1272122,41.94,717.25
777800,716,717.5,1.5,11,-6,200.0559715,41.94,716.75
777900,713.5,715,1.5,11,-6,200.0811495,41.95,714.25
778000,715,716.5,1.5,11,-6,200.3608257,41.95,715.75
778100,715.5,717,1.5,11,-6,200.4037092,41.95,716.25
778200,716.5,718,1.5,11,-6,200.5625679,41.96,717.25
778300,718.5,720,1.5,11,-6,200.8444179,41.96,719.25
778400,720,721.5,1.5,11,-6,201.0726564,41.96,720.75
778500,723.5,725,1.5,11,-6,201.2176379,41.96,724.25
778600,726.5,728,1.5,11,-6,201.1494105,41.96,727.25
778700,730.5,732,1.5,11,-6,201.3347115,41.97,731.25
778800,731.5,733,1.5,11,-6,201.5130387,41.97,732.25
778900,730,731.5,1.5,11,-6,201.501107,41.97,730.75
779000,727.5,729,1.5,11,-6,201.429039,41.98,728.25
779100,726.5,728,1.5,11,-6,201.2460813,41.98,727.25
779200,726,728,1.5,11,-6,201.0074634,41.98,727
779300,726,727.5,1.5,11,-6,200.7351832,41.98,726.75
779400,724.5,726,1.5,11,-6,200.6639656,41.98,725.25
779500,725.5,727,1.5,11,-6,200.6769641,41.99,726.25
779600,727,728.5,1.5,11,-6,200.7117519,41.99,727.75
779700,724,725.5,1.5,11,-6,200.5598988,41.99,724.75
779800,721.5,723,1.5,11,-6,200.3126385,42,722.25
779900,722.5,724,1.5,11,-6,200.5891752,42,723.25
780000,722.5,724.5,1.5,11,-6,200.5985124,42,723.5
780100,720,721.5,1.5,11,-6,200.6124257,42,720.75
780200,717,718.5,1.5,11,-6,200.4078603,42,717.75
780300,716.5,718,1.5,11,-6,200.3147872,42.01,717.25
780400,719.5,721,1.5,11,-6,200.5605369,42.01,720.25
780500,719,720.5,1.5,11,-6,200.6085389,42.01,719.75
780600,716.5,718,1.5,11,-6,200.4772221,42.02,717.25
780700,716,717.5,1.5,11,-6,200.5119209,42.02,716.75
780800,719,720.5,1.5,11,-6,200.6601161,42.02,719.75
780900,722,723.5,1.5,11,-6,200.8396599,42.02,722.75
781000,727.5,729,1.5,11,-6,201.0975085,42.02,728.25
781100,729.5,731,1.5,11,-6,201.2445203,42.03,730.25
781200,728,729.5,1.5,11,-6,201.0192838,42.03,728.75
781300,731.5,733,1.5,11,-6,201.3806245,42.03,732.25
781400,730.5,732,1.5,11,-6,201.2947309,42.04,731.25
781500,730,731.5,1.5,11,-6,201.3168191,42.04,730.75
781600,732.5,734,1.5,11,-6,201.4071219,42.04,733.25
781700,730.5,732,1.5,11,-6,201.1517582,42.04,731.25
781800,732.5,734,1.5,11,-6,201.1433921,42.04,733.25
781900,737,738.5,1.5,11,-6,201.2933671,42.05,737.75
782000,731,732.5,1.5,11,-6,201.0615665,42.05,731.75
782100,730,731.5,1.5,11,-6,201.0189888,42.05,730.75
782200,729,730.5,1.5,11,-6,200.9676706,42.06,729.75
782300,729.5,731,1.5,11,-6,201.0282636,42.06,730.25
782400,730,731.5,1.5,11,-6,200.9958513,42.06,730.75
782500,732.5,734,1.5,11,-6,201.041785,42.06,733.25
782600,734,735.5,1.5,11,-6,200.8246129,42.06,734.75
782700,734,736,1.5,11,-6,200.8229531,42.07,735
782800,739,740.5,1.5,11,-6,200.8703819,42.07,739.75
782900,739.5,741,1.5,11,-6,200.9950106,42.07,740.25
783000,741.5,743,1.5,11,-6,200.948215,42.08,742.25
783100,738.5,740,1.5,11,-6,200.9312228,42.08,739.25
783200,737.5,739,1.5,11,-6,200.7099437,42.08,738.25
783300,733,734.5,1.5,11,-6,200.6068098,42.08,733.75
783400,736,737.5,1.5,11,-6,200.7021258,42.08,736.75
783500,737.5,739,1.5,11,-6,201.021622,42.09,738.25
783600,736.5,738,1.5,11,-6,201.2346765,42.09,737.25
783700,734,735.5,1.5,11,-6,201.0658211,42.09,734.75
783800,737.5,739,1.5,11,-6,201.1754202,42.1,738.25
783900,737.5,739,1.5,11,-6,200.9454401,42.1,738.25
784000,734,735.5,1.5,11.5,-6,200.6356995,42.1,734.75
784100,730.5,732,1.5,11.5,-6,200.5329057,42.1,731.25
784200,730.5,732.5,1.5,11.5,-6,200.6998525,42.1,731.5
784300,732.5,734,1.5,11.5,-6,200.8784173,42.11,733.25
784400,727.5,729,1.5,11.5,-6,200.7440068,42.11,728.25
784500,730.5,732,1.5,11.5,-6,200.8393049,42.11,731.25
784600,727.5,729,1.5,11.5,-6,200.9338478,42.12,728.25
784700,727,728.5,1.5,11.5,-6,200.9467625,42.12,727.75
784800,726.5,728.5,1.5,11.5,-6,200.9256654,42.12,727.5
784900,729.5,731,1.5,11.5,-6,201.0291834,42.12,730.25
785000,730.5,732,1.5,11.5,-6,201.1942295,42.12,731.25
785100,728,729.5,1.5,11.5,-6,200.8588798,42.13,728.75
785200,729,730.5,1.5,11.5,-6,200.863914,42.13,729.75
785300,733,734.5,1.5,11.5,-6,201.0701091,42.13,733.75
785400,731.5,733,1.5,11.5,-6,200.9888385,42.14,732.25
785500,732,733.5,1.5,11.5,-6,201.2682148,42.14,732.75
785600,728,729.5,1.5,11.5,-6,201.1353155,42.14,728.75
785700,729.5,731,1.5,11.5,-6,201.0628204,42.14,730.25
785800,728,729.5,1.5,11.5,-6,201.0407869,42.14,728.75
785900,729,730.5,1.5,11.5,-6,201.0559262,42.15,729.75
786000,731,732.5,1.5,11.5,-6,201.1496739,42.15,731.75
786100,733,734.5,1.5,11.5,-6,201.2915511,42.15,733.75
786200,733.5,735,1.5,11.5,-6,201.3834708,42.16,734.25
786300,731.5,733,1.5,11.5,-6,201.2041538,42.16,732.25
786400,730.5,732,1.5,11.5,-6,201.099875,42.16,731.25
786500,727,728.5,1.5,11.5,-6,200.7832584,42.16,727.75
786600,726,727.5,1.5,11.5,-6,200.450609,42.16,726.75
786700,725,726.5,1.5,11.5,-6,200.145049,42.17,725.75
786800,725,726.5,1.5,11.5,-6,200.128069,42.17,725.75
786900,724.5,726,1.5,11.5,-6,200.161085,42.17,725.25
787000,719.5,721,1.5,11.5,-6,199.8686186,42.18,720.25
787100,719.5,721,1.5,11.5,-6,199.6342947,42.18,720.25
787200,720,721.5,1.5,11.5,-6,199.6392753,42.18,720.75
787300,717.5,719,1.5,11.5,-6,199.4076265,42.18,718.25
787400,715.5,717,1.5,11.5,-6,199.4259488,42.18,716.25
787500,714,715.5,1.5,11.5,-6,199.4991221,42.19,714.75
787600,715.5,717,1.5,11.5,-6,199.634607,42.19,716.25
787700,711,712.5,1.5,11.5,-6,199.6307707,42.19,711.75
787800,712.5,714,1.5,11.5,-6,199.7434091,42.2,713.25
787900,712,713.5,1.5,11.5,-6,199.6951038,42.2,712.75
788000,708.5,710,1.5,11.5,-6,199.1286276,42.2,709.25
788100,711,712.5,1.5,11.5,-6,199.1964501,42.2,711.75
788200,713,714.5,1.5,11.5,-6,199.3643431,42.2,713.75
788300,712,713.5,1.5,11.5,-6,199.1947653,42.21,712.75
788400,712,713.5,1.5,11.5,-6,198.8035271,42.21,712.75
788500,712.5,714,1.5,11.5,-6,198.5447388,42.21,713.25
788600,715.5,717,1.5,11.5,-6,198.5817093,42.22,716.25
788700,710,711.5,1.5,11.5,-6,198.5063431,42.22,710.75
788800,713,714.5,1.5,11.5,-6,198.7373496,42.22,713.75
788900,716.5,718,1.5,11.5,-6,198.9202372,42.22,717.25
789000,717,718.5,1.5,11.5,-6,198.8842521,42.22,717.75
789100,718.5,720,1.5,11.5,-6,198.771141,42.23,719.25
789200,719,720.5,1.5,11.5,-6,198.8268311,42.23,719.75
789300,721,722.5,1.5,11.5,-6,198.9903366,42.23,721.75
789400,721,722.5,1.5,11.5,-6,199.3454009,42.24,721.75
789500,721.5,723,1.5,11.5,-6,199.5814445,42.24,722.25
789600,720.5,722,1.5,11.5,-6,199.5951233,42.24,721.25
789700,720,721.5,1.5,11.5,-6,199.6257367,42.24,720.75
789800,715,716.5,1.5,11.5,-6,199.6111188,42.24,715.75
789900,718,719.5,1.5,11.5,-6,199.9614273,42.25,718.75
790000,719,720.5,1.5,11.5,-6,200.0404668,42.25,719.75
790100,719.5,721,1.5,11.5,-6,200.1463274,42.25,720.25
790200,718.5,720,1.5,11.5,-6,199.8479107,42.26,719.25
790300,719,720.5,1.5,11.5,-6,199.7032496,42.26,719.75
790400,721,722.5,1.5,11.5,-6,200.0469971,42.26,721.75
790500,722.5,724,1.5,11.5,-6,200.2219301,42.26,723.25
790600,720,721.5,1.5,11.5,-6,200.0544105,42.26,720.75
790700,718.5,720,1.5,11.5,-6,199.9798922,42.27,719.25
790800,716.5,718,1.5,11.5,-6,199.9068145,42.27,717.25
790900,717,718.5,1.5,11.5,-6,199.9865146,42.27,717.75
791000,715.5,717,1.5,11.5,-6,200.0264879,42.28,716.25
791100,715,716.5,1.5,11.5,-6,200.2144617,42.28,715.75
791200,711.5,713,1.5,11.5,-6,200.0956431,42.28,712.25
791300,713,714.5,1.5,11.5,-6,200.16822,42.28,713.75
791400,714,715.5,1.5,11.5,-6,199.9805564,42.28,714.75
791500,713,714.5,1.5,11.5,-6,199.7610899,42.29,713.75
791600,714.5,716,1.5,11.5,-6,200.3347493,42.29,715.25
791700,715.5,717,1.5,11.5,-6,200.4702659,42.29,716.25
791800,717,718.5,1.5,11.5,-6,200.6132336,42.3,717.75
791900,721,722.5,1.5,11.5,-6,200.9216635,42.3,721.75
792000,722,723.5,1.5,11.5,-6,200.9199793,42.3,722.75
792100,718.5,720,1.5,11.5,-6,200.7544473,42.3,719.25
792200,715.5,717,1.5,11.5,-6,200.5789079,42.3,716.25
792300,715.5,717,1.5,11.5,-6,200.3842789,42.31,716.25
792400,714.5,716,1.5,11.5,-6,200.2814622,42.31,715.25
792500,712,713.5,1.5,11.5,-6,200.3169674,42.31,712.75
792600,713.5,715,1.5,11.5,-6,200.5658601,42.32,714.25
792700,713.5,715.5,1.5,11.5,-6,200.6685689,42.32,714.5
792800,712.5,714,1.5,11.5,-6,200.4301639,42.32,713.25
792900,710.5,712,1.5,11.5,-6,200.4198261,42.32,711.25
793000,711.5,713,1.5,11.5,-6,200.5252801,42.32,712.25
793100,713,714.5,1.5,11.5,-6,200.5391819,42.33,713.75
793200,713.5,715,1.5,11.5,-6,200.494837,42.33,714.25
793300,709.5,711,1.5,11.5,-6,200.1626986,42.33,710.25
793400,708.5,710,1.5,11.5,-6,200.0986589,42.34,709.25
793500,712,713.5,1.5,11.5,-6,200.2554971,42.34,712.75
793600,710.5,712,1.5,11.5,-6,200.1079336,42.34,711.25
793700,712,713.5,1.5,11.5,-6,200.3162056,42.34,712.75
793800,713,714.5,1.5,11.5,-6,200.7754548,42.34,713.75
793900,711.5,713,1.5,11.5,-6,200.6881632,42.35,712.25
794000,711.5,713,1.5,11.5,-6,200.642952,42.35,712.25
794100,713.5,715,1.5,11.5,-6,200.6528545,42.35,714.25
794200,712.5,714,1.5,11.5,-6,200.5197371,42.36,713.25
794300,716.5,718,1.5,11.5,-6,200.7864505,42.36,717.25
794400,717,718.5,1.5,11.5,-6,200.8996752,42.36,717.75
794500,716.5,718.5,1.5,11.5,-6,200.8308163,42.36,717.5
794600,715.5,717,1.5,11.5,-6,200.4752395,42.36,716.25
794700,714,715.5,1.5,11.5,-6,200.3176866,42.37,714.75
794800,712.5,714,1.5,11.5,-6,200.5047725,42.37,713.25
794900,715.5,717,1.5,11.5,-6,200.7696164,42.37,716.25
795000,716.5,718,1.5,11.5,-6,200.6735125,42.38,717.25
795100,714,715.5,1.5,11.5,-6,200.4564531,42.38,714.75
795200,716.5,718,1.5,11.5,-6,200.55151,42.38,717.25
795300,714,715.5,1.5,11.5,-6,200.5521539,42.38,714.75
795400,716.5,718,1.5,11.5,-6,200.5577241,42.38,717.25
795500,717,718.5,1.5,11.5,-6,200.6155382,42.39,717.75
795600,716.5,718,1.5,11.5,-6,200.6296225,42.39,717.25
795700,714,715.5,1.5,11.5,-6,200.5296206,42.39,714.75
795800,716,717.5,1.5,11.5,-6,200.7485225,42.4,716.75
795900,715,716.5,1.5,11.5,-6,200.7306219,42.4,715.75
796000,714,715.5,1.5,11.5,-6,200.6571312,42.4,714.75
796100,712,713.5,1.5,11.5,-6,200.5487545,42.4,712.75
796200,712.5,714,1.5,11.5,-6,200.7705477,42.4,713.25
796300,714.5,716,1.5,11.5,-6,200.9166529,42.41,715.25
796400,718.5,720,1.5,11.5,-6,201.0077223,42.41,719.25
796500,720,721.5,1.5,11.5,-6,201.16411,42.41,720.75
796600,720,721.5,1.5,11.5,-6,200.9123505,42.42,720.75
796700,719.5,721,1.5,11.5,-6,201.0699416,42.42,720.25
796800,721,722.5,1.5,11.5,-6,200.9604929,42.42,721.75
796900,722,723.5,1.5,11.5,-6,200.9599205,42.42,722.75
797000,723,724.5,1.5,11.5,-6,200.9845745,42.42,723.75
797100,724.5,726,1.5,11.5,-6,201.1419756,42.43,725.25
797200,725.5,727,1.5,11.5,-6,201.2753281,42.43,726.25
797300,727,728.5,1.5,11.5,-6,201.3480586,42.43,727.75
797400,724,725.5,1.5,11.5,-6,201.1192502,42.44,724.75
797500,725,726.5,1.5,11.5,-6,201.3097636,42.44,725.75
797600,722.5,724,1.5,11.5,-6,201.2898823,42.44,723.25
797700,725,726.5,1.5,11.5,-6,201.5138195,42.44,725.75
797800,723,724.5,1.5,11.5,-6,201.3856251,42.44,723.75
797900,724,725.5,1.5,11.5,-6,201.5139843,42.45,724.75
798000,722,723.5,1.5,11.5,-6,201.4251692,42.45,722.75
798100,726,727.5,1.5,11.5,-6,201.4894325,42.45,726.75
798200,725,726.5,1.5,11.5,-6,201.4201772,42.46,725.75
798300,721.5,723,1.5,11.5,-6,201.2367076,42.46,722.25
798400,724,725.5,1.5,11.5,-6,201.5345558,42.46,724.75
798500,728,729.5,1.5,11.5,-6,201.6040404,42.46,728.75
798600,730.5,732,1.5,11.5,-6,201.7835803,42.46,731.25
798700,735,736.5,1.5,11.5,-6,201.9137028,42.47,735.75
798800,734.5,736,1.5,11.5,-5.5,201.7304853,42.47,735.25
798900,738.5,740,1.5,11.5,-5.5,202.1397912,42.47,739.25
799000,737,738.5,1.5,11.5,-5.5,201.9716232,42.48,737.75
799100,740,741.5,1.5,11.5,-5.5,202.1158178,42.48,740.75
799200,743,744.5,1.5,11.5,-5.5,202.3758061,42.48,743.75
799300,741,742.5,1.5,11.5,-5.5,202.1825096,42.48,741.75
799400,746,747.5,1.5,11.5,-5.5,202.5830163,42.48,746.75
799500,746,747.5,1.5,11.5,-5.5,202.9673959,42.49,746.75
799600,747.5,749,1.5,11.5,-5.5,203.1558909,42.49,748.25
799700,749,750.5,1.5,11.5,-5.5,203.2664499,42.49,749.75
799800,750.5,752,1.5,11.5,-5.5,203.2657576,42.5,751.25
799900,748,749.5,1.5,11.5,-5.5,203.0185328,42.5,748.75
800000,749,750.5,1.5,11.5,-5.5,203.1904593,42.5,749.75
800100,750,751.5,1.5,11.5,-5.5,203.3181233,42.5,750.75
800200,748,749.5,1.5,11.5,-5.5,203.3152023,42.5,748.75
800300,744,745.5,1.5,11.5,-5.5,203.1040916,42.51,744.75
800400,741.5,743,1.5,11.5,-5.5,202.9152025,42.51,742.25
800500,743,744.5,1.5,11.5,-5.5,202.5623908,42.51,743.75
800600,745,746.5,1.5,11.5,-5.5,202.6788748,42.52,745.75
800700,739.5,741,1.5,11.5,-5.5,202.3879335,42.52,740.25
800800,735,736.5,1.5,11.5,-5.5,202.0657381,42.52,735.75
800900,733.5,735,1.5,11.5,-5.5,201.8364892,42.52,734.25
801000,733,734.5,1.5,11.5,-5.5,201.8225484,42.52,733.75
801100,732.5,734.5,1.5,11.5,-5.5,201.7298853,42.53,733.5
801200,731,732.5,1.5,11.5,-5.5,201.3813624,42.53,731.75
801300,728,729.5,1.5,11.5,-5.5,201.0300186,42.53,728.75
801400,723.5,725,1.5,11.5,-5.5,200.980959,42.54,724.25
801500,728,729.5,1.5,11.5,-5.5,201.0736765,42.54,728.75
801600,729,730.5,1.5,11.5,-5.5,200.9541776,42.54,729.75
801700,731,732.5,1.5,11.5,-5.5,201.1591648,42.54,731.75
801800,731,732.5,1.5,11.5,-5.5,201.2447011,42.54,731.75
801900,729,730.5,1.5,11.5,-5.5,201.0522422,42.55,729.75
802000,732.5,734,1.5,11.5,-5.5,201.126147,42.55,733.25
802100,733.5,735,1.5,11.5,-5.5,201.2352521,42.55,734.25
802200,733,734.5,1.5,11.5,-5.5,201.4410697,42.56,733.75
802300,729,730.5,1.5,11.5,-5.5,201.298436,42.56,729.75
802400,733,734.5,1.5,11.5,-5.5,201.4750648,42.56,733.75
802500,731.5,733,1.5,11.5,-5.5,201.5403967,42.56,732.25
802600,732.5,734,1.5,11.5,-5.5,201.6551532,42.56,733.25
802700,726.5,728,1.5,11.5,-5.5,201.5007733,42.57,727.25
802800,727.5,729,1.5,11.5,-5.5,201.5112806,42.57,728.25
802900,726,727.5,1.5,11.5,-5.5,201.2365934,42.57,726.75
803000,730,731.5,1.5,11.5,-5.5,201.8143276,42.58,730.75
803100,728,729.5,1.5,11.5,-5.5,201.5839096,42.58,728.75
803200,727.5,729,1.5,11.5,-5.5,201.180211,42.58,728.25
803300,724.5,726,1.5,11.5,-5.5,200.8234604,42.58,725.25
803400,723,724.5,1.5,11.5,-5.5,200.7641293,42.58,723.75
803500,727,728.5,1.5,11.5,-5.5,200.8196352,42.59,727.75
803600,729,730.5,1.5,11.5,-5.5,200.851676,42.59,729.75
803700,725,726.5,1.5,11.5,-5.5,200.4752295,42.59,725.75
803800,726,727.5,1.5,11.5,-5.5,200.4513942,42.6,726.75
803900,723,724.5,1.5,11.5,-5.5,200.2139262,42.6,723.75
804000,723,725,1.5,11.5,-5.5,200.3332374,42.6,724
804100,718,719.5,1.5,11.5,-5.5,200.2046463,42.6,718.75
804200,721,722.5,1.5,11.5,-5.5,200.3060154,42.6,721.75
804300,722.5,724,1.5,11.5,-5.5,200.411308,42.61,723.25
804400,722.5,724,1.5,11.5,-5.5,200.386213,42.61,723.25
804500,718,719.5,1.5,11.5,-5.5,200.2332056,42.61,718.75
804600,716,717.5,1.5,11.5,-5.5,199.8626103,42.62,716.75
804700,711,712.5,1.5,11.5,-5.5,199.51897,42.62,711.75
804800,708.5,710,1.5,11.5,-5.5,199.4602669,42.62,709.25
804900,707.5,709,1.5,11.5,-5.5,199.3620426,42.62,708.25
805000,709.5,711,1.5,11.5,-5.5,199.565452,42.62,710.25
805100,711,712.5,1.5,11.5,-5.5,199.6574022,42.63,711.75
805200,709,710.5,1.5,11.5,-5.5,199.634656,42.63,709.75
805300,710,711.5,1.5,11.5,-5.5,199.5024259,42.63,710.75
805400,709,710.5,1.5,11.5,-5.5,199.3891533,42.64,709.75
805500,704.5,706,1.5,11.5,-5.5,199.2965088,42.64,705.25
805600,706.5,708,1.5,11.5,-5.5,199.3176626,42.64,707.25
805700,702.5,704,1.5,11.5,-5.5,199.2396991,42.64,703.25
805800,703.5,705,1.5,11.5,-5.5,199.5054697,42.64,704.25
805900,699,700.5,1.5,11.5,-5.5,199.3222622,42.65,699.75
806000,701.5,703,1.5,11.5,-5.5,199.5154527,42.65,702.25
806100,705,706.5,1.5,11.5,-5.5,199.997914,42.65,705.75
806200,709.5,711,1.5,11.5,-5.5,200.0884705,42.66,710.25
806300,708.5,710,1.5,11.5,-5.5,199.6448464,42.66,709.25
806400,708.5,710,1.5,11.5,-5.5,199.6759204,42.66,709.25
806500,709,710.5,1.5,11.5,-5.5,199.7367208,42.66,709.75
806600,708,709.5,1.5,11.5,-5.5,199.581517,42.66,708.75
806700,709,710.5,1.5,11.5,-5.5,199.7072204,42.67,709.75
806800,705,706.5,1.5,11.5,-5.5,199.3951425,42.67,705.75
806900,704.5,706,1.5,11.5,-5.5,199.4707801,42.67,705.25
807000,703.5,705,1.5,11.5,-5.5,199.2072116,42.68,704.25
807100,705.5,707,1.5,11.5,-5.5,199.3561186,42.68,706.25
807200,700.5,702,1.5,11.5,-5.5,198.9249325,42.68,701.25
807300,698.5,700,1.5,11.5,-5.5,198.7372591,42.68,699.25
807400,699,700.5,1.5,11.5,-5.5,198.7860671,42.68,699.75
807500,696.5,698,1.5,11.5,-5.5,198.535881,42.69,697.25
807600,695.5,697,1.5,11.5,-5.5,198.5348698,42.69,696.25
807700,698,699.5,1.5,11.5,-5.5,198.6052387,42.69,698.75
807800,699,700.5,1.5,11.5,-5.5,198.6602869,42.7,699.75
807900,701,702.5,1.5,11.5,-5.5,198.6950818,42.7,701.75
808000,700.5,702,1.5,11.5,-5.5,198.677708,42.7,701.25
808100,701.5,703,1.5,11.5,-5.5,198.7800721,42.7,702.25
808200,701.5,703,1.5,11.5,-5.5,198.6555548,42.7,702.25
808300,703,704.5,1.5,11.5,-5.5,198.7223197,42.71,703.75
808400,704,705.5,1.5,11.5,-5.5,198.7597159,42.71,704.75
808500,703,704.5,1.5,11.5,-5.5,198.6050136,42.71,703.75
808600,705.5,707,1.5,11.5,-5.5,198.6913113,42.72,706.25
808700,704,705.5,1.5,11.5,-5.5,198.8384997,42.72,704.75
808800,705,706.5,1.5,11.5,-5.5,198.81492,42.72,705.75
808900,704,705.5,1.5,11.5,-5.5,198.8855564,42.72,704.75
809000,705,706.5,1.5,11.5,-5.5,198.8734067,42.72,705.75
809100,702.5,704,1.5,11.5,-5.5,198.904271,42.73,703.25
809200,699.5,701,1.5,11.5,-5.5,198.5297676,42.73,700.25
809300,703,704.5,1.5,11.5,-5.5,198.5483782,42.73,703.75
809400,708,709.5,1.5,11.5,-5.5,198.6551643,42.74,708.75
809500,707.5,709.5,1.5,11.5,-5.5,198.456139,42.74,708.5
809600,706.5,708,1.5,11.5,-5.5,198.4842198,42.74,707.25
809700,704,705.5,1.5,11.5,-5.5,198.4802146,42.74,704.75
809800,706,707.5,1.5,11.5,-5.5,198.5227625,42.74,706.75
809900,709.5,711,1.5,11.5,-5.5,198.6682138,42.75,710.25
810000,708.5,710,1.5,11.5,-5.5,198.7782567,42.75,709.25
810100,705,706.5,1.5,11.5,-5.5,198.4759418,42.75,705.75
810200,703.5,705,1.5,11.5,-5.5,198.5006664,42.76,704.25
810300,704,705.5,1.5,11.5,-5.5,198.6888627,42.76,704.75
810400,707,708.5,1.5,11.5,-5.5,198.6822794,42.76,707.75
810500,708.5,710,1.5,11.5,-5.5,198.7607958,42.76,709.25
810600,712.5,714,1.5,11.5,-5.5,198.8114755,42.76,713.25
810700,716.5,718,1.5,11.5,-5.5,199.0705751,42.77,717.25
810800,714,715.5,1.5,11.5,-5.5,198.8008076,42.77,714.75
810900,715,716.5,1.5,11.5,-5.5,198.864599,42.77,715.75
811000,711,712.5,1.5,11.5,-5.5,198.7530026,42.78,711.75
811100,713,714.5,1.5,11.5,-5.5,199.0573875,42.78,713.75
811200,711,712.5,1.5,11.5,-5.5,198.7595529,42.78,711.75
811300,707,708.5,1.5,11.5,-5.5,198.6114807,42.78,707.75
811400,711.5,713,1.5,11.5,-5.5,198.7192035,42.78,712.25
811500,709.5,711,1.5,11.5,-5.5,198.5074012,42.79,710.25
811600,711,712.5,1.5,11.5,-5.5,198.5883109,42.79,711.75
811700,710,711.5,1.5,11.5,-5.5,198.4144642,42.79,710.75
811800,709,710.5,1.5,11.5,-5.5,197.8849045,42.8,709.75
811900,710.5,712,1.5,11.5,-5.5,198.167062,42.8,711.25
812000,713,714.5,1.5,11.5,-5.5,198.4392551,42.8,713.75
812100,710.5,712,1.5,11.5,-5.5,198.0520365,42.8,711.25
812200,708,709.5,1.5,11.5,-5.5,198.0469124,42.8,708.75
812300,707.5,709,1.5,11.5,-5.5,198.1099337,42.81,708.25
812400,710,711.5,1.5,11.5,-5.5,198.0510181,42.81,710.75
812500,709,710.5,1.5,11.5,-5.5,197.9858512,42.81,709.75
812600,706.5,708,1.5,11.5,-5.5,197.8748593,42.82,707.25
812700,707,708.5,1.5,11.5,-5.5,197.6334916,42.82,707.75
812800,705,706.5,1.5,11.5,-5.5,197.3707028,42.82,705.75
812900,704,705.5,1.5,11.5,-5.5,197.2753389,42.82,704.75
813000,702.5,704,1.5,11.5,-5.5,197.2909561,42.82,703.25
813100,704,705.5,1.5,11.5,-5.5,197.321197,42.83,704.75
813200,702.5,704,1.5,11.5,-5.5,197.2474118,42.83,703.25
813300,701.5,703,1.5,11.5,-5.5,197.1305652,42.83,702.25
813400,703.5,705,1.5,11.5,-5.5,197.2139317,42.84,704.25
813500,700,701.5,1.5,11.5,-5.5,196.9279888,42.84,700.75
813600,697.5,699,1.5,11.5,-5.5,196.7127066,42.84,698.25
813700,699,700.5,1.5,11.5,-5.5,196.8516417,42.84,699.75
813800,699,700.5,1.5,11.5,-5.5,197.0636266,42.84,699.75
813900,700,701.5,1.5,11.5,-5.5,197.1520258,42.85,700.75
814000,702.5,704,1.5,11.5,-5.5,197.2467304,42.85,703.25
814100,701,702.5,1.5,11.5,-5.5,197.274918,42.85,701.75
814200,699.5,701,1.5,11.5,-5.5,197.284178,42.86,700.25
814300,702,703.5,1.5,11.5,-5.5,197.4290837,42.86,702.75
814400,703.5,705,1.5,11.5,-5.5,197.531636,42.86,704.25
814500,704,705.5,1.5,11.5,-5.5,197.7529491,42.86,704.75
814600,707,708.5,1.5,11.5,-5.5,197.7679526,42.86,707.75
814700,709.5,711,1.5,11.5,-5.5,197.5869953,42.87,710.25
814800,709.5,711,1.5,11.5,-5.5,197.5722004,42.87,710.25
814900,710.5,712,1.5,11.5,-5.5,197.6917817,42.87,711.25
815000,710,711.5,1.5,11.5,-5.5,197.6991184,42.88,710.75
815100,704.5,706,1.5,11.5,-5.5,197.5226223,42.88,705.25
815200,704.5,706,1.5,11.5,-5.5,197.6232745,42.88,705.25
815300,700.5,702,1.5,11.5,-5.5,197.3643175,42.88,701.25
815400,701.5,703,1.5,11.5,-5.5,197.5803591,42.88,702.25
815500,701,703,1.5,11.5,-5.5,197.7871991,42.89,702
815600,702.5,704,1.5,11.5,-5.5,198.1378083,42.89,703.25
815700,702,703.5,1.5,11.5,-5.5,198.2401567,42.89,702.75
815800,704.5,706,1.5,11.5,-5.5,198.2443258,42.9,705.25
815900,706,707.5,1.5,11.5,-5.5,198.2700444,42.9,706.75
816000,707.5,709,1.5,11.5,-5.5,198.1581312,42.9,708.25
816100,706,707.5,1.5,11.5,-5.5,197.987851,42.9,706.75
816200,705,706.5,1.5,11.5,-5.5,197.815968,42.9,705.75
816300,702,703.5,1.5,11.5,-5.5,197.7430317,42.91,702.75
816400,706.5,708,1.5,11.5,-5.5,197.7874319,42.91,707.25
816500,707,708.5,1.5,11.5,-5.5,198.3924896,42.91,707.75
816600,706.5,708,1.5,11.5,-5.5,198.0577271,42.92,707.25
816700,709.5,711,1.5,11.5,-5.5,198.306637,42.92,710.25
816800,709,710.5,1.5,11.5,-5.5,198.1994734,42.92,709.75
816900,709,710.5,1.5,11.5,-5.5,198.2441587,42.92,709.75
817000,712,713.5,1.5,11.5,-5.5,198.3805773,42.92,712.75
817100,708.5,710,1.5,11.5,-5.5,198.1882405,42.93,709.25
817200,708,710,1.5,11.5,-5.5,197.9846379,42.93,709
817300,706,707.5,1.5,11.5,-5.5,197.8881376,42.93,706.75
817400,704,705.5,1.5,11.5,-5.5,197.7540282,42.94,704.75
817500,700,701.5,1.5,11.5,-5.5,197.4387696,42.94,700.75
817600,698.5,700,1.5,11.5,-5.5,197.2530498,42.94,699.25
817700,701.5,703,1.5,11.5,-5.5,197.4521142,42.94,702.25
817800,703.5,705,1.5,11.5,-5.5,197.6994235,42.94,704.25
817900,702,703.5,1.5,11.5,-5.5,197.7193943,42.95,702.75
818000,702.5,704,1.5,11.5,-5.5,197.6439737,42.95,703.25
818100,703,704.5,1.5,11.5,-5.5,197.674461,42.95,703.75
818200,702,703.5,1.5,11.5,-5.5,197.9346962,42.96,702.75
818300,702,703.5,1.5,11.5,-5.5,197.7881895,42.96,702.75
818400,702,704,1.5,11.5,-5.5,197.7950585,42.96,703
818500,704,705.5,1.5,11.5,-5.5,197.8428093,42.96,704.75
818600,708.5,710,1.5,11.5,-5.5,198.1005033,42.96,709.25
818700,709.5,711,1.5,11.5,-5.5,198.4904868,42.97,710.25
818800,710.5,712,1.5,11.5,-5.5,198.6794579,42.97,711.25
818900,709,710.5,1.5,11.5,-5.5,198.7381474,42.97,709.75
819000,710,711.5,1.5,11.5,-5.5,198.8758634,42.98,710.75
819100,712,713.5,1.5,11.5,-5.5,199.0551098,42.98,712.75
819200,708,709.5,1.5,11.5,-5.5,198.8634169,42.98,708.75
819300,706,707.5,1.5,11.5,-5.5,198.7497456,42.98,706.75
819400,705.5,707,1.5,11.5,-5.5,198.7496957,42.98,706.25
819500,709.5,711,1.5,11.5,-5.5,198.7650664,42.99,710.25
819600,711,712.5,1.5,11.5,-5.5,198.8806243,42.99,711.75
819700,715,716.5,1.5,11.5,-5.5,198.8850453,42.99,715.75
819800,715,716.5,1.5,11.5,-5.5,198.9009688,43,715.75
819900,717,718.5,1.5,11.5,-5.5,199.1204488,43,717.75
820000,717,718.5,1.5,11.5,-5.5,198.7721248,43,717.75
820100,719,720.5,1.5,11.5,-5.5,198.9163591,43,719.75
820200,717.5,719,1.5,11.5,-5.5,198.8740585,43,718.25
820300,716.5,718,1.5,11.5,-5.5,198.8179733,43.01,717.25
820400,718.5,720,1.5,11.5,-5.5,199.1387583,43.01,719.25
820500,719.5,721,1.5,11.5,-5.5,199.0501983,43.01,720.25
820600,720,721.5,1.5,11.5,-5.5,199.2129063,43.02,720.75
820700,718,719.5,1.5,11.5,-5.5,198.9432491,43.02,718.75
820800,713.5,715,1.5,11.5,-5.5,198.8285106,43.02,714.25
820900,712,713.5,1.5,11.5,-5.5,198.5356717,43.02,712.75
821000,712.5,714,1.5,11.5,-5.5,198.5422622,43.02,713.25
821100,713.5,715,1.5,11.5,-5.5,198.4724277,43.03,714.25
821200,713,715,1.5,11.5,-5.5,198.6756663,43.03,714
821300,711,712.5,1.5,11.5,-5.5,198.6558589,43.03,711.75
821400,713,714.5,1.5,11.5,-5.5,198.5870681,43.04,713.75
821500,712,713.5,1.5,11.5,-5.5,197.9196697,43.04,712.75
821600,714,715.5,1.5,11.5,-5.5,197.7481549,43.04,714.75
821700,716.5,718,1.5,11.5,-5.5,197.7844409,43.04,717.25
821800,718,719.5,1.5,11.5,-5.5,198.0260696,43.04,718.75
821900,721,722.5,1.5,11.5,-5.5,198.0293685,43.05,721.75
822000,718.5,720,1.5,11.5,-5.5,198.1145522,43.05,719.25
822100,721.5,723,1.5,11.5,-5.5,198.2160532,43.05,722.25
822200,718,719.5,1.5,11.5,-5.5,198.1716634,43.06,718.75
822300,717,718.5,1.5,11.5,-5.5,198.0472863,43.06,717.75
822400,719,720.5,1.5,11.5,-5.5,198.0981463,43.06,719.75
822500,717,718.5,1.5,11.5,-5.5,197.7658843,43.06,717.75
822600,714.5,716,1.5,11.5,-5.5,197.8732652,43.06,715.25
822700,714,715.5,1.5,11.5,-5.5,197.8871103,43.07,714.75
822800,714,715.5,1.5,11.5,-5.5,197.9870072,43.07,714.75
822900,714,715.5,1.5,11.5,-5.5,197.9301096,43.07,714.75
823000,713,714.5,1.5,11.5,-5.5,198.2302536,43.08,713.75
823100,713.5,715,1.5,11.5,-5.5,198.2119981,43.08,714.25
823200,712.5,714,1.5,11.5,-5.5,198.105689,43.08,713.25
823300,710,711.5,1.5,11.5,-5.5,197.989414,43.08,710.75
823400,710.5,712,1.5,11.5,-5.5,197.9810475,43.08,711.25
823500,713,714.5,1.5,11.5,-5.5,198.2373998,43.09,713.75
823600,713,714.5,1.5,11.5,-5.5,198.2702741,43.09,713.75
823700,716,717.5,1.5,11.5,-5.5,198.3804993,43.09,716.75
823800,716,717.5,1.5,11.5,-5.5,198.4400857,43.1,716.75
823900,715.5,717,1.5,11.5,-5.5,198.533343,43.1,716.25
824000,718.5,720,1.5,11.5,-5.5,198.8371489,43.1,719.25
824100,719.5,721,1.5,11.5,-5.5,199.0747315,43.1,720.25
824200,722.5,724,1.5,11.5,-5.5,199.2331677,43.1,723.25
824300,719.5,721,1.5,11.5,-5.5,199.0243285,43.11,720.25
824400,721,722.5,1.5,11.5,-5.5,199.3876367,43.11,721.75
824500,721,722.5,1.5,11.5,-5.5,199.3405413,43.11,721.75
824600,717,718.5,1.5,11.5,-5.5,198.8919061,43.12,717.75
824700,718.5,720,1.5,11.5,-5.5,198.7328392,43.12,719.25
824800,719,720.5,1.5,11.5,-5.5,199.2043326,43.12,719.75
824900,720,721.5,1.5,11.5,-5.5,199.3654746,43.12,720.75
825000,717.5,719,1.5,11.5,-5.5,199.1725418,43.12,718.25
825100,717,718.5,1.5,11.5,-5.5,199.1288222,43.13,717.75
825200,718.5,720,1.5,11.5,-5.5,199.4541598,43.13,719.25
825300,718,720,1.5,11.5,-5.5,199.0826656,43.13,719
825400,718.5,720,1.5,11.5,-5.5,198.8867811,43.14,719.25
825500,718.5,720,1.5,11.5,-5.5,198.8442818,43.14,719.25
825600,720.5,722,1.5,11.5,-5.5,198.9204009,43.14,721.25
825700,720,721.5,1.5,11.5,-5.5,198.8657178,43.14,720.75
825800,716.5,718,1.5,11.5,-5.5,198.8097395,43.14,717.25
825900,715,716.5,1.5,11.5,-5.5,198.5557852,43.15,715.75
826000,713.5,715,1.5,11.5,-5.5,198.3831405,43.15,714.25
826100,715.5,717,1.5,11.5,-5.5,198.374477,43.15,716.25
826200,712,713.5,1.5,11.5,-5.5,198.2498436,43.16,712.75
826300,714.5,716,1.5,11.5,-5.5,198.538912,43.16,715.25
826400,719,720.5,1.5,11.5,-5.5,198.8271278,43.16,719.75
826500,722.5,724,1.5,11.5,-5.5,198.954711,43.16,723.25
826600,725.5,727,1.5,11.5,-5.5,198.9230138,43.16,726.25
826700,722.5,724,1.5,11.5,-5.5,198.8050028,43.17,723.25
826800,720.5,722,1.5,11.5,-5.5,198.754206,43.17,721.25
826900,723,724.5,1.5,11.5,-5.5,198.9850341,43.17,723.75
827000,724.5,726,1.5,11.5,-5.5,198.800655,43.18,725.25
827100,723,724.5,1.5,11.5,-5.5,198.7091618,43.18,723.75
827200,721.5,723,1.5,11.5,-5.5,198.6064999,43.18,722.25
827300,720,721.5,1.5,11.5,-5.5,198.5221688,43.18,720.75
827400,723,724.5,1.5,11.5,-5.5,198.8443007,43.18,723.75
827500,724,725.5,1.5,11.5,-5.5,198.7431432,43.19,724.75
827600,726.5,728,1.5,11.5,-5.5,199.0761428,43.19,727.25
827700,723.5,725,1.5,11.5,-5.5,198.930112,43.19,724.25
827800,723,724.5,1.5,11.5,-5.5,198.8622971,43.2,723.75
827900,725,726.5,1.5,11.5,-5.5,198.8020318,43.2,725.75
828000,729,730.5,1.5,11.5,-5.5,198.9798215,43.2,729.75
828100,727,728.5,1.5,11.5,-5.5,198.8374497,43.2,727.75
828200,726,727.5,1.5,11.5,-5.5,198.6604033,43.2,726.75
828300,725.5,727,1.5,11.5,-5.5,198.8659268,43.21,726.25
828400,723.5,725,1.5,11.5,-5.5,198.8231346,43.21,724.25
828500,721.5,723,1.5,11.5,-5.5,198.5738387,43.21,722.25
828600,724,725.5,1.5,11.5,-5.5,198.6571311,43.22,724.75
828700,721.5,723,1.5,11.5,-5.5,198.5734474,43.22,722.25
828800,724,725.5,1.5,11.5,-5.5,198.7098937,43.22,724.75
828900,724.5,726,1.5,11.5,-5.5,198.8192044,43.22,725.25
829000,723.5,725,1.5,11.5,-5.5,198.8636725,43.22,724.25
829100,723,724.5,1.5,11.5,-5.5,198.9517607,43.23,723.75
829200,726.5,728,1.5,11.5,-5.5,199.1814947,43.23,727.25
829300,724.5,726,1.5,11.5,-5.5,199.1204593,43.23,725.25
829400,728.5,730,1.5,11.5,-5.5,199.475128,43.24,729.25
829500,728,729.5,1.5,11.5,-5.5,199.5240975,43.24,728.75
829600,729.5,731,1.5,11.5,-5.5,199.6229336,43.24,730.25
829700,731.5,733,1.5,11.5,-5.5,199.6546636,43.24,732.25
829800,733,734.5,1.5,11.5,-5.5,199.8114237,43.24,733.75
829900,733,735,1.5,11.5,-5.5,199.6788435,43.25,734
830000,736,737.5,1.5,11.5,-5.5,200.0060609,43.25,736.75
830100,736,737.5,1.5,11.5,-5.5,199.9940737,43.25,736.75
830200,734,735.5,1.5,11.5,-5.5,199.797385,43.26,734.75
830300,734.5,736,1.5,11.5,-5.5,200.0181499,43.26,735.25
830400,736.5,738,1.5,11.5,-5.5,200.2419948,43.26,737.25
830500,735,736.5,1.5,11.5,-5.5,200.0028983,43.26,735.75
830600,737.5,739,1.5,11.5,-5.5,200.0643224,43.26,738.25
830700,737.5,739,1.5,11.5,-5.5,200.2902101,43.27,738.25
830800,737,738.5,1.5,11.5,-5.5,200.3832558,43.27,737.75
830900,739.5,741,1.5,11.5,-5.5,200.5890837,43.27,740.25
831000,745.5,747,1.5,11.5,-5.5,200.6236976,43.28,746.25
831100,748,749.5,1.5,11.5,-5.5,200.6912569,43.28,748.75
831200,749.5,751,1.5,11.5,-5.5,200.9965477,43.28,750.25
831300,747,748.5,1.5,11.5,-5.5,200.9536609,43.28,747.75
831400,747,748.5,1.5,11.5,-5.5,201.2798955,43.28,747.75
831500,746,747.5,1.5,11.5,-5.5,201.2089464,43.29,746.75
831600,741,742.5,1.5,11.5,-5.5,200.7602315,43.29,741.75
831700,745.5,747,1.5,11.5,-5.5,201.1640258,43.29,746.25
831800,747.5,749,1.5,11.5,-5.5,201.2438608,43.3,748.25
831900,749,750.5,1.5,11.5,-5.5,201.2973673,43.3,749.75
832000,751,752.5,1.5,11.5,-5.5,201.1216633,43.3,751.75
832100,752,753.5,1.5,11.5,-5.5,201.2189502,43.3,752.75
832200,751,752.5,1.5,11.5,-5.5,201.4109052,43.3,751.75
832300,754.5,756,1.5,11.5,-5.5,201.2002255,43.31,755.25
832400,754.5,756,1.5,11.5,-5.5,201.3314813,43.31,755.25
832500,753.5,755,1.5,11.5,-5.5,201.2448354,43.31,754.25
832600,751.5,753,1.5,11.5,-5.5,201.2148334,43.32,752.25
832700,757,758.5,1.5,11.5,-5.5,201.2842253,43.32,757.75
832800,757,758.5,1.5,11.5,-5.5,201.0543359,43.32,757.75
832900,757,759,1.5,11.5,-5.5,201.0924845,43.32,758
833000,753,754.5,1.5,11.5,-5.5,200.8497786,43.32,753.75
833100,752.5,754,1.5,11.5,-5.5,200.5714356,43.33,753.25
833200,754,755.5,1.5,11.5,-5.5,200.7043064,43.33,754.75
833300,757,758.5,1.5,11.5,-5.5,200.8328103,43.33,757.75
833400,759.5,761,1.5,11.5,-5.5,200.9344308,43.34,760.25
833500,760.5,762,1.5,11.5,-5.5,200.9700983,43.34,761.25
833600,764,765.5,1.5,11.5,-5.5,201.0529094,43.34,764.75
833700,764,765.5,1.5,11.5,-5.5,200.8077175,43.34,764.75
833800,763.5,765,1.5,11.5,-5.5,200.8584425,43.34,764.25
833900,768.5,770,1.5,11.5,-5.5,201.0314023,43.35,769.25
834000,768,769.5,1.5,11.5,-5.5,200.9975663,43.35,768.75
834100,772,773.5,1.5,11.5,-5.5,201.0705322,43.35,772.75
834200,770,771.5,1.5,11.5,-5.5,200.8483114,43.36,770.75
834300,769.5,771,1.5,11.5,-5.5,200.8004837,43.36,770.25
834400,765.5,767,1.5,11.5,-5.5,200.6353433,43.36,766.25
834500,766,767.5,1.5,11.5,-5.5,200.862978,43.36,766.75
834600,766.5,768,1.5,11.5,-5.5,201.1362137,43.36,767.25
834700,766,767.5,1.5,11.5,-5.5,200.9448916,43.37,766.75
834800,763.5,765,1.5,11.5,-5.5,200.9120717,43.37,764.25
834900,761,762.5,1.5,11.5,-5.5,200.9672927,43.37,761.75
835000,760.5,762,1.5,11.5,-5.5,200.6999827,43.38,761.25
835100,763.5,765,1.5,11.5,-5.5,200.7989409,43.38,764.25
835200,765,766.5,1.5,11.5,-5.5,200.7011491,43.38,765.75
835300,765,767,1.5,11.5,-5.5,200.7090268,43.38,766
835400,766,767.5,1.5,11.5,-5.5,200.6563672,43.38,766.75
835500,769,770.5,1.5,11.5,-5.5,200.7542132,43.39,769.75
835600,772.5,774,1.5,11.5,-5.5,200.9400102,43.39,773.25
835700,775,776.5,1.5,11.5,-5.5,201.2957075,43.39,775.75
835800,773.5,775,1.5,11.5,-5.5,201.1330011,43.4,774.25
835900,774,775.5,1.5,11.5,-5.5,201.144428,43.4,774.75
836000,772,773.5,1.5,11.5,-5.5,201.1713482,43.4,772.75
836100,769,770.5,1.5,11.5,-5.5,201.1577181,43.4,769.75
836200,769.5,771,1.5,11.5,-5.5,201.3441991,43.4,770.25
836300,769,771,1.5,11.5,-5.5,201.2418301,43.41,770
836400,770.5,772,1.5,11.5,-5.5,201.0730194,43.41,771.25
836500,770.5,772,1.5,11.5,-5.5,201.0058734,43.41,771.25
836600,770.5,772,1.5,11.5,-5.5,200.9560749,43.42,771.25
836700,773.5,775,1.5,11.5,-5.5,201.0565214,43.42,774.25
836800,779.5,781,1.5,11.5,-5.5,201.2806218,43.42,780.25
836900,775.5,777,1.5,11.5,-5.5,201.1806202,43.42,776.25
837000,777.5,779,1.5,11.5,-5.5,201.1728149,43.42,778.25
837100,776.5,778,1.5,11.5,-5.5,201.0751999,43.43,777.25
837200,779.5,781,1.5,11.5,-5.5,201.3399896,43.43,780.25
837300,783.5,785,1.5,11.5,-5.5,201.6015777,43.43,784.25
837400,783.5,785.5,1.5,11.5,-5.5,201.6869351,43.44,784.5
837500,783,784.5,1.5,11.5,-5.5,201.7835926,43.44,783.75
837600,781.5,783,1.5,11.5,-5.5,201.7149233,43.44,782.25
837700,779.5,781,1.5,11.5,-5.5,201.6440016,43.44,780.25
837800,782,783.5,1.5,11.5,-5.5,201.8782475,43.44,782.75
837900,781.5,783.5,1.5,11.5,-5.5,201.88716,43.45,782.5
838000,781.5,783.5,1.5,11.5,-5.5,202.0593017,43.45,782.5
838100,782.5,784,1.5,11.5,-5.5,201.8287717,43.45,783.25
838200,782,783.5,1.5,11.5,-5.5,201.9998771,43.46,782.75
838300,780,781.5,1.5,11.5,-5.5,201.8938866,43.46,780.75
838400,778,779.5,1.5,11.5,-5.5,201.7362133,43.46,778.75
838500,779.5,781,1.5,11.5,-5.5,201.9840105,43.46,780.25
838600,779.5,781,1.5,11.5,-5.5,202.0052254,43.46,780.25
838700,777,778.5,1.5,11.5,-5.5,201.7211933,43.47,777.75
838800,773.5,775,1.5,11.5,-5.5,201.6002891,43.47,774.25
838900,777,778.5,1.5,11.5,-5.5,201.878441,43.47,777.75
839000,779.5,781,1.5,11.5,-5.5,201.9035417,43.48,780.25
839100,779,781,1.5,11.5,-5.5,201.6643594,43.48,780
839200,778.5,780,1.5,11.5,-5.5,201.5702761,43.48,779.25
839300,779,780.5,1.5,11.5,-5.5,201.9618129,43.48,779.75
839400,775.5,777,1.5,11.5,-5.5,201.7442363,43.48,776.25
839500,778.5,780,1.5,11.5,-5.5,202.0165295,43.49,779.25
839600,778,779.5,1.5,11.5,-5.5,201.8635687,43.49,778.75
839700,780,781.5,1.5,11.5,-5.5,202.1909317,43.49,780.75
839800,782.5,784,1.5,11.5,-5.5,202.2030993,43.5,783.25
839900,780,781.5,1.5,11.5,-5.5,201.9347695,43.5,780.75
840000,781,782.5,1.5,11.5,-5.5,201.8478419,43.5,781.75
840100,781.5,783,1.5,11.5,-5.5,201.963355,43.5,782.25
840200,781,782.5,1.5,11.5,-5.5,201.8301461,43.5,781.75
840300,784,785.5,1.5,11.5,-5.5,201.9170143,43.51,784.75
840400,783,784.5,1.5,11.5,-5.5,201.5957548,43.51,783.75
840500,784,785.5,1.5,11.5,-5.5,201.6668197,43.51,784.75
840600,783.5,785,1.5,11.5,-5.5,201.5261394,43.52,784.25
840700,785,786.5,1.5,11.5,-5.5,201.7961058,43.52,785.75
840800,783.5,785,1.5,11.5,-5.5,201.5428277,43.52,784.25
840900,781.5,783,1.5,11.5,-5.5,201.3027328,43.52,782.25
841000,784,785.5,1.5,11.5,-5.5,201.4094027,43.52,784.75
841100,785.5,787,1.5,11.5,-5.5,201.6932714,43.53,786.25
841200,787,788.5,1.5,11.5,-5.5,202.0221791,43.53,787.75
841300,785.5,787,1.5,11.5,-5.5,201.9735263,43.53,786.25
841400,783,784.5,1.5,11.5,-5.5,201.7809451,43.54,783.75
841500,777.5,779,1.5,11.5,-5.5,201.4991081,43.54,778.25
841600,783.5,785,1.5,11.5,-5.5,201.6391078,43.54,784.25
841700,780.5,782,1.5,11.5,-5.5,201.6056028,43.54,781.25
841800,783,784.5,1.5,11.5,-5.5,201.6603159,43.54,783.75
841900,778.5,780,1.5,11.5,-5.5,201.3010445,43.55,779.25
842000,779.5,781,1.5,11.5,-5.5,201.3379161,43.55,780.25
842100,777,778.5,1.5,11.5,-5.5,201.2736631,43.55,777.75
842200,780,781.5,1.5,11.5,-5.5,201.3829738,43.56,780.75
842300,782,783.5,1.5,11.5,-5.5,201.4129549,43.56,782.75
842400,781,782.5,1.5,11.5,-5.5,201.3920495,43.56,781.75
842500,780.5,782.5,1.5,11.5,-5.5,201.392405,43.56,781.5
842600,781.5,783,1.5,11.5,-5.5,201.3628015,43.56,782.25
842700,780.5,782,1.5,11.5,-5.5,201.4220903,43.57,781.25
842800,781,782.5,1.5,11.5,-5.5,201.3598265,43.57,781.75
842900,780,781.5,1.5,11.5,-5.5,201.3560007,43.57,780.75
843000,784.5,786,1.5,11.5,-5.5,201.4572061,43.58,785.25
843100,785.5,787,1.5,11.5,-5.5,201.7896891,43.58,786.25
843200,788,789.5,1.5,11.5,-5.5,201.9075841,43.58,788.75
843300,786,787.5,1.5,11.5,-5.5,201.937766,43.58,786.75
843400,790,791.5,1.5,11.5,-5.5,201.9621163,43.58,790.75
843500,788,789.5,1.5,11.5,-5.5,201.860321,43.59,788.75
843600,794,795.5,1.5,11.5,-5.5,201.9639906,43.59,794.75
843700,798,799.5,1.5,11.5,-5.5,202.3038161,43.59,798.75
843800,797,798.5,1.5,11.5,-5.5,202.1287955,43.6,797.75
843900,795,796.5,1.5,11.5,-5.5,201.8128819,43.6,795.75
844000,793,794.5,1.5,11.5,-5.5,201.8519763,43.6,793.75
844100,795,796.5,1.5,11.5,-5.5,201.955472,43.6,795.75
844200,795,796.5,1.5,11.5,-5.5,201.9494128,43.6,795.75
844300,793.5,795,1.5,11.5,-5.5,201.8224042,43.61,794.25
844400,791,792.5,1.5,11.5,-5.5,201.7648257,43.61,791.75
844500,789.5,791,1.5,11.5,-5.5,201.8115049,43.61,790.25
844600,791,792.5,1.5,11.5,-5.5,201.697567,43.62,791.75
844700,795.5,797,1.5,11.5,-5.5,201.9850799,43.62,796.25
844800,795.5,797,1.5,11.5,-5.5,201.9381398,43.62,796.25
844900,796.5,798,1.5,11.5,-5.5,202.3032793,43.62,797.25
845000,792,793.5,1.5,11.5,-5.5,202.2754354,43.62,792.75
845100,793,794.5,1.5,11.5,-5.5,202.5262925,43.63,793.75
845200,789,790.5,1.5,11.5,-5.5,202.4384764,43.63,789.75
845300,787.5,789,1.5,11.5,-5.5,202.0530702,43.63,788.25
845400,790.5,792,1.5,11.5,-5.5,202.3618574,43.64,791.25
845500,789.5,791,1.5,11.5,-5.5,202.3178037,43.64,790.25
845600,794,795.5,1.5,11.5,-5.5,202.7054075,43.64,794.75
845700,792.5,794,1.5,11.5,-5.5,202.3647694,43.64,793.25
845800,788,789.5,1.5,11.5,-5.5,202.1504938,43.64,788.75
845900,786.5,788,1.5,11.5,-5.5,201.9898959,43.65,787.25
846000,787.5,789,1.5,11.5,-5.5,202.1107779,43.65,788.25
846100,786.5,788,1.5,11.5,-5.5,201.9107344,43.65,787.25
846200,788,789.5,1.5,11.5,-5.5,202.0630691,43.66,788.75
846300,790,791.5,1.5,11.5,-5.5,202.062611,43.66,790.75
846400,793.5,795,1.5,11.5,-5.5,202.1166763,43.66,794.25
846500,791.5,793,1.5,11.5,-5.5,202.0771895,43.66,792.25
846600,789.5,791,1.5,11.5,-5.5,202.1206262,43.66,790.25
846700,794.5,796,1.5,11.5,-5.5,202.4189591,43.67,795.25
846800,798.5,800,1.5,11.5,-5.5,202.6613571,43.67,799.25
846900,800,801.5,1.5,11.5,-5.5,202.950319,43.67,800.75
847000,801.5,803,1.5,11.5,-5.5,203.0101806,43.68,802.25
847100,805,806.5,1.5,11.5,-5.5,203.3133459,43.68,805.75
847200,808.5,810,1.5,11.5,-5.5,203.5794672,43.68,809.25
847300,803.5,805,1.5,11.5,-5.5,203.4787724,43.68,804.25
847400,804,805.5,1.5,11.5,-5.5,203.5044626,43.68,804.75
847500,807,808.5,1.5,11.5,-5.5,203.6103989,43.69,807.75
847600,807,808.5,1.5,11.5,-5.5,203.6958327,43.69,807.75
847700,806,807.5,1.5,11.5,-5.5,203.7635541,43.69,806.75
847800,807,808.5,1.5,11.5,-5.5,203.5899593,43.7,807.75
847900,807.5,809,1.5,11.5,-5.5,204.0756665,43.7,808.25
848000,811.5,813,1.5,11.5,-5.5,204.3176035,43.7,812.25
848100,811,812.5,1.5,11.5,-5.5,204.1767248,43.7,811.75
848200,808,809.5,1.5,11.5,-5.5,203.9199218,43.7,808.75
848300,808.5,810,1.5,11.5,-5.5,204.0066233,43.71,809.25
848400,811.5,813,1.5,11.5,-5.5,203.9368446,43.71,812.25
848500,812,813.5,1.5,11.5,-5.5,204.1283725,43.71,812.75
848600,808.5,810,1.5,11.5,-5.5,204.0182277,43.72,809.25
848700,810.5,812,1.5,11.5,-5.5,203.993074,43.72,811.25
848800,808.5,810,1.5,11.5,-5.5,203.8191126,43.72,809.25
848900,809,810.5,1.5,11.5,-5.5,203.8770843,43.72,809.75
849000,805.5,807,1.5,11.5,-5.5,203.7730212,43.72,806.25
849100,803.5,805,1.5,11.5,-5.5,203.5602348,43.73,804.25
849200,803,804.5,1.5,11.5,-5.5,203.4458849,43.73,803.75
849300,802,803.5,1.5,11.5,-5.5,203.3763359,43.73,802.75
849400,803.5,805,1.5,11.5,-5.5,203.4416541,43.74,804.25
849500,804.5,806,1.5,11.5,-5.5,203.5318633,43.74,805.25
849600,804.5,806,1.5,11.5,-5.5,203.6996547,43.74,805.25
849700,803.5,805,1.5,11.5,-5.5,203.7884957,43.74,804.25
849800,803.5,805.5,1.5,11.5,-5.5,203.7922905,43.74,804.5
849900,809.5,811,1.5,11.5,-5.5,204.1124674,43.75,810.25
850000,811,812.5,1.5,11.5,-5.5,204.0548854,43.75,811.75
850100,806.5,808,1.5,11.5,-5.5,203.8582558,43.75,807.25
850200,809,810.5,1.5,11.5,-5.5,203.9765317,43.76,809.75
850300,809.5,811,1.5,11.5,-5.5,203.9414219,43.76,810.25
850400,809.5,811,1.5,11.5,-5.5,203.8990525,43.76,810.25
850500,809,811,1.5,11.5,-5.5,203.8513623,43.76,810
850600,808,809.5,1.5,11.5,-5.5,203.7679644,43.76,808.75
850700,809.5,811,1.5,11.5,-5.5,203.7837588,43.77,810.25
850800,811.5,813,1.5,11.5,-5.5,204.1347791,43.77,812.25
850900,812.5,814,1.5,11.5,-5.5,204.2367574,43.77,813.25
851000,817.5,819,1.5,11.5,-5.5,204.7172195,43.78,818.25
851100,816,817.5,1.5,11.5,-5.5,204.421715,43.78,816.75
851200,816,817.5,1.5,11.5,-5.5,204.297637,43.78,816.75
851300,820,821.5,1.5,11.5,-5.5,204.4253212,43.78,820.75
851400,822.5,824,1.5,11.5,-5.5,204.2981944,43.78,823.25
851500,822.5,824,1.5,11.5,-5.5,204.2806378,43.79,823.25
851600,825,826.5,1.5,11.5,-5.5,204.388251,43.79,825.75
851700,824.5,826,1.5,11.5,-5.5,204.3376463,43.79,825.25
851800,820,821.5,1.5,11.5,-5.5,204.0152391,43.8,820.75
851900,819,820.5,1.5,11.5,-5.5,203.9907558,43.8,819.75
852000,819,820.5,1.5,11,-5.5,203.9689363,43.8,819.75
852100,819.5,821,1.5,11,-5.5,204.0990689,43.8,820.25
852200,820.5,822,1.5,11,-5.5,203.9423135,43.8,821.25
852300,823,824.5,1.5,11,-5.5,204.079205,43.81,823.75
852400,822,823.5,1.5,11,-5.5,203.8116495,43.81,822.75
852500,819,820.5,1.5,11,-5.5,203.6855634,43.81,819.75
852600,818,819.5,1.5,11,-5.5,203.4849399,43.82,818.75
852700,816.5,818,1.5,11,-5.5,203.3100016,43.82,817.25
852800,816,817.5,1.5,11,-5.5,203.2457904,43.82,816.75
852900,815.5,817,1.5,11,-5.5,203.0332333,43.82,816.25
853000,812.5,814,1.5,11,-5.5,202.9944402,43.82,813.25
853100,809.5,811,1.5,11,-5.5,202.6816564,43.83,810.25
853200,809.5,811,1.5,11,-5.5,202.6716448,43.83,810.25
853300,809,810.5,1.5,11,-5.5,202.4987719,43.83,809.75
853400,812,813.5,1.5,11,-5.5,202.8578571,43.84,812.75
853500,811.5,813,1.5,11,-5.5,202.6646812,43.84,812.25
853600,810,811.5,1.5,11,-5.5,202.5491639,43.84,810.75
853700,813,814.5,1.5,11,-5.5,202.6050864,43.84,813.75
853800,812,813.5,1.5,11,-5.5,202.5307221,43.84,812.75
853900,813.5,815,1.5,11,-5.5,202.3998157,43.85,814.25
854000,812,813.5,1.5,11,-5.5,202.2391679,43.85,812.75
854100,811.5,813,1.5,11,-5.5,202.4344396,43.85,812.25
854200,813,814.5,1.5,11,-5.5,202.5265226,43.86,813.75
854300,811,812.5,1.5,11,-5.5,202.31289,43.86,811.75
854400,810,811.5,1.5,11,-5.5,202.5328935,43.86,810.75
854500,810,811.5,1.5,11,-5.5,202.529422,43.86,810.75
854600,806.5,808,1.5,11,-5.5,202.3437048,43.86,807.25
854700,808,809.5,1.5,11,-5.5,202.3767283,43.87,808.75
854800,811,812.5,1.5,11,-5.5,202.558135,43.87,811.75
854900,812,813.5,1.5,11,-5.5,202.2875646,43.87,812.75
855000,810.5,812,1.5,11,-5.5,202.2399663,43.88,811.25
855100,814,815.5,1.5,11,-5.5,202.3793024,43.88,814.75
855200,812,813.5,1.5,11,-5.5,202.2097208,43.88,812.75
855300,808.5,810,1.5,11,-5.5,201.9595734,43.88,809.25
855400,813.5,815,1.5,11,-5.5,202.5095868,43.88,814.25
855500,815,816.5,1.5,11,-5.5,202.5498295,43.89,815.75
855600,818.5,820,1.5,11,-5.5,202.7078167,43.89,819.25
855700,819.5,821,1.5,11,-5.5,202.759286,43.89,820.25
855800,821,822.5,1.5,11,-5.5,202.9303364,43.9,821.75
855900,823.5,825,1.5,11,-5.5,203.1637993,43.9,824.25
856000,823.5,825,1.5,11,-5.5,203.1096147,43.9,824.25
856100,822.5,824,1.5,11,-5.5,203.0235182,43.9,823.25
856200,823.5,825,1.5,11,-5.5,203.0714794,43.9,824.25
856300,824,825.5,1.5,11,-5.5,203.0078003,43.91,824.75
856400,819,820.5,1.5,11,-5.5,202.769125,43.91,819.75
856500,816.5,818,1.5,11,-5.5,202.8514419,43.91,817.25
856600,815.5,817,1.5,11,-5.5,202.4844819,43.92,816.25
856700,817.5,819,1.5,11,-5.5,202.4992755,43.92,818.25
856800,817,818.5,1.5,11,-5.5,202.3868645,43.92,817.75
856900,816,817.5,1.5,11,-5.5,202.2361438,43.92,816.75
857000,815.5,817,1.5,11,-5.5,202.2465628,43.92,816.25
857100,815,816.5,1.5,11,-5.5,202.1792061,43.93,815.75
857200,815,816.5,1.5,11,-5.5,202.1373301,43.93,815.75
857300,816.5,818,1.5,11,-5.5,202.2983213,43.93,817.25
857400,811,812.5,1.5,11,-5.5,202.0877766,43.94,811.75
857500,809.5,811,1.5,11,-5.5,202.0166298,43.94,810.25
857600,810,811.5,1.5,11,-5.5,201.9847976,43.94,810.75
857700,813.5,815,1.5,11,-5.5,202.0675649,43.94,814.25
857800,809,810.5,1.5,11,-5.5,202.051441,43.94,809.75
857900,807,808.5,1.5,11,-5.5,202.0117847,43.95,807.75
858000,808,809.5,1.5,11,-5.5,202.0647572,43.95,808.75
858100,806.5,808,1.5,11,-5.5,202.2151952,43.95,807.25
858200,809,810.5,1.5,11,-5.5,202.3806865,43.96,809.75
858300,806,807.5,1.5,11,-5.5,202.1864702,43.96,806.75
858400,807,808.5,1.5,11,-5.5,202.4111432,43.96,807.75
858500,809,810.5,1.5,11,-5.5,202.434725,43.96,809.75
858600,807.5,809,1.5,11,-5.5,202.28267,43.96,808.25
858700,810,811.5,1.5,11,-5.5,202.4678929,43.97,810.75
858800,809,810.5,1.5,11,-5.5,202.2736947,43.97,809.75
858900,811.5,813,1.5,11,-5.5,202.6059545,43.97,812.25
859000,812,813.5,1.5,11,-5.5,202.9334527,43.98,812.75
859100,814.5,816,1.5,11,-5.5,203.0090457,43.98,815.25
859200,814.5,816,1.5,11,-5.5,203.0886386,43.98,815.25
859300,815,816.5,1.5,11,-5.5,202.9949254,43.98,815.75
859400,814,815.5,1.5,11,-5.5,202.8119275,43.98,814.75
859500,809.5,811,1.5,11,-5.5,202.5332558,43.99,810.25
859600,808.5,810,1.5,11,-5.5,202.3386599,43.99,809.25
859700,812,813.5,1.5,11,-5.5,202.4862495,43.99,812.75
859800,812.5,814,1.5,11,-5.5,202.6584038,44,813.25
859900,813,814.5,1.5,11,-5.5,202.7531713,44,813.75
860000,813.5,815,1.5,11,-5.5,202.8570474,44,814.25
860100,818,819.5,1.5,11,-5.5,202.9676966,44,818.75
860200,815.5,817,1.6,11,-5.5,202.8071896,44,816.25
860300,814.5,816,1.6,11,-5.5,202.9497012,44.01,815.25
860400,816,817.5,1.6,11,-5.5,202.9842504,44.01,816.75
860500,817,818.5,1.6,11,-5.5,203.0962959,44.01,817.75
860600,818.5,820,1.6,11,-5.5,203.1359387,44.02,819.25
860700,814,815.5,1.6,11,-5.5,202.8861524,44.02,814.75
860800,817,818.5,1.6,11,-5.5,202.9702258,44.02,817.75
860900,816,817.5,1.6,11,-5.5,203.0588504,44.02,816.75
861000,814,815.5,1.6,11,-5.5,202.7553996,44.02,814.75
861100,815.5,817,1.6,11,-5.5,202.7834188,44.03,816.25
861200,809.5,811,1.6,11,-5.5,202.4914312,44.03,810.25
861300,811,812.5,1.6,11,-5.5,202.396461,44.03,811.75
861400,809.5,811,1.6,11,-5.5,202.4347324,44.04,810.25
861500,810.5,812,1.6,11,-5.5,202.320998,44.04,811.25
861600,810.5,812,1.6,11,-5.5,202.46436,44.04,811.25
861700,812,813.5,1.6,11,-5.5,202.5098711,44.04,812.75
861800,816,817.5,1.6,11,-5.5,202.788689,44.04,816.75
861900,817.5,819,1.6,11,-5.5,202.9325985,44.05,818.25
862000,814,815.5,1.6,11,-5.5,202.8480593,44.05,814.75
862100,818.5,820,1.6,11,-5.5,203.1932334,44.05,819.25
862200,820,821.5,1.6,11,-5.5,203.4853023,44.06,820.75
862300,824.5,826,1.6,11,-5.5,204.0009738,44.06,825.25
862400,826,827.5,1.6,11,-5.5,203.9468187,44.06,826.75
862500,827.5,829,1.6,11,-5.5,203.7550038,44.06,828.25
862600,827.5,829,1.6,11,-5.5,203.7250308,44.06,828.25
862700,830,831.5,1.6,11,-5.5,204.1125705,44.07,830.75
862800,830,831.5,1.6,11,-5.5,204.1160778,44.07,830.75
862900,826,827.5,1.6,11,-5.5,204.0082364,44.07,826.75
863000,825,826.5,1.6,11,-5.5,203.934383,44.08,825.75
863100,826.5,828,1.6,11,-5.5,204.2822177,44.08,827.25
863200,826.5,828,1.6,11,-5.5,204.4243111,44.08,827.25
863300,827.5,829,1.6,11,-5.5,204.4125114,44.08,828.25
863400,828.5,830,1.6,11,-5.5,204.2324,44.08,829.25
863500,824,825.5,1.6,11,-5.5,204.0277765,44.09,824.75
863600,823,824.5,1.6,11,-5.5,203.9077523,44.09,823.75
863700,816,817.5,1.6,11,-5.5,203.6351282,44.09,816.75
863800,812.5,814,1.6,11,-5.5,203.3580468,44.1,813.25
863900,813.5,815,1.6,11,-5.5,203.4717623,44.1,814.25
864000,809.5,811,1.6,11,-5.5,203.1710889,44.1,810.25
864100,813,814.5,1.6,11,-5.5,203.2680051,44.1,813.75
864200,813,815,1.6,11,-5.5,203.4860945,44.1,814
864300,816,817.5,1.6,11,-5.5,203.5757252,44.11,816.75
864400,811.5,813,1.6,11,-5.5,203.4220865,44.11,812.25
864500,811.5,813.5,1.6,11,-5.5,203.3206409,44.11,812.5
864600,807,808.5,1.6,11,-5.5,203.2627821,44.12,807.75
864700,807.5,809,1.6,11,-5.5,203.1990639,44.12,808.25
864800,812,813.5,1.6,11,-5.5,203.2780039,44.12,812.75
864900,811.5,813.5,1.6,11,-5.5,203.4876469,44.12,812.5
865000,811,812.5,1.6,11,-5.5,203.1476429,44.12,811.75
865100,810,811.5,1.6,11,-5.5,203.0208224,44.13,810.75
865200,809,810.5,1.6,11,-5.5,203.281145,44.13,809.75
865300,807,808.5,1.6,11,-5.5,203.3037798,44.13,807.75
865400,805,806.5,1.6,11,-5.5,203.2967961,44.14,805.75
865500,807.5,809,1.6,11,-5.5,203.5415945,44.14,808.25
865600,809.5,811,1.6,11,-5.5,203.5690975,44.14,810.25
865700,811.5,813,1.6,11,-5.5,204.037876,44.14,812.25
865800,809.5,811,1.6,11,-5.5,204.0480001,44.14,810.25
865900,808.5,810,1.6,11,-5.5,204.037954,44.15,809.25
866000,809.5,811,1.6,11,-5.5,203.8347252,44.15,810.25
866100,813,814.5,1.6,11,-5.5,204.1856706,44.15,813.75
866200,810.5,812,1.6,11,-5.5,204.1586753,44.16,811.25
866300,812.5,814,1.6,11,-5.5,204.3912535,44.16,813.25
866400,818,819.5,1.6,11,-5.5,204.5324705,44.16,818.75
866500,814,815.5,1.6,11,-5.5,204.4723667,44.16,814.75
866600,813,814.5,1.6,11,-5.5,204.446246,44.16,813.75
866700,812.5,814.5,1.6,11,-5.5,204.3466396,44.17,813.5
866800,813,814.5,1.6,11,-5.5,204.3897175,44.17,813.75
866900,817,818.5,1.6,11,-5.5,204.5003437,44.17,817.75
867000,820.5,822,1.6,11,-5.5,204.5145924,44.18,821.25
867100,820,821.5,1.6,11,-5.5,204.3476692,44.18,820.75
867200,817.5,819,1.6,11,-5.5,203.8995937,44.18,818.25
867300,817.5,819,1.6,11,-5.5,203.8349854,44.18,818.25
867400,816,817.5,1.6,11,-5.5,203.8064937,44.18,816.75
867500,815,816.5,1.6,11,-5.5,203.8248793,44.19,815.75
867600,818,819.5,1.6,11,-5.5,204.1098233,44.19,818.75
867700,816.5,818,1.6,11,-5.5,204.3482077,44.19,817.25
867800,815.5,817,1.6,11,-5.5,204.063967,44.2,816.25
867900,815.5,817,1.6,11,-5.5,203.8819512,44.2,816.25
868000,819,820.5,1.6,11,-5.5,204.2959518,44.2,819.75
868100,820,821.5,1.6,11,-5.5,204.4293403,44.2,820.75
868200,821,822.5,1.6,11,-5.5,204.3905544,44.2,821.75
868300,816,817.5,1.6,11,-5.5,204.2772755,44.21,816.75
868400,818,819.5,1.6,11,-5.5,204.6524412,44.21,818.75
868500,815.5,817,1.6,11,-5.5,204.7238221,44.21,816.25
868600,812.5,814,1.6,11,-5.5,204.6202594,44.22,813.25
868700,812,813.5,1.6,11,-5.5,204.5749829,44.22,812.75
868800,814,815.5,1.6,11,-5.5,204.7843471,44.22,814.75
868900,816,817.5,1.6,11,-5.5,204.8952449,44.22,816.75
869000,819,820.5,1.6,11,-5.5,205.1339505,44.22,819.75
869100,814.5,816,1.6,11,-5.5,205.0265536,44.23,815.25
869200,814.5,816,1.6,11,-5.5,205.3324127,44.23,815.25
869300,818,819.5,1.6,11,-5.5,205.406736,44.23,818.75
869400,817.5,819,1.6,11,-5.5,205.5752213,44.24,818.25
869500,815.5,817,1.6,11,-5.5,205.5637765,44.24,816.25
869600,817,818.5,1.6,11,-5.5,205.5507057,44.24,817.75
869700,817.5,819,1.6,11,-5.5,205.3813142,44.24,818.25
869800,813,814.5,1.6,11,-5.5,205.3116754,44.24,813.75
869900,815,816.5,1.6,11,-5.5,205.4991607,44.25,815.75
870000,812,813.5,1.6,11,-5.5,205.4618024,44.25,812.75
870100,814.5,816,1.6,11,-5.5,205.6171578,44.25,815.25
870200,816.5,818,1.6,11,-5.5,205.6658509,44.26,817.25
870300,819.5,821,1.6,11,-5.5,205.722069,44.26,820.25
870400,823.5,825,1.6,11,-5.5,206.0393008,44.26,824.25
870500,826.5,828,1.6,11,-5.5,206.2233096,44.26,827.25
870600,824.5,826,1.6,11,-5.5,205.9402635,44.26,825.25
870700,822,823.5,1.6,11,-5.5,205.8990117,44.27,822.75
870800,823.5,825,1.6,11,-5.5,205.944566,44.27,824.25
870900,823,824.5,1.6,11,-5.5,205.7926365,44.27,823.75
871000,820,821.5,1.6,11,-5.5,205.5550307,44.28,820.75
871100,818.5,820,1.6,11,-5.5,205.3763374,44.28,819.25
871200,815.5,817,1.6,11,-5.5,205.1189899,44.28,816.25
871300,816.5,818,1.6,11,-5.5,205.230904,44.28,817.25
871400,818,819.5,1.6,11,-5.5,205.2237926,44.28,818.75
871500,820.5,822,1.6,11,-5.5,205.5118843,44.29,821.25
871600,818,819.5,1.6,11,-5.5,205.1688539,44.29,818.75
871700,816.5,818,1.6,11,-5.5,205.0289952,44.29,817.25
871800,819,820.5,1.6,11,-5.5,205.095873,44.3,819.75
871900,817,818.5,1.6,11,-5.5,204.9213455,44.3,817.75
872000,817,818.5,1.6,11,-5.5,205.0201905,44.3,817.75
872100,815.5,817,1.6,11,-5.5,205.020429,44.3,816.25
872200,817.5,819,1.6,11,-5.5,205.2050503,44.3,818.25
872300,819,820.5,1.6,11,-5.5,205.1080538,44.31,819.75
872400,822.5,824,1.6,11,-5.5,205.3136216,44.31,823.25
872500,823,824.5,1.6,11,-5.5,205.5736888,44.31,823.75
872600,822,823.5,1.6,11,-5.5,205.5638912,44.32,822.75
872700,820,821.5,1.6,11,-5.5,205.5548106,44.32,820.75
872800,824,825.5,1.6,11,-5.5,205.7211733,44.32,824.75
872900,827.5,829,1.6,11,-5.5,205.8208772,44.32,828.25
873000,827,828.5,1.6,11,-5.5,205.970241,44.32,827.75
873100,830,831.5,1.6,11,-5.5,206.1544726,44.33,830.75
873200,830.5,832,1.6,11,-5.5,206.1520357,44.33,831.25
873300,832,833.5,1.6,11,-5.5,206.2143689,44.33,832.75
873400,831.5,833.5,1.6,11,-5.5,206.3176843,44.34,832.5
873500,834,835.5,1.6,11,-5.5,206.6673155,44.34,834.75
873600,835.5,837,1.6,11,-5.5,206.6325223,44.34,836.25
873700,837,838.5,1.6,11,-5.5,206.8322501,44.34,837.75
873800,837.5,839,1.6,11,-5.5,206.9085577,44.34,838.25
873900,837,838.5,1.6,11,-5.5,206.81384,44.35,837.75
874000,842.5,844,1.6,11,-5.5,207.0330639,44.35,843.25
874100,845.5,847,1.6,11,-5.5,207.2629638,44.35,846.25
874200,845,846.5,1.6,11,-5.5,207.2857063,44.36,845.75
874300,848,849.5,1.6,11,-5.5,207.8157854,44.36,848.75
874400,849,850.5,1.6,11,-5.5,207.7778477,44.36,849.75
874500,848,849.5,1.6,11,-5.5,207.4686094,44.36,848.75
874600,849.5,851,1.6,11,-5.5,207.5607509,44.36,850.25
874700,846,847.5,1.6,11,-5.5,207.4502527,44.37,846.75
874800,846.5,848,1.6,11,-5.5,207.6331748,44.37,847.25
874900,848,849.5,1.6,11,-5.5,207.648198,44.37,848.75
875000,850,851.5,1.6,11,-5.5,207.9035304,44.38,850.75
875100,851,852.5,1.6,11,-5.5,207.6935435,44.38,851.75
875200,855,856.5,1.6,11,-5.5,208.0889288,44.38,855.75
875300,856.5,858,1.6,11,-5.5,208.0594919,44.38,857.25
875400,856,857.5,1.6,11,-5.5,207.8327034,44.38,856.75
875500,857.5,859,1.6,11,-5.5,208.0353189,44.39,858.25
875600,858.5,860,1.6,11,-5.5,208.3481035,44.39,859.25
875700,860,861.5,1.6,11,-5.5,208.7570038,44.39,860.75
875800,860,861.5,1.6,11,-5.5,208.6656419,44.4,860.75
875900,860.5,862,1.6,11,-5.5,208.8804569,44.4,861.25
876000,861.5,863,1.6,11,-5.5,208.8670821,44.4,862.25
876100,860.5,862,1.6,11,-5.5,208.7959218,44.4,861.25
876200,856,857.5,1.6,11,-5.5,208.7859142,44.4,856.75
876300,859.5,861,1.6,11,-5.5,209.0418468,44.41,860.25
876400,858.5,860,1.6,11,-5.5,209.0088083,44.41,859.25
876500,857,858.5,1.6,11,-5.5,208.9599638,44.41,857.75
876600,855.5,857,1.6,11,-5.5,208.8468366,44.42,856.25
876700,854.5,856,1.6,11,-5.5,208.9463184,44.42,855.25
876800,853.5,855,1.6,11,-5.5,208.8591624,44.42,854.25
876900,853,854.5,1.6,11,-5.5,208.9877767,44.42,853.75
877000,857,858.5,1.6,11,-5.5,209.0645247,44.42,857.75
877100,856.5,858,1.6,11,-5.5,209.018592,44.43,857.25
877200,856.5,858.5,1.6,11,-5.5,209.0947356,44.43,857.5
877300,857.5,859,1.6,11,-5.5,208.8726487,44.43,858.25
877400,854,855.5,1.6,11,-5.5,208.7652457,44.44,854.75
877500,854,855.5,1.6,11,-5.5,208.6860862,44.44,854.75
877600,855.5,857,1.6,11,-5.5,208.6998567,44.44,856.25
877700,856.5,858,1.6,11,-5.5,208.9281862,44.44,857.25
877800,860,861.5,1.6,11,-5.5,209.0186287,44.44,860.75
877900,856,857.5,1.6,11,-5.5,208.509046,44.45,856.75
878000,855.5,857,1.6,11,-5.5,208.6936196,44.45,856.25
878100,853.5,855,1.6,11,-5.5,208.4712466,44.45,854.25
878200,853.5,855,1.6,11,-5.5,208.7479742,44.46,854.25
878300,854.5,856,1.6,11,-5.5,209.0171303,44.46,855.25
878400,858,859.5,1.6,11,-5.5,209.0396815,44.46,858.75
878500,856,857.5,1.6,11,-5.5,208.8544881,44.46,856.75
878600,861,862.5,1.6,11,-5.5,209.1217928,44.46,861.75
878700,862.5,864,1.6,11,-5.5,209.140638,44.47,863.25
878800,864,865.5,1.6,11,-5.5,209.3697995,44.47,864.75
878900,866.5,868,1.6,11,-5.5,209.3781781,44.47,867.25
879000,866.5,868,1.6,11,-5.5,209.239492,44.48,867.25
879100,866,867.5,1.6,11,-5.5,209.0753122,44.48,866.75
879200,864.5,866,1.6,11,-5.5,209.2056823,44.48,865.25
879300,865,866.5,1.6,11,-5.5,209.2960261,44.48,865.75
879400,862.5,864,1.6,11,-5.5,209.1122386,44.48,863.25
879500,865,866.5,1.6,11,-5.5,209.0771176,44.49,865.75
879600,868,869.5,1.6,11,-5.5,209.7188869,44.49,868.75
879700,868.5,870,1.6,11,-5.5,209.9449647,44.49,869.25
879800,865.5,867,1.6,11,-5.5,209.6275435,44.5,866.25
879900,866,867.5,1.6,11,-5.5,209.711145,44.5,866.75
880000,864.5,866,1.6,11,-5.5,209.9054106,44.5,865.25
880100,866.5,868,1.6,11,-5.5,209.9674072,44.5,867.25
880200,867.5,869,1.6,11,-5.5,210.0131459,44.5,868.25
880300,868,869.5,1.6,11,-5.5,210.0570542,44.51,868.75
880400,871.5,873,1.6,11,-5.5,210.3832192,44.51,872.25
880500,873.5,875,1.6,11,-5.5,210.4810743,44.51,874.25
880600,870.5,872,1.6,11,-5.5,210.3534633,44.52,871.25
880700,874.5,876,1.6,11,-5.5,210.4825413,44.52,875.25
880800,872,873.5,1.6,11,-5.5,210.6471668,44.52,872.75
880900,874,875.5,1.6,11,-5.5,210.708765,44.52,874.75
881000,874,875.5,1.6,11,-5.5,210.9783631,44.52,874.75
881100,872,873.5,1.6,11,-5.5,210.8732791,44.53,872.75
881200,872.5,874,1.6,11,-5.5,210.8498544,44.53,873.25
881300,872.5,874.5,1.6,11,-5.5,210.9526183,44.53,873.5
881400,872,873.5,1.6,11,-5.5,210.9000704,44.54,872.75
881500,874,875.5,1.6,11,-5.5,211.1762216,44.54,874.75
881600,875,876.5,1.6,11,-5.5,211.7213715,44.54,875.75
881700,877.5,879,1.6,11,-5.5,211.8664541,44.54,878.25
881800,877,878.5,1.6,11,-5.5,211.7232748,44.54,877.75
881900,878.5,880,1.6,11,-5.5,211.8134499,44.55,879.25
882000,875.5,877,1.6,11,-5.5,211.6633121,44.55,876.25
882100,877.5,879,1.6,11,-5.5,211.6887557,44.55,878.25
882200,879.5,881,1.6,11,-5.5,211.8785738,44.56,880.25
882300,880.5,882,1.6,11,-5.5,211.6585102,44.56,881.25
882400,880.5,882,1.6,11,-5.5,211.5623399,44.56,881.25
882500,882,883.5,1.6,11,-5.5,211.8046242,44.56,882.75
882600,884,885.5,1.6,11,-5.5,211.9312424,44.56,884.75
882700,885,886.5,1.6,11,-5.5,212.303443,44.57,885.75
882800,886.5,888,1.6,11,-5.5,212.3689208,44.57,887.25
882900,882,883.5,1.6,11,-5.5,212.3203981,44.57,882.75
883000,886.5,888,1.6,11,-5.5,212.5357378,44.58,887.25
883100,888,889.5,1.6,11,-5.5,212.7183368,44.58,888.75
883200,888,889.5,1.6,11,-5.5,212.9455402,44.58,888.75
883300,888.5,890,1.6,11,-5.5,212.7098768,44.58,889.25
883400,887,888.5,1.6,11,-5.5,212.577479,44.58,887.75
883500,885.5,887,1.6,11,-5.5,212.4297738,44.59,886.25
883600,887,888.5,1.6,11,-5.5,212.6284131,44.59,887.75
883700,886,887.5,1.6,11,-5.5,212.553869,44.59,886.75
883800,885,886.5,1.6,11,-5.5,212.3193061,44.6,885.75
883900,882,883.5,1.6,11,-5.5,212.1242007,44.6,882.75
884000,881.5,883,1.6,11,-5.5,212.2142636,44.6,882.25
884100,880,881.5,1.6,11,-5.5,212.1472267,44.6,880.75
884200,882.5,884,1.6,11,-5.5,212.1560548,44.6,883.25
884300,883.5,885,1.6,11,-5.5,211.9852345,44.61,884.25
884400,882.5,884,1.6,11,-5.5,211.859363,44.61,883.25
884500,879.5,881,1.6,11,-5.5,211.730407,44.61,880.25
884600,876.5,878,1.6,11,-5.5,211.5061225,44.62,877.25
884700,875.5,877,1.6,11,-5.5,211.3863228,44.62,876.25
884800,880,881.5,1.6,11,-5.5,211.4575876,44.62,880.75
884900,876.5,878,1.6,11,-5.5,211.1292159,44.62,877.25
885000,874,875.5,1.6,11,-5.5,211.0741676,44.62,874.75
885100,873,874.5,1.6,11,-5.5,211.0630227,44.63,873.75
885200,873,875,1.6,11,-5.5,211.0352353,44.63,874
885300,873,874.5,1.6,11,-5.5,211.0094229,44.63,873.75
885400,874,875.5,1.6,11,-5.5,211.0071974,44.64,874.75
885500,872,873.5,1.6,11,-5.5,211.0008991,44.64,872.75
885600,868.5,870,1.6,11,-5.5,210.8260578,44.64,869.25
885700,866.5,868,1.6,11,-5.5,210.5540463,44.64,867.25
885800,862.5,864,1.6,11,-5.5,210.3740864,44.64,863.25
885900,862.5,864,1.6,11,-5.5,210.5964374,44.65,863.25
886000,861,862.5,1.6,11,-5.5,210.5609836,44.65,861.75
886100,867,868.5,1.6,11,-5.5,210.9992854,44.65,867.75
886200,866.5,868,1.6,11,-5.5,211.2040218,44.66,867.25
886300,867.5,869,1.6,11,-5.5,211.1028126,44.66,868.25
886400,866.5,868,1.6,11,-5.5,211.1932794,44.66,867.25
886500,870,871.5,1.6,11,-5.5,211.2609469,44.66,870.75
886600,871,872.5,1.6,11,-5.5,211.1852128,44.66,871.75
886700,869,870.5,1.6,11,-5.5,210.8843701,44.67,869.75
886800,867,868.5,1.6,11,-5.5,210.9700041,44.67,867.75
886900,868.5,870,1.6,11,-5.5,211.1269852,44.67,869.25
887000,871,872.5,1.6,11,-5.5,211.4052367,44.68,871.75
887100,872,873.5,1.6,11,-5.5,211.5866777,44.68,872.75
887200,871,872.5,1.6,11,-5.5,211.5762184,44.68,871.75
887300,873,874.5,1.6,11,-5.5,211.6229037,44.68,873.75
887400,878.5,880,1.6,11,-5.5,211.6525284,44.68,879.25
887500,876,877.5,1.6,11,-5.5,211.4539217,44.69,876.75
887600,874,875.5,1.6,11,-5.5,211.3829488,44.69,874.75
887700,873.5,875,1.6,11,-5.5,211.4767379,44.69,874.25
887800,874.5,876,1.6,11,-5.5,211.4785577,44.7,875.25
887900,875.5,877,1.6,11,-5.5,211.7845391,44.7,876.25
888000,879.5,881,1.6,11,-5.5,212.0493244,44.7,880.25
888100,877,878.5,1.6,11,-5.5,212.1881893,44.7,877.75
888200,878.5,880,1.6,11,-5.5,212.2790012,44.7,879.25
888300,877,878.5,1.6,11,-5.5,212.1872047,44.71,877.75
888400,881,882.5,1.6,11,-5.5,212.3973658,44.71,881.75
888500,880.5,882.5,1.6,11,-5.5,212.2860491,44.71,881.5
888600,879.5,881,1.6,11,-5.5,212.2955801,44.72,880.25
888700,878.5,880,1.6,11,-5.5,212.3620504,44.72,879.25
888800,876,877.5,1.6,11,-5.5,212.3523924,44.72,876.75
888900,873,874.5,1.6,11,-5.5,212.0386802,44.72,873.75
889000,877.5,879,1.6,11,-5.5,212.2614776,44.72,878.25
889100,879.5,881,1.6,11,-5.5,212.3240403,44.73,880.25
889200,882.5,884,1.6,11,-5.5,212.4286293,44.73,883.25
889300,880.5,882,1.6,11,-5.5,212.222272,44.73,881.25
889400,883,884.5,1.6,11,-5.5,212.3442653,44.74,883.75
889500,882,883.5,1.6,11,-5.5,212.096802,44.74,882.75
889600,883.5,885,1.6,11,-5.5,212.2705403,44.74,884.25
889700,885.5,887,1.6,11,-5.5,212.4890721,44.74,886.25
889800,885,887,1.6,11,-5.5,212.3437954,44.74,886
889900,886.5,888,1.6,11,-5.5,212.2453784,44.75,887.25
890000,885.5,887,1.6,11,-5.5,211.9426303,44.75,886.25
890100,881,882.5,1.6,11,-5.5,211.9077126,44.75,881.75
890200,876,877.5,1.6,11,-5.5,211.8224911,44.76,876.75
890300,877.5,879,1.6,11,-5.5,211.7435293,44.76,878.25
890400,882,883.5,1.6,11,-5.5,211.9925749,44.76,882.75
890500,882,884,1.6,11,-5.5,212.1072902,44.76,883
890600,881,882.5,1.6,11,-5.5,212.1264577,44.76,881.75
890700,879.5,881,1.6,11,-5.5,211.9121845,44.77,880.25
890800,882.5,884,1.6,11,-5.5,212.0569085,44.77,883.25
890900,881.5,883,1.6,11,-5.5,212.2679297,44.77,882.25
891000,880,881.5,1.6,11,-5.5,212.2278399,44.78,880.75
891100,879.5,881,1.6,11,-5.5,212.3251276,44.78,880.25
891200,879,881,1.6,11,-5.5,212.1583819,44.78,880
891300,879,880.5,1.6,11,-5.5,212.2510454,44.78,879.75
891400,878.5,880,1.6,11,-5.5,212.5398332,44.78,879.25
891500,878.5,880,1.6,11,-5.5,212.6699564,44.79,879.25
891600,878.5,880,1.6,11,-5.5,212.7040639,44.79,879.25
891700,882,883.5,1.6,11,-5.5,213.0552619,44.79,882.75
891800,886.5,888,1.6,11,-5.5,212.7919446,44.8,887.25
891900,882,883.5,1.6,11,-5.5,212.6333934,44.8,882.75
892000,883.5,885,1.6,11,-5.5,212.884877,44.8,884.25
892100,883.5,885,1.6,11,-5.5,212.9440043,44.8,884.25
892200,885,886.5,1.6,11,-5.5,213.3064591,44.8,885.75
892300,887.5,889,1.6,11,-5.5,213.2528335,44.81,888.25
892400,884,885.5,1.6,11,-5.5,212.9400324,44.81,884.75
892500,882,883.5,1.6,11,-5.5,212.787858,44.81,882.75
892600,881,882.5,1.6,11,-5.5,212.7716368,44.82,881.75
892700,883,884.5,1.6,11,-5.5,213.0532596,44.82,883.75
892800,882.5,884,1.6,11,-5.5,213.138979,44.82,883.25
892900,877.5,879,1.6,11,-5.5,213.0239547,44.82,878.25
893000,876.5,878,1.6,11,-5.5,213.0272348,44.82,877.25
893100,877.5,879,1.6,11,-5.5,213.2408669,44.83,878.25
893200,873.5,875,1.6,11,-5.5,212.6506963,44.83,874.25
893300,872,873.5,1.6,11,-5.5,212.5657573,44.83,872.75
893400,872,873.5,1.6,11,-5.5,212.6025779,44.84,872.75
893500,872,873.5,1.6,11,-5.5,212.6987781,44.84,872.75
893600,873,874.5,1.6,11,-5.5,212.5413893,44.84,873.75
893700,871,872.5,1.6,11,-5.5,212.3198168,44.84,871.75
893800,871,872.5,1.6,11,-5.5,212.1672588,44.84,871.75
893900,872,873.5,1.6,11,-5.5,212.0039167,44.85,872.75
894000,871,872.5,1.6,11,-5.5,211.9945737,44.85,871.75
894100,875,876.5,1.6,11,-5.5,212.2041742,44.85,875.75
894200,876.5,878,1.6,11,-5.5,212.2757326,44.86,877.25
894300,878,879.5,1.6,11,-5.5,212.2638501,44.86,878.75
894400,878,879.5,1.6,11,-5.5,212.2772664,44.86,878.75
894500,880,881.5,1.6,11,-5.5,212.5427245,44.86,880.75
894600,882,883.5,1.6,11,-5.5,212.6431285,44.86,882.75
894700,880.5,882,1.6,11,-5.5,212.621254,44.87,881.25
894800,883,884.5,1.6,11,-5.5,212.8992538,44.87,883.75
894900,880.5,882,1.6,11,-5.5,212.8427469,44.87,881.25
895000,882.5,884,1.6,11,-5.5,212.9066818,44.88,883.25
895100,883,884.5,1.6,11,-5.5,213.1063202,44.88,883.75
895200,881,882.5,1.6,11,-5.5,213.0397122,44.88,881.75
895300,883,884.5,1.6,11,-5.5,213.2796929,44.88,883.75
895400,887.5,889,1.6,11,-5.5,213.5043392,44.88,888.25
895500,889.5,891,1.6,11,-5.5,213.419854,44.89,890.25
895600,888,889.5,1.6,11,-5.5,213.2162372,44.89,888.75
895700,890.5,892,1.6,11,-5.5,213.3478952,44.89,891.25
895800,887,888.5,1.6,11,-5.5,213.1318659,44.9,887.75
895900,892,893.5,1.6,11,-5.5,213.2048665,44.9,892.75
896000,895,896.5,1.6,11,-5.5,213.5107249,44.9,895.75
896100,892,893.5,1.6,11,-5.5,213.2299794,44.9,892.75
896200,896,897.5,1.6,11,-5.5,213.559636,44.9,896.75
896300,896,898,1.6,11,-5.5,213.4416949,44.91,897
896400,899.5,901,1.6,11,-5.5,213.6327976,44.91,900.25
896500,898,899.5,1.6,11,-5.5,213.680792,44.91,898.75
896600,898.5,900,1.6,11,-5.5,213.8793262,44.92,899.25
896700,902.5,904,1.6,11,-5.5,213.9652584,44.92,903.25
896800,900,901.5,1.6,11,-5.5,213.9407468,44.92,900.75
896900,899.5,901.5,1.6,11,-5.5,213.8544992,44.92,900.5
897000,901.5,903,1.6,11,-5.5,214.0357209,44.92,902.25
897100,904.5,906,1.6,11,-5.5,214.2629285,44.93,905.25
897200,901.5,903,1.6,11,-5.5,213.9979636,44.93,902.25
897300,894.5,896,1.6,11,-5.5,213.3830067,44.93,895.25
897400,897.5,899,1.6,11,-5.5,213.4728715,44.94,898.25
897500,896,897.5,1.6,11,-5.5,213.5290355,44.94,896.75
897600,897,898.5,1.6,11,-5.5,213.7386894,44.94,897.75
897700,898,899.5,1.6,11,-5.5,213.764868,44.94,898.75
897800,898.5,900,1.6,11,-5.5,213.7634278,44.94,899.25
897900,900,901.5,1.6,11,-5.5,213.877499,44.95,900.75
898000,896.5,898,1.6,11,-5.5,213.7494909,44.95,897.25
898100,899.5,901,1.6,11,-5.5,213.813453,44.95,900.25
898200,901,902.5,1.6,11,-5.5,213.8627205,44.96,901.75
898300,902.5,904,1.6,11,-5.5,214.2070161,44.96,903.25
898400,901.5,903,1.6,11,-5.5,214.1343437,44.96,902.25
898500,900.5,902,1.6,11,-5.5,213.9739865,44.96,901.25
898600,902.5,904,1.6,11,-5.5,214.0269743,44.96,903.25
898700,900,901.5,1.6,11,-5.5,213.9303793,44.97,900.75
898800,899,900.5,1.6,11,-5.5,214.0507409,44.97,899.75
898900,902,903.5,1.6,11,-5.5,214.1022638,44.97,902.75
899000,901,902.5,1.6,11,-5.5,214.1168694,44.98,901.75
899100,899,900.5,1.6,11,-5.5,214.0021428,44.98,899.75
899200,898.5,900.5,1.6,11,-5.5,214.0684121,44.98,899.5
899300,896.5,898,1.6,11,-5.5,213.8740307,44.98,897.25
899400,895,896.5,1.6,11,-5.5,213.5857676,44.98,895.75
899500,899.5,901,1.6,11,-5.5,213.6343327,44.99,900.25
899600,898.5,900,1.6,11,-5.5,213.6597724,44.99,899.25
899700,898.5,900,1.6,11,-5.5,213.8567167,44.99,899.25
899800,898,899.5,1.6,11,-5.5,213.7098583,45,898.75
899900,900.5,902,1.6,11,-5.5,214.1342891,45,901.25
900000,903.5,905,1.6,11,-5.5,214.232386,45,904.25
900100,901.5,903,1.6,11,-5.5,214.1274164,45.01,902.25
900200,906.5,908,1.6,11,-5.5,214.3679896,45.02,907.25
900300,912.5,914,1.6,11,-5.5,214.413965,45.03,913.25
900400,912,913.5,1.6,11,-5.5,214.3972109,45.04,912.75
900500,913.5,915,1.6,11,-5.5,214.5902307,45.05,914.25
900600,914.5,916,1.6,11,-5.5,214.414895,45.06,915.25
900700,914,915.5,1.6,11,-5.5,214.2585967,45.07,914.75
900800,911.5,913,1.6,11,-5.5,214.1316288,45.08,912.25
900900,913,914.5,1.6,11,-5.5,214.1863906,45.09,913.75
901000,915.5,917,1.6,11,-5.5,214.1465968,45.1,916.25
901100,911.5,913,1.6,11,-5.5,214.1964603,45.11,912.25
901200,914.5,916,1.6,11,-5.5,214.1441197,45.12,915.25
901300,915.5,917,1.6,11,-5.5,214.2081958,45.13,916.25
901400,916.5,918,1.6,11,-5.5,214.1890138,45.14,917.25
901500,915,916.5,1.6,11,-5.5,214.0062607,45.15,915.75
901600,913.5,915,1.6,11,-5.5,213.8692248,45.16,914.25
901700,911,912.5,1.6,11,-5.5,213.7615202,45.17,911.75
901800,908,909.5,1.6,11,-5.5,213.5617759,45.18,908.75
901900,908.5,910,1.6,11,-5.5,213.5135483,45.19,909.25
902000,906.5,908,1.6,11,-5.5,213.6039777,45.2,907.25
902100,908.5,910,1.6,11,-5.5,213.7829933,45.21,909.25
902200,908,909.5,1.6,11,-5.5,213.7585973,45.22,908.75
902300,911.5,913,1.6,11,-5.5,213.900887,45.23,912.25
902400,914.5,916,1.6,11,-5.5,213.9491714,45.24,915.25
902500,913.5,915,1.6,11,-5.5,213.735957,45.25,914.25
902600,913,914.5,1.6,11,-5.5,213.6740612,45.26,913.75
902700,908.5,910,1.6,11,-5.5,213.4738335,45.27,909.25
902800,910,911.5,1.6,11,-5.5,213.6739562,45.28,910.75
902900,911.5,913,1.6,11,-5.5,213.6822548,45.29,912.25
903000,915,916.5,1.6,11,-5.5,213.880314,45.3,915.75
903100,918,919.5,1.6,11,-5.5,213.7860216,45.31,918.75
903200,916,917.5,1.6,11,-5.5,213.4815987,45.32,916.75
903300,915,916.5,1.6,11,-5.5,213.2915132,45.33,915.75
903400,915,916.5,1.6,11,-5.5,213.2318399,45.34,915.75
903500,911,912.5,1.6,11,-5.5,212.9934479,45.35,911.75
903600,914,915.5,1.6,11,-5.5,213.1763262,45.36,914.75
903700,916,917.5,1.6,11,-5.5,213.3800047,45.37,916.75
903800,915.5,917,1.6,11,-5.5,213.3160031,45.38,916.25
903900,916.5,918,1.6,11,-5.5,213.4037038,45.39,917.25
904000,919.5,921,1.6,11,-5.5,213.6766006,45.4,920.25
904100,922,923.5,1.6,11,-5.5,213.7636447,45.41,922.75
904200,922.5,924,1.6,11,-5.5,213.8963595,45.42,923.25
904300,923,924.5,1.6,11,-5.5,213.7206529,45.43,923.75
904400,922,923.5,1.6,11,-5.5,213.8699106,45.44,922.75
904500,923.5,925,1.6,11,-5.5,213.7597425,45.45,924.25
904600,923,924.5,1.6,11,-5.5,213.763707,45.46,923.75
904700,924.5,926,1.6,11,-5.5,213.8379304,45.47,925.25
904800,924.5,926,1.6,11,-5.5,213.861965,45.48,925.25
904900,923,924.5,1.6,11,-5.5,214.0540071,45.49,923.75
905000,925,926.5,1.6,11,-5.5,214.1357407,45.5,925.75
905100,928.5,930,1.6,11,-5.5,214.2617397,45.51,929.25
905200,930,931.5,1.6,11,-5.5,214.0027516,45.52,930.75
905300,931,932.5,1.6,11,-5.5,214.2713304,45.53,931.75
905400,934,935.5,1.6,11,-5.5,213.9527772,45.54,934.75
905500,933,934.5,1.6,11,-5.5,214.0661668,45.55,933.75
905600,934.5,936,1.6,11,-5.5,214.1432375,45.56,935.25
905700,936,937.5,1.6,11,-5.5,214.1251898,45.57,936.75
905800,933.5,935,1.6,11,-5.5,214.027224,45.58,934.25
905900,933.5,935,1.6,11,-5.5,214.1622922,45.59,934.25
906000,931.5,933,1.6,11,-5.5,213.9989648,45.6,932.25
906100,931.5,933,1.6,11,-5.5,214.0648636,45.61,932.25
906200,931,932.5,1.6,11,-5.5,213.9997886,45.62,931.75
906300,934.5,936,1.6,11,-5.5,214.0851824,45.63,935.25
906400,933.5,935,1.6,11,-5.5,213.9216583,45.64,934.25
906500,931.5,933,1.6,11,-5.5,213.6931855,45.65,932.25
906600,935,936.5,1.6,11,-5.5,214.0939803,45.66,935.75
906700,936.5,938,1.6,11,-5.5,214.3050886,45.67,937.25
906800,934,935.5,1.6,11,-5.5,214.1246128,45.68,934.75
906900,930.5,932,1.6,11,-5.5,214.0483555,45.69,931.25
907000,929.5,931,1.6,11,-5.5,213.8497686,45.7,930.25
907100,930,931.5,1.6,11,-5.5,213.8947187,45.71,930.75
907200,929.5,931,1.6,11,-5.5,213.9070222,45.72,930.25
907300,929.5,931,1.6,11,-5.5,213.8256256,45.73,930.25
907400,932.5,934,1.6,11,-5.5,214.0436486,45.74,933.25
907500,931.5,933,1.6,11,-5.5,213.9919398,45.75,932.25
907600,933.5,935,1.6,11,-5.5,214.047413,45.76,934.25
907700,934.5,936,1.6,11,-5.5,214.0477721,45.77,935.25
907800,932.5,934,1.6,11,-5.5,214.0716854,45.78,933.25
907900,932,933.5,1.6,11,-5.5,214.0935284,45.79,932.75
908000,936,937.5,1.6,11,-5.5,214.2042107,45.8,936.75
908100,936,938,1.6,11,-5.5,214.269939,45.81,937
908200,937.5,939,1.6,11,-5.5,214.2795976,45.82,938.25
908300,937,938.5,1.6,11,-5.5,214.2814235,45.83,937.75
908400,937,939,1.6,11,-5.5,214.3424316,45.84,938
908500,937.5,939,1.6,11,-5.5,214.2461326,45.85,938.25
908600,937,939,1.6,11,-5.5,214.3245526,45.86,938
908700,936,937.5,1.6,11,-5.5,214.2440168,45.87,936.75
908800,936.5,938,1.6,11,-5.5,214.3351536,45.88,937.25
908900,938,939.5,1.6,11,-5.5,214.1265242,45.89,938.75
909000,939,940.5,1.6,11,-5.5,213.9484015,45.9,939.75
909100,935.5,937,1.6,11,-5.5,213.8781992,45.91,936.25
909200,934.5,936,1.6,11,-5.5,213.6813286,45.92,935.25
909300,930,931.5,1.6,11,-5.5,213.2191461,45.93,930.75
909400,928.5,930,1.6,11,-5.5,212.9628101,45.94,929.25
909500,926.5,928,1.6,11,-5.5,212.845677,45.95,927.25
909600,931,932.5,1.6,11,-5.5,213.377915,45.96,931.75
909700,931,932.5,1.6,11,-5.5,213.3356358,45.97,931.75
909800,931,932.5,1.6,11,-5.5,213.3516017,45.98,931.75
909900,932,933.5,1.6,11,-5.5,213.4952059,45.99,932.75
910000,925.5,927,1.6,11,-5.5,213.3762971,46,926.25
910100,925.5,927,1.6,11,-5.5,213.3299991,46.01,926.25
910200,927,928.5,1.6,11,-5.5,213.2985806,46.02,927.75
910300,926,927.5,1.6,11,-5.5,213.2523363,46.03,926.75
910400,929,930.5,1.6,11,-5.5,213.4830871,46.04,929.75
910500,931.5,933,1.6,11,-5.5,213.6670025,46.05,932.25
910600,926.5,928,1.6,11,-5.5,213.2953183,46.06,927.25
910700,922,923.5,1.6,11,-5.5,212.7779174,46.07,922.75
910800,926,927.5,1.6,11,-5.5,212.8824298,46.08,926.75
910900,922,923.5,1.6,11,-5.5,212.6050851,46.09,922.75
911000,922,923.5,1.6,11,-5.5,212.3716467,46.1,922.75
911100,920.5,922,1.6,11,-5.5,212.2689632,46.11,921.25
911200,918.5,920,1.6,11,-5.5,212.2151316,46.12,919.25
911300,915,916.5,1.6,11,-5.5,212.1336984,46.13,915.75
911400,913.5,915,1.6,11,-5.5,212.2431421,46.14,914.25
911500,909,910.5,1.6,11,-5.5,212.0264875,46.15,909.75
911600,910.5,912,1.6,11,-5.5,212.2004193,46.16,911.25
911700,907,908.5,1.7,11,-5.5,212.1011824,46.17,907.75
911800,911.5,913,1.7,11,-5.5,212.22072,46.18,912.25
911900,915,916.5,1.7,11,-5.5,212.3460165,46.19,915.75
912000,918,919.5,1.7,11,-5.5,212.6484879,46.2,918.75
912100,919.5,921,1.7,11,-5.5,212.6280895,46.21,920.25
912200,921.5,923,1.7,11,-5.5,212.3293007,46.22,922.25
912300,921.5,923.5,1.7,11,-5.5,212.4736044,46.23,922.5
912400,918.5,920,1.7,11,-5.5,212.301496,46.24,919.25
912500,922,923.5,1.7,11,-5.5,212.3663454,46.25,922.75
912600,921.5,923,1.7,11,-5.5,212.0219281,46.26,922.25
912700,921.5,923,1.7,11,-5.5,211.9227147,46.27,922.25
912800,923.5,925,1.7,11,-5.5,212.1964057,46.28,924.25
912900,922.5,924,1.7,11,-5.5,212.0691967,46.29,923.25
913000,922,923.5,1.7,11,-5.5,212.1164268,46.3,922.75
913100,924,925.5,1.7,11,-5.5,212.1419167,46.31,924.75
913200,922,923.5,1.7,11,-5.5,212.3737614,46.32,922.75
913300,917.5,919,1.7,11,-5.5,212.1289809,46.33,918.25
913400,921.5,923,1.7,11,-5.5,212.4336406,46.34,922.25
913500,917.5,919,1.7,11,-5.5,212.0850493,46.35,918.25
913600,917.5,919,1.7,11,-5.5,211.8991413,46.36,918.25
913700,919,920.5,1.7,11,-5.5,212.2761504,46.37,919.75
913800,919.5,921,1.7,11,-5.5,212.3152521,46.38,920.25
913900,918,919.5,1.7,11,-5.5,212.2278746,46.39,918.75
914000,918.5,920,1.7,11,-5.5,212.4019949,46.4,919.25
914100,917.5,919,1.7,11,-5.5,212.197626,46.41,918.25
914200,918.5,920,1.7,11,-5.5,212.2259157,46.42,919.25
914300,919,920.5,1.7,11,-5.5,212.2050901,46.43,919.75
914400,918,919.5,1.7,11,-5.5,212.1830945,46.44,918.75
914500,917.5,919.5,1.7,11,-5.5,211.9014461,46.45,918.5
914600,921,922.5,1.7,11,-5.5,212.2594054,46.46,921.75
914700,916,917.5,1.7,11,-5.5,212.0876607,46.47,916.75
914800,914.5,916,1.7,11,-5.5,211.9900639,46.48,915.25
914900,915,916.5,1.7,11,-5.5,212.1779939,46.49,915.75
915000,913.5,915,1.7,11,-5.5,212.0715668,46.5,914.25
915100,913,914.5,1.7,11,-5.5,211.8690209,46.51,913.75
915200,914.5,916,1.7,11,-5.5,211.975602,46.52,915.25
915300,912.5,914,1.7,11,-5.5,211.8176764,46.53,913.25
915400,915.5,917,1.7,11,-5.5,211.8995396,46.54,916.25
915500,911.5,913,1.7,11,-5.5,211.714279,46.55,912.25
915600,911.5,913,1.7,11,-5.5,211.9244457,46.56,912.25
915700,910.5,912,1.7,11,-5.5,211.6873537,46.57,911.25
915800,910.5,912,1.7,11,-5.5,211.7227786,46.58,911.25
915900,910,911.5,1.7,11,-5.5,211.9319407,46.59,910.75
916000,909,910.5,1.7,11,-5.5,211.9044253,46.6,909.75
916100,909.5,911,1.7,11,-5.5,211.9740129,46.61,910.25
916200,913.5,915,1.7,11,-5.5,212.1549245,46.62,914.25
916300,910.5,912,1.7,11,-5.5,212.0534906,46.63,911.25
916400,910.5,912,1.7,11,-5.5,212.0924222,46.64,911.25
916500,914,915.5,1.7,11,-5.5,212.1233227,46.65,914.75
916600,919,920.5,1.7,11,-5.5,212.3275587,46.66,919.75
916700,919.5,921,1.7,11,-5.5,212.7053835,46.67,920.25
916800,919,921,1.7,11,-5.5,212.6646269,46.68,920
916900,920,921.5,1.7,11,-5.5,212.4723528,46.69,920.75
917000,922.5,924,1.7,11,-5.5,212.2012222,46.7,923.25
917100,921,922.5,1.7,11,-5.5,212.1028535,46.71,921.75
917200,919.5,921,1.7,11,-5.5,212.1581599,46.72,920.25
917300,919.5,921,1.7,11,-5.5,212.2475852,46.73,920.25
917400,919.5,921,1.7,11,-5.5,212.230096,46.74,920.25
917500,920,921.5,1.7,11,-5.5,212.1202133,46.75,920.75
917600,918.5,920,1.7,11,-5.5,212.0471161,46.76,919.25
917700,921,922.5,1.7,11,-5.5,212.1914503,46.77,921.75
917800,919.5,921,1.7,11,-5.5,212.043942,46.78,920.25
917900,918,919.5,1.7,11,-5.5,211.5866602,46.79,918.75
918000,919.5,921,1.7,11,-5.5,211.820879,46.8,920.25
918100,918,919.5,1.7,11,-5.5,211.8033588,46.81,918.75
918200,917,918.5,1.7,11,-5.5,211.5553436,46.82,917.75
918300,913,914.5,1.7,11,-5.5,211.5366632,46.83,913.75
918400,911.5,913,1.7,11,-5.5,211.2205788,46.84,912.25
918500,915.5,917,1.7,11,-5.5,211.2666525,46.85,916.25
918600,918.5,920,1.7,11,-5.5,211.402893,46.86,919.25
918700,922,923.5,1.7,11,-5.5,211.5873418,46.87,922.75
918800,925.5,927,1.7,11,-5.5,211.8061809,46.88,926.25
918900,925.5,927,1.7,11,-5.5,211.4672406,46.89,926.25
919000,926,927.5,1.7,11,-5.5,211.6569012,46.9,926.75
919100,927.5,929,1.7,11,-5.5,211.7303384,46.91,928.25
919200,926,927.5,1.7,11,-5.5,211.5799823,46.92,926.75
919300,924.5,926,1.7,11,-5.5,211.6489452,46.93,925.25
919400,919.5,921,1.7,11,-5.5,211.5491785,46.94,920.25
919500,921,922.5,1.7,11,-5.5,211.756723,46.95,921.75
919600,924,925.5,1.7,11,-5.5,211.9397126,46.96,924.75
919700,924.5,926,1.7,11,-5.5,211.893509,46.97,925.25
919800,927,928.5,1.7,11,-5.5,212.2168853,46.98,927.75
919900,926,927.5,1.7,11,-5.5,212.1662423,46.99,926.75
920000,929,930.5,1.7,11,-5.5,212.3609728,47,929.75
920100,930,931.5,1.7,11,-5.5,212.7467802,47.01,930.75
920200,932,933.5,1.7,11,-5.5,212.7628405,47.02,932.75
920300,931.5,933,1.7,11,-5.5,213.0821326,47.03,932.25
920400,935.5,937,1.7,11,-5.5,213.5288152,47.04,936.25
920500,938,939.5,1.7,11,-5.5,213.5131772,47.05,938.75
920600,939,940.5,1.7,11,-5.5,213.5993111,47.06,939.75
920700,934.5,936,1.7,11,-5.5,213.3951379,47.07,935.25
920800,929.5,931,1.7,11,-5.5,213.1492884,47.08,930.25
920900,929,931,1.7,11,-5.5,213.0048477,47.09,930
921000,927.5,929,1.7,11,-5.5,213.3722838,47.1,928.25
921100,928.5,930,1.7,11,-5.5,213.2201544,47.11,929.25
921200,928.5,930,1.7,11,-5.5,213.2596616,47.12,929.25
921300,926.5,928,1.7,11,-5.5,213.199856,47.13,927.25
921400,925.5,927,1.7,11,-5.5,213.0765486,47.14,926.25
921500,923.5,925,1.7,11,-5.5,213.0095539,47.15,924.25
921600,924,925.5,1.7,11,-5.5,212.9717541,47.16,924.75
921700,921,922.5,1.7,11,-5.5,212.610665,47.17,921.75
921800,919,920.5,1.7,11,-5.5,212.4699543,47.18,919.75
921900,917.5,919,1.7,11,-5.5,212.5964361,47.19,918.25
922000,914.5,916,1.7,11,-5.5,212.2483592,47.2,915.25
922100,916.5,918,1.7,11,-5.5,212.2654081,47.21,917.25
922200,912.5,914,1.7,11,-5.5,212.140019,47.22,913.25
922300,909.5,911,1.7,11,-5.5,212.1156244,47.23,910.25
922400,912.5,914,1.7,11,-5.5,211.7754118,47.24,913.25
922500,911,912.5,1.7,11,-5.5,211.6197546,47.25,911.75
922600,908.5,910,1.7,11,-5.5,211.5560376,47.26,909.25
922700,905,906.5,1.7,11,-5.5,211.4881357,47.27,905.75
922800,907.5,909,1.7,11,-5.5,211.5149449,47.28,908.25
922900,910.5,912,1.7,11,-5.5,211.7049511,47.29,911.25
923000,914.5,916,1.7,11,-5.5,211.7851122,47.3,915.25
923100,916,917.5,1.7,11,-5.5,211.6412467,47.31,916.75
923200,918,919.5,1.7,11,-5.5,211.7254381,47.32,918.75
923300,919.5,921,1.7,11,-5.5,211.8128762,47.33,920.25
923400,920.5,922,1.7,11,-5.5,211.6867502,47.34,921.25
923500,923.5,925,1.7,11,-5.5,211.9479191,47.35,924.25
923600,926.5,928,1.7,11,-5.5,212.1771107,47.36,927.25
923700,925.5,927,1.7,11,-5.5,212.1893745,47.37,926.25
923800,925,926.5,1.7,11,-5.5,212.1613521,47.38,925.75
923900,924.5,926,1.7,11,-5.5,211.9382489,47.39,925.25
924000,922.5,924,1.7,11,-5.5,211.8400989,47.4,923.25
924100,918.5,920,1.7,11,-5.5,211.3322806,47.41,919.25
924200,915.5,917,1.7,11,-5.5,211.1773495,47.42,916.25
924300,911,912.5,1.7,11,-5.5,211.126301,47.43,911.75
924400,910.5,912,1.7,11,-5.5,211.0321846,47.44,911.25
924500,908.5,910,1.7,11,-5.5,210.7498855,47.45,909.25
924600,908,909.5,1.7,11,-5.5,210.953515,47.46,908.75
924700,907.5,909,1.7,11,-5.5,211.1134582,47.47,908.25
924800,910.5,912,1.7,11,-5.5,211.4152666,47.48,911.25
924900,912.5,914,1.7,11,-5.5,211.3684832,47.49,913.25
925000,911,912.5,1.7,11,-5.5,211.1428438,47.5,911.75
925100,910,911.5,1.7,11,-5.5,210.9032944,47.51,910.75
925200,910,911.5,1.7,11,-5.5,210.833084,47.52,910.75
925300,908,909.5,1.7,11,-5.5,210.6678232,47.53,908.75
925400,908,909.5,1.7,11,-5.5,210.4821628,47.54,908.75
925500,906.5,908,1.7,11,-5.5,210.5308426,47.55,907.25
925600,909,910.5,1.7,11,-5.5,210.6415746,47.56,909.75
925700,911.5,913,1.7,11,-5.5,210.6664909,47.57,912.25
925800,912,913.5,1.7,11,-5.5,210.8449171,47.58,912.75
925900,905.5,907,1.7,11,-5.5,210.381013,47.59,906.25
926000,902.5,904,1.7,11,-5.5,209.9953125,47.6,903.25
926100,900.5,902,1.7,11,-5.5,209.7502566,47.61,901.25
926200,900,902,1.7,11,-5.5,209.8766409,47.62,901
926300,894,895.5,1.7,11,-5.5,209.5358227,47.63,894.75
926400,890.5,892,1.7,11,-5.5,209.4041335,47.64,891.25
926500,889.5,891,1.7,11,-5.5,209.573359,47.65,890.25
926600,886.5,888,1.7,11,-5.5,209.4646827,47.66,887.25
926700,884,885.5,1.7,11,-5.5,209.3106298,47.67,884.75
926800,880.5,882,1.7,11,-5.5,209.0659396,47.68,881.25
926900,877,878.5,1.7,11,-5.5,209.0147674,47.69,877.75
927000,875,876.5,1.7,11,-5.5,208.811695,47.7,875.75
927100,875.5,877,1.7,11,-5.5,208.97609,47.71,876.25
927200,874,875.5,1.7,11,-5.5,208.9202808,47.72,874.75
927300,873,874.5,1.7,11,-5.5,208.8822402,47.73,873.75
927400,870.5,872,1.7,11,-5.5,208.620724,47.74,871.25
927500,870.5,872,1.7,11,-5.5,208.7797664,47.75,871.25
927600,869,870.5,1.7,11,-5.5,208.7191624,47.76,869.75
927700,870.5,872,1.7,11,-5.5,208.9086342,47.77,871.25
927800,871,872.5,1.7,11,-5.5,209.0808147,47.78,871.75
927900,870.5,872,1.7,11,-5.5,209.1022932,47.79,871.25
928000,872,873.5,1.7,11,-5.5,209.0916741,47.8,872.75
928100,868.5,870,1.7,11,-5.5,209.0076043,47.81,869.25
928200,867.5,869,1.7,11,-5.5,209.0402521,47.82,868.25
928300,865.5,867,1.7,11,-5.5,208.7828403,47.83,866.25
928400,865,867,1.7,11,-5.5,208.9411965,47.84,866
928500,866,867.5,1.7,11,-5.5,209.0054966,47.85,866.75
928600,863.5,865,1.7,11,-5.5,208.9554039,47.86,864.25
928700,864.5,866,1.7,11,-5.5,208.782128,47.87,865.25
928800,865.5,867,1.7,11,-5.5,208.7281779,47.88,866.25
928900,864.5,866,1.7,11,-5.5,208.8233266,47.89,865.25
929000,862.5,864,1.7,11,-5.5,208.5872875,47.9,863.25
929100,858.5,860,1.7,11,-5.5,208.3352603,47.91,859.25
929200,857.5,859,1.7,11,-5.5,208.1996112,47.92,858.25
929300,861,862.5,1.7,11,-5.5,208.622558,47.93,861.75
929400,863,864.5,1.7,11,-5.5,208.684232,47.94,863.75
929500,859.5,861,1.7,11,-5.5,208.5040643,47.95,860.25
929600,857.5,859,1.7,11,-5.5,208.4089618,47.96,858.25
929700,857.5,859.5,1.7,11,-5.5,208.658211,47.97,858.5
929800,859,860.5,1.7,10.5,-5.5,208.6192606,47.98,859.75
929900,854,855.5,1.7,10.5,-5.5,208.3136579,47.99,854.75
930000,857.5,859,1.7,10.5,-5.5,208.6877161,48,858.25
930100,859.5,861,1.7,10.5,-5.5,208.817853,48.01,860.25
930200,859.5,861,1.7,10.5,-5.5,209.0192494,48.02,860.25
930300,862,863.5,1.7,10.5,-5.5,209.2453017,48.03,862.75
930400,862,863.5,1.7,10.5,-5.5,209.2007197,48.04,862.75
930500,858.5,860,1.7,10.5,-5.5,208.8701384,48.05,859.25
930600,859.5,861,1.7,10.5,-5.5,209.0722148,48.06,860.25
930700,861.5,863,1.7,10.5,-5.5,209.2176931,48.07,862.25
930800,865.5,867,1.7,10.5,-5.5,209.2284786,48.08,866.25
930900,869,870.5,1.7,10.5,-5.5,209.419928,48.09,869.75
931000,868.5,870,1.7,10,-5.5,209.3829219,48.1,869.25
931100,869,870.5,1.7,10,-5.5,209.5138794,48.11,869.75
931200,870.5,872,1.7,10,-5.5,209.6058965,48.12,871.25
931300,869.5,871,1.7,10,-5.5,209.5170474,48.13,870.25
931400,872,873.5,1.7,10,-5.5,209.5711717,48.14,872.75
931500,869.5,871,1.7,10,-5.5,209.4637324,48.15,870.25
931600,867,868.5,1.7,10,-5.5,209.4766655,48.16,867.75
931700,865,866.5,1.7,10,-5.5,209.2932946,48.17,865.75
931800,867.5,869,1.7,10,-5.5,209.4103736,48.18,868.25
931900,866.5,868,1.7,10,-5.5,209.2857543,48.19,867.25
932000,866,867.5,1.7,10,-5.5,209.0952561,48.2,866.75
932100,871,872.5,1.7,10,-5.5,209.5454674,48.21,871.75
932200,871,873,1.7,10,-5.5,209.5312176,48.22,872
932300,867.5,869,1.7,10,-5.5,209.3459574,48.23,868.25
932400,865,866.5,1.7,10,-5.5,209.2700804,48.24,865.75
932500,867.5,869,1.7,10,-5.5,209.4543685,48.25,868.25
932600,865,866.5,1.7,10,-5.5,209.2376858,48.26,865.75
932700,867,868.5,1.7,10,-5.5,209.330265,48.27,867.75
932800,867.5,869,1.7,10,-5.5,209.43154,48.28,868.25
932900,865.5,867,1.7,10,-5.5,208.8896225,48.29,866.25
933000,862.5,864,1.7,10,-5.5,208.650955,48.3,863.25
933100,859,860.5,1.7,10,-5.5,208.5849216,48.31,859.75
933200,856.5,858,1.7,10,-5.5,208.4207036,48.32,857.25
933300,859,860.5,1.7,10,-5.5,208.4478713,48.33,859.75
933400,859,860.5,1.7,10,-5.5,208.7211058,48.34,859.75
933500,861,862.5,1.7,10,-5.5,208.9126745,48.35,861.75
933600,864,865.5,1.7,10,-5.5,209.005211,48.36,864.75
933700,864,865.5,1.7,10,-5.5,208.6056289,48.37,864.75
933800,860,861.5,1.7,10,-5.5,208.2551546,48.38,860.75
933900,859,860.5,1.7,10,-5.5,208.2405141,48.39,859.75
934000,856.5,858,1.7,10,-5.5,208.1454704,48.4,857.25
934100,854,855.5,1.7,10,-5.5,207.9506953,48.41,854.75
934200,857.5,859,1.7,10,-5.5,208.1080627,48.42,858.25
934300,857.5,859,1.7,10,-5.5,208.2654055,48.43,858.25
934400,857.5,859,1.7,10,-5.5,207.8232597,48.44,858.25
934500,859.5,861,1.7,10,-5.5,207.9831209,48.45,860.25
934600,863,864.5,1.7,10,-5.5,208.4396301,48.46,863.75
934700,862.5,864,1.7,10,-5.5,208.6079254,48.47,863.25
934800,861.5,863,1.7,10,-5.5,208.5951688,48.48,862.25
934900,858.5,860,1.7,10,-5.5,208.1795488,48.49,859.25
935000,857.5,859,1.7,10,-5.5,208.0035652,48.5,858.25
935100,859,860.5,1.7,10,-5.5,208.1317437,48.51,859.75
935200,859,860.5,1.7,10,-5.5,208.1625071,48.52,859.75
935300,860,861.5,1.7,10,-5.5,208.3399904,48.53,860.75
935400,861.5,863,1.7,10,-5.5,208.6052547,48.54,862.25
935500,858.5,860,1.7,10,-5.5,208.481589,48.55,859.25
935600,858,859.5,1.7,10,-5.5,208.6517509,48.56,858.75
935700,858,859.5,1.7,10,-5.5,208.6227708,48.57,858.75
935800,855,856.5,1.7,10,-5.5,208.5376868,48.58,855.75
935900,856,857.5,1.7,10,-5.5,208.5904465,48.59,856.75
936000,854,855.5,1.7,10,-5.5,208.4808366,48.6,854.75
936100,855.5,857,1.7,10,-5.5,208.5254017,48.61,856.25
936200,859,860.5,1.7,10,-5.5,208.9652363,48.62,859.75
936300,858.5,860.5,1.7,10,-5.5,209.1690175,48.63,859.5
936400,860,861.5,1.7,10,-5.5,209.2792123,48.64,860.75
936500,857,858.5,1.7,10,-5.5,209.1186301,48.65,857.75
936600,857.5,859,1.7,10,-5.5,209.0676241,48.66,858.25
936700,856,857.5,1.7,10,-5.5,208.9743237,48.67,856.75
936800,861,862.5,1.7,10,-5.5,209.1644768,48.68,861.75
936900,862.5,864,1.7,10,-5.5,208.9656161,48.69,863.25
937000,863.5,865,1.7,10,-5.5,209.2253277,48.7,864.25
937100,863.5,865,1.7,10,-5.5,209.1229186,48.71,864.25
937200,864.5,866,1.7,10,-5.5,209.1436079,48.72,865.25
937300,862.5,864,1.7,10,-5.5,209.0033502,48.73,863.25
937400,861.5,863,1.7,10,-5.5,208.9601855,48.74,862.25
937500,861,862.5,1.7,10,-5.5,209.0829211,48.75,861.75
937600,860,861.5,1.7,10,-5.5,209.2767182,48.76,860.75
937700,857,858.5,1.7,10,-5.5,209.297941,48.77,857.75
937800,856,857.5,1.7,10,-5.5,209.3727032,48.78,856.75
937900,854,855.5,1.7,10,-5.5,209.0781182,48.79,854.75
938000,853.5,855.5,1.7,10,-5.5,209.0205103,48.8,854.5
938100,852.5,854,1.7,10,-5.5,208.9964134,48.81,853.25
938200,850,851.5,1.7,10,-5.5,208.9454301,48.82,850.75
938300,845.5,847,1.7,10,-5.5,208.8618226,48.83,846.25
938400,846,847.5,1.7,10,-5.5,208.8186255,48.84,846.75
938500,845,846.5,1.7,10,-5.5,208.7913131,48.85,845.75
938600,848.5,850,1.7,10,-5.5,208.9621845,48.86,849.25
938700,849,850.5,1.7,10,-5.5,209.1123285,48.87,849.75
938800,845.5,847,1.7,10,-5.5,209.0305269,48.88,846.25
938900,842,843.5,1.7,10,-5.5,208.7451115,48.89,842.75
939000,840,841.5,1.7,10,-5.5,208.3960595,48.9,840.75
939100,840,841.5,1.7,10,-5.5,208.3188305,48.91,840.75
939200,840,841.5,1.7,10,-5.5,208.3037768,48.92,840.75
939300,839.5,841,1.7,10,-5.5,208.2203699,48.93,840.25
939400,840,841.5,1.7,10,-5.5,208.1073626,48.94,840.75
939500,843,844.5,1.7,10,-5.5,208.4374129,48.95,843.75
939600,842,843.5,1.7,10,-5.5,208.5706332,48.96,842.75
939700,841,842.5,1.7,10,-5.5,208.393527,48.97,841.75
939800,839.5,841,1.7,10,-5.5,208.1564199,48.98,840.25
939900,839.5,841,1.7,10,-5.5,208.2737718,48.99,840.25
940000,838,839.5,1.7,10,-5.5,208.2225806,49,838.75
940100,836.5,838,1.7,10,-5.5,207.9455245,49.01,837.25
940200,841,842.5,1.7,10,-5.5,208.0382691,49.02,841.75
940300,840,841.5,1.7,10,-5.5,208.1139294,49.03,840.75
940400,842.5,844,1.7,10,-5.5,208.1561199,49.04,843.25
940500,842.5,844,1.7,10,-5.5,207.9222703,49.05,843.25
940600,840.5,842,1.7,10,-5.5,207.657465,49.06,841.25
940700,839,840.5,1.7,10,-5.5,207.5583385,49.07,839.75
940800,838,839.5,1.7,10,-5.5,208.0536295,49.08,838.75
940900,840,841.5,1.7,10,-5.5,208.1538893,49.09,840.75
941000,839,840.5,1.7,10,-5.5,207.7927643,49.1,839.75
941100,841.5,843,1.7,10,-5.5,207.8288422,49.11,842.25
941200,843,844.5,1.7,10,-5.5,207.7705393,49.12,843.75
941300,843,844.5,1.7,10,-5.5,208.0330959,49.13,843.75
941400,843,845,1.7,10,-5.5,208.1259432,49.14,844
941500,842.5,844,1.7,10,-5.5,208.0732948,49.15,843.25
941600,841,842.5,1.7,10,-5.5,208.0015633,49.16,841.75
941700,845.5,847,1.7,10,-5.5,208.2662142,49.17,846.25
941800,843,844.5,1.7,10,-5.5,208.1033215,49.18,843.75
941900,843.5,845,1.7,10,-5.5,208.1673161,49.19,844.25
942000,844.5,846,1.7,10,-5.5,208.2534441,49.2,845.25
942100,839,840.5,1.7,10,-5.5,208.0283824,49.21,839.75
942200,836.5,838,1.7,10,-5.5,207.804948,49.22,837.25
942300,839.5,841,1.7,10,-5.5,208.0089711,49.23,840.25
942400,837.5,839,1.7,10,-5.5,207.9674774,49.24,838.25
942500,836.5,838,1.7,10,-5.5,207.7994896,49.25,837.25
942600,831.5,833,1.7,10,-5.5,207.6494936,49.26,832.25
942700,829.5,831,1.7,10,-5.5,207.5759785,49.27,830.25
942800,826,827.5,1.7,10,-5.5,207.070505,49.28,826.75
942900,825.5,827,1.7,10,-5.5,206.9549321,49.29,826.25
943000,825.5,827.5,1.7,10,-5.5,206.9922237,49.3,826.5
943100,826.5,828,1.7,10,-5.5,207.0005128,49.31,827.25
943200,825.5,827,1.7,10,-5.5,206.7874345,49.32,826.25
943300,826.5,828,1.7,10,-5.5,207.0631345,49.33,827.25
943400,825.5,827,1.7,10,-5.5,206.7217471,49.34,826.25
943500,828,829.5,1.7,10,-5.5,207.1265769,49.35,828.75
943600,831.5,833,1.7,10,-5.5,207.5083873,49.36,832.25
943700,828.5,830,1.7,10,-5.5,207.1158787,49.37,829.25
943800,827,828.5,1.7,10,-5.5,206.8427606,49.38,827.75
943900,830,831.5,1.7,10,-5.5,206.9918969,49.39,830.75
944000,834.5,836,1.7,10,-5.5,207.3335175,49.4,835.25
944100,836,837.5,1.7,10,-5.5,207.3895435,49.41,836.75
944200,829,830.5,1.7,10,-5.5,207.0760633,49.42,829.75
944300,829,830.5,1.7,10,-5.5,207.3683326,49.43,829.75
944400,830,831.5,1.7,10,-5.5,207.6344057,49.44,830.75
944500,833,834.5,1.7,10,-5.5,207.9660033,49.45,833.75
944600,835.5,837,1.7,10,-5.5,208.1770688,49.46,836.25
944700,834.5,836,1.7,10,-5.5,207.9006366,49.47,835.25
944800,833.5,835,1.7,10,-5.5,207.9411932,49.48,834.25
944900,833.5,835,1.7,10,-5.5,207.8759452,49.49,834.25
945000,837,838.5,1.7,10,-5.5,208.1349138,49.5,837.75
945100,835.5,837,1.7,10,-5.5,207.9948275,49.51,836.25
945200,835.5,837,1.7,10,-5.5,208.1925649,49.52,836.25
945300,835,836.5,1.7,10,-5.5,208.0273872,49.53,835.75
945400,835,836.5,1.7,10,-5.5,208.4489978,49.54,835.75
945500,836.5,838,1.7,10,-5.5,208.8648147,49.55,837.25
945600,838.5,840,1.7,10,-5.5,209.1537688,49.56,839.25
945700,838.5,840,1.7,10,-5.5,209.1619944,49.57,839.25
945800,835.5,837,1.7,10,-5.5,208.7296286,49.58,836.25
945900,837.5,839,1.7,10,-5.5,208.7424892,49.59,838.25
946000,837.5,839.5,1.7,10,-5.5,208.7556898,49.6,838.5
946100,840.5,842,1.7,10,-5.5,208.9849076,49.61,841.25
946200,843,844.5,1.7,10,-5.5,209.143507,49.62,843.75
946300,842.5,844,1.7,10,-5.5,208.910319,49.63,843.25
946400,845,846.5,1.7,10,-5.5,209.0798677,49.64,845.75
946500,850,851.5,1.7,10,-5.5,209.2267515,49.65,850.75
946600,850.5,852,1.7,10,-5.5,209.5903608,49.66,851.25
946700,845.5,847,1.7,10,-5.5,209.3772244,49.67,846.25
946800,846.5,848,1.7,10,-5.5,209.5119643,49.68,847.25
946900,845.5,847,1.7,10,-5.5,209.5353341,49.69,846.25
947000,844,845.5,1.7,10,-5.5,209.3840542,49.7,844.75
947100,842.5,844,1.7,10,-5.5,209.2358326,49.71,843.25
947200,844.5,846,1.7,10,-5.5,209.5191899,49.72,845.25
947300,848,849.5,1.7,10,-5.5,209.8242843,49.73,848.75
947400,844.5,846,1.7,10,-5.5,209.6530082,49.74,845.25
947500,845,846.5,1.7,10,-5.5,209.8669121,49.75,845.75
947600,843,844.5,1.7,10,-5.5,210.1457083,49.76,843.75
947700,846,847.5,1.7,10,-5.5,210.2207974,49.77,846.75
947800,849,850.5,1.7,10,-5.5,210.7477794,49.78,849.75
947900,849.5,851,1.7,10,-5.5,210.7897451,49.79,850.25
948000,852.5,854,1.7,10,-5.5,211.0658274,49.8,853.25
948100,851,852.5,1.7,10,-5.5,211.0998172,49.81,851.75
948200,853.5,855,1.7,10,-5.5,211.187223,49.82,854.25
948300,851,852.5,1.7,10,-5.5,211.1310242,49.83,851.75
948400,853.5,855,1.7,10,-5.5,211.5312682,49.84,854.25
948500,853.5,855,1.7,10,-5.5,211.5696571,49.85,854.25
948600,854,855.5,1.7,10,-5.5,211.6332648,49.86,854.75
948700,851,852.5,1.7,10,-5.5,211.6051868,49.87,851.75
948800,850,851.5,1.7,10,-5.5,211.864669,49.88,850.75
948900,852,853.5,1.7,10,-5.5,211.8836946,49.89,852.75
949000,854,855.5,1.7,10,-5.5,211.9436811,49.9,854.75
949100,849.5,851,1.7,10,-5.5,211.8722649,49.91,850.25
949200,849.5,851,1.7,10,-5.5,211.7999632,49.92,850.25
949300,848,849.5,1.7,10,-5.5,211.664208,49.93,848.75
949400,848.5,850,1.7,10,-5.5,211.4612163,49.94,849.25
949500,847,848.5,1.7,10,-5.5,211.2812858,49.95,847.75
949600,851,852.5,1.7,10,-5.5,211.6343379,49.96,851.75
949700,851,852.5,1.7,10,-5.5,211.8432899,49.97,851.75
949800,851,852.5,1.7,10,-5.5,212.1253834,49.98,851.75
949900,854.5,856,1.7,10,-5.5,212.1949637,49.99,855.25
950000,852.5,854,1.7,10,-5.5,211.9280403,50,853.25
950100,854.5,856,1.7,10,-5.5,212.2459966,50.01,855.25
950200,856.5,858,1.7,10,-5.5,212.3577418,50.02,857.25
950300,856.5,858,1.7,10,-5.5,212.3442617,50.03,857.25
950400,856,857.5,1.7,10,-5.5,212.1256631,50.04,856.75
950500,856.5,858,1.7,10,-5.5,212.1805233,50.05,857.25
950600,854,855.5,1.7,10,-5.5,212.0738537,50.06,854.75
950700,851.5,853,1.7,10,-5.5,211.8740619,50.07,852.25
950800,854.5,856,1.7,10,-5.5,212.0703301,50.08,855.25
950900,853,854.5,1.7,10,-5.5,212.4803747,50.09,853.75
951000,851,852.5,1.7,10,-5.5,212.5474048,50.1,851.75
951100,852,853.5,1.7,10,-5.5,212.7187281,50.11,852.75
951200,855.5,857,1.7,10,-5.5,212.7972322,50.12,856.25
951300,851.5,853,1.7,10,-5.5,212.7774872,50.13,852.25
951400,854.5,856,1.7,10,-5.5,213.1816837,50.14,855.25
951500,857.5,859,1.7,10,-5.5,213.2341456,50.15,858.25
951600,860,861.5,1.7,10,-5.5,213.3033419,50.16,860.75
951700,854.5,856,1.7,10,-5.5,213.1150099,50.17,855.25
951800,856,857.5,1.7,10,-5.5,213.227343,50.18,856.75
951900,857.5,859,1.7,10,-5.5,213.0645556,50.19,858.25
952000,856,857.5,1.7,10,-5.5,212.7955025,50.2,856.75
952100,858,859.5,1.7,10,-5.5,213.0816259,50.21,858.75
952200,861,862.5,1.7,10,-5.5,213.6401655,50.22,861.75
952300,858.5,860,1.7,10,-5.5,213.6263272,50.23,859.25
952400,857,858.5,1.7,10,-5.5,213.3951945,50.24,857.75
952500,860.5,862,1.7,10,-5.5,213.5064838,50.25,861.25
952600,857.5,859,1.7,10,-5.5,213.2663662,50.26,858.25
952700,861.5,863,1.7,10,-5.5,213.2972907,50.27,862.25
952800,858,859.5,1.7,10,-5.5,213.1549928,50.28,858.75
952900,854.5,856,1.7,10,-5.5,213.1427026,50.29,855.25
953000,854.5,856.5,1.7,10,-5.5,212.9756953,50.3,855.5
953100,856.5,858,1.7,10,-5.5,213.2821056,50.31,857.25
953200,854.5,856,1.7,10,-5.5,213.1821499,50.32,855.25
953300,854,855.5,1.7,10,-5.5,213.1589432,50.33,854.75
953400,855,856.5,1.7,10,-5.5,213.2091895,50.34,855.75
953500,851,852.5,1.7,10,-5.5,212.7629937,50.35,851.75
953600,849,850.5,1.7,10,-5.5,212.367834,50.36,849.75
953700,853.5,855,1.7,10,-5.5,212.4751947,50.37,854.25
953800,851,852.5,1.7,10,-5.5,212.7268733,50.38,851.75
953900,853.5,855,1.7,10,-5.5,213.0414108,50.39,854.25
954000,852.5,854,1.7,10,-5.5,212.8012262,50.4,853.25
954100,851.5,853,1.7,10,-5.5,212.5367294,50.41,852.25
954200,849.5,851,1.7,10,-5.5,212.5136569,50.42,850.25
954300,847.5,849,1.7,10,-5.5,212.4135786,50.43,848.25
954400,847,848.5,1.7,10,-5.5,212.3593555,50.44,847.75
954500,847.5,849,1.7,10,-5.5,212.6344359,50.45,848.25
954600,844.5,846,1.7,10,-5.5,212.5619001,50.46,845.25
954700,844.5,846.5,1.7,10,-5.5,212.4340414,50.47,845.5
954800,847,848.5,1.7,10,-5.5,212.6115312,50.48,847.75
954900,848,849.5,1.7,10,-5.5,212.7136776,50.49,848.75
955000,847,848.5,1.7,10,-5.5,212.6592407,50.5,847.75
955100,849,850.5,1.7,10,-5.5,212.6750469,50.51,849.75
955200,848,849.5,1.7,10,-5.5,212.8748018,50.52,848.75
955300,845.5,847,1.7,10,-5.5,212.5359234,50.53,846.25
955400,843.5,845,1.7,10,-5.5,212.432083,50.54,844.25
955500,841.5,843,1.7,10,-5.5,212.5181345,50.55,842.25
955600,843,844.5,1.7,10,-5.5,212.5366703,50.56,843.75
955700,843,845,1.7,10,-5.5,212.5008533,50.57,844
955800,841,842.5,1.7,10,-5.5,212.4396272,50.58,841.75
955900,838.5,840,1.7,10,-5.5,212.4305697,50.59,839.25
956000,839,840.5,1.7,10,-5.5,212.0611742,50.6,839.75
956100,837.5,839,1.7,10,-5.5,211.8072278,50.61,838.25
956200,836,837.5,1.7,10,-5.5,211.6765524,50.62,836.75
956300,838,839.5,1.7,10,-5.5,211.7077903,50.63,838.75
956400,836.5,838,1.7,10,-5.5,211.6880182,50.64,837.25
956500,838,839.5,1.7,10,-5.5,211.9855448,50.65,838.75
956600,840,841.5,1.7,10,-5.5,212.3026263,50.66,840.75
956700,845.5,847,1.7,10,-5.5,212.9795795,50.67,846.25
956800,845.5,847.5,1.7,10,-5.5,213.2073738,50.68,846.5
956900,839.5,841,1.7,10,-5.5,213.1539888,50.69,840.25
957000,838,839.5,1.7,10,-5.5,212.9320811,50.7,838.75
957100,836,837.5,1.7,10,-5.5,212.6060088,50.71,836.75
957200,838.5,840,1.7,10,-5.5,212.7999363,50.72,839.25
957300,838.5,840,1.7,10,-5.5,212.8805758,50.73,839.25
957400,841,842.5,1.7,10,-5.5,212.9794053,50.74,841.75
957500,841,842.5,1.7,10,-5.5,212.5901194,50.75,841.75
957600,839.5,841,1.7,10,-5.5,212.4725412,50.76,840.25
957700,840.5,842,1.7,10,-5.5,212.6273422,50.77,841.25
957800,839.5,841,1.7,10,-5.5,212.639072,50.78,840.25
957900,837,838.5,1.7,10,-5.5,212.4789794,50.79,837.75
958000,837,839,1.7,10,-5.5,212.5657111,50.8,838
958100,838.5,840,1.7,10,-5.5,212.5797734,50.81,839.25
958200,837,838.5,1.7,10,-5.5,212.7071471,50.82,837.75
958300,842.5,844,1.7,10,-5.5,212.8150997,50.83,843.25
958400,844,845.5,1.7,10,-5.5,212.9021158,50.84,844.75
958500,844,845.5,1.7,10,-5.5,212.9400403,50.85,844.75
958600,842,843.5,1.7,10,-5.5,212.8030403,50.86,842.75
958700,842,843.5,1.7,10,-5.5,212.8234447,50.87,842.75
958800,841,842.5,1.7,10,-5.5,212.7260351,50.88,841.75
958900,839,840.5,1.7,10,-5.5,212.7215633,50.89,839.75
959000,838,839.5,1.7,10,-5.5,212.4757762,50.9,838.75
959100,837.5,839,1.7,10,-5.5,212.1590921,50.91,838.25
959200,839,840.5,1.7,10,-5.5,212.4940167,50.92,839.75
959300,840.5,842,1.7,10,-5.5,212.7956231,50.93,841.25
959400,839,840.5,1.7,10,-5.5,212.561507,50.94,839.75
959500,839.5,841,1.7,10,-5.5,212.4181366,50.95,840.25
959600,840,841.5,1.7,10,-5.5,212.4316636,50.96,840.75
959700,842.5,844,1.7,10,-5.5,212.7476337,50.97,843.25
959800,842.5,844,1.7,10,-5.5,212.6713766,50.98,843.25
959900,843,844.5,1.7,10,-5.5,212.8315154,50.99,843.75
960000,846,847.5,1.7,10,-5.5,212.9677797,51,846.75
960100,841,842.5,1.7,10,-5.5,212.958503,51.01,841.75
960200,840.5,842,1.7,10,-5.5,212.9303508,51.02,841.25
960300,837,838.5,1.7,10,-5.5,212.6432796,51.03,837.75
960400,834,835.5,1.7,10,-5.5,212.5054339,51.04,834.75
960500,837,838.5,1.7,10,-5.5,212.720548,51.05,837.75
960600,841,842.5,1.7,10,-5.5,212.7412488,51.06,841.75
960700,838.5,840,1.7,10,-5.5,212.4886878,51.07,839.25
960800,840.5,842,1.7,10,-5.5,212.6672787,51.08,841.25
960900,842,843.5,1.7,10,-5.5,212.810753,51.09,842.75
961000,843,844.5,1.7,10,-5.5,212.8113427,51.1,843.75
961100,838.5,840,1.7,10,-5.5,212.6003684,51.11,839.25
961200,841,842.5,1.7,10,-5.5,212.8968489,51.12,841.75
961300,841,842.5,1.7,10,-5.5,213.007519,51.13,841.75
961400,841,842.5,1.7,10,-5.5,213.0293886,51.14,841.75
961500,839.5,841,1.7,10,-5.5,212.7831968,51.15,840.25
961600,837.5,839,1.7,10,-5.5,212.6788128,51.16,838.25
961700,835.5,837,1.7,10,-5.5,212.4783458,51.17,836.25
961800,839.5,841,1.7,10,-5.5,212.6414544,51.18,840.25
961900,844,845.5,1.7,10,-5.5,212.8216079,51.19,844.75
962000,840,841.5,1.7,10,-5.5,212.6234761,51.2,840.75
962100,838,839.5,1.7,10,-5.5,212.5541095,51.21,838.75
962200,842,843.5,1.7,10,-5.5,212.7847563,51.22,842.75
962300,847,848.5,1.7,10,-5.5,212.9150277,51.23,847.75
962400,844.5,846,1.7,10,-5.5,212.9064028,51.24,845.25
962500,844,845.5,1.7,10,-5.5,212.8944909,51.25,844.75
962600,846,847.5,1.7,10,-5.5,212.9061712,51.26,846.75
962700,847,848.5,1.7,10,-5.5,212.7603848,51.27,847.75
962800,851,852.5,1.7,10,-5.5,212.8095944,51.28,851.75
962900,848.5,850,1.7,10,-5.5,212.6640742,51.29,849.25
963000,851.5,853,1.7,10,-5.5,212.7197014,51.3,852.25
963100,853.5,855,1.7,10,-5.5,212.8780962,51.31,854.25
963200,853.5,855,1.7,10,-5.5,212.8230664,51.32,854.25
963300,854,855.5,1.7,10,-5.5,213.1910205,51.33,854.75
963400,851.5,853,1.7,10,-5.5,213.159937,51.34,852.25
963500,848,849.5,1.7,10,-5.5,213.1254586,51.35,848.75
963600,846,847.5,1.7,10,-5.5,212.9854006,51.36,846.75
963700,849.5,851,1.7,10,-5.5,213.0495391,51.37,850.25
963800,851,852.5,1.7,10,-5.5,213.2066544,51.38,851.75
963900,850,851.5,1.7,10,-5.5,213.0189406,51.39,850.75
964000,848,849.5,1.7,10,-5.5,212.9111936,51.4,848.75
964100,848,849.5,1.7,10,-5.5,212.9519543,51.41,848.75
964200,850,851.5,1.7,10,-5.5,213.1225706,51.42,850.75
964300,850,851.5,1.7,10,-5.5,213.3114208,51.43,850.75
964400,851,852.5,1.7,10,-5.5,213.2309624,51.44,851.75
964500,846,847.5,1.7,10,-5.5,213.1225748,51.45,846.75
964600,845.5,847,1.7,10,-5.5,212.9308835,51.46,846.25
964700,848.5,850,1.7,10,-5.5,212.9682495,51.47,849.25
964800,851,852.5,1.7,10,-5.5,213.1494402,51.48,851.75
964900,851.5,853,1.7,10,-5.5,213.3363822,51.49,852.25
965000,855,856.5,1.7,10,-5.5,213.576866,51.5,855.75
965100,855,856.5,1.7,10,-5.5,213.5233116,51.51,855.75
965200,852,853.5,1.7,10,-5.5,213.3534749,51.52,852.75
965300,851,852.5,1.7,10,-5.5,213.5179203,51.53,851.75
965400,850.5,852,1.7,10,-5.5,213.5134957,51.54,851.25
965500,849.5,851,1.7,10,-5.5,213.3488049,51.55,850.25
965600,849.5,851.5,1.7,10,-5.5,213.1907913,51.56,850.5
965700,853,854.5,1.7,10,-5.5,213.1512867,51.57,853.75
965800,857,858.5,1.7,10,-5.5,213.505376,51.58,857.75
965900,856.5,858,1.7,10,-5.5,213.0459583,51.59,857.25
966000,857.5,859,1.7,10,-5.5,213.001858,51.6,858.25
966100,860.5,862,1.7,10,-5.5,213.1146288,51.61,861.25
966200,858,859.5,1.7,10,-5.5,212.8714118,51.62,858.75
966300,858.5,860,1.7,10,-5.5,212.8308653,51.63,859.25
966400,859,860.5,1.7,10,-5.5,212.9217661,51.64,859.75
966500,860,861.5,1.7,10,-5.5,213.0074464,51.65,860.75
966600,859.5,861,1.7,10,-5.5,212.9742784,51.66,860.25
966700,864,865.5,1.7,10,-5.5,213.3276496,51.67,864.75
966800,863.5,865.5,1.7,10,-5.5,213.3602279,51.68,864.5
966900,863,864.5,1.7,10,-5.5,213.3475822,51.69,863.75
967000,859.5,861,1.7,10,-5.5,213.2777263,51.7,860.25
967100,864.5,866,1.7,10,-5.5,213.7756036,51.71,865.25
967200,863.5,865,1.7,10,-5.5,213.6879719,51.72,864.25
967300,861.5,863,1.7,10,-5.5,213.4961332,51.73,862.25
967400,861.5,863,1.7,10,-5.5,213.6067721,51.74,862.25
967500,857,858.5,1.7,10,-5.5,213.472103,51.75,857.75
967600,858,859.5,1.7,10,-5.5,213.7701311,51.76,858.75
967700,853.5,855,1.7,10,-5.5,213.5000673,51.77,854.25
967800,854,855.5,1.7,10,-5.5,213.4775064,51.78,854.75
967900,854,856,1.7,10,-5.5,213.5211742,51.79,855
968000,850.5,852,1.7,10,-5.5,213.3705724,51.8,851.25
968100,850.5,852,1.7,10,-5.5,213.51003,51.81,851.25
968200,848.5,850,1.7,10,-5.5,213.177609,51.82,849.25
968300,850,851.5,1.7,10,-5.5,213.3235617,51.83,850.75
968400,850,851.5,1.7,10,-5.5,212.9603635,51.84,850.75
968500,852,853.5,1.7,10,-5.5,212.9659183,51.85,852.75
968600,852,853.5,1.7,10,-5.5,213.0227453,51.86,852.75
968700,853.5,855,1.7,10,-5.5,212.892525,51.87,854.25
968800,852.5,854,1.7,10,-5.5,212.9809529,51.88,853.25
968900,855,856.5,1.7,10,-5.5,213.084316,51.89,855.75
969000,857,858.5,1.7,10,-5.5,213.2361872,51.9,857.75
969100,854.5,856,1.7,10,-5.5,213.1763607,51.91,855.25
969200,850.5,852,1.7,10,-5.5,212.9876299,51.92,851.25
969300,851,852.5,1.7,10,-5.5,212.838781,51.93,851.75
969400,852.5,854,1.7,10,-5.5,213.1059258,51.94,853.25
969500,849.5,851,1.7,10,-5.5,212.8573479,51.95,850.25
969600,850,851.5,1.7,10,-5.5,212.8641259,51.96,850.75
969700,847,848.5,1.7,10,-5.5,212.775315,51.97,847.75
969800,842.5,844,1.7,10,-5.5,212.4191761,51.98,843.25
969900,846.5,848,1.7,10,-5.5,212.6991622,51.99,847.25
970000,847,848.5,1.7,10,-5.5,212.5914118,52,847.75
970100,847,848.5,1.7,10,-5.5,212.3966997,52.01,847.75
970200,846.5,848,1.7,10,-5.5,211.8822585,52.02,847.25
970300,847,848.5,1.7,10,-5.5,211.8610991,52.03,847.75
970400,845.5,847,1.7,10,-5.5,211.8183853,52.04,846.25
970500,846.5,848,1.7,10,-5.5,212.0203542,52.05,847.25
970600,845.5,847,1.7,10,-5.5,212.0407143,52.06,846.25
970700,846.5,848,1.7,10,-5.5,212.1285066,52.07,847.25
970800,845,846.5,1.7,10,-5.5,212.2526282,52.08,845.75
970900,843.5,845,1.7,10,-5.5,212.0781521,52.09,844.25
971000,839.5,841,1.7,10,-5.5,211.9903087,52.1,840.25
971100,840,841.5,1.7,10,-5.5,211.9138136,52.11,840.75
971200,839,840.5,1.7,10,-5.5,211.9527751,52.12,839.75
971300,838.5,840,1.7,10,-5.5,212.0652542,52.13,839.25
971400,836,837.5,1.7,10,-5.5,212.0229128,52.14,836.75
971500,835,836.5,1.7,10,-5.5,211.9455252,52.15,835.75
971600,831.5,833,1.7,10,-5.5,211.7823008,52.16,832.25
971700,831.5,833,1.7,10,-5.5,211.8062908,52.17,832.25
971800,831.5,833.5,1.7,10,-5.5,211.9255874,52.18,832.5
971900,829.5,831,1.7,10,-5.5,211.8497578,52.19,830.25
972000,828,829.5,1.7,10,-5.5,211.6773944,52.2,828.75
972100,825.5,827,1.7,10,-5.5,211.4598841,52.21,826.25
972200,823.5,825,1.7,10,-5.5,211.4488957,52.22,824.25
972300,821,822.5,1.7,10,-5.5,211.5529483,52.23,821.75
972400,822.5,824,1.7,10,-5.5,211.7747692,52.24,823.25
972500,824.5,826,1.7,10,-5.5,211.9540076,52.25,825.25
972600,823,824.5,1.7,10,-5.5,211.7313274,52.26,823.75
972700,820,821.5,1.7,10,-5.5,211.6644056,52.27,820.75
972800,817,818.5,1.7,10,-5.5,211.4370265,52.28,817.75
972900,817,819,1.7,10,-5.5,211.3312782,52.29,818
973000,814.5,816,1.7,10,-5.5,211.2606425,52.3,815.25
973100,813.5,815,1.7,10,-5.5,211.2058431,52.31,814.25
973200,812.5,814,1.7,10,-5.5,211.124997,52.32,813.25
973300,817.5,819,1.7,10,-5.5,211.2784064,52.33,818.25
973400,814,815.5,1.7,10,-5.5,211.1037751,52.34,814.75
973500,816,817.5,1.7,10,-5.5,211.1860246,52.35,816.75
973600,819.5,821,1.7,10,-5.5,211.5670507,52.36,820.25
973700,825,826.5,1.7,10,-5.5,211.9753446,52.37,825.75
973800,824,825.5,1.7,10,-5.5,211.9680638,52.38,824.75
973900,823,824.5,1.7,10,-5.5,211.8201679,52.39,823.75
974000,824.5,826,1.7,10,-5.5,211.8566485,52.4,825.25
974100,825.5,827,1.7,10,-5.5,212.2750095,52.41,826.25
974200,825.5,827,1.7,10,-5.5,212.2763956,52.42,826.25
974300,826.5,828,1.7,10,-5.5,212.5013025,52.43,827.25
974400,823,824.5,1.7,10,-5.5,212.4149145,52.44,823.75
974500,823.5,825,1.7,10,-5.5,212.5993912,52.45,824.25
974600,821,822.5,1.7,10,-5.5,212.5032712,52.46,821.75
974700,820.5,822,1.7,10,-5.5,212.4827501,52.47,821.25
974800,825,826.5,1.7,10,-5.5,212.9214085,52.48,825.75
974900,820.5,822,1.7,10,-5.5,212.6576255,52.49,821.25
975000,821,822.5,1.7,10,-5.5,212.6224515,52.5,821.75
975100,820.5,822,1.7,10,-5.5,212.5099327,52.51,821.25
975200,824,825.5,1.7,10,-5.5,212.6298478,52.52,824.75
975300,823.5,825.5,1.7,10,-5.5,212.5513644,52.53,824.5
975400,823.5,825,1.7,10,-5.5,212.2804928,52.54,824.25
975500,821.5,823,1.7,10,-5.5,212.0246668,52.55,822.25
975600,824,825.5,1.7,10,-5.5,212.1443634,52.56,824.75
975700,829,830.5,1.7,10,-5.5,212.160694,52.57,829.75
975800,829.5,831,1.7,10,-5.5,212.230306,52.58,830.25
975900,829.5,831,1.7,10,-5.5,212.1125643,52.59,830.25
976000,830.5,832,1.7,10,-5.5,212.0051973,52.6,831.25
976100,833,834.5,1.7,10,-5.5,211.9005198,52.61,833.75
976200,829.5,831,1.7,10,-5.5,211.4827715,52.62,830.25
976300,832.5,834,1.7,10,-5.5,211.5573972,52.63,833.25
976400,830.5,832,1.7,10,-5.5,211.4422284,52.64,831.25
976500,834.5,836,1.7,10,-5.5,211.6205009,52.65,835.25
976600,835,836.5,1.7,10,-5.5,211.765535,52.66,835.75
976700,837,838.5,1.7,10,-5.5,211.7972421,52.67,837.75
976800,839.5,841,1.7,10,-5.5,211.9473869,52.68,840.25
976900,841,842.5,1.7,10,-5.5,212.0690615,52.69,841.75
977000,841,842.5,1.7,10,-5.5,211.9071815,52.7,841.75
977100,838.5,840,1.7,10,-5.5,211.9240419,52.71,839.25
977200,838,840,1.7,10,-5.5,211.7481609,52.72,839
977300,841,842.5,1.7,10,-5.5,212.0240469,52.73,841.75
977400,840.5,842,1.7,10,-5.5,211.9580355,52.74,841.25
977500,844.5,846,1.7,10,-5.5,212.1094557,52.75,845.25
977600,844.5,846,1.7,10,-5.5,212.1630923,52.76,845.25
977700,847.5,849,1.7,10,-5.5,212.3736278,52.77,848.25
977800,846.5,848,1.7,10,-5.5,212.5297397,52.78,847.25
977900,849,850.5,1.7,10,-5.5,212.7263251,52.79,849.75
978000,851,852.5,1.7,10,-5.5,212.8613703,52.8,851.75
978100,847.5,849,1.7,10,-5.5,212.4937663,52.81,848.25
978200,845.5,847,1.7,10,-5.5,212.3736422,52.82,846.25
978300,843.5,845,1.7,10,-5.5,212.6778816,52.83,844.25
978400,841,842.5,1.7,10,-5.5,212.5513106,52.84,841.75
978500,842.5,844,1.7,10,-5.5,212.3515699,52.85,843.25
978600,843,844.5,1.7,10,-5.5,212.3093222,52.86,843.75
978700,839,840.5,1.7,10,-5.5,212.3085687,52.87,839.75
978800,842.5,844,1.7,10,-5.5,212.3496709,52.88,843.25
978900,840.5,842,1.7,10,-5.5,212.1640644,52.89,841.25
979000,841.5,843,1.7,10,-5.5,211.8570187,52.9,842.25
979100,840,841.5,1.7,10,-5.5,211.7836129,52.91,840.75
979200,838.5,840,1.7,10,-5.5,211.6914506,52.92,839.25
979300,833,834.5,1.7,10,-5.5,211.5722973,52.93,833.75
979400,837,838.5,1.7,10,-5.5,211.7672359,52.94,837.75
979500,838,839.5,1.7,10,-5.5,211.4306996,52.95,838.75
979600,838.5,840,1.7,10,-5.5,211.2404546,52.96,839.25
979700,840,841.5,1.7,10,-5.5,211.1426917,52.97,840.75
979800,836.5,838,1.7,10,-5.5,211.1238497,52.98,837.25
979900,836,837.5,1.7,10,-5.5,211.3791207,52.99,836.75
980000,838,839.5,1.7,10,-5.5,211.4688971,53,838.75
980100,839,840.5,1.7,10,-5.5,211.6109631,53.01,839.75
980200,833,834.5,1.7,10,-5.5,211.5758044,53.02,833.75
980300,832.5,834,1.7,10,-5.5,211.4350951,53.03,833.25
980400,832.5,834,1.7,10,-5.5,211.4912306,53.04,833.25
980500,831.5,833,1.7,10,-5.5,211.5504056,53.05,832.25
980600,828.5,830,1.7,10,-5.5,211.298084,53.06,829.25
980700,826.5,828,1.7,10,-5.5,210.7428372,53.07,827.25
980800,827,828.5,1.7,10,-5.5,210.5558859,53.08,827.75
980900,823,824.5,1.7,10,-5.5,210.4472307,53.09,823.75
981000,824.5,826,1.7,10,-5.5,210.4180517,53.1,825.25
981100,827,828.5,1.7,10,-5.5,210.5011304,53.11,827.75
981200,829,830.5,1.7,10,-5.5,210.6154941,53.12,829.75
981300,827.5,829,1.7,10,-5.5,210.286849,53.13,828.25
981400,826.5,828,1.7,10,-5.5,210.0458539,53.14,827.25
981500,822,823.5,1.7,10,-5.5,210.0091679,53.15,822.75
981600,820.5,822,1.7,10,-5.5,209.9352488,53.16,821.25
981700,822,823.5,1.7,10,-5.5,210.0536539,53.17,822.75
981800,821.5,823,1.7,10,-5.5,210.0073212,53.18,822.25
981900,822.5,824,1.7,10,-5.5,210.0358379,53.19,823.25
982000,819,820.5,1.7,10,-5.5,209.8771846,53.2,819.75
982100,815,816.5,1.7,10,-5.5,209.8179634,53.21,815.75
982200,818.5,820,1.7,10,-5.5,210.0917654,53.22,819.25
982300,817.5,819,1.7,10,-5.5,210.02214,53.23,818.25
982400,821.5,823,1.7,10,-5.5,210.2619909,53.24,822.25
982500,825,826.5,1.7,10,-5.5,210.464485,53.25,825.75
982600,827,828.5,1.7,10,-5.5,210.4272774,53.26,827.75
982700,823.5,825,1.7,10,-5.5,210.3666156,53.27,824.25
982800,822.5,824,1.7,10,-5.5,210.705524,53.28,823.25
982900,823.5,825,1.7,10,-5.5,210.7660714,53.29,824.25
983000,822.5,824,1.7,10,-5.5,210.8523651,53.3,823.25
983100,824.5,826,1.7,10,-5.5,210.8720679,53.31,825.25
983200,823,824.5,1.7,10,-5.5,210.7963007,53.32,823.75
983300,823.5,825,1.7,10,-5.5,210.7481593,53.33,824.25
983400,822.5,824,1.7,10,-5.5,210.9623709,53.34,823.25
983500,819.5,821,1.7,10,-5.5,210.77497,53.35,820.25
983600,816,817.5,1.7,10,-5.5,210.4966768,53.36,816.75
983700,819.5,821,1.7,10,-5.5,210.7390955,53.37,820.25
983800,823,824.5,1.7,10,-5.5,210.8341152,53.38,823.75
983900,826,827.5,1.7,10,-5.5,211.2901203,53.39,826.75
984000,828.5,830,1.7,10,-5.5,211.3544316,53.4,829.25
984100,827,828.5,1.7,10,-5.5,211.1111227,53.41,827.75
984200,826,827.5,1.7,10,-5.5,210.7697217,53.42,826.75
984300,826.5,828,1.7,10,-5.5,211.0208484,53.43,827.25
984400,829.5,831,1.7,10,-5.5,211.0442387,53.44,830.25
984500,829.5,831.5,1.7,10,-5.5,211.0800999,53.45,830.5
984600,831.5,833,1.7,10,-5.5,211.1688598,53.46,832.25
984700,829.5,831,1.7,10,-5.5,211.1028185,53.47,830.25
984800,831,832.5,1.7,10,-5.5,211.0207907,53.48,831.75
984900,828.5,830,1.7,10,-5.5,210.9537176,53.49,829.25
985000,827,828.5,1.7,10,-5.5,210.8003893,53.5,827.75
985100,824,825.5,1.7,10,-5.5,210.754801,53.51,824.75
985200,824.5,826,1.7,10,-5.5,210.7982822,53.52,825.25
985300,822,823.5,1.7,10,-5.5,210.4629138,53.53,822.75
985400,820,821.5,1.7,10,-5.5,210.4598549,53.54,820.75
985500,816,817.5,1.7,10,-5.5,210.4096504,53.55,816.75
985600,811,812.5,1.7,10,-5.5,210.374378,53.56,811.75
985700,812.5,814,1.7,10,-5.5,210.6889621,53.57,813.25
985800,815,816.5,1.7,10,-5.5,210.70006,53.58,815.75
985900,816,817.5,1.7,10,-5.5,210.8098409,53.59,816.75
986000,816,817.5,1.7,10,-5.5,210.6339399,53.6,816.75
986100,819.5,821,1.7,10,-5.5,210.7299657,53.61,820.25
986200,820.5,822,1.7,10,-5.5,210.9993271,53.62,821.25
986300,817.5,819,1.7,10,-5.5,210.9771195,53.63,818.25
986400,817,819,1.7,10,-5.5,210.639295,53.64,818
986500,814,815.5,1.7,10,-5.5,210.3716508,53.65,814.75
986600,815,816.5,1.7,10,-5.5,210.5379181,53.66,815.75
986700,818,819.5,1.7,10,-5.5,211.0530926,53.67,818.75
986800,813,814.5,1.7,10,-5.5,210.939194,53.68,813.75
986900,813,814.5,1.7,10,-5.5,211.0504565,53.69,813.75
987000,813,814.5,1.7,10,-5.5,211.175403,53.7,813.75
987100,812.5,814,1.7,10,-5.5,210.9055479,53.71,813.25
987200,810.5,812,1.7,10,-5.5,210.671322,53.72,811.25
987300,808,809.5,1.7,10,-5.5,210.3056278,53.73,808.75
987400,806,807.5,1.7,10,-5.5,210.1945119,53.74,806.75
987500,804.5,806,1.7,10,-5.5,210.1418635,53.75,805.25
987600,806.5,808,1.7,10,-5.5,210.2255047,53.76,807.25
987700,804,805.5,1.7,10,-5.5,210.1233373,53.77,804.75
987800,806,807.5,1.7,10,-5.5,209.7993758,53.78,806.75
987900,803.5,805,1.7,10,-5.5,209.8148623,53.79,804.25
988000,802,803.5,1.7,10,-5.5,210.0212117,53.8,802.75
988100,802,803.5,1.7,10,-5.5,210.1213416,53.81,802.75
988200,800.5,802,1.7,10,-5.5,209.9677556,53.82,801.25
988300,802,803.5,1.7,10,-5.5,209.9754269,53.83,802.75
988400,802.5,804,1.7,10,-5.5,210.003212,53.84,803.25
988500,801.5,803,1.7,10,-5.5,209.9174932,53.85,802.25
988600,804.5,806,1.7,10,-5.5,209.9754581,53.86,805.25
988700,802,803.5,1.7,10,-5.5,209.8039991,53.87,802.75
988800,803,804.5,1.7,10,-5.5,209.6849193,53.88,803.75
988900,808.5,810,1.7,10,-5.5,209.8634359,53.89,809.25
989000,803,804.5,1.7,10,-5.5,209.7911754,53.9,803.75
989100,802,803.5,1.7,10,-5.5,209.8459465,53.91,802.75
989200,798,799.5,1.7,10,-5.5,209.8411177,53.92,798.75
989300,797.5,799,1.7,10,-5.5,209.7307113,53.93,798.25
989400,794,795.5,1.7,10,-5.5,209.4882536,53.94,794.75
989500,794,796,1.7,10,-5.5,209.915475,53.95,795
989600,796.5,798,1.7,10,-5.5,209.9476585,53.96,797.25
989700,795.5,797,1.7,10,-5.5,209.9399139,53.97,796.25
989800,795,796.5,1.7,10,-5.5,209.9215839,53.98,795.75
989900,795,796.5,1.7,10,-5.5,210.0172754,53.99,795.75
990000,796.5,798,1.7,10,-5.5,210.2269256,54,797.25
990100,799,800.5,1.7,10,-5.5,210.4945412,54.01,799.75
990200,797,798.5,1.7,10,-5.5,210.3394092,54.02,797.75
990300,801.5,803,1.7,10,-5.5,210.5507819,54.03,802.25
990400,802.5,804,1.7,10,-5.5,210.7733304,54.04,803.25
990500,803.5,805,1.7,10,-5.5,210.7944621,54.05,804.25
990600,806,807.5,1.7,10,-5.5,210.850124,54.06,806.75
990700,805.5,807.5,1.7,10,-5.5,210.7050744,54.07,806.5
990800,806.5,808,1.7,10,-5.5,210.8531023,54.08,807.25
990900,807.5,809,1.7,10,-5.5,211.0455331,54.09,808.25
991000,806.5,808,1.7,10,-5.5,211.2977146,54.1,807.25
991100,807.5,809,1.7,10,-5.5,211.0738121,54.11,808.25
991200,802,803.5,1.7,10,-5.5,211.0029621,54.12,802.75
991300,801.5,803,1.7,10,-5.5,210.831237,54.13,802.25
991400,803.5,805,1.7,10,-5.5,210.8400562,54.14,804.25
991500,802.5,804,1.7,10,-5.5,210.7804156,54.15,803.25
991600,802,803.5,1.7,10,-5.5,210.5819648,54.16,802.75
991700,802.5,804,1.7,10,-5.5,210.7425805,54.17,803.25
991800,802,804,1.7,10,-5.5,210.7050819,54.18,803
991900,804,805.5,1.7,10,-5.5,210.8167675,54.19,804.75
992000,801,802.5,1.7,10,-5.5,210.6907049,54.2,801.75
992100,798,799.5,1.7,10,-5.5,210.6241985,54.21,798.75
992200,794,795.5,1.7,10,-5.5,210.3110188,54.22,794.75
992300,793.5,795,1.7,9.5,-5.5,210.3390261,54.23,794.25
992400,796.5,798,1.7,9.5,-5.5,210.606965,54.24,797.25
992500,796.5,798,1.7,9.5,-5.5,210.7807818,54.25,797.25
992600,796.5,798,1.7,9.5,-5.5,210.8443298,54.26,797.25
992700,792.5,794,1.7,9.5,-5.5,210.7904373,54.27,793.25
992800,789.5,791,1.7,9.5,-5.5,210.4812289,54.28,790.25
992900,789.5,791,1.7,9.5,-5.5,210.4549803,54.29,790.25
993000,791.5,793,1.7,9.5,-5.5,210.4954913,54.3,792.25
993100,795,796.5,1.7,9.5,-5.5,210.6665277,54.31,795.75
993200,793.5,795,1.7,9.5,-5.5,210.6236408,54.32,794.25
993300,789,790.5,1.7,9.5,-5.5,210.3453976,54.33,789.75
993400,793,794.5,1.7,9.5,-5.5,210.5678373,54.34,793.75
993500,792,793.5,1.7,9.5,-5.5,210.2138346,54.35,792.75
993600,791.5,793,1.7,9.5,-5.5,210.3885925,54.36,792.25
993700,789,790.5,1.7,9.5,-5.5,210.3653466,54.37,789.75
993800,787.5,789,1.7,9.5,-5.5,210.2331962,54.38,788.25
993900,790,791.5,1.7,9.5,-5.5,210.5316122,54.39,790.75
994000,795,796.5,1.7,9.5,-5.5,210.6218652,54.4,795.75
994100,796.5,798,1.7,9.5,-5.5,210.7158169,54.41,797.25
994200,799.5,801,1.7,9.5,-5.5,210.7468701,54.42,800.25
994300,801.5,803,1.7,9.5,-5.5,210.9525398,54.43,802.25
994400,800,801.5,1.7,9.5,-5.5,210.7689167,54.44,800.75
994500,801.5,803,1.7,9.5,-5.5,210.9996395,54.45,802.25
994600,799,800.5,1.7,9.5,-5.5,210.9551067,54.46,799.75
994700,806,807.5,1.7,9.5,-5.5,211.225714,54.47,806.75
994800,804,805.5,1.7,9.5,-5.5,211.4644547,54.48,804.75
994900,806,807.5,1.7,9.5,-5.5,211.3588807,54.49,806.75
995000,807.5,809,1.7,9.5,-5.5,211.4977506,54.5,808.25
995100,810.5,812,1.7,9.5,-5.5,211.9113295,54.51,811.25
995200,808.5,810,1.7,9.5,-5.5,211.833567,54.52,809.25
995300,808.5,810,1.7,9.5,-5.5,211.6784232,54.53,809.25
995400,807,808.5,1.7,9.5,-5.5,211.5874907,54.54,807.75
995500,806.5,808,1.7,9.5,-5.5,211.926571,54.55,807.25
995600,806.5,808,1.7,9.5,-5.5,211.6449543,54.56,807.25
995700,806.5,808.5,1.7,9.5,-5.5,211.5909676,54.57,807.5
995800,809.5,811,1.7,9.5,-5.5,211.8054164,54.58,810.25
995900,814,815.5,1.7,9.5,-5.5,211.9395647,54.59,814.75
996000,815.5,817,1.7,9.5,-5.5,212.1550806,54.6,816.25
996100,813,814.5,1.7,9.5,-5.5,212.0756297,54.61,813.75
996200,814.5,816,1.7,9.5,-5.5,212.2701816,54.62,815.25
996300,818,819.5,1.7,9.5,-5.5,212.4214624,54.63,818.75
996400,819.5,821,1.7,9.5,-5.5,212.5714254,54.64,820.25
996500,817,818.5,1.7,9.5,-5.5,212.5601432,54.65,817.75
996600,816.5,818,1.7,9.5,-5.5,212.5615274,54.66,817.25
996700,813,814.5,1.7,9.5,-5.5,212.5281499,54.67,813.75
996800,816,817.5,1.7,9.5,-5.5,212.5622437,54.68,816.75
996900,812,813.5,1.7,9.5,-5.5,212.2251753,54.69,812.75
997000,813.5,815,1.7,9.5,-5.5,212.2850588,54.7,814.25
997100,813.5,815,1.7,9.5,-5.5,212.2161389,54.71,814.25
997200,815.5,817,1.7,9.5,-5.5,212.554179,54.72,816.25
997300,816.5,818,1.7,9.5,-5.5,212.4420529,54.73,817.25
997400,817.5,819,1.7,9.5,-5.5,212.4997785,54.74,818.25
997500,815.5,817,1.7,9.5,-5.5,212.4732284,54.75,816.25
997600,814,815.5,1.7,9.5,-5.5,212.5214995,54.76,814.75
997700,815,816.5,1.7,9.5,-5.5,212.7943035,54.77,815.75
997800,810,811.5,1.7,9.5,-5.5,212.6415777,54.78,810.75
997900,806.5,808,1.7,9.5,-5.5,212.6238787,54.79,807.25
998000,803,804.5,1.7,9.5,-5.5,212.5446528,54.8,803.75
998100,804,805.5,1.7,9.5,-5.5,212.9142889,54.81,804.75
998200,801,802.5,1.7,9.5,-5.5,212.8133539,54.82,801.75
998300,798.5,800,1.7,9.5,-5.5,212.5131175,54.83,799.25
998400,801,802.5,1.7,9.5,-5.5,212.9468819,54.84,801.75
998500,804.5,806,1.7,9.5,-5.5,213.0153041,54.85,805.25
998600,802,803.5,1.7,9.5,-5.5,212.9969467,54.86,802.75
998700,804.5,806,1.7,9.5,-5.5,212.836686,54.87,805.25
998800,804.5,806,1.7,9.5,-5.5,212.7014571,54.88,805.25
998900,803.5,805,1.7,9.5,-5.5,212.6608761,54.89,804.25
999000,802,803.5,1.7,9.5,-5.5,212.4359226,54.9,802.75
999100,804.5,806,1.7,9.5,-5.5,212.5317188,54.91,805.25
999200,801,802.5,1.7,9.5,-5.5,212.2908462,54.92,801.75
999300,799,800.5,1.7,9.5,-5.5,212.1546905,54.93,799.75
999400,796,797.5,1.7,9.5,-5.5,211.9966338,54.94,796.75
999500,797.5,799,1.7,9.5,-5.5,212.1249177,54.95,798.25
999600,801.5,803,1.7,9.5,-5.5,212.14765,54.96,802.25
999700,804,805.5,1.7,9.5,-5.5,212.2020863,54.97,804.75
999800,798.5,800,1.7,9.5,-5.5,212.1127337,54.98,799.25
999900,797,798.5,1.7,9.5,-5.5,212.1741568,54.99,797.75