timestamp,bidPrice,askPrice,transportFees,exportTariff,importTariff,sugarPrice,sunlightIndex,
0,627,628.5,1,9,-3,200,60,627.75
100,630,631.5,1,9,-3,200.0984454,60,630.75
200,630,631.5,1,9,-3,200.1039148,60,630.75
300,632,633.5,1,9,-3,200.3524618,60.01,632.75
400,630.5,632,1,9,-3,200.2015446,60.01,631.25
500,634,635.5,1,9,-3,200.5331862,60.01,634.75
600,633.5,635,1,9,-3,200.5273365,60.02,634.25
700,632.5,634,1,9,-3,200.8403459,60.02,633.25
800,634,635.5,1,9,-3,200.9150882,60.02,634.75
900,632.5,634,1,9,-3,200.6624438,60.02,633.25
1000,633,634.5,1,9,-3,200.5044354,60.02,633.75
1100,634.5,636,1,9,-3,200.6643695,60.03,635.25
1200,634.5,636,1,9,-3,200.8335424,60.03,635.25
1300,632.5,634,1,9.5,-3,200.701769,60.03,633.25
1400,633.5,635,1,9.5,-3,200.9650645,60.04,634.25
1500,634.5,636,1,9.5,-3,200.9915366,60.04,635.25
1600,636.5,638,1,9.5,-3,201.226257,60.04,637.25
1700,641.5,643,1,9.5,-3,201.3688569,60.04,642.25
1800,643,644.5,1,9.5,-3,201.4394136,60.04,643.75
1900,642.5,644,1,9.5,-3,201.1060397,60.05,643.25
2000,644,645.5,1,9.5,-3,201.0934547,60.05,644.75
2100,643.5,645,1,9.5,-3,201.078263,60.05,644.25
2200,644,645.5,1,9.5,-3,200.8993863,60.06,644.75
2300,643.5,645,1,9.5,-3,200.804399,60.06,644.25
2400,646,647.5,1,9.5,-3,200.8253301,60.06,646.75
2500,650.5,652,1,9.5,-3,201.1971955,60.06,651.25
2600,652.5,654,1,9.5,-3,201.2758462,60.06,653.25
2700,652.5,654,1,9.5,-3,201.4289758,60.07,653.25
2800,656,657.5,1,9.5,-3,201.7071217,60.07,656.75
2900,660,661.5,1,9.5,-3,201.9814593,60.07,660.75
3000,655,656.5,1,9.5,-3,201.4816004,60.08,655.75
3100,655,656.5,1,9.5,-3,201.4333422,60.08,655.75
3200,656.5,658,1,9.5,-3,201.5124598,60.08,657.25
3300,659,660.5,1,9.5,-3,201.5831013,60.08,659.75
3400,663,664.5,1,9.5,-3,201.6993779,60.08,663.75
3500,665,666.5,1,9.5,-3,201.9533945,60.09,665.75
3600,664.5,666,1,9.5,-3,201.9074566,60.09,665.25
3700,667,668.5,1,9.5,-3,201.8901794,60.09,667.75
3800,665,666.5,1,9.5,-3,201.550519,60.1,665.75
3900,666,667.5,1,9.5,-3,201.553468,60.1,666.75
4000,671.5,673,1,9.5,-3,202.0029105,60.1,672.25
4100,673.5,675,1,9.5,-3,202.1259144,60.1,674.25
4200,673,674.5,1,9.5,-3,202.1702052,60.1,673.75
4300,670,671.5,1,9.5,-3,202.0088117,60.11,670.75
4400,673,674.5,1,9.5,-3,202.2724053,60.11,673.75
4500,671,672.5,1,9.5,-3,202.3126872,60.11,671.75
4600,671,672.5,1,9.5,-3,202.0938284,60.12,671.75
4700,672.5,674,1,9.5,-3,202.3337656,60.12,673.25
4800,672.5,674,1,9.5,-3,202.7305019,60.12,673.25
4900,672.5,674.5,1,9.5,-3,202.5743672,60.12,673.5
5000,669,670.5,1,9.5,-3,202.4911715,60.12,669.75
5100,668.5,670,1,9.5,-3,202.3493148,60.13,669.25
5200,668.5,670,1,9.5,-3,202.217117,60.13,669.25
5300,670.5,672,1,9.5,-3,202.3675461,60.13,671.25
5400,668.5,670,1,9.5,-3,202.338228,60.14,669.25
5500,668.5,670,1,9.5,-3,202.1885415,60.14,669.25
5600,671,672.5,1,9.5,-3,202.2403604,60.14,671.75
5700,670,671.5,1,9.5,-3,202.2203605,60.14,670.75
5800,669,670.5,1,9.5,-3,202.0049668,60.14,669.75
5900,671,672.5,1,9.5,-3,202.1532421,60.15,671.75
6000,669.5,671,1,9.5,-3,202.0633821,60.15,670.25
6100,670.5,672,1,9.5,-3,202.1118885,60.15,671.25
6200,669.5,671,1,9.5,-3,201.916647,60.16,670.25
6300,666.5,668,1,9.5,-3,201.9093124,60.16,667.25
6400,666,667.5,1,9.5,-3,201.8592995,60.16,666.75
6500,664,665.5,1,9.5,-3,201.8242527,60.16,664.75
6600,661.5,663,1,9.5,-3,201.7812087,60.16,662.25
6700,657.5,659,1,9.5,-3,201.7163404,60.17,658.25
6800,659.5,661,1,9.5,-3,202.0199588,60.17,660.25
6900,660.5,662,1,9.5,-3,202.1007339,60.17,661.25
7000,658,659.5,1,9.5,-3,202.1054599,60.18,658.75
7100,657,658.5,1,9.5,-3,201.953379,60.18,657.75
7200,654.5,656,1,9.5,-3,201.7121,60.18,655.25
7300,653.5,655,1,9.5,-3,201.6999451,60.18,654.25
7400,651,652.5,1,9.5,-3,201.60404,60.18,651.75
7500,653,654.5,1,9.5,-3,201.7535245,60.19,653.75
7600,651.5,653,1,9.5,-3,201.6761958,60.19,652.25
7700,651.5,653,1,9.5,-3,201.6195278,60.19,652.25
7800,652,653.5,1,9.5,-3,201.8175127,60.2,652.75
7900,649,650.5,1,9.5,-3,201.7441317,60.2,649.75
8000,645.5,647,1,9.5,-3,201.6919248,60.2,646.25
8100,648,649.5,1,9.5,-3,201.8282212,60.2,648.75
8200,643.5,645,1,9.5,-3,201.5566733,60.2,644.25
8300,648,649.5,1,9.5,-3,201.7614683,60.21,648.75
8400,646.5,648,1,9.5,-3,201.6277673,60.21,647.25
8500,643,644.5,1,9.5,-3,201.4650274,60.21,643.75
8600,639.5,641,1,9.5,-3,201.4397834,60.22,640.25
8700,639.5,641,1,9.5,-3,201.397478,60.22,640.25
8800,636.5,638,1,9.5,-3,201.0821303,60.22,637.25
8900,636,637.5,1,9.5,-3,200.9042339,60.22,636.75
9000,635,636.5,1,9.5,-3,200.7670526,60.22,635.75
9100,636.5,638,1,9.5,-3,200.8964586,60.23,637.25
9200,637,638.5,1,9.5,-3,200.9502622,60.23,637.75
9300,636.5,638,1,9.5,-3,200.8875582,60.23,637.25
9400,637,638.5,1,9.5,-3,201.0662172,60.24,637.75
9500,637,638.5,1,9.5,-3,201.3512244,60.24,637.75
9600,633,634.5,1,9.5,-3,201.030677,60.24,633.75
9700,630.5,632,1,9.5,-3,200.774187,60.24,631.25
9800,632,633.5,1,9.5,-3,200.7280403,60.24,632.75
9900,627.5,629,1,9.5,-3,200.5391621,60.25,628.25
10000,627.5,629,1,9.5,-3,200.5162913,60.25,628.25
10100,627,628.5,1,9.5,-3,200.2698192,60.25,627.75
10200,625.5,627,1,9.5,-3,200.1148064,60.26,626.25
10300,624,625.5,1,9.5,-3,200.1245438,60.26,624.75
10400,628.5,630,1,9.5,-3,200.2643671,60.26,629.25
10500,625,626.5,1,9.5,-3,199.8987342,60.26,625.75
10600,625,626.5,1,9.5,-3,199.5853477,60.26,625.75
10700,626.5,628,1,9.5,-3,199.4563614,60.27,627.25
10800,624.5,626,1,9.5,-3,199.2634534,60.27,625.25
10900,622.5,624,1,9.5,-3,198.8999596,60.27,623.25
11000,625,626.5,1,9.5,-3,198.6761188,60.28,625.75
11100,622.5,624,1,9.5,-3,198.5130641,60.28,623.25
11200,623.5,625,1,9.5,-3,198.3450938,60.28,624.25
11300,621,622.5,1,9.5,-3,198.2626115,60.28,621.75
11400,621.5,623,1,9.5,-3,198.2097924,60.28,622.25
11500,622.5,624,1,9.5,-3,198.5803995,60.29,623.25
11600,625,626.5,1,9.5,-3,198.7081364,60.29,625.75
11700,621,622.5,1,9.5,-3,198.4906929,60.29,621.75
11800,619,620.5,1,9.5,-3,198.3441639,60.3,619.75
11900,622,623.5,1,9.5,-3,198.7517315,60.3,622.75
12000,625.5,627,1,9.5,-3,198.768909,60.3,626.25
12100,627,628.5,1,9.5,-3,199.0155414,60.3,627.75
12200,627.5,629,1,9.5,-3,199.0465288,60.3,628.25
12300,629.5,631,1,9.5,-3,199.2224555,60.31,630.25
12400,626,627.5,1,9.5,-3,199.1238353,60.31,626.75
12500,623.5,625,1,9.5,-3,198.8885646,60.31,624.25
12600,621,622.5,1,9.5,-3,199.0148932,60.32,621.75
12700,620,621.5,1,9.5,-3,198.9672297,60.32,620.75
12800,618.5,620,1,9.5,-3,198.7050893,60.32,619.25
12900,617.5,619,1,9.5,-3,198.6900698,60.32,618.25
13000,618,619.5,1,9.5,-3,198.9549862,60.32,618.75
13100,619,620.5,1,9.5,-3,199.0304978,60.33,619.75
13200,617,618.5,1,9.5,-3,199.0130177,60.33,617.75
13300,618,619.5,1,9.5,-3,198.8641823,60.33,618.75
13400,618.5,620,1,9.5,-3,198.9798906,60.34,619.25
13500,620.5,622,1,9.5,-3,198.9904448,60.34,621.25
13600,621.5,623,1,9.5,-3,199.2387636,60.34,622.25
13700,623.5,625,1,9.5,-3,199.2671001,60.34,624.25
13800,624,625.5,1,9.5,-3,199.2925307,60.34,624.75
13900,625,626.5,1,9.5,-3,199.3780458,60.35,625.75
14000,628,629.5,1,9.5,-3,199.550641,60.35,628.75
14100,625.5,627,1,9.5,-3,199.1637803,60.35,626.25
14200,624.5,626,1,9.5,-3,199.2244499,60.36,625.25
14300,625.5,627,1,9.5,-3,199.1764321,60.36,626.25
14400,627.5,629,1,9.5,-3,199.4832725,60.36,628.25
14500,632,633.5,1,9.5,-3,199.6411126,60.36,632.75
14600,632,633.5,1,9.5,-3,199.4760709,60.36,632.75
14700,628.5,630,1,9.5,-3,199.3878735,60.37,629.25
14800,626.5,628,1,9.5,-3,199.3794464,60.37,627.25
14900,629,630.5,1,9.5,-3,199.6536006,60.37,629.75
15000,631.5,633,1,9.5,-3,199.9380892,60.38,632.25
15100,629,630.5,1,9.5,-3,199.8882607,60.38,629.75
15200,629.5,631,1,9.5,-3,199.8700968,60.38,630.25
15300,628,629.5,1,9.5,-3,199.7104755,60.38,628.75
15400,627,628.5,1,9.5,-3,199.6445379,60.38,627.75
15500,629.5,631,1,9.5,-3,199.8771317,60.39,630.25
15600,628.5,630,1,9.5,-3,199.6419586,60.39,629.25
15700,628,629.5,1,9.5,-3,199.6284527,60.39,628.75
15800,623,624.5,1,9.5,-3,199.4269636,60.4,623.75
15900,623.5,625,1,9.5,-3,199.2998633,60.4,624.25
16000,622.5,624,1,9.5,-3,199.1616351,60.4,623.25
16100,620,621.5,1,9.5,-3,199.0727188,60.4,620.75
16200,621.5,623,1,9.5,-3,199.1045606,60.4,622.25
16300,625,626.5,1,9.5,-3,199.3392114,60.41,625.75
16400,620.5,622,1,9.5,-3,198.9130178,60.41,621.25
16500,620,621.5,1,9.5,-3,198.7198574,60.41,620.75
16600,620,621.5,1,9.5,-3,198.9208701,60.42,620.75
16700,618,619.5,1,9.5,-3,198.870615,60.42,618.75
16800,620,621.5,1,9.5,-3,199.008858,60.42,620.75
16900,618,619.5,1,9.5,-3,198.881546,60.42,618.75
17000,618.5,620,1,9.5,-3,198.8194829,60.42,619.25
17100,617,618.5,1,9.5,-3,198.7889671,60.43,617.75
17200,612.5,614,1,9.5,-3,198.5912907,60.43,613.25
17300,614,615.5,1,9.5,-3,198.6151798,60.43,614.75
17400,614,615.5,1,9.5,-3,198.5245622,60.44,614.75
17500,612.5,614,1,9.5,-3,198.6420533,60.44,613.25
17600,610.5,612,1,9.5,-3,198.5986095,60.44,611.25
17700,610.5,612.5,1,9.5,-3,198.60796,60.44,611.5
17800,614.5,616,1,9.5,-3,198.6700481,60.44,615.25
17900,610.5,612,1,9.5,-3,198.4129125,60.45,611.25
18000,610.5,612,1,9.5,-3,198.1686083,60.45,611.25
18100,611,612.5,1,9.5,-3,198.296384,60.45,611.75
18200,611,612.5,1,9.5,-3,198.1287647,60.46,611.75
18300,612.5,614,1,9.5,-3,198.4697556,60.46,613.25
18400,613.5,615,1,9.5,-3,198.6098349,60.46,614.25
18500,617,618.5,1,9.5,-3,198.7204109,60.46,617.75
18600,615.5,617,1,9.5,-3,198.5695487,60.46,616.25
18700,616,617.5,1,9.5,-3,198.8102472,60.47,616.75
18800,618,619.5,1,9.5,-3,199.2879493,60.47,618.75
18900,611,612.5,1,9.5,-3,199.241027,60.47,611.75
19000,612,613.5,1,9.5,-3,199.5457241,60.48,612.75
19100,614,615.5,1,9.5,-3,199.5668238,60.48,614.75
19200,616.5,618,1,9.5,-3,199.6615573,60.48,617.25
19300,616,617.5,1,9.5,-3,199.5831742,60.48,616.75
19400,615,616.5,1,9.5,-3,199.6685194,60.48,615.75
19500,615.5,617,1,9.5,-3,199.6413552,60.49,616.25
19600,617.5,619,1,9.5,-3,199.7653751,60.49,618.25
19700,618.5,620,1,9.5,-3,199.7901726,60.49,619.25
19800,619,620.5,1,9.5,-3,199.8944181,60.5,619.75
19900,614,615.5,1,9.5,-3,199.8818685,60.5,614.75
20000,615.5,617,1,9.5,-3,199.9841394,60.5,616.25
20100,618,619.5,1,9.5,-3,200.191513,60.5,618.75
20200,619,620.5,1,9.5,-3,200.3788849,60.5,619.75
20300,619.5,621,1,9.5,-3,200.4433552,60.51,620.25
20400,618,619.5,1,9.5,-3,200.3103115,60.51,618.75
20500,615.5,617,1,9.5,-3,200.2917416,60.51,616.25
20600,615.5,617,1,9.5,-3,200.2833069,60.52,616.25
20700,616.5,618,1,9.5,-3,200.0188682,60.52,617.25
20800,616.5,618.5,1,9.5,-3,199.7016417,60.52,617.5
20900,621,622.5,1,9.5,-3,199.7863472,60.52,621.75
21000,618,619.5,1,9.5,-3,199.88589,60.52,618.75
21100,619.5,621,1,9.5,-3,200.0455986,60.53,620.25
21200,619,620.5,1,9.5,-3,199.8165744,60.53,619.75
21300,618.5,620,1,9.5,-3,199.9074512,60.53,619.25
21400,621.5,623,1,9.5,-3,199.9757414,60.54,622.25
21500,622,623.5,1,9.5,-3,200.2215511,60.54,622.75
21600,618.5,620,1,9.5,-3,199.9908838,60.54,619.25
21700,616.5,618,1,9.5,-3,199.87904,60.54,617.25
21800,621.5,623,1,9.5,-3,199.9894309,60.54,622.25
21900,622,623.5,1,9.5,-3,199.9774643,60.55,622.75
22000,621,622.5,1,9.5,-3,199.6822011,60.55,621.75
22100,618.5,620,1,9.5,-3,199.5305735,60.55,619.25
22200,617.5,619,1,9.5,-3,199.7216824,60.56,618.25
22300,616,617.5,1,9.5,-3,199.540654,60.56,616.75
22400,611,612.5,1,9.5,-3,199.458437,60.56,611.75
22500,613.5,615,1,9.5,-3,199.4823895,60.56,614.25
22600,620,621.5,1,9.5,-3,199.5913112,60.56,620.75
22700,621.5,623,1,9.5,-3,199.3214301,60.57,622.25
22800,623.5,625,1,9.5,-3,199.3517873,60.57,624.25
22900,622.5,624,1,9.5,-3,199.2596488,60.57,623.25
23000,619,620.5,1,9.5,-3,199.207634,60.58,619.75
23100,618,619.5,1,9.5,-3,199.1621888,60.58,618.75
23200,617,618.5,1,9.5,-3,199.2254973,60.58,617.75
23300,622.5,624,1,9.5,-3,199.3635323,60.58,623.25
23400,621.5,623,1,9.5,-3,199.3144905,60.58,622.25
23500,618.5,620,1,9.5,-3,199.475061,60.59,619.25
23600,617.5,619,1,9.5,-3,199.2930616,60.59,618.25
23700,616,617.5,1,9.5,-3,199.3398837,60.59,616.75
23800,614,615.5,1,9.5,-3,199.1429898,60.6,614.75
23900,612.5,614,1,9.5,-3,199.2777497,60.6,613.25
24000,610.5,612,1,9.5,-3,199.1135629,60.6,611.25
24100,608.5,610,1,9.5,-3,198.7684712,60.6,609.25
24200,610,611.5,1,9.5,-3,198.9064744,60.6,610.75
24300,612,613.5,1,9.5,-3,199.2679368,60.61,612.75
24400,611,612.5,1,9.5,-3,199.2516379,60.61,611.75
24500,606.5,608,1,9.5,-3,198.9806658,60.61,607.25
24600,604,605.5,1,9.5,-3,198.7359176,60.62,604.75
24700,601.5,603,1,9.5,-3,198.7398017,60.62,602.25
24800,598.5,600,1,9.5,-3,198.6073374,60.62,599.25
24900,599,600.5,1,9.5,-3,198.722888,60.62,599.75
25000,598,599.5,1,9.5,-3,198.7805267,60.62,598.75
25100,602,603.5,1,9.5,-3,199.0591938,60.63,602.75
25200,602.5,604,1,9.5,-3,198.8995691,60.63,603.25
25300,605,606.5,1,9.5,-3,199.0720452,60.63,605.75
25400,602,603.5,1,9.5,-3,198.9643477,60.64,602.75
25500,605,606.5,1,9.5,-3,199.2251244,60.64,605.75
25600,606.5,608,1,9.5,-3,199.2918793,60.64,607.25
25700,607.5,609,1,9.5,-3,199.3504796,60.64,608.25
25800,604.5,606,1,9.5,-3,199.0183469,60.64,605.25
25900,604.5,606.5,1,9.5,-3,198.9776707,60.65,605.5
26000,604.5,606.5,1,9.5,-3,198.8472011,60.65,605.5
26100,605,606.5,1,9.5,-3,198.7835269,60.65,605.75
26200,604,605.5,1,9.5,-3,198.9840426,60.66,604.75
26300,607.5,609,1,9.5,-3,199.4120435,60.66,608.25
26400,604.5,606,1,9.5,-3,199.3832668,60.66,605.25
26500,606.5,608,1,9.5,-3,199.8087604,60.66,607.25
26600,605,606.5,1,9.5,-3,199.720645,60.66,605.75
26700,604,605.5,1,9.5,-3,200.0109016,60.67,604.75
26800,602.5,604,1,9.5,-3,200.1115156,60.67,603.25
26900,600,601.5,1,9.5,-3,199.9829627,60.67,600.75
27000,596.5,598,1,9.5,-3,199.8194425,60.68,597.25
27100,598.5,600,1,9.5,-3,199.8873998,60.68,599.25
27200,599.5,601,1,9.5,-3,199.9163148,60.68,600.25
27300,599,600.5,1,9.5,-3,199.9807702,60.68,599.75
27400,600.5,602,1,9.5,-3,199.8860492,60.68,601.25
27500,600.5,602,1,9.5,-3,199.909715,60.69,601.25
27600,600,601.5,1,9.5,-3,200.0379611,60.69,600.75
27700,600,601.5,1,9.5,-3,199.6785392,60.69,600.75
27800,598,599.5,1,9.5,-3,199.4128512,60.7,598.75
27900,599,600.5,1,9.5,-3,199.5697991,60.7,599.75
28000,600.5,602,1,9.5,-3,199.5249105,60.7,601.25
28100,604.5,606,1,9.5,-3,199.7246303,60.7,605.25
28200,601.5,603,1,9.5,-3,199.4931195,60.7,602.25
28300,604,605.5,1,9.5,-3,199.6442083,60.71,604.75
28400,605.5,607,1,9.5,-3,199.7031921,60.71,606.25
28500,608.5,610,1,9.5,-3,199.81915,60.71,609.25
28600,612,613.5,1,9.5,-3,199.9836423,60.72,612.75
28700,609,610.5,1,9.5,-3,199.9315193,60.72,609.75
28800,610,611.5,1,9.5,-3,199.8014665,60.72,610.75
28900,609.5,611,1,9.5,-3,199.830997,60.72,610.25
29000,613.5,615,1,9.5,-3,200.0692058,60.72,614.25
29100,610.5,612,1,9.5,-3,199.8964554,60.73,611.25
29200,611,612.5,1,9.5,-3,199.6435141,60.73,611.75
29300,608,609.5,1,9.5,-3,199.4805376,60.73,608.75
29400,604.5,606,1,9.5,-3,199.1487349,60.74,605.25
29500,601.5,603,1,9.5,-3,198.9252173,60.74,602.25
29600,605.5,607,1,9.5,-3,199.1454352,60.74,606.25
29700,605.5,607,1,9.5,-3,199.3984151,60.74,606.25
29800,602.5,604,1,9.5,-3,199.2927064,60.74,603.25
29900,601,602.5,1,9.5,-3,199.1470846,60.75,601.75
30000,601,602.5,1,9.5,-3,199.0173844,60.75,601.75
30100,602.5,604,1,9.5,-3,199.0709929,60.75,603.25
30200,603,604.5,1,9.5,-3,199.4548452,60.76,603.75
30300,602,603.5,1,9.5,-3,199.2946651,60.76,602.75
30400,602.5,604,1,9.5,-3,198.9485887,60.76,603.25
30500,601.5,603,1,9.5,-3,198.9309115,60.76,602.25
30600,598,599.5,1,9.5,-3,198.7627379,60.76,598.75
30700,595.5,597,1,9.5,-3,198.5531645,60.77,596.25
30800,594,595.5,1,9.5,-3,198.2971532,60.77,594.75
30900,589.5,591,1,9.5,-3,198.0105225,60.77,590.25
31000,586.5,588,1,9.5,-3,197.9631617,60.78,587.25
31100,583,584.5,1,9.5,-3,197.9070857,60.78,583.75
31200,583,585,1,9.5,-3,197.8759211,60.78,584
31300,583,585,1,9.5,-3,197.6734081,60.78,584
31400,586.5,588,1,9.5,-3,197.7490464,60.78,587.25
31500,585.5,587,1,9.5,-3,197.7667246,60.79,586.25
31600,590,591.5,1,9.5,-3,198.2263638,60.79,590.75
31700,590,591.5,1,9.5,-3,198.2380834,60.79,590.75
31800,591.5,593,1,9.5,-3,198.4962387,60.8,592.25
31900,594.5,596,1,9.5,-3,198.6656885,60.8,595.25
32000,597,598.5,1,9.5,-3,198.7675671,60.8,597.75
32100,594,595.5,1,9.5,-3,198.6308068,60.8,594.75
32200,592.5,594,1,9.5,-3,198.4547774,60.8,593.25
32300,591,592.5,1,9.5,-3,198.2199487,60.81,591.75
32400,591,592.5,1,9.5,-3,198.2551255,60.81,591.75
32500,595,596.5,1,9.5,-3,198.3560755,60.81,595.75
32600,593.5,595,1,9.5,-3,198.3559512,60.82,594.25
32700,591.5,593,1,9.5,-3,198.3041064,60.82,592.25
32800,592.5,594,1,9.5,-3,198.3579818,60.82,593.25
32900,593,594.5,1,9.5,-3,198.0485365,60.82,593.75
33000,590.5,592,1,9.5,-3,198.0240195,60.82,591.25
33100,589,590.5,1,9.5,-3,197.5935047,60.83,589.75
33200,591,592.5,1,9.5,-3,197.9100951,60.83,591.75
33300,592.5,594,1,9.5,-3,197.9099487,60.83,593.25
33400,594.5,596,1,9.5,-3,197.8953718,60.84,595.25
33500,592.5,594,1,9.5,-3,197.8833309,60.84,593.25
33600,592,593.5,1,9.5,-3,197.6369992,60.84,592.75
33700,590.5,592,1,9.5,-3,197.6544585,60.84,591.25
33800,589.5,591,1,9.5,-3,197.7488757,60.84,590.25
33900,587,588.5,1,9.5,-3,197.7328589,60.85,587.75
34000,582,583.5,1,9.5,-3,197.5689992,60.85,582.75
34100,582,583.5,1,9.5,-3,197.7762158,60.85,582.75
34200,583,584.5,1,9.5,-3,198.1066687,60.86,583.75
34300,584.5,586,1,9.5,-3,198.177376,60.86,585.25
34400,582,583.5,1,9.5,-3,198.1043253,60.86,582.75
34500,584,585.5,1,9.5,-3,198.1663063,60.86,584.75
34600,581,582.5,1,9.5,-3,198.1349346,60.86,581.75
34700,578,579.5,1,9.5,-3,197.9550658,60.87,578.75
34800,578.5,580,1,9.5,-3,197.8625949,60.87,579.25
34900,581,582.5,1,9.5,-3,197.8689643,60.87,581.75
35000,578,579.5,1,9.5,-3,197.9607836,60.88,578.75
35100,579.5,581,1,9.5,-3,198.1568716,60.88,580.25
35200,580.5,582,1,9.5,-3,198.459827,60.88,581.25
35300,580.5,582.5,1,9.5,-3,198.6495958,60.88,581.5
35400,584.5,586,1,9.5,-3,199.098495,60.88,585.25
35500,584,585.5,1,9.5,-3,198.738091,60.89,584.75
35600,581.5,583,1,9.5,-3,198.6610756,60.89,582.25
35700,582,583.5,1,9.5,-3,198.6042633,60.89,582.75
35800,581.5,583,1,9.5,-3,198.5196527,60.9,582.25
35900,581.5,583,1,9.5,-3,198.6016057,60.9,582.25
36000,580,581.5,1,9.5,-3,198.4692578,60.9,580.75
36100,577.5,579,1,9.5,-3,198.4012898,60.9,578.25
36200,574.5,576,1,9.5,-3,198.1074361,60.9,575.25
36300,572.5,574,1,9.5,-3,197.8891426,60.91,573.25
36400,574,575.5,1,9.5,-3,197.757991,60.91,574.75
36500,574.5,576,1,9.5,-3,198.0612875,60.91,575.25
36600,576.5,578,1,9.5,-3,198.1104942,60.92,577.25
36700,579,580.5,1,9.5,-3,198.3031367,60.92,579.75
36800,579,580.5,1,9.5,-3,198.2318534,60.92,579.75
36900,580.5,582,1,9.5,-3,198.1932166,60.92,581.25
37000,583,584.5,1,9.5,-3,198.2143949,60.92,583.75
37100,582,583.5,1,9.5,-3,198.0647966,60.93,582.75
37200,581,582.5,1,9.5,-3,198.1367528,60.93,581.75
37300,578.5,580,1,9.5,-3,198.1044742,60.93,579.25
37400,581.5,583,1,9.5,-3,198.2947586,60.94,582.25
37500,582.5,584,1,9.5,-3,198.4288985,60.94,583.25
37600,587.5,589,1,9.5,-3,198.5719193,60.94,588.25
37700,587,588.5,1,9.5,-3,198.6327882,60.94,587.75
37800,584.5,586,1,9.5,-3,198.5193252,60.94,585.25
37900,584,585.5,1,9.5,-3,198.4922973,60.95,584.75
38000,585,586.5,1,9.5,-3,198.6430572,60.95,585.75
38100,584.5,586,1,9.5,-3,198.4962198,60.95,585.25
38200,583.5,585,1,9.5,-3,198.5568407,60.96,584.25
38300,584.5,586,1,9.5,-3,198.6142917,60.96,585.25
38400,586.5,588,1,9.5,-3,198.9074893,60.96,587.25
38500,589.5,591,1,9.5,-3,199.3277181,60.96,590.25
38600,593.5,595,1,9.5,-3,199.6161021,60.96,594.25
38700,593.5,595,1,9.5,-3,199.4024999,60.97,594.25
38800,595,596.5,1,9.5,-3,199.4441384,60.97,595.75
38900,594.5,596,1,9.5,-3,199.638465,60.97,595.25
39000,591.5,593,1,9.5,-3,199.5024422,60.98,592.25
39100,589,590.5,1,9.5,-3,199.3572823,60.98,589.75
39200,591.5,593,1,9.5,-3,199.5598391,60.98,592.25
39300,590,591.5,1,9.5,-3,199.4525571,60.98,590.75
39400,591,592.5,1,9.5,-3,199.6796922,60.98,591.75
39500,593,594.5,1,9.5,-3,199.6896843,60.99,593.75
39600,590.5,592,1,9.5,-3,199.8574434,60.99,591.25
39700,584.5,586,1,9.5,-3,199.6595634,60.99,585.25
39800,584.5,586,1,9.5,-3,199.7176575,61,585.25
39900,580.5,582,1,9.5,-3,199.6905778,61,581.25
40000,582,583.5,1,9.5,-3,199.6658642,61,582.75
40100,580.5,582,1,9.5,-3,199.4582184,61,581.25
40200,583.5,585,1,9.5,-3,199.5338677,61,584.25
40300,579.5,581,1,9.5,-3,199.0690399,61.01,580.25
40400,579.5,581,1,9.5,-3,198.9454821,61.01,580.25
40500,577,578.5,1,9.5,-3,198.9031234,61.01,577.75
40600,572.5,574,1,9.5,-3,198.5333469,61.02,573.25
40700,576,577.5,1,9.5,-3,198.7460517,61.02,576.75
40800,580,581.5,1,9.5,-3,198.9058465,61.02,580.75
40900,578.5,580,1,9.5,-3,198.7966443,61.02,579.25
41000,579.5,581,1,9.5,-3,199.0916965,61.02,580.25
41100,581.5,583,1,9.5,-3,199.1090874,61.03,582.25
41200,579,580.5,1,9.5,-3,199.0316041,61.03,579.75
41300,581.5,583,1,9.5,-3,199.203531,61.03,582.25
41400,583,584.5,1,9.5,-3,199.1261728,61.04,583.75
41500,578,579.5,1,9.5,-3,198.8890078,61.04,578.75
41600,576.5,578,1,9.5,-3,198.8547076,61.04,577.25
41700,577.5,579,1,9.5,-3,198.9203933,61.04,578.25
41800,578,579.5,1,9.5,-3,199.2306731,61.04,578.75
41900,577.5,579,1,9.5,-3,198.8734468,61.05,578.25
42000,576,577.5,1,9.5,-3,198.6572786,61.05,576.75
42100,577.5,579,1,9.5,-3,198.6651016,61.05,578.25
42200,578,579.5,1,9.5,-3,198.7908793,61.06,578.75
42300,579.5,581,1,9.5,-3,198.7954733,61.06,580.25
42400,577.5,579,1,9.5,-3,198.4203013,61.06,578.25
42500,576.5,578,1,9.5,-3,198.4698439,61.06,577.25
42600,580,581.5,1,9.5,-3,198.8161051,61.06,580.75
42700,580,581.5,1,9.5,-3,198.8348267,61.07,580.75
42800,581,582.5,1,9.5,-3,199.0599457,61.07,581.75
42900,578.5,580,1,9.5,-3,198.981217,61.07,579.25
43000,575.5,577,1,9.5,-3,198.8258076,61.08,576.25
43100,573.5,575,1,9.5,-3,198.8890183,61.08,574.25
43200,573.5,575,1,9.5,-3,198.9453203,61.08,574.25
43300,574,575.5,1,9.5,-3,199.240342,61.08,574.75
43400,575.5,577,1,9.5,-3,199.2570659,61.08,576.25
43500,579,580.5,1,9.5,-3,199.3759462,61.09,579.75
43600,574.5,576,1,9.5,-3,199.317457,61.09,575.25
43700,575,576.5,1,9.5,-3,199.5676232,61.09,575.75
43800,576,577.5,1,9.5,-3,199.6785513,61.1,576.75
43900,572,573.5,1,9.5,-3,199.6179631,61.1,572.75
44000,573,574.5,1,9.5,-3,199.8459464,61.1,573.75
44100,571,572.5,1,9.5,-3,199.5997783,61.1,571.75
44200,573,574.5,1,9.5,-3,199.8504832,61.1,573.75
44300,570.5,572,1,9.5,-3,199.6197814,61.11,571.25
44400,577,578.5,1,9.5,-3,199.7085266,61.11,577.75
44500,573.5,575,1,9.5,-3,199.4532629,61.11,574.25
44600,575,576.5,1,9.5,-3,199.4217807,61.12,575.75
44700,570,571.5,1,9.5,-3,199.0452495,61.12,570.75
44800,571.5,573,1,9.5,-3,199.2415615,61.12,572.25
44900,567.5,569,1,9.5,-3,199.23901,61.12,568.25
45000,570.5,572,1,9.5,-3,199.5306981,61.12,571.25
45100,573.5,575,1,9.5,-3,199.8863885,61.13,574.25
45200,573,575,1,9.5,-3,199.8370651,61.13,574
45300,576,577.5,1,9.5,-3,200.2654701,61.13,576.75
45400,577.5,579,1,9.5,-3,200.525526,61.14,578.25
45500,579,580.5,1,9.5,-3,200.6238791,61.14,579.75
45600,578.5,580,1,9.5,-3,200.5645084,61.14,579.25
45700,580.5,582,1,9.5,-3,200.6136266,61.14,581.25
45800,579,580.5,1,9.5,-3,200.2895935,61.14,579.75
45900,577.5,579,1,9.5,-3,200.3220931,61.15,578.25
46000,575.5,577,1,9.5,-3,200.2534161,61.15,576.25
46100,577.5,579,1,9.5,-3,200.3426581,61.15,578.25
46200,579.5,581,1,9.5,-3,200.5954049,61.16,580.25
46300,580,581.5,1,9.5,-3,200.4401853,61.16,580.75
46400,578.5,580,1,9.5,-3,200.0113767,61.16,579.25
46500,582.5,584,1,9.5,-3,200.1638779,61.16,583.25
46600,582,583.5,1,9.5,-3,200.1300293,61.16,582.75
46700,587.5,589,1,9.5,-3,200.216963,61.17,588.25
46800,589,590.5,1,9.5,-3,200.4947771,61.17,589.75
46900,588,589.5,1,9.5,-3,200.1543824,61.17,588.75
47000,590,591.5,1,9.5,-3,200.2467792,61.18,590.75
47100,588.5,590,1,9.5,-3,200.1593785,61.18,589.25
47200,587.5,589,1,9.5,-3,200.3493596,61.18,588.25
47300,581.5,583,1,9.5,-3,200.2527126,61.18,582.25
47400,583,584.5,1,9.5,-3,200.4179931,61.18,583.75
47500,583,584.5,1,9.5,-3,200.09012,61.19,583.75
47600,583.5,585,1,9.5,-3,199.958218,61.19,584.25
47700,580.5,582,1,9.5,-3,200.0113057,61.19,581.25
47800,583,584.5,1,9.5,-3,200.1713632,61.2,583.75
47900,580.5,582,1,9.5,-3,200.0072592,61.2,581.25
48000,578.5,580,1,9.5,-3,199.8156448,61.2,579.25
48100,578.5,580,1,9.5,-3,199.8200486,61.2,579.25
48200,581,582.5,1,9.5,-3,200.1539815,61.2,581.75
48300,578.5,580,1,9.5,-3,199.9603538,61.21,579.25
48400,576.5,578,1,9.5,-3,199.7785451,61.21,577.25
48500,575.5,577,1,9.5,-3,199.8116541,61.21,576.25
48600,574.5,576,1,9.5,-3,199.6132461,61.22,575.25
48700,578,579.5,1,9.5,-3,199.613374,61.22,578.75
48800,578.5,580,1,9.5,-3,200.0120958,61.22,579.25
48900,581.5,583,1,9.5,-3,200.1370134,61.22,582.25
49000,586,587.5,1,9.5,-3,200.4094338,61.22,586.75
49100,587.5,589,1,9.5,-3,200.6555397,61.23,588.25
49200,589,590.5,1,9.5,-3,200.5416553,61.23,589.75
49300,589,590.5,1,9.5,-3,200.1135866,61.23,589.75
49400,588.5,590,1,9.5,-3,200.0561723,61.24,589.25
49500,589.5,591,1,9.5,-3,199.9247403,61.24,590.25
49600,587,588.5,1,9.5,-3,199.4741184,61.24,587.75
49700,586,587.5,1,9.5,-3,199.2728196,61.24,586.75
49800,585.5,587,1,9.5,-3,199.0894683,61.24,586.25
49900,586.5,588,1,9.5,-3,198.9567739,61.25,587.25
50000,586.5,588,1,9.5,-3,198.6045265,61.25,587.25
50100,585,586.5,1,9.5,-3,198.3711837,61.25,585.75
50200,585,586.5,1,9.5,-3,197.976338,61.26,585.75
50300,586,587.5,1,9.5,-3,197.8744174,61.26,586.75
50400,590,591.5,1,9.5,-3,197.8805002,61.26,590.75
50500,589,590.5,1,9.5,-3,197.7512502,61.26,589.75
50600,590,591.5,1,9.5,-3,197.8739339,61.26,590.75
50700,585,586.5,1,9.5,-3,197.637298,61.27,585.75
50800,584.5,586,1,9.5,-3,197.6971169,61.27,585.25
50900,584.5,586,1,9.5,-3,197.944326,61.27,585.25
51000,581.5,583,1,9.5,-3,197.657572,61.28,582.25
51100,581,582.5,1,9.5,-3,197.5483421,61.28,581.75
51200,581,582.5,1,9.5,-3,197.5927611,61.28,581.75
51300,582,583.5,1,9.5,-3,197.6078154,61.28,582.75
51400,586,587.5,1,9.5,-3,197.7526214,61.28,586.75
51500,584.5,586,1,9.5,-3,197.4924439,61.29,585.25
51600,583.5,585,1,9.5,-3,197.4615255,61.29,584.25
51700,584.5,586,1,9.5,-3,197.6054819,61.29,585.25
51800,586.5,588,1,9.5,-3,197.7157512,61.3,587.25
51900,585.5,587,1,9.5,-3,197.64084,61.3,586.25
52000,585,586.5,1,9.5,-3,197.4302353,61.3,585.75
52100,586.5,588,1,9.5,-3,197.4905949,61.3,587.25
52200,586.5,588.5,1,9.5,-3,197.2018998,61.3,587.5
52300,583,584.5,1,9.5,-3,197.0570094,61.31,583.75
52400,582,583.5,1,9.5,-3,197.0172825,61.31,582.75
52500,587.5,589,1,9.5,-3,197.034998,61.31,588.25
52600,586.5,588,1,9.5,-3,197.155605,61.32,587.25
52700,588,589.5,1,9.5,-3,197.2761719,61.32,588.75
52800,586,587.5,1,9.5,-3,197.4790719,61.32,586.75
52900,583.5,585,1,9.5,-3,197.1741793,61.32,584.25
53000,586,587.5,1,9.5,-3,197.3501056,61.32,586.75
53100,588.5,590,1,9.5,-3,197.3936585,61.33,589.25
53200,587,588.5,1,9.5,-3,197.3416594,61.33,587.75
53300,586.5,588,1,9.5,-3,197.2214848,61.33,587.25
53400,587.5,589,1,9.5,-3,197.5300244,61.34,588.25
53500,586.5,588,1,9.5,-3,197.4130186,61.34,587.25
53600,588,589.5,1,9.5,-3,197.372532,61.34,588.75
53700,586.5,588,1,9.5,-3,197.1160021,61.34,587.25
53800,588,589.5,1,9.5,-3,197.2660398,61.34,588.75
53900,587,588.5,1,9.5,-3,197.1487518,61.35,587.75
54000,589.5,591,1,9.5,-3,197.308452,61.35,590.25
54100,586,587.5,1,9.5,-3,197.0979474,61.35,586.75
54200,587.5,589,1,9.5,-3,197.2404563,61.36,588.25
54300,586.5,588,1,9.5,-3,197.2859327,61.36,587.25
54400,586,587.5,1,9.5,-3,197.2082718,61.36,586.75
54500,586.5,588,1,9.5,-3,197.2413977,61.36,587.25
54600,588,589.5,1,9.5,-3,197.4336353,61.36,588.75
54700,590,591.5,1,9.5,-3,197.1005755,61.37,590.75
54800,588.5,590,1,9,-3,196.8967498,61.37,589.25
54900,588.5,590.5,1,9,-3,196.8860061,61.37,589.5
55000,583,584.5,1,9,-3,196.7921325,61.38,583.75
55100,585.5,587,1,9,-3,196.967993,61.38,586.25
55200,583.5,585,1,9,-3,196.6183546,61.38,584.25
55300,585,586.5,1,9,-3,196.3863897,61.38,585.75
55400,581,582.5,1,9,-3,196.2238426,61.38,581.75
55500,578,579.5,1,9,-3,195.9187357,61.39,578.75
55600,579.5,581,1,9,-3,196.0219257,61.39,580.25
55700,580,581.5,1,9,-3,196.1174747,61.39,580.75
55800,580,581.5,1,9,-3,195.8067717,61.4,580.75
55900,581.5,583,1,9,-3,195.899671,61.4,582.25
56000,580.5,582,1,9,-3,195.5699817,61.4,581.25
56100,579.5,581,1,9,-3,195.5527705,61.4,580.25
56200,582.5,584,1,9,-3,195.7666456,61.4,583.25
56300,586.5,588,1,9,-3,196.1075889,61.41,587.25
56400,584,585.5,1,9,-3,196.2029391,61.41,584.75
56500,587,588.5,1,9,-3,196.451899,61.41,587.75
56600,590.5,592,1,9,-3,196.7505217,61.42,591.25
56700,588,589.5,1,9,-3,196.5082215,61.42,588.75
56800,587,588.5,1,9,-3,196.2793033,61.42,587.75
56900,589,590.5,1,9,-3,196.2936041,61.42,589.75
57000,592,593.5,1,9,-3,196.5352249,61.42,592.75
57100,591,592.5,1,9,-3,196.2925605,61.43,591.75
57200,591.5,593,1,9,-3,196.2499659,61.43,592.25
57300,594,595.5,1,9,-3,196.5119712,61.43,594.75
57400,595,596.5,1,9,-3,196.6615022,61.44,595.75
57500,597,598.5,1,9,-3,196.4700222,61.44,597.75
57600,597.5,599,1,9,-3,196.5169955,61.44,598.25
57700,600.5,602,1,9,-3,196.5595625,61.44,601.25
57800,597.5,599,1,9,-3,196.3897457,61.44,598.25
57900,599,600.5,1,9,-3,196.3374494,61.45,599.75
58000,599,600.5,1,9,-3,196.4156181,61.45,599.75
58100,600.5,602,1,9,-3,196.5718227,61.45,601.25
58200,596.5,598,1,9,-3,196.2118034,61.46,597.25
58300,596,597.5,1,9,-3,196.0326507,61.46,596.75
58400,596.5,598,1,9,-3,195.8423931,61.46,597.25
58500,595,596.5,1,9,-3,195.6832886,61.46,595.75
58600,595,596.5,1,9,-3,195.7487446,61.46,595.75
58700,599,600.5,1,9,-3,196.0236722,61.47,599.75
58800,602.5,604,1,9,-3,196.2894473,61.47,603.25
58900,601.5,603,1,9,-3,196.3129137,61.47,602.25
59000,601,602.5,1,9,-3,196.4815928,61.48,601.75
59100,598,599.5,1,9,-3,196.4177812,61.48,598.75
59200,598.5,600,1,9,-3,196.6910018,61.48,599.25
59300,597.5,599,1,9,-3,196.4657881,61.48,598.25
59400,596,597.5,1,9,-3,196.4162716,61.48,596.75
59500,599,600.5,1,9,-3,196.7381352,61.49,599.75
59600,601.5,603,1,9,-3,196.7756606,61.49,602.25
59700,600.5,602,1,9,-3,196.9330097,61.49,601.25
59800,597.5,599,1,9,-3,196.7719789,61.5,598.25
59900,595.5,597,1,9,-3,196.3348663,61.5,596.25
60000,596,597.5,1,9,-3,196.6089889,61.5,596.75
60100,593,594.5,1,9,-3,196.4679338,61.5,593.75
60200,594,595.5,1,9,-3,196.4719969,61.5,594.75
60300,593,594.5,1,9,-3,196.3807221,61.51,593.75
60400,591.5,593,1,9,-3,196.2646594,61.51,592.25
60500,591,592.5,1,9,-3,195.9613946,61.51,591.75
60600,590,591.5,1,9,-3,195.9440648,61.52,590.75
60700,593,594.5,1,9,-3,195.9999294,61.52,593.75
60800,596,597.5,1,9,-3,196.2044505,61.52,596.75
60900,599,600.5,1,9,-3,196.3043167,61.52,599.75
61000,600,601.5,1,9,-3,196.4522404,61.52,600.75
61100,602.5,604,1,9,-3,196.5924519,61.53,603.25
61200,602,603.5,1,9,-3,196.5008152,61.53,602.75
61300,602,603.5,1,9,-3,196.2291384,61.53,602.75
61400,600.5,602,1,9,-3,196.0577984,61.54,601.25
61500,601,602.5,1,9,-3,196.28632,61.54,601.75
61600,599.5,601,1,9,-3,196.2599787,61.54,600.25
61700,596.5,598,1,9,-3,196.0849374,61.54,597.25
61800,599,600.5,1,9,-3,196.1914268,61.54,599.75
61900,597,598.5,1,9,-3,196.0171391,61.55,597.75
62000,593.5,595,1,9,-3,195.9830199,61.55,594.25
62100,596.5,598,1,9,-3,196.0755669,61.55,597.25
62200,596,597.5,1,9,-3,196.0982145,61.56,596.75
62300,595,596.5,1,9,-3,195.8894522,61.56,595.75
62400,597.5,599,1,9,-3,195.9182696,61.56,598.25
62500,596.5,598,1,9,-3,196.10726,61.56,597.25
62600,601,602.5,1,9,-3,196.4938372,61.56,601.75
62700,602,603.5,1,9,-3,196.6671632,61.57,602.75
62800,605.5,607,1,9,-3,196.7625971,61.57,606.25
62900,604,605.5,1,9,-3,196.6452898,61.57,604.75
63000,599.5,601,1,9,-3,196.533874,61.58,600.25
63100,601.5,603,1,9,-3,196.9231053,61.58,602.25
63200,600,601.5,1,9,-3,196.8223253,61.58,600.75
63300,598.5,600,1,9,-3,196.626032,61.58,599.25
63400,596.5,598,1,9,-3,196.4130784,61.58,597.25
63500,594.5,596,1,9,-3,196.1468033,61.59,595.25
63600,597.5,599,1,9,-3,196.6280338,61.59,598.25
63700,601,602.5,1,9,-3,196.8977664,61.59,601.75
63800,598.5,600,1,9,-3,196.665832,61.6,599.25
63900,597,598.5,1,9,-3,196.6006762,61.6,597.75
64000,598.5,600,1,9,-3,196.6861092,61.6,599.25
64100,600,601.5,1,9,-3,196.8286197,61.6,600.75
64200,602.5,604,1,9,-3,197.2221048,61.6,603.25
64300,599.5,601,1,9,-3,196.9885909,61.61,600.25
64400,599.5,601,1,9,-3,196.9105449,61.61,600.25
64500,602,603.5,1,9,-3,197.0055345,61.61,602.75
64600,605,606.5,1,9,-3,197.0591854,61.62,605.75
64700,608.5,610,1,9,-3,197.0845986,61.62,609.25
64800,609,610.5,1,9,-3,197.1322657,61.62,609.75
64900,611.5,613,1,9,-3,197.2596624,61.62,612.25
65000,613.5,615,1,9,-3,197.3912616,61.62,614.25
65100,612.5,614,1,9,-3,197.2562398,61.63,613.25
65200,614,615.5,1,9,-3,197.2747351,61.63,614.75
65300,616,617.5,1,9,-3,197.1986459,61.63,616.75
65400,617,618.5,1,9,-3,197.390285,61.64,617.75
65500,621,622.5,1,9,-3,197.4859484,61.64,621.75
65600,618.5,620,1,9,-3,197.4485598,61.64,619.25
65700,617,618.5,1,9,-3,197.5327972,61.64,617.75
65800,619.5,621,1,9,-3,197.546258,61.64,620.25
65900,619,620.5,1,9,-3,197.3832758,61.65,619.75
66000,618.5,620,1,9,-3,197.2747818,61.65,619.25
66100,618.5,620,1,9,-3,197.3752436,61.65,619.25
66200,621.5,623,1,9,-3,197.4593808,61.66,622.25
66300,618,619.5,1,9,-3,197.1265841,61.66,618.75
66400,615.5,617,1,9,-3,197.0869797,61.66,616.25
66500,615,616.5,1,9,-3,196.6786422,61.66,615.75
66600,611.5,613,1,9,-3,196.5516433,61.66,612.25
66700,607.5,609,1,9,-3,196.5236933,61.67,608.25
66800,607.5,609,1,9,-3,196.6544398,61.67,608.25
66900,610,611.5,1,9,-3,196.6449717,61.67,610.75
67000,611.5,613,1,9,-3,196.6528668,61.68,612.25
67100,617,618.5,1,9,-3,196.7645919,61.68,617.75
67200,616,617.5,1,9,-3,196.7660223,61.68,616.75
67300,622,623.5,1,9,-3,196.8569119,61.68,622.75
67400,625.5,627,1,9,-3,197.0433423,61.68,626.25
67500,628.5,630,1,9,-3,197.0821803,61.69,629.25
67600,624.5,626,1,9,-3,197.0725651,61.69,625.25
67700,622.5,624,1,9,-3,197.40667,61.69,623.25
67800,619.5,621,1,9,-3,197.1221755,61.7,620.25
67900,621,622.5,1,9,-3,197.4847031,61.7,621.75
68000,623,624.5,1,9,-3,197.5493426,61.7,623.75
68100,620.5,622,1,9,-3,197.3321871,61.7,621.25
68200,619,620.5,1,9,-3,197.2055235,61.7,619.75
68300,620,621.5,1,9,-3,197.4372836,61.71,620.75
68400,621,622.5,1,9,-3,197.5254112,61.71,621.75
68500,617,618.5,1,9,-3,197.3944209,61.71,617.75
68600,619.5,621,1,9,-3,197.6136053,61.72,620.25
68700,617.5,619,1,9,-3,197.58643,61.72,618.25
68800,620,621.5,1,9,-3,197.6086142,61.72,620.75
68900,619,620.5,1,9,-3,197.3800161,61.72,619.75
69000,616,617.5,1,9,-3,197.2677658,61.72,616.75
69100,612,613.5,1,9,-3,197.2224067,61.73,612.75
69200,609,610.5,1,9,-3,197.0272198,61.73,609.75
69300,608.5,610.5,1,9,-3,197.1587479,61.73,609.5
69400,605.5,607,1,9,-3,196.9578271,61.74,606.25
69500,603.5,605,1,9,-3,196.8063548,61.74,604.25
69600,604,605.5,1,9,-3,196.7342836,61.74,604.75
69700,600.5,602,1,9,-3,196.6181147,61.74,601.25
69800,598.5,600,1,9,-3,196.4020806,61.74,599.25
69900,597,598.5,1,9,-3,196.4015638,61.75,597.75
70000,593,594.5,1,9,-3,196.3496016,61.75,593.75
70100,595,596.5,1,9,-3,196.4789434,61.75,595.75
70200,597.5,599,1,9,-3,196.6183326,61.76,598.25
70300,597,598.5,1,9,-3,196.4483174,61.76,597.75
70400,598.5,600,1,9,-3,196.4099799,61.76,599.25
70500,602.5,604,1,9,-3,196.208233,61.76,603.25
70600,602,603.5,1,9,-3,196.172733,61.76,602.75
70700,603,604.5,1,9,-3,195.8920837,61.77,603.75
70800,601.5,603,1,9,-3,195.867927,61.77,602.25
70900,601.5,603,1,9,-3,195.9328741,61.77,602.25
71000,600.5,602,1,9,-3,195.8705055,61.78,601.25
71100,600,601.5,1,9,-3,196.0134001,61.78,600.75
71200,601,602.5,1,9,-3,195.9616024,61.78,601.75
71300,599,600.5,1,9,-3,195.9227884,61.78,599.75
71400,595.5,597,1,9,-3,195.974791,61.78,596.25
71500,594.5,596,1,9,-3,195.9209479,61.79,595.25
71600,591.5,593,1,9,-3,195.8957394,61.79,592.25
71700,595,596.5,1,9,-3,195.9681208,61.79,595.75
71800,598,599.5,1,9,-3,196.1204947,61.8,598.75
71900,597,598.5,1,9,-3,196.3733029,61.8,597.75
72000,599,600.5,1,9,-3,196.5825558,61.8,599.75
72100,604,605.5,1,9,-3,196.8532467,61.8,604.75
72200,602,603.5,1,9,-3,196.6314184,61.8,602.75
72300,605,606.5,1,9,-3,196.6512275,61.81,605.75
72400,605.5,607,1,9,-3,197.1156756,61.81,606.25
72500,604,605.5,1,9,-3,197.1225809,61.81,604.75
72600,601,602.5,1,9,-3,197.0213928,61.82,601.75
72700,602.5,604,1,9,-3,197.0396164,61.82,603.25
72800,602,603.5,1,9,-3,196.965538,61.82,602.75
72900,600,601.5,1,9,-3,196.8676806,61.82,600.75
73000,602.5,604,1,9,-3,196.9993397,61.82,603.25
73100,601,602.5,1,9,-3,196.786862,61.83,601.75
73200,600,601.5,1,9,-3,196.7953076,61.83,600.75
73300,605,606.5,1,9,-3,196.8219236,61.83,605.75
73400,605.5,607,1,9,-3,196.5682025,61.84,606.25
73500,603,604.5,1,9,-3,196.5473856,61.84,603.75
73600,602.5,604,1,9,-3,196.4103483,61.84,603.25
73700,602,603.5,1,9,-3,196.5225129,61.84,602.75
73800,603.5,605,1,9,-3,196.491419,61.84,604.25
73900,602,603.5,1,9,-3,196.4040525,61.85,602.75
74000,601,602.5,1,9,-3,196.3939546,61.85,601.75
74100,603,604.5,1,9,-3,196.5172593,61.85,603.75
74200,604.5,606,1,9,-3,196.6115084,61.86,605.25
74300,603.5,605,1,9,-3,196.6183365,61.86,604.25
74400,606.5,608,1,9,-3,196.7991503,61.86,607.25
74500,605.5,607,1,9,-3,196.7600131,61.86,606.25
74600,600,601.5,1,9,-3,196.6627471,61.86,600.75
74700,600,601.5,1,9,-3,196.8709596,61.87,600.75
74800,601.5,603,1,9,-3,196.9213827,61.87,602.25
74900,599,600.5,1,9,-3,196.7487433,61.87,599.75
75000,601.5,603,1,9,-3,196.9087494,61.88,602.25
75100,605,606.5,1,9,-3,197.1142606,61.88,605.75
75200,601.5,603,1,9,-3,197.1018159,61.88,602.25
75300,607.5,609,1,9,-3,197.5520815,61.88,608.25
75400,605.5,607,1,9,-3,197.5437336,61.88,606.25
75500,605,606.5,1,9,-3,197.8068952,61.89,605.75
75600,606,607.5,1,9,-3,198.2014916,61.89,606.75
75700,610.5,612,1,9,-3,198.5311558,61.89,611.25
75800,610.5,612,1,9,-3,198.3102423,61.9,611.25
75900,611.5,613,1,9,-3,198.3121081,61.9,612.25
76000,613,614.5,1,9,-3,198.3237597,61.9,613.75
76100,611,612.5,1,9,-3,198.302851,61.9,611.75
76200,613,614.5,1,9,-3,198.5014165,61.9,613.75
76300,616,617.5,1,9,-3,198.5245418,61.91,616.75
76400,614.5,616,1,9,-3,198.2118332,61.91,615.25
76500,611,612.5,1,9,-3,198.1328045,61.91,611.75
76600,608.5,610,1,9,-3,197.9635272,61.92,609.25
76700,609.5,611,1,9,-3,198.3764485,61.92,610.25
76800,608.5,610,1,9,-3,198.4762157,61.92,609.25
76900,609.5,611,1,9,-3,198.6347332,61.92,610.25
77000,611.5,613,1,9,-3,198.7667952,61.92,612.25
77100,615,616.5,1,9,-3,199.1101443,61.93,615.75
77200,617.5,619,1,9,-3,199.1823536,61.93,618.25
77300,619,620.5,1,9,-3,199.1324371,61.93,619.75
77400,619.5,621,1,9,-3,199.0622702,61.94,620.25
77500,620.5,622,1,9,-3,198.9531738,61.94,621.25
77600,620,622,1,9,-3,198.7257944,61.94,621
77700,624.5,626,1,9,-3,198.8246547,61.94,625.25
77800,623.5,625,1,9,-3,198.5211869,61.94,624.25
77900,623.5,625.5,1,9,-3,198.3648856,61.95,624.5
78000,625.5,627,1,9,-3,198.4361659,61.95,626.25
78100,626.5,628,1,9,-3,198.6165864,61.95,627.25
78200,626,628,1,9,-3,198.5832951,61.96,627
78300,629.5,631,1,9,-3,198.9317791,61.96,630.25
78400,631,632.5,1,9,-3,199.1206932,61.96,631.75
78500,625.5,627,1,9,-3,199.0398392,61.96,626.25
78600,622.5,624,1,9,-3,198.9563123,61.96,623.25
78700,627,628.5,1,9,-3,199.0563028,61.97,627.75
78800,632,633.5,1,9,-3,199.2402973,61.97,632.75
78900,629.5,631,1,9,-3,199.0692742,61.97,630.25
79000,631,632.5,1,9,-3,199.2890094,61.98,631.75
79100,629,630.5,1,9,-3,198.9349898,61.98,629.75
79200,629,631,1,9,-3,198.8873294,61.98,630
79300,632.5,634,1,9,-3,199.2032209,61.98,633.25
79400,629.5,631,1,9,-3,198.9288725,61.98,630.25
79500,630.5,632,1,9,-3,199.0029869,61.99,631.25
79600,630.5,632,1,9,-3,198.6678064,61.99,631.25
79700,631,632.5,1,9,-3,198.7700985,61.99,631.75
79800,629,630.5,1,9,-3,198.5893392,62,629.75
79900,628,629.5,1,9,-3,198.3034251,62,628.75
80000,631,632.5,1,9,-3,198.3540486,62,631.75
80100,633.5,635,1,9,-3,198.4375257,62,634.25
80200,636.5,638,1,9,-3,198.6412009,62,637.25
80300,633,634.5,1,9,-3,198.0823945,62.01,633.75
80400,630,631.5,1,9,-3,198.0800704,62.01,630.75
80500,633,634.5,1,9,-3,198.23622,62.01,633.75
80600,635,636.5,1,9,-3,198.41962,62.02,635.75
80700,635,636.5,1,9,-3,198.5154376,62.02,635.75
80800,639.5,641,1,9,-3,198.6978848,62.02,640.25
80900,639.5,641,1,9.5,-3,198.7475556,62.02,640.25
81000,639.5,641.5,1,9.5,-3,198.8119681,62.02,640.5
81100,635.5,637,1,9.5,-3,198.5000974,62.03,636.25
81200,635,636.5,1,9.5,-3,198.3355577,62.03,635.75
81300,633.5,635,1,9.5,-3,197.9151469,62.03,634.25
81400,632.5,634,1,9.5,-3,197.7954154,62.04,633.25
81500,635,636.5,1,9.5,-3,197.5573834,62.04,635.75
81600,633,634.5,1,9.5,-3,197.2323842,62.04,633.75
81700,633,634.5,1,9.5,-3,197.1924634,62.04,633.75
81800,632.5,634.5,1,9.5,-3,197.2362663,62.04,633.5
81900,631.5,633,1,9.5,-3,197.2444127,62.05,632.25
82000,628,629.5,1,9.5,-3,196.897475,62.05,628.75
82100,631,632.5,1,9.5,-3,197.0641313,62.05,631.75
82200,630,631.5,1,9.5,-3,196.8817306,62.06,630.75
82300,632.5,634,1,9.5,-3,197.1158415,62.06,633.25
82400,634,635.5,1,9.5,-3,197.2453088,62.06,634.75
82500,638.5,640,1,9.5,-3,197.3573148,62.06,639.25
82600,641.5,643,1,9.5,-3,197.902679,62.06,642.25
82700,641.5,643.5,1,9.5,-3,198.143286,62.07,642.5
82800,642.5,644,1,9.5,-3,198.0511254,62.07,643.25
82900,640,641.5,1,9.5,-3,197.6805649,62.07,640.75
83000,644.5,646,1,9.5,-3,197.7993224,62.08,645.25
83100,644.5,646,1,9.5,-3,197.9749273,62.08,645.25
83200,641,642.5,1,9.5,-3,197.5433525,62.08,641.75
83300,644.5,646,1,9.5,-3,197.6386473,62.08,645.25
83400,644.5,646,1,9.5,-3,197.67312,62.08,645.25
83500,643.5,645,1,9.5,-3,197.5292196,62.09,644.25
83600,647.5,649,1,9.5,-3,197.8084309,62.09,648.25
83700,652,653.5,1,9.5,-3,197.8632577,62.09,652.75
83800,651.5,653,1,9.5,-3,197.7138062,62.1,652.25
83900,654.5,656,1,9.5,-3,197.8602238,62.1,655.25
84000,655.5,657,1,9.5,-3,197.9166789,62.1,656.25
84100,657.5,659,1,9.5,-3,198.0305818,62.1,658.25
84200,657,658.5,1,9.5,-3,197.8964937,62.1,657.75
84300,654,655.5,1,9.5,-3,197.8243898,62.11,654.75
84400,653.5,655.5,1,9.5,-3,197.5217939,62.11,654.5
84500,653,654.5,1,9.5,-3,197.4573655,62.11,653.75
84600,652,653.5,1,9.5,-3,197.4960134,62.12,652.75
84700,650.5,652,1,9.5,-3,197.4822179,62.12,651.25
84800,651.5,653,1,9.5,-3,197.5661301,62.12,652.25
84900,649,650.5,1,9.5,-3,197.49131,62.12,649.75
85000,642,643.5,1,9.5,-3,197.0448217,62.12,642.75
85100,643,644.5,1,9.5,-3,197.0900142,62.13,643.75
85200,650.5,652,1,9.5,-3,197.1856071,62.13,651.25
85300,653,654.5,1,9.5,-3,197.2551224,62.13,653.75
85400,657.5,659,1,9.5,-3,197.470931,62.14,658.25
85500,656,657.5,1,9.5,-3,197.2985167,62.14,656.75
85600,654.5,656,1,9.5,-3,197.2072519,62.14,655.25
85700,655.5,657,1,9.5,-3,197.4820532,62.14,656.25
85800,654,655.5,1,9.5,-3,197.4785563,62.14,654.75
85900,656,657.5,1,9.5,-3,197.5464622,62.15,656.75
86000,655.5,657,1,9.5,-3,197.7123556,62.15,656.25
86100,654.5,656,1,9.5,-3,197.5406763,62.15,655.25
86200,652.5,654,1,9.5,-3,197.490164,62.16,653.25
86300,653,654.5,1,9.5,-3,197.5759331,62.16,653.75
86400,656.5,658,1,9.5,-3,197.6721532,62.16,657.25
86500,653.5,655,1,9.5,-3,197.635472,62.16,654.25
86600,651.5,653,1,9.5,-3,197.7150535,62.16,652.25
86700,652,653.5,1,9.5,-3,197.650133,62.17,652.75
86800,652,653.5,1,9.5,-3,197.7454256,62.17,652.75
86900,649,650.5,1,9.5,-3,197.5890959,62.17,649.75
87000,649,650.5,1,9.5,-3,197.7509927,62.18,649.75
87100,653,654.5,1,9.5,-3,197.9286484,62.18,653.75
87200,653,654.5,1,9.5,-3,197.7730799,62.18,653.75
87300,650,651.5,1,9.5,-3,197.7051096,62.18,650.75
87400,648,649.5,1,9.5,-3,197.6331412,62.18,648.75
87500,650,651.5,1,9.5,-3,197.622745,62.19,650.75
87600,651,652.5,1,9.5,-3,197.7575626,62.19,651.75
87700,648.5,650,1,9.5,-3,197.785461,62.19,649.25
87800,650,651.5,1,9.5,-3,197.9360395,62.2,650.75
87900,647,648.5,1,9.5,-3,197.8364341,62.2,647.75
88000,645.5,647,1,9.5,-3,197.8116947,62.2,646.25
88100,645.5,647,1,9.5,-3,197.8323073,62.2,646.25
88200,645.5,647,1,9.5,-3,197.8042397,62.2,646.25
88300,648,649.5,1,9.5,-3,198.0577111,62.21,648.75
88400,648.5,650,1,9.5,-3,198.4389,62.21,649.25
88500,643,644.5,1,9.5,-3,198.2995757,62.21,643.75
88600,644,645.5,1,9.5,-3,198.3710865,62.22,644.75
88700,645,646.5,1,9.5,-3,198.4492162,62.22,645.75
88800,644,645.5,1,9.5,-3,198.3289745,62.22,644.75
88900,646,647.5,1,9.5,-3,198.6271969,62.22,646.75
89000,649.5,651,1,9.5,-3,198.7842291,62.22,650.25
89100,648,649.5,1,9.5,-3,198.5830207,62.23,648.75
89200,647.5,649,1,9.5,-3,198.5324057,62.23,648.25
89300,648,649.5,1,9.5,-3,198.5124097,62.23,648.75
89400,643.5,645,1,9.5,-3,198.3205131,62.24,644.25
89500,640,641.5,1,9.5,-3,198.0370804,62.24,640.75
89600,640,642,1,9.5,-3,198.0519665,62.24,641
89700,642.5,644,1,9.5,-3,198.1332945,62.24,643.25
89800,647.5,649,1,9.5,-3,198.2383231,62.24,648.25
89900,644.5,646,1,9.5,-3,198.1385515,62.25,645.25
90000,650.5,652,1,9.5,-3,198.5794038,62.25,651.25
90100,649,650.5,1,9.5,-3,198.395761,62.25,649.75
90200,649,650.5,1,9.5,-3,198.3440282,62.26,649.75
90300,645,646.5,1,9.5,-3,198.0380658,62.26,645.75
90400,642,643.5,1,9.5,-3,197.8617804,62.26,642.75
90500,644.5,646,1,9.5,-3,197.8814342,62.26,645.25
90600,643,644.5,1,9.5,-3,197.9604849,62.26,643.75
90700,642.5,644,1,9.5,-3,197.6933241,62.27,643.25
90800,645,646.5,1,9.5,-3,197.7567403,62.27,645.75
90900,644,645.5,1,9.5,-3,197.8624949,62.27,644.75
91000,645.5,647,1,9.5,-3,198.0362529,62.28,646.25
91100,641.5,643,1,9.5,-3,197.6398971,62.28,642.25
91200,644,645.5,1,9.5,-3,197.7233681,62.28,644.75
91300,641.5,643,1,9.5,-3,197.6179048,62.28,642.25
91400,640.5,642,1,9.5,-3,197.7025877,62.28,641.25
91500,642,643.5,1,9.5,-3,197.6862217,62.29,642.75
91600,649,650.5,1,9.5,-3,197.9047735,62.29,649.75
91700,645.5,647,1,9.5,-3,197.7358972,62.29,646.25
91800,644.5,646,1,9.5,-3,197.5784979,62.3,645.25
91900,648,649.5,1,9.5,-3,197.7327008,62.3,648.75
92000,651.5,653,1,9.5,-3,198.0430521,62.3,652.25
92100,650.5,652,1,9.5,-3,198.0403473,62.3,651.25
92200,653,654.5,1,9.5,-3,198.0770112,62.3,653.75
92300,654.5,656,1,9.5,-3,198.4297201,62.31,655.25
92400,655,656.5,1,9.5,-3,197.9054319,62.31,655.75
92500,657.5,659,1,9.5,-3,197.8669801,62.31,658.25
92600,656,657.5,1,9.5,-3,197.8487915,62.32,656.75
92700,660,661.5,1,9.5,-3,198.1822279,62.32,660.75
92800,659.5,661,1,9.5,-3,198.0740726,62.32,660.25
92900,655.5,657,1,9.5,-3,197.8560418,62.32,656.25
93000,652,653.5,1,9.5,-3,197.8545204,62.32,652.75
93100,648,649.5,1,9.5,-3,197.851016,62.33,648.75
93200,645.5,647,1,9.5,-3,197.4554066,62.33,646.25
93300,644,645.5,1,9.5,-3,197.3618114,62.33,644.75
93400,648.5,650,1,9.5,-3,197.8400209,62.34,649.25
93500,647,648.5,1,9.5,-3,197.9131489,62.34,647.75
93600,645.5,647,1,9.5,-3,197.6940434,62.34,646.25
93700,646,647.5,1,9.5,-3,197.8307572,62.34,646.75
93800,644,645.5,1,9.5,-3,197.8191128,62.34,644.75
93900,637.5,639,1,9.5,-3,197.6746936,62.35,638.25
94000,637,638.5,1,9.5,-3,197.6071634,62.35,637.75
94100,635,636.5,1,9.5,-3,197.2464997,62.35,635.75
94200,636.5,638,1,9.5,-3,197.2798312,62.36,637.25
94300,635.5,637,1,9.5,-3,197.2795766,62.36,636.25
94400,632.5,634,1,9.5,-3,197.1469383,62.36,633.25
94500,633,634.5,1,9.5,-3,197.1785755,62.36,633.75
94600,631.5,633,1,9.5,-3,197.1236906,62.36,632.25
94700,633,634.5,1,9.5,-3,197.4195569,62.37,633.75
94800,633.5,635,1,9.5,-3,197.3823272,62.37,634.25
94900,634.5,636,1,9.5,-3,197.1810707,62.37,635.25
95000,633,634.5,1,9.5,-3,197.1447789,62.38,633.75
95100,629.5,631,1,9.5,-3,197.1314443,62.38,630.25
95200,629.5,631.5,1,9.5,-3,197.2680993,62.38,630.5
95300,634.5,636,1,9.5,-3,197.3918607,62.38,635.25
95400,636.5,638,1,9.5,-3,197.3222921,62.38,637.25
95500,638.5,640,1,9.5,-3,197.3376002,62.39,639.25
95600,639,640.5,1,9.5,-3,197.3349349,62.39,639.75
95700,642.5,644,1,9.5,-3,197.4299112,62.39,643.25
95800,642,643.5,1,9.5,-3,197.291138,62.4,642.75
95900,637,638.5,1,9.5,-3,197.037506,62.4,637.75
96000,637,638.5,1,9.5,-3,197.0316824,62.4,637.75
96100,641,642.5,1,9.5,-3,197.3931234,62.4,641.75
96200,641,642.5,1,9.5,-3,197.4940567,62.4,641.75
96300,640.5,642,1,9.5,-3,197.2250658,62.41,641.25
96400,637,638.5,1,9.5,-3,197.0736193,62.41,637.75
96500,641.5,643,1,9.5,-3,197.2520785,62.41,642.25
96600,643,644.5,1,9.5,-3,197.4589138,62.42,643.75
96700,638.5,640,1,9.5,-3,197.1089741,62.42,639.25
96800,637,638.5,1,9.5,-3,197.0672878,62.42,637.75
96900,639,640.5,1,9.5,-3,197.2463332,62.42,639.75
97000,638.5,640,1,9.5,-3,197.0421539,62.42,639.25
97100,640.5,642,1,9.5,-3,197.1075953,62.43,641.25
97200,637.5,639,1,9.5,-3,196.9696267,62.43,638.25
97300,639.5,641,1,9.5,-3,197.0212682,62.43,640.25
97400,636.5,638,1,9.5,-3,196.8412786,62.44,637.25
97500,639,640.5,1,9.5,-3,196.9201885,62.44,639.75
97600,639,640.5,1,9.5,-3,197.0903524,62.44,639.75
97700,635,636.5,1,9.5,-3,197.0107109,62.44,635.75
97800,636,637.5,1,9.5,-3,197.1489609,62.44,636.75
97900,633.5,635,1,9.5,-3,197.1187742,62.45,634.25
98000,632,633.5,1,9.5,-3,196.8870963,62.45,632.75
98100,632,633.5,1,9.5,-3,196.918084,62.45,632.75
98200,633.5,635,1,9.5,-3,196.936144,62.46,634.25
98300,637.5,639,1,9.5,-3,197.1547862,62.46,638.25
98400,635.5,637,1,9.5,-3,197.2241353,62.46,636.25
98500,635.5,637,1,9.5,-3,197.066811,62.46,636.25
98600,635,636.5,1,9.5,-3,196.9330211,62.46,635.75
98700,638,639.5,1,9.5,-3,197.0428222,62.47,638.75
98800,638,640,1,9.5,-3,197.2088364,62.47,639
98900,640,641.5,1,9.5,-3,197.3449453,62.47,640.75
99000,638,639.5,1,9.5,-3,197.46525,62.48,638.75
99100,637.5,639,1,9.5,-3,197.2333259,62.48,638.25
99200,632,633.5,1,9.5,-3,196.9256681,62.48,632.75
99300,629,630.5,1,9.5,-3,196.7865496,62.48,629.75
99400,630.5,632,1,9.5,-3,196.7973104,62.48,631.25
99500,630,632,1,9.5,-3,197.0579725,62.49,631
99600,628.5,630,1,9.5,-3,196.7482466,62.49,629.25
99700,628,629.5,1,9.5,-3,196.4710513,62.49,628.75
99800,628,629.5,1,9.5,-3,196.5150748,62.5,628.75
99900,624.5,626,1,9.5,-3,196.3771347,62.5,625.25
100000,623,624.5,1,9.5,-3,196.2432049,62.5,623.75
100100,624.5,626,1,9.5,-3,196.5796406,62.5,625.25
100200,630,631.5,1,9.5,-3,197.2018349,62.5,630.75
100300,628,629.5,1,9.5,-3,197.0255449,62.51,628.75
100400,632,633.5,1,9.5,-3,197.184229,62.51,632.75
100500,632,633.5,1,9.5,-3,197.1102829,62.51,632.75
100600,630.5,632,1,9.5,-3,196.7523204,62.52,631.25
100700,633,634.5,1,9.5,-3,197.0441595,62.52,633.75
100800,632.5,634,1,9.5,-3,196.8925231,62.52,633.25
100900,636.5,638,1,9.5,-3,197.0525157,62.52,637.25
101000,637.5,639,1,9.5,-3,197.2464325,62.52,638.25
101100,640.5,642,1,9.5,-3,197.3922483,62.53,641.25
101200,637.5,639,1,9.5,-3,197.3462847,62.53,638.25
101300,637.5,639,1,9.5,-3,197.2631567,62.53,638.25
101400,641.5,643,1,9.5,-3,197.4557859,62.54,642.25
101500,645,646.5,1,9.5,-3,197.6604603,62.54,645.75
101600,643.5,645,1,9.5,-3,197.7517115,62.54,644.25
101700,640,641.5,1,9.5,-3,197.7408175,62.54,640.75
101800,640,641.5,1,9.5,-3,197.7193622,62.54,640.75
101900,641.5,643,1,9.5,-3,197.7584695,62.55,642.25
102000,639,640.5,1,9.5,-3,197.7359021,62.55,639.75
102100,637,638.5,1,9.5,-3,197.5409401,62.55,637.75
102200,636.5,638,1,9.5,-3,197.3656322,62.56,637.25
102300,635.5,637,1,9.5,-3,197.2742097,62.56,636.25
102400,637.5,639,1,9.5,-3,197.49182,62.56,638.25
102500,641,642.5,1,9.5,-3,197.5514837,62.56,641.75
102600,641.5,643,1,9.5,-3,197.5333028,62.56,642.25
102700,642.5,644,1,9.5,-3,197.8274701,62.57,643.25
102800,644.5,646,1,9.5,-3,198.2377283,62.57,645.25
102900,644.5,646,1,9.5,-3,198.3318874,62.57,645.25
103000,644.5,646,1,9.5,-3,198.1340276,62.58,645.25
103100,641.5,643,1,9.5,-3,198.0610025,62.58,642.25
103200,639.5,641,1,9.5,-3,197.9547814,62.58,640.25
103300,644.5,646,1,9.5,-3,198.1139562,62.58,645.25
103400,641,642.5,1,9.5,-3,198.0151103,62.58,641.75
103500,640.5,642,1,9.5,-3,198.2057202,62.59,641.25
103600,639.5,641,1,9.5,-3,198.0469188,62.59,640.25
103700,641.5,643,1,9.5,-3,198.1138227,62.59,642.25
103800,644,645.5,1,9.5,-3,198.3881802,62.6,644.75
103900,638.5,640,1,9.5,-3,198.2947999,62.6,639.25
104000,640,641.5,1,9.5,-3,198.3103897,62.6,640.75
104100,636,637.5,1,9.5,-3,197.9390944,62.6,636.75
104200,634,635.5,1,9.5,-3,197.7301493,62.6,634.75
104300,638.5,640,1,9.5,-3,197.8586166,62.61,639.25
104400,633,634.5,1,9.5,-3,197.6478358,62.61,633.75
104500,630,631.5,1,9.5,-3,197.4855484,62.61,630.75
104600,628.5,630,1,9.5,-3,197.5037724,62.62,629.25
104700,631.5,633,1,9.5,-3,197.629857,62.62,632.25
104800,629.5,631,1,9.5,-3,197.652228,62.62,630.25
104900,626,627.5,1,9.5,-3,197.5754495,62.62,626.75
105000,624.5,626,1,9.5,-3,197.380991,62.62,625.25
105100,621,622.5,1,9.5,-3,197.190214,62.63,621.75
105200,622.5,624,1,9.5,-3,197.3512202,62.63,623.25
105300,620.5,622,1,9.5,-3,196.7796794,62.63,621.25
105400,618.5,620,1,9.5,-3,196.5922866,62.64,619.25
105500,618.5,620,1,9.5,-3,196.6339233,62.64,619.25
105600,623,624.5,1,9.5,-3,196.7821569,62.64,623.75
105700,625,626.5,1,9.5,-3,197.0297279,62.64,625.75
105800,622.5,624,1,9.5,-3,196.9396336,62.64,623.25
105900,622.5,624,1,9.5,-3,196.4851923,62.65,623.25
106000,623.5,625,1,9.5,-3,196.3449305,62.65,624.25
106100,622.5,624,1,9.5,-3,196.2800268,62.65,623.25
106200,624.5,626,1,9.5,-3,196.141937,62.66,625.25
106300,624.5,626.5,1,9.5,-3,196.0931044,62.66,625.5
106400,627,628.5,1,9.5,-3,196.2679865,62.66,627.75
106500,625,626.5,1,9.5,-3,196.111279,62.66,625.75
106600,623,624.5,1,9.5,-3,196.0635088,62.66,623.75
106700,623,624.5,1,9.5,-3,196.3653526,62.67,623.75
106800,619,620.5,1,9.5,-3,196.242597,62.67,619.75
106900,621.5,623,1,9.5,-3,196.3178686,62.67,622.25
107000,627.5,629,1,9.5,-3,196.4089889,62.68,628.25
107100,625.5,627,1,9.5,-3,196.369519,62.68,626.25
107200,624,625.5,1,9.5,-3,196.3533684,62.68,624.75
107300,624,626,1,9.5,-3,196.4683336,62.68,625
107400,626,627.5,1,9.5,-3,196.8962949,62.68,626.75
107500,624.5,626,1,9.5,-3,196.5560231,62.69,625.25
107600,623,624.5,1,9.5,-3,196.3640084,62.69,623.75
107700,625,626.5,1,9.5,-3,196.2981565,62.69,625.75
107800,629,630.5,1,9.5,-3,196.3738123,62.7,629.75
107900,628,629.5,1,9.5,-3,196.2056962,62.7,628.75
108000,629,630.5,1,9.5,-3,196.1326602,62.7,629.75
108100,630.5,632,1,9.5,-3,196.4116842,62.7,631.25
108200,630.5,632,1,9.5,-3,196.6397817,62.7,631.25
108300,630.5,632,1,9.5,-3,196.4312258,62.71,631.25
108400,625.5,627,1,9.5,-3,196.2461336,62.71,626.25
108500,625.5,627,1,9.5,-3,196.2611892,62.71,626.25
108600,624.5,626,1,9.5,-3,196.4641121,62.72,625.25
108700,624.5,626,1,9.5,-3,196.5407996,62.72,625.25
108800,624,625.5,1,9.5,-3,196.3718345,62.72,624.75
108900,622,623.5,1,9.5,-3,196.3712531,62.72,622.75
109000,623,624.5,1,9.5,-3,196.4490689,62.72,623.75
109100,622.5,624,1,9.5,-3,196.3884853,62.73,623.25
109200,622.5,624,1,9.5,-3,196.7282711,62.73,623.25
109300,622,623.5,1,9.5,-3,196.5773558,62.73,622.75
109400,628.5,630,1,9.5,-3,196.7510812,62.74,629.25
109500,626.5,628,1,9.5,-3,196.5980192,62.74,627.25
109600,627,628.5,1,9.5,-3,196.4375439,62.74,627.75
109700,626.5,628,1,9.5,-3,196.2886371,62.74,627.25
109800,623.5,625,1,9.5,-3,196.2950609,62.74,624.25
109900,623.5,625,1,9.5,-3,196.4677031,62.75,624.25
110000,621,622.5,1,9.5,-3,196.4187724,62.75,621.75
110100,620.5,622,1,9.5,-3,196.2950846,62.75,621.25
110200,620,621.5,1,9.5,-3,196.2069665,62.76,620.75
110300,619.5,621,1,9.5,-3,196.3426951,62.76,620.25
110400,620,621.5,1,9.5,-3,196.4743496,62.76,620.75
110500,619,620.5,1,9.5,-3,196.2740653,62.76,619.75
110600,618,619.5,1,9.5,-3,196.2610397,62.76,618.75
110700,616.5,618,1,9.5,-3,196.1489866,62.77,617.25
110800,614,615.5,1,9.5,-3,196.3782469,62.77,614.75
110900,615,616.5,1,9.5,-3,196.3806176,62.77,615.75
111000,614.5,616.5,1,9.5,-3,196.910299,62.78,615.5
111100,614,615.5,1,9.5,-3,196.7318243,62.78,614.75
111200,619.5,621,1,9.5,-3,197.0978071,62.78,620.25
111300,615,616.5,1,9.5,-3,196.9708251,62.78,615.75
111400,614,615.5,1,9.5,-3,196.5198521,62.78,614.75
111500,611,612.5,1,9.5,-3,196.3874186,62.79,611.75
111600,607.5,609,1,9.5,-3,196.3188129,62.79,608.25
111700,610,611.5,1,9.5,-3,196.4253983,62.79,610.75
111800,609.5,611,1,9.5,-3,196.3879918,62.8,610.25
111900,609.5,611.5,1,9.5,-3,196.5348436,62.8,610.5
112000,610,611.5,1,9.5,-3,196.5094155,62.8,610.75
112100,612,613.5,1,9.5,-3,196.5275878,62.8,612.75
112200,612,614,1,9.5,-3,196.7313368,62.8,613
112300,610,611.5,1,9.5,-3,196.4898057,62.81,610.75
112400,608,609.5,1,9.5,-3,196.4792669,62.81,608.75
112500,607,608.5,1,9.5,-3,196.5126884,62.81,607.75
112600,610,611.5,1,9.5,-3,196.7150983,62.82,610.75
112700,610.5,612,1,9.5,-3,196.9518075,62.82,611.25
112800,610.5,612,1,9.5,-3,196.8147176,62.82,611.25
112900,609,610.5,1,9.5,-3,196.7318596,62.82,609.75
113000,607,608.5,1,9.5,-3,196.3481602,62.82,607.75
113100,606.5,608,1,9.5,-3,196.4977178,62.83,607.25
113200,607.5,609,1,9.5,-3,196.4701605,62.83,608.25
113300,607,609,1,9.5,-3,196.462423,62.83,608
113400,608.5,610,1,9.5,-3,196.4567876,62.84,609.25
113500,606.5,608,1,9.5,-3,196.3167968,62.84,607.25
113600,606.5,608,1,9.5,-3,196.4165845,62.84,607.25
113700,610.5,612,1,9.5,-3,196.7057937,62.84,611.25
113800,615,616.5,1,9.5,-3,196.9860515,62.84,615.75
113900,615.5,617,1,9.5,-3,196.9660701,62.85,616.25
114000,611.5,613,1,9.5,-3,196.8031646,62.85,612.25
114100,608.5,610,1,9.5,-3,196.7102434,62.85,609.25
114200,611.5,613,1,9.5,-3,196.7578047,62.86,612.25
114300,615,616.5,1,9.5,-3,196.9605896,62.86,615.75
114400,613.5,615,1,9.5,-3,196.7731314,62.86,614.25
114500,610.5,612,1,9.5,-3,196.6157445,62.86,611.25
114600,611,612.5,1,9.5,-3,196.9446171,62.86,611.75
114700,608,609.5,1,9.5,-3,196.8991519,62.87,608.75
114800,606.5,608,1,9.5,-3,196.9060265,62.87,607.25
114900,605,606.5,1,9.5,-3,196.8751441,62.87,605.75
115000,609,610.5,1,9.5,-3,197.1245712,62.88,609.75
115100,606,607.5,1,9.5,-3,197.1225981,62.88,606.75
115200,608.5,610,1,9.5,-3,197.4869693,62.88,609.25
115300,608,609.5,1,9.5,-3,197.3740558,62.88,608.75
115400,612.5,614,1,9.5,-3,197.6626263,62.88,613.25
115500,611,612.5,1,9.5,-3,197.7209624,62.89,611.75
115600,612.5,614,1,9.5,-3,197.8928255,62.89,613.25
115700,610,611.5,1,9.5,-3,197.7128885,62.89,610.75
115800,608.5,610,1,9.5,-3,197.7579861,62.9,609.25
115900,607.5,609,1,9.5,-3,197.9303217,62.9,608.25
116000,610,611.5,1,9.5,-3,197.9670011,62.9,610.75
116100,611.5,613,1,9.5,-3,198.0760139,62.9,612.25
116200,611,612.5,1,9.5,-3,198.3230625,62.9,611.75
116300,611,612.5,1,9.5,-3,198.4651535,62.91,611.75
116400,606,607.5,1,9.5,-3,198.3417284,62.91,606.75
116500,605,606.5,1,9.5,-3,198.1144623,62.91,605.75
116600,600.5,602,1,9.5,-3,197.9601092,62.92,601.25
116700,599.5,601,1,9.5,-3,197.9681108,62.92,600.25
116800,602.5,604,1,9.5,-3,198.2619119,62.92,603.25
116900,601,602.5,1,9.5,-3,198.0953201,62.92,601.75
117000,604.5,606,1,9.5,-3,198.2352885,62.92,605.25
117100,605,606.5,1,9.5,-3,198.2929332,62.93,605.75
117200,602,603.5,1,9.5,-3,198.2354513,62.93,602.75
117300,599,600.5,1,9.5,-3,197.9493768,62.93,599.75
117400,597.5,599,1,9.5,-3,198.0273741,62.94,598.25
117500,599,600.5,1,9.5,-3,198.0688699,62.94,599.75
117600,598.5,600,1,9.5,-3,198.1787115,62.94,599.25
117700,601.5,603,1,9.5,-3,198.6268408,62.94,602.25
117800,603.5,605,1,9.5,-3,198.6697069,62.94,604.25
117900,605.5,607,1,9.5,-3,199.1316861,62.95,606.25
118000,607.5,609,1,9.5,-3,199.4139432,62.95,608.25
118100,605.5,607,1,9.5,-3,199.3955434,62.95,606.25
118200,599.5,601,1,9.5,-3,199.3278086,62.96,600.25
118300,601,602.5,1,9.5,-3,199.2925175,62.96,601.75
118400,604,605.5,1,9.5,-3,199.4445355,62.96,604.75
118500,605.5,607,1,9.5,-3,199.4705419,62.96,606.25
118600,604.5,606,1,9.5,-3,199.3179095,62.96,605.25
118700,603,604.5,1,9.5,-3,199.0715851,62.97,603.75
118800,602,603.5,1,9.5,-3,199.0841525,62.97,602.75
118900,598,599.5,1,9.5,-3,198.7461328,62.97,598.75
119000,597.5,599,1,9.5,-3,198.6806012,62.98,598.25
119100,595,596.5,1,9.5,-3,198.545982,62.98,595.75
119200,597.5,599,1,9.5,-3,198.6168428,62.98,598.25
119300,601,602.5,1,9.5,-3,198.6732244,62.98,601.75
119400,601,602.5,1,9.5,-3,198.6916939,62.98,601.75
119500,605,606.5,1,9.5,-3,198.8846642,62.99,605.75
119600,608.5,610,1,9.5,-3,199.036724,62.99,609.25
119700,610.5,612,1,9.5,-3,198.9633801,62.99,611.25
119800,612.5,614,1,9.5,-3,199.1860581,63,613.25
119900,610,611.5,1,9.5,-3,199.1496227,63,610.75
120000,606,607.5,1,9.5,-3,198.8203352,63,606.75
120100,610,611.5,1,9.5,-3,198.883522,63,610.75
120200,611,612.5,1,9.5,-3,199.322294,63,611.75
120300,612.5,614,1,9.5,-3,199.561937,63.01,613.25
120400,613.5,615,1,9.5,-3,199.4967116,63.01,614.25
120500,615,616.5,1,9.5,-3,199.7800832,63.01,615.75
120600,613,614.5,1,9.5,-3,199.84883,63.02,613.75
120700,615,616.5,1,9.5,-3,199.630156,63.02,615.75
120800,616.5,618,1,9.5,-3,199.6525107,63.02,617.25
120900,615,616.5,1,9.5,-3,199.6624101,63.02,615.75
121000,615.5,617,1,9.5,-3,199.6766677,63.02,616.25
121100,619,620.5,1,9.5,-3,199.7612317,63.03,619.75
121200,617.5,619,1,9.5,-3,199.788253,63.03,618.25
121300,618.5,620,1,9.5,-3,199.7337279,63.03,619.25
121400,619.5,621,1,9.5,-3,199.9382182,63.04,620.25
121500,618,619.5,1,9.5,-3,199.5274707,63.04,618.75
121600,616.5,618,1,9.5,-3,199.2957061,63.04,617.25
121700,615,616.5,1,9.5,-3,199.0237673,63.04,615.75
121800,616,617.5,1,9.5,-3,199.3351629,63.04,616.75
121900,617,618.5,1,9.5,-3,199.2509803,63.05,617.75
122000,616,617.5,1,9.5,-3,198.9139234,63.05,616.75
122100,616,618,1,9.5,-3,198.9026032,63.05,617
122200,616,618,1,9.5,-3,198.754448,63.06,617
122300,612,613.5,1,9.5,-3,198.5526946,63.06,612.75
122400,608,609.5,1,9.5,-3,198.176966,63.06,608.75
122500,608.5,610,1,9.5,-3,198.0726198,63.06,609.25
122600,608,609.5,1,9.5,-3,198.0259742,63.06,608.75
122700,606.5,608,1,9.5,-3,197.7341452,63.07,607.25
122800,607.5,609,1,9.5,-3,198.0381766,63.07,608.25
122900,604,605.5,1,9.5,-3,197.9822241,63.07,604.75
123000,606,607.5,1,9.5,-3,198.0603186,63.08,606.75
123100,605.5,607,1,9.5,-3,197.8752571,63.08,606.25
123200,605.5,607.5,1,9.5,-3,197.8475404,63.08,606.5
123300,608.5,610,1,9.5,-3,198.0186394,63.08,609.25
123400,611.5,613,1,9.5,-3,198.1201778,63.08,612.25
123500,610.5,612,1,9.5,-3,197.9254045,63.09,611.25
123600,612.5,614,1,9.5,-3,198.0875771,63.09,613.25
123700,614,615.5,1,9.5,-3,198.0903078,63.09,614.75
123800,617,618.5,1,9.5,-3,198.1141517,63.1,617.75
123900,619,620.5,1,9.5,-3,198.2057514,63.1,619.75
124000,617.5,619,1,9.5,-3,198.1098054,63.1,618.25
124100,617.5,619,1,9.5,-3,198.0843911,63.1,618.25
124200,622,623.5,1,9.5,-3,198.1672947,63.1,622.75
124300,621,622.5,1,9.5,-3,198.1866177,63.11,621.75
124400,620,621.5,1,9.5,-3,198.0834981,63.11,620.75
124500,622,623.5,1,9.5,-3,198.3168723,63.11,622.75
124600,620,621.5,1,9.5,-3,198.1168846,63.12,620.75
124700,623.5,625,1,9.5,-3,198.4716732,63.12,624.25
124800,625,626.5,1,9.5,-3,198.5703984,63.12,625.75
124900,629.5,631,1,9.5,-3,198.7307467,63.12,630.25
125000,629,630.5,1,9.5,-3,198.5203853,63.12,629.75
125100,632.5,634,1,9.5,-3,198.6547884,63.13,633.25
125200,631,632.5,1,9.5,-3,198.6997172,63.13,631.75
125300,635.5,637,1,9.5,-3,198.7661706,63.13,636.25
125400,633.5,635,1,9.5,-3,198.7064861,63.14,634.25
125500,631,632.5,1,9.5,-3,198.5389135,63.14,631.75
125600,625.5,627,1,9.5,-3,197.9796443,63.14,626.25
125700,627.5,629,1,9.5,-3,198.2065175,63.14,628.25
125800,628,629.5,1,9.5,-3,198.3363437,63.14,628.75
125900,631.5,633,1,9.5,-3,198.4230842,63.15,632.25
126000,632.5,634,1,9.5,-3,198.8240466,63.15,633.25
126100,632.5,634,1,9.5,-3,198.8488743,63.15,633.25
126200,632.5,634,1,9.5,-3,198.8067341,63.16,633.25
126300,638,639.5,1,9.5,-3,198.8255604,63.16,638.75
126400,636,637.5,1,9.5,-3,198.8940367,63.16,636.75
126500,634.5,636,1,9.5,-3,198.6576393,63.16,635.25
126600,631,632.5,1,9.5,-3,198.7092481,63.16,631.75
126700,634,635.5,1,9.5,-3,198.9057476,63.17,634.75
126800,636.5,638,1,9.5,-3,198.9517887,63.17,637.25
126900,638.5,640,1,9.5,-3,199.2062162,63.17,639.25
127000,637.5,639,1,9.5,-3,199.0168136,63.18,638.25
127100,638,639.5,1,9.5,-3,199.217693,63.18,638.75
127200,641,642.5,1,9.5,-3,199.3843113,63.18,641.75
127300,643,644.5,1,9.5,-3,199.4569999,63.18,643.75
127400,638.5,640,1,9,-3,199.1080133,63.18,639.25
127500,639.5,641,1,9,-3,199.0879782,63.19,640.25
127600,641,642.5,1,9,-3,199.2430175,63.19,641.75
127700,637,638.5,1,9,-3,198.9088652,63.19,637.75
127800,633.5,635,1,9,-3,198.7758785,63.2,634.25
127900,631.5,633,1,9,-3,198.7033024,63.2,632.25
128000,633,634.5,1,9,-3,198.5900602,63.2,633.75
128100,632,633.5,1,9,-3,198.6489509,63.2,632.75
128200,633,634.5,1,9,-3,198.812818,63.2,633.75
128300,632.5,634,1,9,-3,198.7741566,63.21,633.25
128400,628.5,630,1,9,-3,198.6859475,63.21,629.25
128500,631.5,633,1,9,-3,198.7125929,63.21,632.25
128600,631.5,633,1,9,-3,198.6380435,63.22,632.25
128700,627.5,629,1,9,-3,198.5680539,63.22,628.25
128800,630,631.5,1,9,-3,198.7352953,63.22,630.75
128900,630.5,632,1,9,-3,198.7496451,63.22,631.25
129000,627.5,629,1,9,-3,198.6983743,63.22,628.25
129100,627,628.5,1,9,-3,198.7923887,63.23,627.75
129200,625.5,627,1,9,-3,198.6837373,63.23,626.25
129300,628,629.5,1,9,-3,198.8347987,63.23,628.75
129400,626,627.5,1,9,-3,198.5434873,63.24,626.75
129500,622,623.5,1,9,-3,198.2053125,63.24,622.75
129600,625,626.5,1,9,-3,198.3481188,63.24,625.75
129700,627,628.5,1,9,-3,198.3277903,63.24,627.75
129800,623,624.5,1,9,-3,198.1974592,63.24,623.75
129900,624.5,626,1,9,-3,198.3187534,63.25,625.25
130000,626,627.5,1,9,-3,198.3783355,63.25,626.75
130100,629.5,631,1,9,-3,198.4897389,63.25,630.25
130200,629,630.5,1,9,-3,198.4411449,63.26,629.75
130300,628.5,630,1,9,-3,198.4499704,63.26,629.25
130400,630,631.5,1,9,-3,198.5055741,63.26,630.75
130500,628.5,630,1,9,-3,198.1744323,63.26,629.25
130600,627.5,629,1,9,-3,198.0884601,63.26,628.25
130700,631.5,633,1,9,-3,198.2074506,63.27,632.25
130800,632.5,634,1,9,-3,198.3925167,63.27,633.25
130900,638,639.5,1,9,-3,198.4616093,63.27,638.75
131000,639.5,641,1,9,-3,198.5478689,63.28,640.25
131100,639.5,641,1,9,-3,198.7961138,63.28,640.25
131200,639,641,1,9,-3,198.7336255,63.28,640
131300,639,640.5,1,9,-3,198.8570622,63.28,639.75
131400,638.5,640,1,9,-3,199.0634514,63.28,639.25
131500,639.5,641,1,9,-3,199.1512403,63.29,640.25
131600,636.5,638,1,9,-3,199.0084826,63.29,637.25
131700,635,636.5,1,9,-3,198.5943113,63.29,635.75
131800,638,639.5,1,9,-3,198.7103417,63.3,638.75
131900,638,639.5,1,9,-3,198.64414,63.3,638.75
132000,643,644.5,1,9,-3,198.81933,63.3,643.75
132100,640,641.5,1,9,-3,198.6591688,63.3,640.75
132200,641,642.5,1,9,-3,198.5160462,63.3,641.75
132300,638.5,640,1,9,-3,198.1963781,63.31,639.25
132400,642,643.5,1,9,-3,198.3429367,63.31,642.75
132500,640.5,642,1,9,-3,198.2685968,63.31,641.25
132600,641.5,643,1,9,-3,198.3636517,63.32,642.25
132700,640.5,642,1,9,-3,198.1577507,63.32,641.25
132800,641,642.5,1,9,-3,198.2708433,63.32,641.75
132900,637.5,639,1,9,-3,198.0029946,63.32,638.25
133000,637,638.5,1,9,-3,198.2506928,63.32,637.75
133100,637,638.5,1,9,-3,197.9054963,63.33,637.75
133200,639,640.5,1,9,-3,198.1761993,63.33,639.75
133300,636,637.5,1,9,-3,198.0401773,63.33,636.75
133400,634.5,636,1,9,-3,197.9089686,63.34,635.25
133500,634.5,636,1,9,-3,197.8727201,63.34,635.25
133600,633.5,635,1,9,-3,197.7318607,63.34,634.25
133700,629.5,631,1,9,-3,197.4577067,63.34,630.25
133800,628,629.5,1,9,-3,197.1426148,63.34,628.75
133900,627.5,629,1,9,-3,197.1307062,63.35,628.25
134000,626,627.5,1,9,-3,196.8732674,63.35,626.75
134100,626,628,1,9,-3,196.672368,63.35,627
134200,624.5,626,1,9,-3,196.5287241,63.36,625.25
134300,622,623.5,1,9,-3,196.4710095,63.36,622.75
134400,618.5,620,1,9,-3,196.1302143,63.36,619.25
134500,617.5,619,1,9,-3,196.2111269,63.36,618.25
134600,619.5,621,1,9,-3,196.3344021,63.36,620.25
134700,621,622.5,1,9,-3,196.5119081,63.37,621.75
134800,623,624.5,1,9,-3,196.4673739,63.37,623.75
134900,620.5,622,1,9,-3,196.3416199,63.37,621.25
135000,622.5,624,1,9,-3,196.5425307,63.38,623.25
135100,617,618.5,1,9,-3,196.3054587,63.38,617.75
135200,621,622.5,1,9,-3,196.3546604,63.38,621.75
135300,625.5,627,1,9,-3,196.6387897,63.38,626.25
135400,623.5,625,1,9,-3,196.4284903,63.38,624.25
135500,625,626.5,1,9,-3,196.6230332,63.39,625.75
135600,628.5,630,1,9,-3,196.9798928,63.39,629.25
135700,624.5,626,1,9,-3,196.5189123,63.39,625.25
135800,622.5,624,1,9,-3,196.4307697,63.4,623.25
135900,620.5,622,1,9,-3,196.4056128,63.4,621.25
136000,619,620.5,1,9,-3,196.326475,63.4,619.75
136100,619.5,621,1,9,-3,196.2956577,63.4,620.25
136200,619,620.5,1,9,-3,196.235,63.4,619.75
136300,613.5,615,1,9,-3,196.0497946,63.41,614.25
136400,611,612.5,1,9,-3,195.9093263,63.41,611.75
136500,614,615.5,1,9,-3,195.9071636,63.41,614.75
136600,616.5,618,1,9,-3,196.263752,63.42,617.25
136700,618,619.5,1,9,-3,196.37677,63.42,618.75
136800,619,620.5,1,9,-3,196.5545711,63.42,619.75
136900,620.5,622,1,9,-3,196.4332798,63.42,621.25
137000,622.5,624,1,9,-3,196.6946665,63.42,623.25
137100,624,625.5,1,9,-3,197.0518058,63.43,624.75
137200,623.5,625,1,9,-3,196.8784837,63.43,624.25
137300,623.5,625.5,1,9,-3,196.6153488,63.43,624.5
137400,623,624.5,1,9,-3,196.5222095,63.44,623.75
137500,624.5,626,1,9,-3,196.554835,63.44,625.25
137600,621,622.5,1,9,-3,196.3444888,63.44,621.75
137700,621,622.5,1,9,-3,196.2241083,63.44,621.75
137800,621.5,623,1,9,-3,196.1469331,63.44,622.25
137900,621,622.5,1,9,-3,196.1817121,63.45,621.75
138000,623,624.5,1,9,-3,196.1462777,63.45,623.75
138100,623.5,625,1,9,-3,196.0309296,63.45,624.25
138200,622.5,624,1,9,-3,195.8244981,63.46,623.25
138300,622.5,624,1,9,-3,195.8411335,63.46,623.25
138400,622,623.5,1,9,-3,195.9565263,63.46,622.75
138500,620.5,622,1,9,-3,196.1272898,63.46,621.25
138600,617,618.5,1,9,-3,195.9304958,63.46,617.75
138700,614.5,616,1,9,-3,195.989947,63.47,615.25
138800,612,613.5,1,9,-3,195.8623248,63.47,612.75
138900,615.5,617,1,9,-3,196.3683886,63.47,616.25
139000,615.5,617,1,9,-3,196.2465761,63.48,616.25
139100,616.5,618,1,9,-3,196.2005983,63.48,617.25
139200,613,614.5,1,9,-3,196.1185168,63.48,613.75
139300,610,611.5,1,9,-3,196.0890142,63.48,610.75
139400,608.5,610,1,9,-3,195.7289577,63.48,609.25
139500,607.5,609,1,9,-3,195.9055287,63.49,608.25
139600,602.5,604,1,9,-3,195.7107303,63.49,603.25
139700,603.5,605,1,9,-3,195.5903462,63.49,604.25
139800,603.5,605,1,9,-3,195.5934952,63.5,604.25
139900,606.5,608,1,9,-3,195.6118415,63.5,607.25
140000,607.5,609,1,9,-3,195.5440322,63.5,608.25
140100,608,609.5,1,9,-3,195.357274,63.5,608.75
140200,607,608.5,1,9,-3,195.391303,63.5,607.75
140300,607.5,609,1,9,-3,195.3241057,63.51,608.25
140400,610,611.5,1,9,-3,195.6707681,63.51,610.75
140500,608,609.5,1,9,-3,195.358275,63.51,608.75
140600,612,613.5,1,9,-3,195.667071,63.52,612.75
140700,609.5,611,1,9,-3,195.4684266,63.52,610.25
140800,606.5,608,1,9,-3,195.3423522,63.52,607.25
140900,607.5,609,1,9,-3,195.6235308,63.52,608.25
141000,609,610.5,1,9,-3,195.4301321,63.52,609.75
141100,611,612.5,1,9,-3,195.6959236,63.53,611.75
141200,613.5,615,1,9,-3,196.11668,63.53,614.25
141300,616,617.5,1,9,-3,196.5638239,63.53,616.75
141400,616.5,618,1,9,-3,196.6038271,63.54,617.25
141500,618.5,620,1,9,-3,196.7963723,63.54,619.25
141600,615.5,617,1,9,-3,196.6005691,63.54,616.25
141700,614.5,616,1,9,-3,196.460111,63.54,615.25
141800,614.5,616.5,1,9,-3,196.48987,63.54,615.5
141900,618.5,620,1,9,-3,196.7869942,63.55,619.25
142000,620,621.5,1,9,-3,197.0294841,63.55,620.75
142100,618,619.5,1,9,-3,196.8104162,63.55,618.75
142200,620,621.5,1,9,-3,196.9857296,63.56,620.75
142300,622.5,624,1,9,-3,197.0739816,63.56,623.25
142400,627.5,629,1,9,-3,197.4151895,63.56,628.25
142500,623,624.5,1,9,-3,197.3124447,63.56,623.75
142600,625.5,627,1,9,-3,197.340601,63.56,626.25
142700,628,629.5,1,9,-3,197.4710199,63.57,628.75
142800,626.5,628,1,9,-3,197.4953167,63.57,627.25
142900,625.5,627,1,9,-3,197.4821955,63.57,626.25
143000,625.5,627,1,9,-3,197.6986469,63.58,626.25
143100,624.5,626,1,9,-3,197.7188134,63.58,625.25
143200,627,628.5,1,9,-3,197.8511529,63.58,627.75
143300,627.5,629,1,9,-3,197.9708538,63.58,628.25
143400,626.5,628,1,9,-3,197.8467472,63.58,627.25
143500,629.5,631,1,9,-3,197.7669408,63.59,630.25
143600,631,632.5,1,9,-3,197.5815916,63.59,631.75
143700,631,632.5,1,9,-3,197.3180319,63.59,631.75
143800,632,633.5,1,9,-3,197.5933564,63.6,632.75
143900,630,631.5,1,9,-3,197.3596749,63.6,630.75
144000,625.5,627,1,9,-3,197.2224828,63.6,626.25
144100,624,625.5,1,9,-3,197.212402,63.6,624.75
144200,627,628.5,1,9,-3,197.3963923,63.6,627.75
144300,625.5,627,1,9,-3,197.2810524,63.61,626.25
144400,629,630.5,1,9,-3,197.3349769,63.61,629.75
144500,629,630.5,1,9,-3,197.5017772,63.61,629.75
144600,627.5,629,1,9,-3,197.5776428,63.62,628.25
144700,630.5,632,1,9,-3,197.6561281,63.62,631.25
144800,631.5,633,1,9,-3,197.6349877,63.62,632.25
144900,632,633.5,1,9,-3,197.6520245,63.62,632.75
145000,629,630.5,1,9,-3,197.5087026,63.62,629.75
145100,626.5,628,1,9,-3,197.5785778,63.63,627.25
145200,631.5,633,1,9,-3,197.8311349,63.63,632.25
145300,631,633,1,9,-3,197.8918865,63.63,632
145400,629.5,631,1,9,-3,197.8861488,63.64,630.25
145500,626.5,628,1,9,-3,197.5852979,63.64,627.25
145600,628.5,630,1,9,-3,197.7659759,63.64,629.25
145700,628.5,630,1,9,-3,197.6449761,63.64,629.25
145800,626.5,628,1,9,-3,197.5797814,63.64,627.25
145900,623.5,625,1,9,-3,197.3266181,63.65,624.25
146000,621.5,623,1,9,-3,197.2060545,63.65,622.25
146100,621,622.5,1,9,-3,197.1409937,63.65,621.75
146200,624,625.5,1,9,-3,197.359687,63.66,624.75
146300,620.5,622,1,9,-3,196.9474098,63.66,621.25
146400,623.5,625,1,9,-3,197.1631669,63.66,624.25
146500,625.5,627,1,9,-3,197.2662107,63.66,626.25
146600,621.5,623,1,9,-3,197.133188,63.66,622.25
146700,623.5,625,1,9,-3,197.4962915,63.67,624.25
146800,621,622.5,1,9,-3,197.6031566,63.67,621.75
146900,619,620.5,1,9,-3,197.4773648,63.67,619.75
147000,618,619.5,1,9,-3,197.5200344,63.68,618.75
147100,613.5,615,1,9,-3,197.0701592,63.68,614.25
147200,611.5,613,1,9,-3,196.7679051,63.68,612.25
147300,610,611.5,1,9,-3,196.5417963,63.68,610.75
147400,613.5,615,1,9,-3,196.5268896,63.68,614.25
147500,612,613.5,1,9,-3,196.5085991,63.69,612.75
147600,614,615.5,1,9,-3,196.7708002,63.69,614.75
147700,611.5,613,1,9,-3,196.5772959,63.69,612.25
147800,610,611.5,1,9,-3,196.2780898,63.7,610.75
147900,611.5,613,1,9,-3,196.0217251,63.7,612.25
148000,609.5,611,1,9,-3,195.9372381,63.7,610.25
148100,608,609.5,1,9,-3,195.62309,63.7,608.75
148200,612.5,614,1,9,-3,195.7053721,63.7,613.25
148300,611,612.5,1,9,-3,195.8184184,63.71,611.75
148400,609,610.5,1,9,-3,195.6455967,63.71,609.75
148500,611.5,613,1,9,-3,195.8628221,63.71,612.25
148600,610.5,612,1,9,-3,195.8205475,63.72,611.25
148700,612,613.5,1,9,-3,195.9456276,63.72,612.75
148800,608.5,610,1,9,-3,195.875543,63.72,609.25
148900,607.5,609,1,9,-3,195.866042,63.72,608.25
149000,607,608.5,1,9,-3,195.8365108,63.72,607.75
149100,604.5,606,1,9,-3,195.7205172,63.73,605.25
149200,605.5,607,1,9,-3,195.7715149,63.73,606.25
149300,606.5,608,1,9,-3,195.7099371,63.73,607.25
149400,606.5,608,1,9,-3,195.859138,63.74,607.25
149500,606.5,608.5,1,9,-3,196.0005061,63.74,607.5
149600,611,612.5,1,9,-3,196.3253344,63.74,611.75
149700,614.5,616,1,9,-3,196.8713709,63.74,615.25
149800,612.5,614,1,9,-3,196.8473736,63.74,613.25
149900,609,610.5,1,9,-3,196.8017528,63.75,609.75
150000,611,612.5,1,9,-3,196.9069549,63.75,611.75
150100,613,614.5,1,9,-3,197.1027603,63.75,613.75
150200,619,620.5,1,9,-3,197.4262613,63.76,619.75
150300,619.5,621,1,9,-3,197.4694746,63.76,620.25
150400,622,623.5,1,9,-3,197.3903734,63.76,622.75
150500,620.5,622,1,9,-3,197.4675447,63.76,621.25
150600,621.5,623,1,9,-3,197.5667288,63.76,622.25
150700,623,624.5,1,9,-3,197.6741956,63.77,623.75
150800,628.5,630,1,9,-3,198.0594005,63.77,629.25
150900,627.5,629,1,9,-3,198.0736699,63.77,628.25
151000,623.5,625,1,9,-3,197.8954772,63.78,624.25
151100,621,622.5,1,9,-3,197.8635657,63.78,621.75
151200,621.5,623,1,9,-3,197.8232775,63.78,622.25
151300,626,627.5,1,9,-3,198.111639,63.78,626.75
151400,627.5,629,1,9,-3,198.2101791,63.78,628.25
151500,625.5,627,1,9,-3,198.1648321,63.79,626.25
151600,629,630.5,1,9,-3,198.09889,63.79,629.75
151700,631.5,633,1,9,-3,198.1649599,63.79,632.25
151800,630,631.5,1,9,-3,197.879898,63.8,630.75
151900,627,628.5,1,9,-3,197.6963924,63.8,627.75
152000,625.5,627,1,9,-3,197.4922146,63.8,626.25
152100,625,627,1,9,-3,197.4680554,63.8,626
152200,623,624.5,1,9,-3,197.1092407,63.8,623.75
152300,624.5,626,1,9,-3,197.1347472,63.81,625.25
152400,625,626.5,1,9,-3,196.9225681,63.81,625.75
152500,631.5,633,1,9,-3,197.0986726,63.81,632.25
152600,632,633.5,1,9,-3,197.1357777,63.82,632.75
152700,630,631.5,1,9,-3,197.0448095,63.82,630.75
152800,629.5,631,1,9,-3,197.2998734,63.82,630.25
152900,629.5,631,1,9,-3,197.3125978,63.82,630.25
153000,635,636.5,1,9,-3,197.6120263,63.82,635.75
153100,632.5,634,1,9,-3,197.5387732,63.83,633.25
153200,632,633.5,1,9,-3,197.5202777,63.83,632.75
153300,634,635.5,1,9,-3,197.7455103,63.83,634.75
153400,634,636,1,9,-3,198.0839171,63.84,635
153500,637,638.5,1,9,-3,198.2638244,63.84,637.75
153600,640,641.5,1,9,-3,198.0375497,63.84,640.75
153700,643.5,645,1,9,-3,198.2322621,63.84,644.25
153800,644.5,646,1,9,-3,198.250961,63.84,645.25
153900,645.5,647,1,9,-3,198.0540988,63.85,646.25
154000,645,646.5,1,9,-3,197.9289918,63.85,645.75
154100,644,645.5,1,9,-3,197.8679934,63.85,644.75
154200,647,648.5,1,9,-3,197.9090455,63.86,647.75
154300,646.5,648,1,9,-3,198.0658522,63.86,647.25
154400,647,648.5,1,9,-3,198.2467374,63.86,647.75
154500,650,651.5,1,9,-3,198.2411841,63.86,650.75
154600,652.5,654,1,9,-3,198.4112372,63.86,653.25
154700,651.5,653,1,9,-3,198.1595086,63.87,652.25
154800,649.5,651,1,9,-3,198.2422435,63.87,650.25
154900,651.5,653,1,9,-3,198.5344695,63.87,652.25
155000,653.5,655,1,9,-3,198.6296137,63.88,654.25
155100,652,653.5,1,9,-3,198.6532266,63.88,652.75
155200,652.5,654,1,9,-3,198.8414618,63.88,653.25
155300,652.5,654,1,9,-3,198.7961765,63.88,653.25
155400,655,656.5,1,9,-3,199.0141439,63.88,655.75
155500,658,659.5,1,9,-3,199.2152635,63.89,658.75
155600,656.5,658,1,9,-3,199.1289208,63.89,657.25
155700,654,655.5,1,9,-3,198.7977389,63.89,654.75
155800,654,656,1,9,-3,198.8340662,63.9,655
155900,658,659.5,1,9,-3,199.0758222,63.9,658.75
156000,656,657.5,1,9,-3,198.9150037,63.9,656.75
156100,659.5,661,1,9,-3,199.0009932,63.9,660.25
156200,655,656.5,1,9,-3,198.9359527,63.9,655.75
156300,655.5,657,1,9,-3,199.0482699,63.91,656.25
156400,653.5,655,1,9,-3,198.98367,63.91,654.25
156500,651,652.5,1,9,-3,198.8965061,63.91,651.75
156600,654.5,656,1,9,-3,199.1320811,63.92,655.25
156700,655.5,657,1,9,-3,199.2693591,63.92,656.25
156800,656,657.5,1,9,-3,199.1050788,63.92,656.75
156900,654.5,656,1,9,-3,199.0956794,63.92,655.25
157000,651.5,653,1,9,-3,199.2095589,63.92,652.25
157100,654,655.5,1,9,-3,199.2496937,63.93,654.75
157200,650,651.5,1,9,-3,198.9752923,63.93,650.75
157300,650,651.5,1,9,-3,198.7707573,63.93,650.75
157400,650,651.5,1,9,-3,199.0754099,63.94,650.75
157500,646.5,648,1,9,-3,198.8269017,63.94,647.25
157600,648,649.5,1,9,-3,199.0614655,63.94,648.75
157700,646,647.5,1,9,-3,198.8063682,63.94,646.75
157800,645,646.5,1,9,-3,198.8286498,63.94,645.75
157900,644,645.5,1,9,-3,198.8955318,63.95,644.75
158000,646.5,648,1,9,-3,199.1753678,63.95,647.25
158100,646.5,648,1,9,-3,199.0243663,63.95,647.25
158200,643.5,645,1,9,-3,198.8963123,63.96,644.25
158300,647,648.5,1,9,-3,199.367954,63.96,647.75
158400,648,649.5,1,9,-3,199.6264461,63.96,648.75
158500,650.5,652,1,9,-3,199.8561267,63.96,651.25
158600,651.5,653,1,9,-3,199.9888048,63.96,652.25
158700,653,654.5,1,9,-3,199.6515444,63.97,653.75
158800,654,655.5,1,9,-3,199.680211,63.97,654.75
158900,655.5,657,1,9,-3,199.444937,63.97,656.25
159000,653,654.5,1,9,-3,199.1928389,63.98,653.75
159100,658,659.5,1,9,-3,199.2200771,63.98,658.75
159200,658,659.5,1,9,-3,199.1215594,63.98,658.75
159300,658.5,660,1,9,-3,199.2509618,63.98,659.25
159400,659.5,661,1,9,-3,199.4838749,63.98,660.25
159500,659,660.5,1,9,-3,199.6582554,63.99,659.75
159600,654,655.5,1,9,-3,199.9208353,63.99,654.75
159700,652,653.5,1,9,-3,199.7902837,63.99,652.75
159800,645.5,647,1,9,-3,199.4954185,64,646.25
159900,648,649.5,1,9,-3,199.5797308,64,648.75
160000,649.5,651,1,9,-3,199.651332,64,650.25
160100,648.5,650,1,9,-3,199.8499866,64,649.25
160200,644,645.5,1,9,-3,199.5941674,64,644.75
160300,645.5,647,1,9,-3,199.3826347,64.01,646.25
160400,645.5,647,1,9,-3,199.2103234,64.01,646.25
160500,647,648.5,1,9,-3,199.0538236,64.01,647.75
160600,649.5,651,1,9,-3,199.1174843,64.02,650.25
160700,653.5,655,1,9,-3,199.2553387,64.02,654.25
160800,653.5,655,1,9,-3,198.9281627,64.02,654.25
160900,653,654.5,1,9,-3,198.866669,64.02,653.75
161000,655,656.5,1,9,-3,198.9878293,64.03,655.75
161100,657,658.5,1,9,-3,198.9468621,64.03,657.75
161200,660,661.5,1,9,-3,199.1287107,64.03,660.75
161300,657,658.5,1,9,-3,198.8585589,64.03,657.75
161400,657,658.5,1,9,-3,198.7444088,64.04,657.75
161500,658.5,660,1,9,-3,199.0049308,64.04,659.25
161600,655,656.5,1,9,-3,198.8835941,64.04,655.75
161700,655,656.5,1,9,-3,198.7198191,64.04,655.75
161800,657.5,659,1,9,-3,198.5724338,64.04,658.25
161900,658,659.5,1,9,-3,198.70768,64.05,658.75
162000,654.5,656,1,9,-3,198.3641616,64.05,655.25
162100,657.5,659,1,9,-3,198.6137949,64.05,658.25
162200,655,656.5,1,9,-3,198.5831137,64.06,655.75
162300,653,654.5,1,9,-3,198.5037281,64.06,653.75
162400,654,655.5,1,9,-3,198.6070253,64.06,654.75
162500,655.5,657,1,9,-3,198.6898827,64.06,656.25
162600,653.5,655,1,9,-3,198.5912403,64.06,654.25
162700,652,653.5,1,9,-3,198.3739296,64.07,652.75
162800,648.5,650,1,9,-3,198.0949326,64.07,649.25
162900,649.5,651,1,9,-3,198.2181652,64.07,650.25
163000,647.5,649,1,9,-3,197.9745134,64.08,648.25
163100,650,651.5,1,9,-3,198.1627223,64.08,650.75
163200,649,650.5,1,9,-3,198.0309985,64.08,649.75
163300,644,645.5,1,9,-3,197.899383,64.08,644.75
163400,648.5,650,1,9,-3,198.1369073,64.08,649.25
163500,646.5,648,1,9,-3,198.3699274,64.09,647.25
163600,642,643.5,1,9,-3,198.2942606,64.09,642.75
163700,636.5,638,1,9,-3,198.0509294,64.09,637.25
163800,636,638,1,9,-3,198.037838,64.1,637
163900,628.5,630,1,9,-3,197.8087816,64.1,629.25
164000,626.5,628,1,9,-3,197.5873302,64.1,627.25
164100,629,630.5,1,9,-3,197.6979724,64.1,629.75
164200,631.5,633,1,9,-3,197.8443077,64.1,632.25
164300,628.5,630,1,9,-3,197.679842,64.11,629.25
164400,627,628.5,1,9,-3,197.5681621,64.11,627.75
164500,628,629.5,1,9,-3,197.5037281,64.11,628.75
164600,628,629.5,1,9,-3,197.3086816,64.11,628.75
164700,632.5,634,1,9,-3,197.7035056,64.12,633.25
164800,634.5,636,1,9,-3,197.8896267,64.12,635.25
164900,638,639.5,1,9,-3,198.1685232,64.12,638.75
165000,640.5,642,1,9,-3,198.2515704,64.12,641.25
165100,647.5,649,1,9,-3,198.3756308,64.13,648.25
165200,650.5,652,1,9,-3,198.5606968,64.13,651.25
165300,647.5,649,1,9,-3,198.0798824,64.13,648.25
165400,648.5,650,1,9,-3,198.1133414,64.14,649.25
165500,652.5,654,1,9,-3,198.4398194,64.14,653.25
165600,649.5,651,1,9,-3,198.2581653,64.14,650.25
165700,650.5,652,1,9,-3,198.4116244,64.14,651.25
165800,648.5,650,1,9,-3,198.4756352,64.14,649.25
165900,648,649.5,1,9,-3,198.469022,64.15,648.75
166000,645.5,647,1,9,-3,198.3327369,64.15,646.25
166100,639.5,641,1,9,-3,197.9397789,64.15,640.25
166200,635,636.5,1,9,-3,197.7366069,64.16,635.75
166300,633.5,635,1,9,-3,197.8585682,64.16,634.25
166400,637.5,639,1,9,-3,198.2149794,64.16,638.25
166500,635.5,637,1,9,-3,198.0807886,64.16,636.25
166600,638,639.5,1,9,-3,198.0933649,64.17,638.75
166700,638,639.5,1,9,-3,197.9961224,64.17,638.75
166800,640,641.5,1,9,-3,198.3675831,64.17,640.75
166900,645,646.5,1,9,-3,198.5254709,64.17,645.75
167000,645.5,647,1,9,-3,198.6616661,64.18,646.25
167100,642.5,644,1,9,-3,198.6530552,64.18,643.25
167200,639,640.5,1,9,-3,198.5462238,64.18,639.75
167300,638,639.5,1,9,-3,198.5175039,64.18,638.75
167400,640,641.5,1,9,-3,198.5576275,64.18,640.75
167500,639.5,641,1,9,-3,198.4762503,64.19,640.25
167600,636,637.5,1,9,-3,198.3934463,64.19,636.75
167700,640,641.5,1,9,-3,198.6760397,64.19,640.75
167800,639.5,641.5,1,9,-3,198.5920945,64.19,640.5
167900,640,641.5,1,9,-3,198.6786804,64.2,640.75
168000,643,644.5,1,9,-3,198.9073843,64.2,643.75
168100,643,644.5,1,9,-3,198.8171096,64.2,643.75
168200,644.5,646,1,9,-3,198.8076743,64.2,645.25
168300,643,644.5,1,9,-3,199.0867431,64.21,643.75
168400,646.5,648,1,9,-3,199.2395825,64.21,647.25
168500,644.5,646,1,9,-3,199.0602516,64.21,645.25
168600,640.5,642,1,9,-3,198.9931719,64.22,641.25
168700,638,639.5,1,9,-3,198.9446106,64.22,638.75
168800,637,638.5,1,9,-3,198.7186913,64.22,637.75
168900,635,636.5,1,9,-3,198.5180818,64.22,635.75
169000,635,637,1,9,-3,198.3097905,64.22,636
169100,633.5,635,1,9,-3,198.1636209,64.23,634.25
169200,634.5,636,1,9,-3,198.2828721,64.23,635.25
169300,635,636.5,1,9,-3,198.5463672,64.23,635.75
169400,633.5,635,1,9,-3,198.1699547,64.24,634.25
169500,635.5,637,1,9,-3,198.3657966,64.24,636.25
169600,638,639.5,1,9,-3,198.7706724,64.24,638.75
169700,636.5,638,1,9,-3,198.7219507,64.24,637.25
169800,635.5,637,1,9,-3,198.7382555,64.24,636.25
169900,635.5,637,1,9,-3,198.8672578,64.25,636.25
170000,635.5,637.5,1,9,-3,198.9271929,64.25,636.5
170100,637,638.5,1,9,-3,198.849748,64.25,637.75
170200,633,634.5,1,9,-3,198.8024805,64.26,633.75
170300,630,631.5,1,9,-3,198.7610868,64.26,630.75
170400,631.5,633,1,9,-3,198.8171387,64.26,632.25
170500,631,633,1,9,-3,198.9165179,64.26,632
170600,626,627.5,1,9,-3,198.6894578,64.26,626.75
170700,628.5,630,1,9,-3,198.8239805,64.27,629.25
170800,626.5,628,1,9,-3,198.6948963,64.27,627.25
170900,629,630.5,1,9,-3,199.0611716,64.27,629.75
171000,625.5,627,1,9,-3,198.992103,64.28,626.25
171100,623.5,625,1,9,-3,198.9916229,64.28,624.25
171200,620.5,622,1,9,-3,198.7312134,64.28,621.25
171300,621,622.5,1,9,-3,198.8251969,64.28,621.75
171400,620.5,622,1,9,-3,198.8518336,64.28,621.25
171500,622.5,624,1,9,-3,199.046047,64.29,623.25
171600,620.5,622,1,9,-3,199.0500235,64.29,621.25
171700,621.5,623,1,9,-3,199.1469728,64.29,622.25
171800,623.5,625,1,9,-3,199.1991384,64.3,624.25
171900,621.5,623,1,9,-3,199.2253547,64.3,622.25
172000,619.5,621,1,9,-3,198.7230292,64.3,620.25
172100,619.5,621,1,9,-3,198.5771061,64.3,620.25
172200,614,615.5,1,9,-3,198.4940902,64.31,614.75
172300,615.5,617,1,9,-3,198.4567997,64.31,616.25
172400,612.5,614,1,9,-3,198.3006822,64.31,613.25
172500,611.5,613,1,9,-3,198.0538219,64.31,612.25
172600,607,608.5,1,9,-3,197.8678512,64.32,607.75
172700,608.5,610,1,9,-3,197.8183868,64.32,609.25
172800,610.5,612,1,9,-3,197.957195,64.32,611.25
172900,605,606.5,1,9,-3,197.734643,64.32,605.75
173000,605,606.5,1,9,-3,197.4894242,64.32,605.75
173100,606,607.5,1,9,-3,197.630925,64.33,606.75
173200,607,608.5,1,9,-3,197.6645218,64.33,607.75
173300,609,610.5,1,9,-3,198.0035872,64.33,609.75
173400,608.5,610.5,1,9,-3,198.2556149,64.33,609.5
173500,608.5,610,1,9,-3,198.076309,64.34,609.25
173600,608,610,1,9,-3,197.7955689,64.34,609
173700,609.5,611,1,9,-3,197.9628295,64.34,610.25
173800,610.5,612,1,9,-3,198.2651049,64.34,611.25
173900,610,611.5,1,9,-3,198.329947,64.35,610.75
174000,609.5,611,1,9,-3,198.1079097,64.35,610.25
174100,607.5,609,1,9,-3,198.2456209,64.35,608.25
174200,609.5,611,1,9,-3,198.0128652,64.36,610.25
174300,605.5,607,1,9,-3,198.009688,64.36,606.25
174400,607,608.5,1,9,-3,198.2497568,64.36,607.75
174500,603,604.5,1,9,-3,198.1982195,64.36,603.75
174600,604,605.5,1,9,-3,198.2752172,64.36,604.75
174700,601.5,603,1,9,-3,198.2602517,64.37,602.25
174800,603.5,605,1,9,-3,198.4067572,64.37,604.25
174900,601.5,603,1,9,-3,198.6399048,64.37,602.25
175000,601.5,603,1,9,-3,198.4144233,64.38,602.25
175100,599,600.5,1,9,-3,198.1507039,64.38,599.75
175200,595,596.5,1,9,-3,197.9427803,64.38,595.75
175300,593,594.5,1,9,-3,197.890321,64.38,593.75
175400,594.5,596,1,9,-3,197.9702133,64.39,595.25
175500,595.5,597,1,9,-3,198.1261862,64.39,596.25
175600,590.5,592,1,9,-3,197.9287731,64.39,591.25
175700,592.5,594,1,9,-3,197.9589936,64.39,593.25
175800,590.5,592,1,9,-3,197.9940625,64.4,591.25
175900,589.5,591,1,9,-3,197.9493877,64.4,590.25
176000,589,591,1,9,-3,197.9278977,64.4,590
176100,590,591.5,1,9,-3,198.0715136,64.4,590.75
176200,591,592.5,1,9,-3,198.1027501,64.4,591.75
176300,590,591.5,1,9,-3,197.9702146,64.41,590.75
176400,589.5,591,1,9,-3,197.803687,64.41,590.25
176500,591,592.5,1,9,-3,197.8637688,64.41,591.75
176600,588.5,590,1,9,-3,197.8611379,64.42,589.25
176700,589,590.5,1,9,-3,197.8221422,64.42,589.75
176800,589,590.5,1,9,-3,198.0001254,64.42,589.75
176900,589,590.5,1,9,-3,198.0270855,64.42,589.75
177000,590.5,592,1,9,-3,198.4173076,64.42,591.25
177100,593.5,595,1,9,-3,198.4795655,64.43,594.25
177200,591,592.5,1,9,-3,198.3934397,64.43,591.75
177300,589.5,591,1,9,-3,198.3411134,64.43,590.25
177400,589.5,591,1,9,-3,198.5715114,64.44,590.25
177500,587.5,589,1,9,-3,198.390708,64.44,588.25
177600,584,585.5,1,9,-3,198.0523787,64.44,584.75
177700,582.5,584,1,9,-3,198.0144581,64.44,583.25
177800,583,584.5,1,9,-3,197.9591074,64.44,583.75
177900,585.5,587,1,9,-3,198.1610472,64.45,586.25
178000,585,587,1,9,-3,198.077294,64.45,586
178100,580.5,582,1,9,-3,197.7995558,64.45,581.25
178200,582,583.5,1,9,-3,197.6252334,64.46,582.75
178300,585,586.5,1,9,-3,197.888256,64.46,585.75
178400,587,588.5,1,9,-3,197.8561874,64.46,587.75
178500,587,588.5,1,9,-3,197.6895101,64.46,587.75
178600,590.5,592,1,9,-3,197.8371011,64.46,591.25
178700,589.5,591,1,9,-3,197.5693562,64.47,590.25
178800,588,589.5,1,9,-3,197.5841457,64.47,588.75
178900,588,589.5,1,9,-3,197.5175808,64.47,588.75
179000,589.5,591,1,9,-3,197.4221138,64.47,590.25
179100,586,587.5,1,9,-3,197.1523432,64.48,586.75
179200,585.5,587,1,9,-3,196.8778161,64.48,586.25
179300,587.5,589,1,9,-3,197.0388589,64.48,588.25
179400,589.5,591,1,9,-3,197.2116385,64.48,590.25
179500,594.5,596,1,9,-3,197.2817546,64.49,595.25
179600,595.5,597,1,9,-3,197.2268763,64.49,596.25
179700,593,594.5,1,9,-3,196.9734943,64.49,593.75
179800,594,595.5,1,9,-3,197.0417069,64.5,594.75
179900,593,594.5,1,9,-3,196.9801646,64.5,593.75
180000,593.5,595,1,9,-3,197.3247603,64.5,594.25
180100,591.5,593,1,9,-3,197.102892,64.5,592.25
180200,588,589.5,1,9,-3,196.8082012,64.5,588.75
180300,589,590.5,1,9,-3,196.6182781,64.51,589.75
180400,587,588.5,1,9,-3,196.2613312,64.51,587.75
180500,581.5,583,1,9,-3,195.8593324,64.51,582.25
180600,576.5,578,1,9,-3,195.770523,64.52,577.25
180700,577.5,579,1,9,-3,195.7999307,64.52,578.25
180800,576.5,578,1,9,-3,195.7584847,64.52,577.25
180900,578.5,580,1,9,-3,195.9885648,64.52,579.25
181000,579,580.5,1,9,-3,195.994154,64.53,579.75
181100,578.5,580,1,9,-3,195.7440827,64.53,579.25
181200,581.5,583,1,9,-3,195.7533896,64.53,582.25
181300,581,582.5,1,9,-3,195.5314159,64.53,581.75
181400,581,582.5,1,9,-3,195.241714,64.54,581.75
181500,585.5,587,1,9,-3,195.3204766,64.54,586.25
181600,582.5,584,1,9,-3,195.2362506,64.54,583.25
181700,586,587.5,1,9,-3,195.7768286,64.54,586.75
181800,584.5,586,1,9,-3,195.4937672,64.54,585.25
181900,589,590.5,1,9,-3,195.9151778,64.55,589.75
182000,593,594.5,1,9,-3,196.1041264,64.55,593.75
182100,591.5,593,1,9,-3,195.979856,64.55,592.25
182200,597,598.5,1,9,-3,196.1479004,64.56,597.75
182300,601,602.5,1,9,-3,196.1810893,64.56,601.75
182400,604.5,606,1,9,-3,196.5172548,64.56,605.25
182500,602,603.5,1,9,-3,196.2243362,64.56,602.75
182600,605,606.5,1,9,-3,196.2546763,64.56,605.75
182700,607,608.5,1,9,-3,196.5271411,64.57,607.75
182800,605.5,607,1,9,-3,196.0749199,64.57,606.25
182900,607.5,609,1,9,-3,195.9940003,64.57,608.25
183000,607.5,609,1,9,-3,196.0723303,64.58,608.25
183100,605,606.5,1,9,-3,195.9238039,64.58,605.75
183200,607.5,609,1,9,-3,196.1953663,64.58,608.25
183300,604,605.5,1,9,-3,196.15352,64.58,604.75
183400,606,607.5,1,9,-3,196.1305346,64.58,606.75
183500,604.5,606,1,9,-3,195.98769,64.59,605.25
183600,601,602.5,1,9,-3,195.7754904,64.59,601.75
183700,596,597.5,1,9,-3,195.6905632,64.59,596.75
183800,595,596.5,1,9,-3,195.7219887,64.6,595.75
183900,596,597.5,1,9,-3,195.7358842,64.6,596.75
184000,596.5,598,1,9,-3,195.8458184,64.6,597.25
184100,595.5,597,1,9,-3,195.4973124,64.6,596.25
184200,593,594.5,1,9,-3,195.26023,64.6,593.75
184300,593,594.5,1,9,-3,195.3276836,64.61,593.75
184400,592,593.5,1,9,-3,195.2350937,64.61,592.75
184500,588,589.5,1,9,-3,194.8907831,64.61,588.75
184600,591,592.5,1,9,-3,194.9164344,64.61,591.75
184700,592.5,594,1,9,-3,195.0803139,64.62,593.25
184800,595,596.5,1,9,-3,195.4043525,64.62,595.75
184900,596,597.5,1,9,-3,195.5767234,64.62,596.75
185000,594,595.5,1,9,-3,195.6776825,64.62,594.75
185100,596.5,598,1,9,-3,195.7474635,64.63,597.25
185200,592.5,594,1,9,-3,195.4921048,64.63,593.25
185300,590,591.5,1,9,-3,195.4054348,64.63,590.75
185400,588,589.5,1,9,-3,195.1985155,64.64,588.75
185500,589.5,591,1,9,-3,195.4271587,64.64,590.25
185600,583.5,585,1,9,-3,195.1820768,64.64,584.25
185700,584.5,586,1,9,-3,195.2485421,64.64,585.25
185800,587,588.5,1,9,-3,195.5121628,64.64,587.75
185900,587,589,1,9,-3,195.2745119,64.65,588
186000,587.5,589,1,9,-3,195.3404086,64.65,588.25
186100,591.5,593,1,9,-3,195.4913469,64.65,592.25
186200,595,596.5,1,9,-3,195.7021129,64.66,595.75
186300,597.5,599,1,9,-3,195.7877164,64.66,598.25
186400,598.5,600,1,9,-3,195.5371603,64.66,599.25
186500,598,599.5,1,9,-3,195.573693,64.66,598.75
186600,601,602.5,1,9,-3,195.5428058,64.67,601.75
186700,598,599.5,1,9,-3,195.4349116,64.67,598.75
186800,596,597.5,1,9,-3,195.0479275,64.67,596.75
186900,597.5,599,1,9,-3,195.2133162,64.67,598.25
187000,595,596.5,1,9,-3,195.0641213,64.68,595.75
187100,594.5,596,1,9,-3,195.0685417,64.68,595.25
187200,597,598.5,1,9,-3,195.3001298,64.68,597.75
187300,600,601.5,1,9,-3,195.5396277,64.68,600.75
187400,600.5,602,1,9,-3,195.6116235,64.68,601.25
187500,605,606.5,1,9,-3,195.8713062,64.69,605.75
187600,606.5,608,1,9,-3,195.9602802,64.69,607.25
187700,608,609.5,1,9,-3,195.8478522,64.69,608.75
187800,608.5,610,1,9,-3,195.7423968,64.69,609.25
187900,610.5,612,1,9,-3,195.88188,64.7,611.25
188000,610.5,612,1,9,-3,195.8593508,64.7,611.25
188100,613,614.5,1,9,-3,195.9300029,64.7,613.75
188200,615,616.5,1,9,-3,196.041661,64.7,615.75
188300,616,617.5,1,9,-3,196.0078193,64.71,616.75
188400,616,617.5,1,9,-3,195.9007118,64.71,616.75
188500,615,616.5,1,9,-3,195.6676357,64.71,615.75
188600,617,618.5,1,9,-3,195.7689248,64.72,617.75
188700,612,613.5,1,9,-3,195.6461993,64.72,612.75
188800,612.5,614,1,9,-3,195.8443394,64.72,613.25
188900,610.5,612,1,9,-3,195.6688426,64.72,611.25
189000,610.5,612.5,1,9,-3,195.7214891,64.72,611.5
189100,613,614.5,1,9,-3,195.851067,64.73,613.75
189200,616.5,618,1,9,-3,195.9352556,64.73,617.25
189300,617.5,619,1,9,-3,195.9467095,64.73,618.25
189400,614.5,616,1,9,-3,195.8053257,64.74,615.25
189500,614.5,616,1,9,-3,195.6309045,64.74,615.25
189600,611.5,613,1,9,-3,195.6538911,64.74,612.25
189700,612,613.5,1,9,-3,195.6141876,64.74,612.75
189800,612.5,614,1,9,-3,195.7147436,64.74,613.25
189900,610.5,612,1,9,-3,195.4970761,64.75,611.25
190000,607.5,609,1,9,-3,195.4626463,64.75,608.25
190100,605.5,607,1,9,-3,195.3667038,64.75,606.25
190200,603.5,605,1,9,-3,195.2356415,64.76,604.25
190300,607,608.5,1,9,-3,195.2804906,64.76,607.75
190400,607,608.5,1,9,-3,195.2665189,64.76,607.75
190500,609,610.5,1,9,-3,195.3689633,64.76,609.75
190600,612,613.5,1,9,-3,195.4242094,64.76,612.75
190700,616.5,618,1,9,-3,195.4520723,64.77,617.25
190800,616.5,618,1,9,-3,195.4277786,64.77,617.25
190900,620,621.5,1,9,-3,195.5337918,64.77,620.75
191000,615,616.5,1,9,-3,195.2120738,64.78,615.75
191100,613.5,615,1,9,-3,195.0156739,64.78,614.25
191200,612.5,614,1,9,-3,195.0982497,64.78,613.25
191300,610,611.5,1,9,-3,194.9588878,64.78,610.75
191400,606.5,608,1,9,-3,194.7271162,64.78,607.25
191500,610.5,612,1,9,-3,194.8753674,64.79,611.25
191600,611.5,613,1,9,-3,195.0361509,64.79,612.25
191700,611.5,613.5,1,9,-3,194.9662416,64.79,612.5
191800,610.5,612,1,9,-3,194.692717,64.8,611.25
191900,606,607.5,1,9,-3,194.6253506,64.8,606.75
192000,607,608.5,1,9,-3,194.7077342,64.8,607.75
192100,606,607.5,1,9,-3,194.6087743,64.8,606.75
192200,605,606.5,1,9,-3,194.4703427,64.81,605.75
192300,606.5,608,1,9,-3,194.5137687,64.81,607.25
192400,607,608.5,1,9,-3,194.7635968,64.81,607.75
192500,607,608.5,1,9,-3,195.0150374,64.81,607.75
192600,605,606.5,1,9,-3,194.9613925,64.82,605.75
192700,610,611.5,1,9,-3,195.051041,64.82,610.75
192800,613,614.5,1,9,-3,195.1511577,64.82,613.75
192900,612,613.5,1,9,-3,195.358073,64.82,612.75
193000,614,615.5,1,9,-3,195.7994829,64.82,614.75
193100,616.5,618,1,9,-3,195.8576433,64.83,617.25
193200,614,615.5,1,9,-3,195.8289699,64.83,614.75
193300,614,615.5,1,9,-3,195.6413626,64.83,614.75
193400,616,617.5,1,9,-3,195.8679989,64.83,616.75
193500,621.5,623,1,9,-3,196.0902821,64.84,622.25
193600,623.5,625,1,9,-3,196.1319338,64.84,624.25
193700,620.5,622,1,9,-3,195.8106414,64.84,621.25
193800,621.5,623,1,9,-3,195.9342739,64.84,622.25
193900,620.5,622,1,9,-3,195.9007997,64.85,621.25
194000,624.5,626,1,9,-3,196.3047054,64.85,625.25
194100,622.5,624,1,9,-3,196.2733496,64.85,623.25
194200,622.5,624,1,9,-3,196.3596049,64.86,623.25
194300,624.5,626,1,9,-3,196.7317423,64.86,625.25
194400,625,626.5,1,9,-3,196.7741226,64.86,625.75
194500,624,625.5,1,9,-3,196.7820142,64.86,624.75
194600,627.5,629,1,9,-3,196.8489716,64.86,628.25
194700,626,627.5,1,9,-3,196.8428314,64.87,626.75
194800,626,627.5,1,9,-3,196.5414275,64.87,626.75
194900,621.5,623,1,9,-3,196.4706284,64.87,622.25
195000,624.5,626,1,9,-3,196.8330431,64.88,625.25
195100,621.5,623,1,9,-3,197.0365902,64.88,622.25
195200,623,624.5,1,9,-3,197.1294408,64.88,623.75
195300,626.5,628,1,9,-3,197.4430607,64.88,627.25
195400,627.5,629,1,9,-3,197.4337555,64.89,628.25
195500,625,626.5,1,9,-3,197.3550372,64.89,625.75
195600,627,628.5,1,9,-3,197.4345979,64.89,627.75
195700,624.5,626,1,9,-3,197.385586,64.89,625.25
195800,626,627.5,1,9,-3,197.4979703,64.9,626.75
195900,628,629.5,1,9,-3,197.6290991,64.9,628.75
196000,626.5,628,1,9,-3,197.3679462,64.9,627.25
196100,625.5,627,1,9,-3,197.1779373,64.9,626.25
196200,621,622.5,1,9,-3,197.2896706,64.9,621.75
196300,620,621.5,1,9,-3,197.0216142,64.91,620.75
196400,624,625.5,1,9,-3,197.1474402,64.91,624.75
196500,627,628.5,1,9,-3,197.4992591,64.91,627.75
196600,626.5,628.5,1,9,-3,197.3313882,64.92,627.5
196700,627.5,629,1,9,-3,197.3653021,64.92,628.25
196800,630.5,632,1,9,-3,197.3206519,64.92,631.25
196900,629.5,631,1,9,-3,197.1894096,64.92,630.25
197000,628.5,630,1,9,-3,196.9901049,64.92,629.25
197100,628,629.5,1,9,-3,197.2252525,64.93,628.75
197200,627,628.5,1,9,-3,196.9990997,64.93,627.75
197300,628,629.5,1,9,-3,196.8275125,64.93,628.75
197400,628.5,630,1,9,-3,196.7596708,64.94,629.25
197500,630.5,632,1,9,-3,196.8941354,64.94,631.25
197600,631,632.5,1,9,-3,196.7618289,64.94,631.75
197700,634,635.5,1,9,-3,196.8859288,64.94,634.75
197800,630,631.5,1,9,-3,196.4409169,64.94,630.75
197900,628,629.5,1,9,-3,196.3910672,64.95,628.75
198000,626.5,628,1,9,-3,196.2227359,64.95,627.25
198100,627,628.5,1,9,-3,196.2812539,64.95,627.75
198200,622,623.5,1,9,-3,196.133983,64.96,622.75
198300,621,622.5,1,9,-3,195.8612731,64.96,621.75
198400,623,624.5,1,9,-3,195.9540748,64.96,623.75
198500,620.5,622,1,9,-3,195.7694569,64.96,621.25
198600,623,624.5,1,9,-3,195.9161063,64.96,623.75
198700,623,624.5,1,9,-3,196.0731873,64.97,623.75
198800,620.5,622,1,9,-3,195.9660784,64.97,621.25
198900,620,621.5,1,9,-3,196.2728112,64.97,620.75
199000,621.5,623,1,9,-3,196.6522937,64.97,622.25
199100,616.5,618,1,9,-3,196.4810111,64.98,617.25
199200,616,617.5,1,9,-3,196.4451117,64.98,616.75
199300,616,617.5,1,9,-3,196.5707937,64.98,616.75
199400,617.5,619,1,9,-3,196.6610729,64.98,618.25
199500,617.5,619,1,9,-3,196.7324002,64.99,618.25
199600,614.5,616,1,9,-3,196.8823704,64.99,615.25
199700,613,614.5,1,9,-3,196.7336126,64.99,613.75
199800,616.5,618,1,9,-3,196.9434551,65,617.25
199900,615,616.5,1,9,-3,196.9013075,65,615.75
200000,615,617,1,9,-3,197.1355503,65,616
200100,612.5,614,1,9,-3,197.0046422,64.98,613.25
200200,616,617.5,1,9,-3,197.2517798,64.96,616.75
200300,619.5,621,1,9,-3,197.3830142,64.93,620.25
200400,618.5,620,1,9,-3,197.0824349,64.91,619.25
200500,620.5,622,1,9,-3,197.1708565,64.89,621.25
200600,620.5,622.5,1,9,-3,196.9756459,64.86,621.5
200700,621.5,623,1,9,-3,197.1937208,64.84,622.25
200800,624.5,626,1,9,-3,197.1727433,64.82,625.25
200900,628.5,630,1,9,-3,197.3414996,64.8,629.25
201000,630.5,632,1,9,-3,197.471249,64.78,631.25
201100,631,632.5,1,9,-3,197.5015621,64.75,631.75
201200,633,634.5,1,9,-3,197.6160946,64.73,633.75
201300,632.5,634,1,9,-3,197.7469484,64.71,633.25
201400,631,632.5,1,9,-3,197.8085232,64.68,631.75
201500,627.5,629,1,9,-3,197.6399031,64.66,628.25
201600,627,628.5,1,9,-3,197.3910575,64.64,627.75
201700,629,630.5,1,9,-3,197.6098452,64.62,629.75
201800,631,632.5,1,9,-3,197.6879647,64.6,631.75
201900,635.5,637,1,9,-3,197.9191323,64.57,636.25
202000,634,635.5,1,9,-3,197.914424,64.55,634.75
202100,629.5,631,1,9,-3,197.8427064,64.53,630.25
202200,630,631.5,1,9,-3,197.8350846,64.5,630.75
202300,627,628.5,1,9,-3,197.5964961,64.48,627.75
202400,631,632.5,1,9,-3,197.761959,64.46,631.75
202500,631,633,1,9,-3,197.3221578,64.44,632
202600,632,633.5,1,9,-3,197.6622682,64.42,632.75
202700,631,632.5,1,9,-3,197.6444785,64.39,631.75
202800,627,628.5,1,9,-3,197.0795675,64.37,627.75
202900,628,629.5,1,9,-3,197.1685516,64.35,628.75
203000,632,633.5,1,9,-3,197.2274885,64.32,632.75
203100,628,629.5,1,9,-3,197.1313161,64.3,628.75
203200,629,630.5,1,9,-3,197.2274174,64.28,629.75
203300,630,631.5,1,9,-3,197.0573584,64.26,630.75
203400,629,630.5,1,9,-3,196.9085807,64.24,629.75
203500,628.5,630,1,9,-3,196.9904157,64.21,629.25
203600,632,633.5,1,9,-3,197.1696219,64.19,632.75
203700,631,632.5,1,9,-3,197.1374081,64.17,631.75
203800,630.5,632,1,9,-3,197.0564452,64.14,631.25
203900,628.5,630,1,9,-3,197.0708539,64.12,629.25
204000,626.5,628,1,9,-3,196.8880408,64.1,627.25
204100,629.5,631,1,9,-3,196.9199248,64.08,630.25
204200,633.5,635,1,9,-3,196.9931245,64.06,634.25
204300,636,637.5,1,9,-3,196.8682217,64.03,636.75
204400,633.5,635,1,9,-3,196.6902291,64.01,634.25
204500,632,633.5,1,9,-3,196.7210826,63.99,632.75
204600,633,634.5,1,9,-3,196.5987486,63.96,633.75
204700,632,633.5,1,9,-3,196.5148333,63.94,632.75
204800,636,637.5,1,9,-3,196.6451675,63.92,636.75
204900,637,638.5,1,9,-3,196.5935633,63.9,637.75
205000,634.5,636,1,9,-3,196.2409615,63.88,635.25
205100,634,636,1,9,-3,196.0753307,63.85,635
205200,637.5,639,1,9,-3,196.334513,63.83,638.25
205300,635,636.5,1,9,-3,196.4528112,63.81,635.75
205400,639.5,641,1,9,-3,196.4998944,63.78,640.25
205500,640.5,642,1,9,-3,196.5619368,63.76,641.25
205600,639.5,641,1,9,-3,196.7246672,63.74,640.25
205700,642,643.5,1,9,-3,196.7556749,63.72,642.75
205800,641.5,643,1,9,-3,196.621844,63.7,642.25
205900,643.5,645,1,9,-3,196.764852,63.67,644.25
206000,642,643.5,1,9,-3,196.4069865,63.65,642.75
206100,639.5,641,1,9,-3,196.3281837,63.63,640.25
206200,640.5,642,1,9,-3,196.4631071,63.6,641.25
206300,640.5,642,1,9,-3,196.3252206,63.58,641.25
206400,642.5,644,1,9,-3,196.3982943,63.56,643.25
206500,637.5,639,1,9,-3,196.1932217,63.54,638.25
206600,634,635.5,1,9,-3,196.6098499,63.52,634.75
206700,632,633.5,1,9,-3,196.6041907,63.49,632.75
206800,633,634.5,1,9,-3,196.7866647,63.47,633.75
206900,635.5,637,1,9,-3,197.1511172,63.45,636.25
207000,635.5,637,1,9,-3,197.0535177,63.42,636.25
207100,638.5,640,1,9,-3,197.2360174,63.4,639.25
207200,642.5,644,1,9,-3,197.571453,63.38,643.25
207300,646,647.5,1,9,-3,197.5766313,63.36,646.75
207400,644.5,646,1,9,-3,197.3041049,63.34,645.25
207500,641.5,643,1,9,-3,197.1405561,63.31,642.25
207600,637.5,639,1,9,-3,197.0684327,63.29,638.25
207700,638.5,640,1,9,-3,196.8394924,63.27,639.25
207800,633.5,635,1,9,-3,196.7361288,63.24,634.25
207900,627.5,629,1,9,-3,196.5800433,63.22,628.25
208000,629,630.5,1,9,-3,196.501932,63.2,629.75
208100,629,630.5,1,9,-3,196.3684748,63.18,629.75
208200,626,627.5,1,9,-3,196.0764875,63.16,626.75
208300,627.5,629,1,9,-3,196.0526739,63.13,628.25
208400,625.5,627,1,9,-3,196.0299215,63.11,626.25
208500,621.5,623,1,9,-3,195.9833584,63.09,622.25
208600,623,624.5,1,9,-3,195.9225852,63.06,623.75
208700,622,623.5,1,9,-3,195.9239902,63.04,622.75
208800,620,621.5,1,9,-3,195.5614918,63.02,620.75
208900,618.5,620,1,9,-3,195.4955887,63,619.25
209000,617.5,619,1,9,-3,195.9778692,62.98,618.25
209100,615,616.5,1,9,-3,195.5878337,62.95,615.75
209200,617.5,619,1,9,-3,195.6180829,62.93,618.25
209300,616.5,618,1,9,-3,195.389633,62.91,617.25
209400,617,618.5,1,9,-3,195.4432634,62.88,617.75
209500,620,621.5,1,9,-3,195.4512137,62.86,620.75
209600,620.5,622,1,9,-3,195.540039,62.84,621.25
209700,622.5,624,1,9,-3,195.5935709,62.82,623.25
209800,622,623.5,1,9,-3,195.7356593,62.8,622.75
209900,623.5,625,1,9,-3,195.565044,62.77,624.25
210000,621,622.5,1,9,-3,195.33422,62.75,621.75
210100,617.5,619,1,9,-3,195.1548126,62.73,618.25
210200,612,613.5,1,9,-3,194.9633182,62.7,612.75
210300,612.5,614,1,9,-3,194.6808979,62.68,613.25
210400,613,614.5,1,9,-3,194.7624775,62.66,613.75
210500,612,613.5,1,9,-3,194.7532255,62.64,612.75
210600,610.5,612,1,9,-3,194.6847129,62.62,611.25
210700,613.5,615,1,9,-3,194.8542949,62.59,614.25
210800,612.5,614,1,9,-3,194.799758,62.57,613.25
210900,616,617.5,1,9,-3,194.8556204,62.55,616.75
211000,618,619.5,1,9,-3,194.8576223,62.52,618.75
211100,623.5,625,1,9,-3,195.0065759,62.5,624.25
211200,620,621.5,1,9,-3,194.9983744,62.48,620.75
211300,618.5,620,1,9,-3,194.968464,62.46,619.25
211400,622.5,624,1,9,-3,195.2877533,62.44,623.25
211500,625,626.5,1,9,-3,195.5861256,62.41,625.75
211600,625,626.5,1,9,-3,195.7109653,62.39,625.75
211700,630,631.5,1,9,-3,195.7852558,62.37,630.75
211800,631.5,633,1,9,-3,196.0594491,62.34,632.25
211900,634,635.5,1,9,-3,196.1208609,62.32,634.75
212000,633.5,635,1,9,-3,196.0686595,62.3,634.25
212100,637.5,639,1,9,-3,196.2022279,62.28,638.25
212200,640.5,642,1,9,-3,196.3166672,62.26,641.25
212300,643,644.5,1,9,-3,196.4152154,62.23,643.75
212400,643.5,645,1,9,-3,196.5184249,62.21,644.25
212500,642.5,644,1,9,-3,196.4152751,62.19,643.25
212600,642.5,644,1,9,-3,196.465937,62.16,643.25
212700,643.5,645,1,9,-3,196.4133106,62.14,644.25
212800,641,642.5,1,9,-3,196.0589169,62.12,641.75
212900,638,639.5,1,9,-3,195.6971444,62.1,638.75
213000,641,642.5,1,9,-3,195.9147405,62.08,641.75
213100,642.5,644,1,9,-3,196.1700115,62.05,643.25
213200,639.5,641,1,9,-3,196.0211594,62.03,640.25
213300,639.5,641,1,9,-3,195.9691323,62.01,640.25
213400,640,641.5,1,9,-3,196.1195658,61.98,640.75
213500,639,640.5,1,9,-3,196.16936,61.96,639.75
213600,638.5,640,1,9,-3,196.1730845,61.94,639.25
213700,641.5,643,1,9,-3,196.3809225,61.92,642.25
213800,642.5,644,1,9,-3,196.2008244,61.9,643.25
213900,643.5,645,1,9,-3,196.1336512,61.87,644.25
214000,645.5,647,1,9,-3,196.1756233,61.85,646.25
214100,643,644.5,1,9,-3,196.0472686,61.83,643.75
214200,643,644.5,1,9,-3,195.9250006,61.8,643.75
214300,641.5,643,1,9,-3,195.6929871,61.78,642.25
214400,640,641.5,1,9,-3,195.4566484,61.76,640.75
214500,640,641.5,1,9,-3,195.5103182,61.74,640.75
214600,642,643.5,1,9,-3,195.6797759,61.72,642.75
214700,642,643.5,1,9,-3,195.787749,61.69,642.75
214800,640.5,642,1,9,-3,195.7741089,61.67,641.25
214900,642.5,644,1,9,-3,195.9953695,61.65,643.25
215000,644,645.5,1,9,-3,196.3268388,61.62,644.75
215100,641.5,643,1,9,-3,196.2259112,61.6,642.25
215200,640.5,642,1,9,-3,196.3966683,61.58,641.25
215300,641.5,643,1,9,-3,196.265962,61.56,642.25
215400,639,640.5,1,9,-3,196.1635826,61.54,639.75
215500,639,640.5,1,9,-3,196.2926477,61.51,639.75
215600,638.5,640,1,9,-3,196.4809781,61.49,639.25
215700,638,639.5,1,9,-3,196.4225318,61.47,638.75
215800,637,638.5,1,9,-3,196.1862255,61.44,637.75
215900,632,633.5,1,9,-3,196.1292185,61.42,632.75
216000,633,634.5,1,9,-3,196.2947216,61.4,633.75
216100,637,638.5,1,9,-3,196.6735723,61.38,637.75
216200,640.5,642,1,9,-3,196.9277713,61.36,641.25
216300,641.5,643,1,9,-3,197.2371023,61.33,642.25
216400,642,643.5,1,9,-3,197.1253053,61.31,642.75
216500,637.5,639,1,9,-3,196.7549715,61.29,638.25
216600,637.5,639,1,9,-3,196.665713,61.26,638.25
216700,640.5,642,1,9,-3,196.7813487,61.24,641.25
216800,635.5,637,1,9,-3,196.5469984,61.22,636.25
216900,635.5,637.5,1,9,-3,196.5749698,61.2,636.5
217000,633.5,635,1,9,-3,196.5450728,61.18,634.25
217100,635,636.5,1,9,-3,196.7395225,61.15,635.75
217200,637.5,639,1,9,-3,196.7100614,61.13,638.25
217300,641.5,643,1,9,-3,197.0047013,61.11,642.25
217400,641.5,643,1,9,-3,197.188731,61.08,642.25
217500,644.5,646,1,9,-3,197.0963687,61.06,645.25
217600,648,649.5,1,9,-3,197.4383117,61.04,648.75
217700,651,652.5,1,9,-3,197.6584175,61.02,651.75
217800,651.5,653,1,9,-3,197.6161199,61,652.25
217900,652.5,654,1,9,-3,197.5847749,60.97,653.25
218000,657.5,659,1,9,-3,197.8605397,60.95,658.25
218100,658.5,660,1,9,-3,197.9669315,60.93,659.25
218200,659,660.5,1,9,-3,197.8859792,60.9,659.75
218300,656.5,658,1,9,-3,197.8723871,60.88,657.25
218400,658,659.5,1,9,-3,197.9202366,60.86,658.75
218500,659.5,661,1,9,-3,197.9910646,60.84,660.25
218600,661.5,663,1,9,-3,198.1283311,60.82,662.25
218700,660.5,662,1,9,-3,198.0028345,60.79,661.25
218800,661,662.5,1,9,-3,198.320315,60.77,661.75
218900,658.5,660,1,9,-3,198.2445723,60.75,659.25
219000,657.5,659,1,9,-3,198.0949273,60.72,658.25
219100,659.5,661,1,9,-3,198.0963823,60.7,660.25
219200,659.5,661,1,9,-3,198.0990805,60.68,660.25
219300,662,663.5,1,9,-3,198.1432895,60.66,662.75
219400,664,665.5,1,9,-3,198.4687969,60.64,664.75
219500,664.5,666,1,9,-3,198.4578228,60.61,665.25
219600,662.5,664,1,9,-3,198.5068425,60.59,663.25
219700,657,658.5,1,9,-3,198.3020837,60.57,657.75
219800,659,660.5,1,9,-3,198.487875,60.54,659.75
219900,658.5,660,1,9,-3,198.2452818,60.52,659.25
220000,657.5,659,1,9,-3,198.5857765,60.5,658.25
220100,660.5,662,1,9,-3,198.7251946,60.48,661.25
220200,661,662.5,1,9,-3,198.7997318,60.46,661.75
220300,662,663.5,1,9,-3,198.8801418,60.43,662.75
220400,662,664,1,9,-3,198.8711035,60.41,663
220500,663,664.5,1,9,-3,199.027194,60.39,663.75
220600,666.5,668,1,9,-3,199.036968,60.36,667.25
220700,667.5,669,1,9,-3,198.91552,60.34,668.25
220800,665,666.5,1,9,-3,198.8163798,60.32,665.75
220900,664,665.5,1,9,-3,198.7586447,60.3,664.75
221000,663,664.5,1,9,-3,198.5634078,60.28,663.75
221100,663,664.5,1,9,-3,198.4790523,60.25,663.75
221200,663.5,665,1,9,-3,198.5874754,60.23,664.25
221300,658.5,660,1,9,-3,198.2254766,60.21,659.25
221400,657.5,659,1,9,-3,198.1608064,60.18,658.25
221500,657.5,659,1,9,-3,198.6502751,60.16,658.25
221600,656.5,658,1,9,-3,198.6180167,60.14,657.25
221700,655.5,657,1,9,-3,198.5104969,60.12,656.25
221800,655,656.5,1,9,-3,198.7134961,60.1,655.75
221900,655.5,657,1,9,-3,198.7888156,60.07,656.25
222000,653.5,655,1,9,-3,198.4856835,60.05,654.25
222100,656,657.5,1,9,-3,198.7536016,60.03,656.75
222200,653,654.5,1,9,-3,198.7441176,60,653.75
222300,653,654.5,1,9,-3,198.9575147,59.98,653.75
222400,654.5,656,1,9,-3,198.9864886,59.96,655.25
222500,654,655.5,1,9,-3,198.9831052,59.94,654.75
222600,654,655.5,1,9,-3,198.6949637,59.92,654.75
222700,651.5,653,1,9,-3,198.5906022,59.89,652.25
222800,655.5,657,1,9,-3,198.7711242,59.87,656.25
222900,653,654.5,1,9,-3,198.5981362,59.85,653.75
223000,650.5,652,1,9,-3,198.4960846,59.82,651.25
223100,653,654.5,1,9,-3,198.4930107,59.8,653.75
223200,655.5,657,1,9,-3,198.445503,59.78,656.25
223300,657,658.5,1,9,-3,198.4920347,59.76,657.75
223400,653,654.5,1,9,-3,198.1789589,59.74,653.75
223500,653,655,1,9,-3,198.2361576,59.71,654
223600,650,651.5,1,9,-3,197.8953709,59.69,650.75
223700,646.5,648,1,9,-3,197.8929065,59.67,647.25
223800,648,649.5,1,9,-3,197.7083616,59.64,648.75
223900,649,650.5,1,9,-3,197.8435911,59.62,649.75
224000,649.5,651,1,9,-3,198.4700554,59.6,650.25
224100,649,650.5,1,9,-3,198.2299251,59.58,649.75
224200,649.5,651,1,9,-3,198.179522,59.56,650.25
224300,650,651.5,1,9,-3,198.1857888,59.53,650.75
224400,652,653.5,1,9,-3,198.2565228,59.51,652.75
224500,650,651.5,1,9,-3,197.9207267,59.49,650.75
224600,643.5,645,1,9,-3,197.5977611,59.46,644.25
224700,649.5,651,1,9,-3,197.7550319,59.44,650.25
224800,650.5,652,1,9,-3,197.6712353,59.42,651.25
224900,653,654.5,1,9,-3,197.7505676,59.4,653.75
225000,648.5,650,1,9,-3,197.7425123,59.38,649.25
225100,647,648.5,1,9,-3,197.6525369,59.35,647.75
225200,643.5,645,1,9,-3,197.4992303,59.33,644.25
225300,641,642.5,1,9,-3,197.3721365,59.31,641.75
225400,643.5,645,1,9,-3,197.4175859,59.28,644.25
225500,641,642.5,1,9,-3,197.2291326,59.26,641.75
225600,637.5,639,1,9,-3,197.1894173,59.24,638.25
225700,637.5,639,1,9,-3,197.261951,59.22,638.25
225800,634,635.5,1,9,-3,197.2200351,59.2,634.75
225900,631,632.5,1,9,-3,197.0413025,59.17,631.75
226000,633,634.5,1,9,-3,197.0226136,59.15,633.75
226100,636,637.5,1,9,-3,197.1535804,59.13,636.75
226200,633,634.5,1,9,-3,197.1437185,59.1,633.75
226300,633,634.5,1,9,-3,196.9672598,59.08,633.75
226400,634.5,636,1,9,-3,196.8344339,59.06,635.25
226500,639,640.5,1,9,-3,197.0411682,59.04,639.75
226600,638.5,640,1,9,-3,197.5935255,59.02,639.25
226700,636.5,638,1,9,-3,197.42963,58.99,637.25
226800,637.5,639,1,9,-3,197.416206,58.97,638.25
226900,638.5,640,1,9,-3,197.3660399,58.95,639.25
227000,640.5,642,1,9,-3,197.3224927,58.92,641.25
227100,639.5,641,1,9,-3,197.3113819,58.9,640.25
227200,640.5,642,1,9,-3,197.5194355,58.88,641.25
227300,640,641.5,1,9,-3,197.2907687,58.86,640.75
227400,643,644.5,1,9,-3,197.5343685,58.84,643.75
227500,639,640.5,1,9,-3,197.3416955,58.81,639.75
227600,644.5,646,1,9,-3,197.43416,58.79,645.25
227700,642,643.5,1,9,-3,197.4267592,58.77,642.75
227800,646,647.5,1,9,-3,197.6531268,58.74,646.75
227900,644,645.5,1,9,-3,197.634633,58.72,644.75
228000,644.5,646,1,9,-3,198.0170283,58.7,645.25
228100,641.5,643,1,9,-3,197.8687345,58.68,642.25
228200,643.5,645,1,9,-3,198.1106761,58.66,644.25
228300,645,646.5,1,9,-3,198.1811733,58.63,645.75
228400,647,648.5,1,9,-3,198.3644981,58.61,647.75
228500,645.5,647,1,9,-3,198.1029272,58.59,646.25
228600,641.5,643,1,9,-3,197.9502913,58.56,642.25
228700,638,639.5,1,9,-3,197.9258529,58.54,638.75
228800,634.5,636,1,9,-3,197.7127619,58.52,635.25
228900,634,635.5,1,9,-3,197.9470492,58.5,634.75
229000,633,634.5,1,9,-3,197.835021,58.48,633.75
229100,631,632.5,1,9,-3,197.5197541,58.45,631.75
229200,633,634.5,1,9,-3,197.58458,58.43,633.75
229300,631,632.5,1,9,-3,197.4666905,58.41,631.75
229400,635.5,637,1,9,-3,197.6603842,58.38,636.25
229500,632,633.5,1,9,-3,197.5515943,58.36,632.75
229600,636.5,638,1,9,-3,198.0258377,58.34,637.25
229700,635.5,637,1,9,-3,198.0700335,58.32,636.25
229800,636.5,638,1,9,-3,198.2254699,58.3,637.25
229900,638,639.5,1,9,-3,198.1675196,58.27,638.75
230000,634.5,636,1,9,-3,197.9133684,58.25,635.25
230100,634.5,636,1,9,-3,197.7703876,58.23,635.25
230200,636.5,638,1,9,-3,197.8388356,58.2,637.25
230300,637.5,639,1,9,-3,197.9010653,58.18,638.25
230400,636.5,638,1,9,-3,197.8609574,58.16,637.25
230500,640,641.5,1,9,-3,198.1503844,58.14,640.75
230600,635.5,637,1,9,-3,198.0341514,58.12,636.25
230700,639,640.5,1,9,-3,198.0889198,58.09,639.75
230800,639,640.5,1,9,-3,198.1792796,58.07,639.75
230900,638.5,640.5,1,9,-3,198.1963376,58.05,639.5
231000,639.5,641,1,9,-3,198.0579285,58.02,640.25
231100,641.5,643,1,9,-3,198.2968796,58,642.25
231200,641,642.5,1,9,-3,198.556611,57.98,641.75
231300,643,644.5,1,9,-3,198.5586886,57.96,643.75
231400,642.5,644,1,9,-3,198.6374079,57.94,643.25
231500,642,643.5,1,9,-3,198.5303194,57.91,642.75
231600,640.5,642,1,9,-3,198.5511199,57.89,641.25
231700,639,640.5,1,9,-3,198.5800708,57.87,639.75
231800,638,639.5,1,9,-3,198.4967808,57.84,638.75
231900,636.5,638,1,9,-3,198.712493,57.82,637.25
232000,636,638,1,9,-3,198.5007134,57.8,637
232100,635.5,637,1,9,-3,198.7222578,57.78,636.25
232200,639.5,641,1,9,-3,198.9653775,57.76,640.25
232300,640.5,642,1,9,-3,199.0089508,57.73,641.25
232400,638.5,640,1,9,-3,198.8012952,57.71,639.25
232500,633,634.5,1,9,-3,198.7573135,57.69,633.75
232600,633.5,635,1,9,-3,198.7569374,57.66,634.25
232700,630,631.5,1,9,-3,198.4164169,57.64,630.75
232800,630,631.5,1,9,-3,198.4014532,57.62,630.75
232900,632.5,634,1,9,-3,198.7488716,57.6,633.25
233000,630.5,632,1,9,-3,198.828255,57.58,631.25
233100,628.5,630,1,9,-3,198.7765916,57.55,629.25
233200,629,630.5,1,9,-3,198.8201083,57.53,629.75
233300,630,631.5,1,9,-3,198.8057914,57.51,630.75
233400,632,633.5,1,9,-3,198.8988417,57.48,632.75
233500,635.5,637,1,9,-3,198.9981678,57.46,636.25
233600,634,635.5,1,9,-3,198.8904041,57.44,634.75
233700,636,637.5,1,9,-3,198.9590334,57.42,636.75
233800,636.5,638,1,9,-3,198.9628877,57.4,637.25
233900,634,635.5,1,9,-3,198.7614891,57.37,634.75
234000,635.5,637,1,9,-3,198.8341802,57.35,636.25
234100,635.5,637,1,9,-3,198.7709359,57.33,636.25
234200,637,638.5,1,9,-3,199.1561743,57.3,637.75
234300,639,640.5,1,9,-3,199.164212,57.28,639.75
234400,639,640.5,1,9,-3,199.3022895,57.26,639.75
234500,639.5,641,1,9,-3,199.1883575,57.24,640.25
234600,636.5,638,1,9,-3,198.974103,57.22,637.25
234700,637.5,639,1,9,-3,199.1872008,57.19,638.25
234800,634,635.5,1,9,-3,199.0778788,57.17,634.75
234900,639,640.5,1,9,-3,199.1723655,57.15,639.75
235000,642,643.5,1,9,-3,199.3900385,57.12,642.75
235100,641,642.5,1,9,-3,199.6261236,57.1,641.75
235200,639.5,641,1,9,-3,199.5706924,57.08,640.25
235300,636,637.5,1,9,-3,199.3929459,57.06,636.75
235400,639,640.5,1,9,-3,199.6888314,57.04,639.75
235500,638,639.5,1,9,-3,199.4400772,57.01,638.75
235600,636,637.5,1,9,-3,199.0915163,56.99,636.75
235700,635.5,637,1,9,-3,199.3763205,56.97,636.25
235800,637,638.5,1,9,-3,199.5059174,56.94,637.75
235900,637,638.5,1,9,-3,199.7093889,56.92,637.75
236000,637,639,1,9,-3,199.8924846,56.9,638
236100,635,636.5,1,9,-3,199.7451403,56.88,635.75
236200,634.5,636.5,1,9,-3,199.4733811,56.86,635.5
236300,632.5,634,1,9,-3,199.3425843,56.83,633.25
236400,632.5,634,1,9,-3,199.2518018,56.81,633.25
236500,639,640.5,1,9,-3,199.4383565,56.79,639.75
236600,642,643.5,1,9,-3,199.6788059,56.76,642.75
236700,646,647.5,1,9,-3,199.8431916,56.74,646.75
236800,643.5,645,1,9,-3,199.5280241,56.72,644.25
236900,647,648.5,1,9,-3,199.7193754,56.7,647.75
237000,649,650.5,1,9,-3,199.9068558,56.68,649.75
237100,654,655.5,1,9,-3,200.2419921,56.65,654.75
237200,654,655.5,1,9,-3,199.951455,56.63,654.75
237300,653,654.5,1,9,-3,199.9274204,56.61,653.75
237400,655,656.5,1,9,-3,199.7743368,56.58,655.75
237500,658,659.5,1,9,-3,199.9496841,56.56,658.75
237600,655,656.5,1,9,-3,199.9927553,56.54,655.75
237700,656.5,658,1,9,-3,199.8898287,56.52,657.25
237800,656.5,658.5,1,9,-3,199.7649092,56.5,657.5
237900,658,659.5,1,9,-3,199.777934,56.47,658.75
238000,658,659.5,1,9,-3,199.8404534,56.45,658.75
238100,660,661.5,1,9,-3,199.8679965,56.43,660.75
238200,662.5,664,1,9,-3,199.9087892,56.4,663.25
238300,656,657.5,1,9,-3,199.5347314,56.38,656.75
238400,654.5,656,1,9,-3,199.5103497,56.36,655.25
238500,655,656.5,1,9,-3,199.5929422,56.34,655.75
238600,654.5,656,1,9,-3,199.7123097,56.32,655.25
238700,657.5,659,1,9,-3,199.8187136,56.29,658.25
238800,660,661.5,1,9,-3,199.9528676,56.27,660.75
238900,656,657.5,1,9,-3,199.7288731,56.25,656.75
239000,658.5,660,1,9,-3,199.857419,56.22,659.25
239100,656.5,658,1,9,-3,199.7060937,56.2,657.25
239200,656,657.5,1,9,-3,199.4195946,56.18,656.75
239300,654,655.5,1,9,-3,199.3605685,56.16,654.75
239400,652.5,654,1,9,-3,199.3834807,56.14,653.25
239500,656,657.5,1,9,-3,199.5955841,56.11,656.75
239600,657.5,659,1,9,-3,199.7585784,56.09,658.25
239700,660,661.5,1,9,-3,199.7773057,56.07,660.75
239800,663,664.5,1,9,-3,199.8555521,56.04,663.75
239900,661,662.5,1,9,-3,199.5927585,56.02,661.75
240000,662,663.5,1,9,-3,199.4965614,56,662.75
240100,667.5,669,1,9,-3,199.8376738,55.98,668.25
240200,667,669,1,9,-3,199.7286316,55.96,668
240300,669.5,671,1,9,-3,199.9678885,55.93,670.25
240400,669,670.5,1,9,-3,199.8286006,55.91,669.75
240500,665.5,667,1,9,-3,199.7519141,55.89,666.25
240600,663,664.5,1,9,-3,199.6019537,55.86,663.75
240700,662.5,664,1,9,-3,199.7023609,55.84,663.25
240800,662.5,664,1,9,-3,199.8430166,55.82,663.25
240900,670,671.5,1,9,-3,200.0258406,55.8,670.75
241000,666,667.5,1,9,-3,199.9261539,55.78,666.75
241100,670.5,672,1,9,-3,200.2031102,55.75,671.25
241200,672.5,674,1,9,-3,200.4613551,55.73,673.25
241300,673,674.5,1,9,-3,200.3685592,55.71,673.75
241400,673.5,675,1,9,-3,200.6470221,55.68,674.25
241500,673,674.5,1,9,-3,200.5394519,55.66,673.75
241600,670.5,672,1,9,-3,200.3609523,55.64,671.25
241700,668.5,670,1,9,-3,200.1789559,55.62,669.25
241800,667.5,669,1,9,-3,200.0626305,55.6,668.25
241900,671.5,673,1,9,-3,200.2558934,55.57,672.25
242000,673,674.5,1,9,-3,200.0087449,55.55,673.75
242100,673,674.5,1,9,-3,199.899202,55.53,673.75
242200,671,672.5,1,9,-3,199.6646943,55.5,671.75
242300,672,673.5,1,9,-3,199.9341639,55.48,672.75
242400,669.5,671,1,9,-3,199.8602652,55.46,670.25
242500,670,671.5,1,9,-3,200.0372908,55.44,670.75
242600,667,668.5,1,9,-3,199.5158708,55.42,667.75
242700,665.5,667,1,9,-3,199.3997576,55.39,666.25
242800,664.5,666,1,9,-3,199.2957115,55.37,665.25
242900,665.5,667,1,9,-3,199.3719369,55.35,666.25
243000,666,667.5,1,9,-3,199.413121,55.32,666.75
243100,664.5,666,1,9,-3,199.6894383,55.3,665.25
243200,664.5,666.5,1,9,-3,199.6701334,55.28,665.5
243300,664.5,666.5,1,9,-3,199.7046762,55.26,665.5
243400,663.5,665,1,9,-3,199.6676845,55.24,664.25
243500,660,661.5,1,9,-3,199.4436963,55.21,660.75
243600,659,660.5,1,9,-3,199.4223442,55.19,659.75
243700,660.5,662,1,9,-3,199.5254536,55.17,661.25
243800,659,660.5,1,9,-3,199.3840797,55.14,659.75
243900,657,658.5,1,9,-3,199.3451575,55.12,657.75
244000,655.5,657,1,9,-3,199.527712,55.1,656.25
244100,655.5,657,1,9,-3,199.3176242,55.08,656.25
244200,655,656.5,1,9,-3,199.1314917,55.06,655.75
244300,656.5,658,1,9,-3,199.1457132,55.03,657.25
244400,657.5,659,1,9,-3,199.185179,55.01,658.25
244500,659.5,661,1,9,-3,199.3418504,54.99,660.25
244600,658.5,660,1,9,-3,199.1897622,54.96,659.25
244700,662,663.5,1,9,-3,199.2476638,54.94,662.75
244800,658.5,660,1,9,-3,199.1718329,54.92,659.25
244900,662.5,664,1,9,-3,199.2893619,54.9,663.25
245000,663.5,665,1,9,-3,199.4613721,54.88,664.25
245100,662,663.5,1,9,-3,199.3749176,54.85,662.75
245200,659.5,661,1,9,-3,199.4450655,54.83,660.25
245300,658,659.5,1,9,-3,199.1940406,54.81,658.75
245400,658,659.5,1,9,-3,199.0414989,54.78,658.75
245500,658,659.5,1,9,-3,198.986435,54.76,658.75
245600,663,664.5,1,9,-3,199.0761707,54.74,663.75
245700,665,666.5,1,9,-3,198.9882815,54.72,665.75
245800,665,666.5,1,9,-3,198.8292887,54.7,665.75
245900,666,667.5,1,9,-3,198.6790188,54.67,666.75
246000,666,667.5,1,9,-3,198.733965,54.65,666.75
246100,665,666.5,1,9,-3,198.5434018,54.63,665.75
246200,666,667.5,1,9,-3,198.5342887,54.6,666.75
246300,663.5,665,1,9,-3,198.5876498,54.58,664.25
246400,664,665.5,1,9,-3,198.6748479,54.56,664.75
246500,666,667.5,1,9,-3,198.7555602,54.54,666.75
246600,668,669.5,1,9,-3,198.3985269,54.52,668.75
246700,668.5,670,1,9,-3,198.4368381,54.49,669.25
246800,670,671.5,1,9,-3,198.5229105,54.47,670.75
246900,671,672.5,1,9,-3,198.5314023,54.45,671.75
247000,671,672.5,1,9,-3,198.3489115,54.42,671.75
247100,673,674.5,1,9,-3,198.3943706,54.4,673.75
247200,671,672.5,1,9,-3,198.2988636,54.38,671.75
247300,673,674.5,1,9,-3,198.2746881,54.36,673.75
247400,669.5,671,1,9,-3,198.2538944,54.34,670.25
247500,671,672.5,1,9,-3,198.4651116,54.31,671.75
247600,668,669.5,1,9,-3,198.3598672,54.29,668.75
247700,668,669.5,1,9,-3,198.3185459,54.27,668.75
247800,668.5,670,1,9,-3,198.1724152,54.24,669.25
247900,668,669.5,1,9,-3,197.9616799,54.22,668.75
248000,667.5,669,1,9,-3,197.8144541,54.2,668.25
248100,669,670.5,1,9,-3,198.1069433,54.18,669.75
248200,670,671.5,1,9,-3,198.217371,54.16,670.75
248300,670.5,672,1,9,-3,198.263961,54.13,671.25
248400,669.5,671,1,9,-3,198.2146992,54.11,670.25
248500,668,669.5,1,9,-3,197.9055507,54.09,668.75
248600,668,669.5,1,9,-3,198.1154688,54.06,668.75
248700,673,674.5,1,9,-3,198.3252982,54.04,673.75
248800,672.5,674,1,9,-3,198.245151,54.02,673.25
248900,672,673.5,1,9,-3,198.0792249,54,672.75
249000,672,674,1,9,-3,198.1876085,53.98,673
249100,672.5,674,1,9,-3,198.3312657,53.95,673.25
249200,673,674.5,1,9,-3,198.4697524,53.93,673.75
249300,673.5,675,1,9,-3,198.40294,53.91,674.25
249400,673.5,675,1,9,-3,198.4022152,53.88,674.25
249500,675,676.5,1,9,-3,198.540398,53.86,675.75
249600,673.5,675,1,9,-3,198.4171338,53.84,674.25
249700,671.5,673,1,9,-3,198.3125738,53.82,672.25
249800,670.5,672,1,9,-3,198.4132695,53.8,671.25
249900,667,668.5,1,9,-3,198.3407695,53.77,667.75
250000,667,668.5,1,9,-3,198.2996673,53.75,667.75
250100,664.5,666,1,9,-3,198.150416,53.73,665.25
250200,665,666.5,1,9,-3,198.340886,53.7,665.75
250300,662.5,664,1,9,-3,197.9596069,53.68,663.25
250400,661,662.5,1,9,-3,198.1166292,53.66,661.75
250500,658,659.5,1,9,-3,197.959336,53.64,658.75
250600,662.5,664,1,9,-3,198.1930543,53.62,663.25
250700,660.5,662,1,9,-3,198.1293684,53.59,661.25
250800,661.5,663,1,9,-3,198.2313539,53.57,662.25
250900,663,664.5,1,9,-3,198.2451658,53.55,663.75
251000,661,662.5,1,9,-3,198.1239545,53.52,661.75
251100,660,661.5,1,9,-3,198.1561757,53.5,660.75
251200,660,661.5,1,9,-3,198.1285172,53.48,660.75
251300,663,664.5,1,9,-3,198.4098755,53.46,663.75
251400,662.5,664,1,9,-3,197.9737193,53.44,663.25
251500,661.5,663,1,9,-3,197.6428907,53.41,662.25
251600,665,666.5,1,9,-3,197.8577492,53.39,665.75
251700,661.5,663,1,9,-3,197.8449218,53.37,662.25
251800,661.5,663,1,9,-3,197.7263966,53.34,662.25
251900,659,660.5,1,9,-3,197.3483907,53.32,659.75
252000,658.5,660.5,1,9,-3,197.2047365,53.3,659.5
252100,658.5,660.5,1,9,-3,197.2441209,53.28,659.5
252200,658.5,660,1,9,-3,197.3055736,53.26,659.25
252300,660.5,662,1,9,-3,197.2998235,53.23,661.25
252400,662.5,664,1,9,-3,197.2189349,53.21,663.25
252500,663,664.5,1,9,-3,196.8775431,53.19,663.75
252600,663.5,665,1,9,-3,196.8881879,53.16,664.25
252700,667,668.5,1,9,-3,197.0176905,53.14,667.75
252800,669,670.5,1,9,-3,197.0163235,53.12,669.75
252900,666.5,668,1,9,-3,197.0083334,53.1,667.25
253000,668,669.5,1,9,-3,197.0801039,53.08,668.75
253100,670,671.5,1,9,-3,196.992746,53.05,670.75
253200,668,669.5,1,9,-3,196.5944387,53.03,668.75
253300,666.5,668,1,9,-3,196.5275242,53.01,667.25
253400,664,665.5,1,9,-3,196.3221541,52.98,664.75
253500,665.5,667,1,9,-3,196.4068706,52.96,666.25
253600,668.5,670,1,9,-3,196.6899879,52.94,669.25
253700,667.5,669,1,9,-3,196.5733296,52.92,668.25
253800,673,674.5,1,9,-3,196.6022367,52.9,673.75
253900,671,672.5,1,9,-3,196.5103783,52.87,671.75
254000,673,674.5,1,9,-3,196.186621,52.85,673.75
254100,670,671.5,1,9,-3,196.0484953,52.83,670.75
254200,673.5,675,1,9,-3,196.1424362,52.8,674.25
254300,668,669.5,1,9,-3,195.8356139,52.78,668.75
254400,670,671.5,1,9,-3,195.9244858,52.76,670.75
254500,674,675.5,1,9,-3,196.180633,52.74,674.75
254600,671.5,673,1,9,-3,196.2194642,52.72,672.25
254700,670,671.5,1,9,-3,196.1226802,52.69,670.75
254800,671,672.5,1,9,-3,196.1785464,52.67,671.75
254900,670,671.5,1,9,-3,196.1266462,52.65,670.75
255000,673,674.5,1,9,-3,196.1548595,52.62,673.75
255100,673,674.5,1,9,-3,196.3602138,52.6,673.75
255200,677,678.5,1,9,-3,196.7731129,52.58,677.75
255300,678.5,680,1,9,-3,196.9088115,52.56,679.25
255400,677,678.5,1,9,-3,196.9098953,52.54,677.75
255500,678,679.5,1,9,-3,197.4102462,52.51,678.75
255600,677,678.5,1,9,-3,197.3695827,52.49,677.75
255700,677,678.5,1,9,-3,197.3096043,52.47,677.75
255800,678,679.5,1,9.5,-3,197.1872149,52.44,678.75
255900,680.5,682,1,9.5,-3,197.2733438,52.42,681.25
256000,682.5,684,1,9.5,-3,197.3395775,52.4,683.25
256100,686.5,688,1,9.5,-3,197.7511022,52.38,687.25
256200,686.5,688,1,9.5,-3,197.9384201,52.36,687.25
256300,683.5,685,1,9.5,-3,197.8170216,52.33,684.25
256400,684,685.5,1,9.5,-3,197.8546841,52.31,684.75
256500,686.5,688,1,9.5,-3,197.7208204,52.29,687.25
256600,687.5,689,1,9.5,-3,197.6358378,52.26,688.25
256700,688,689.5,1,9.5,-3,197.851073,52.24,688.75
256800,688,689.5,1,9.5,-3,197.5841877,52.22,688.75
256900,686.5,688,1,9.5,-3,197.485033,52.2,687.25
257000,686.5,688,1,9.5,-3,197.6082984,52.18,687.25
257100,684,685.5,1,9.5,-3,197.4285398,52.15,684.75
257200,687.5,689,1,9.5,-3,197.6893441,52.13,688.25
257300,687,688.5,1,9.5,-3,197.8819628,52.11,687.75
257400,687.5,689,1,9.5,-3,197.7889034,52.08,688.25
257500,691,692.5,1,9.5,-3,197.989252,52.06,691.75
257600,695.5,697,1,9.5,-3,198.1248984,52.04,696.25
257700,696,697.5,1,9.5,-3,198.0528258,52.02,696.75
257800,693,694.5,1,9.5,-3,198.1119109,52,693.75
257900,693,695,1,9.5,-3,198.3505659,51.97,694
258000,694.5,696,1,9.5,-3,198.33051,51.95,695.25
258100,695.5,697,1,9.5,-3,198.2758294,51.93,696.25
258200,694,695.5,1,9.5,-3,198.4194908,51.9,694.75
258300,694,695.5,1,9.5,-3,198.6857493,51.88,694.75
258400,693.5,695,1,9.5,-3,198.6508959,51.86,694.25
258500,687.5,689,1,9.5,-3,198.3979058,51.84,688.25
258600,690.5,692,1,9.5,-3,198.6838532,51.82,691.25
258700,692.5,694,1,9.5,-3,199.2135925,51.79,693.25
258800,692.5,694,1,9.5,-3,199.1876553,51.77,693.25
258900,691,692.5,1,9.5,-3,198.9945716,51.75,691.75
259000,690,691.5,1,9.5,-3,198.8919882,51.72,690.75
259100,689,690.5,1,9.5,-3,198.6641968,51.7,689.75
259200,684.5,686,1,9.5,-3,198.5204991,51.68,685.25
259300,690,691.5,1,9.5,-3,198.7392297,51.66,690.75
259400,691.5,693,1,9.5,-3,198.8025026,51.64,692.25
259500,692.5,694,1,9.5,-3,199.0944004,51.61,693.25
259600,691,692.5,1,9.5,-3,199.254631,51.59,691.75
259700,692.5,694,1,9.5,-3,199.2239814,51.57,693.25
259800,689.5,691,1,9.5,-3,199.0975066,51.54,690.25
259900,687.5,689,1,9.5,-3,198.668819,51.52,688.25
260000,685.5,687,1,9.5,-3,198.4660931,51.5,686.25
260100,689,690.5,1,9.5,-3,198.6139596,51.48,689.75
260200,685,686.5,1,9.5,-3,198.5067714,51.46,685.75
260300,681,682.5,1,9.5,-3,198.376789,51.43,681.75
260400,683.5,685,1,9.5,-3,198.6016838,51.41,684.25
260500,683,684.5,1,9.5,-3,198.750734,51.39,683.75
260600,684,685.5,1,9.5,-3,198.9784547,51.36,684.75
260700,680,681.5,1,9.5,-3,198.9392704,51.34,680.75
260800,681.5,683,1,9.5,-3,199.1125297,51.32,682.25
260900,679.5,681,1,9.5,-3,199.1121781,51.3,680.25
261000,678.5,680,1,9.5,-3,198.9969648,51.28,679.25
261100,674.5,676,1,9.5,-3,198.9072891,51.25,675.25
261200,674.5,676,1,9.5,-3,199.1843114,51.23,675.25
261300,672.5,674,1,9.5,-3,198.904767,51.21,673.25
261400,672.5,674.5,1,9.5,-3,198.654875,51.18,673.5
261500,672.5,674,1,9.5,-3,198.9906907,51.16,673.25
261600,674,675.5,1,9.5,-3,198.8533905,51.14,674.75
261700,676.5,678,1,9.5,-3,198.9502975,51.12,677.25
261800,676,678,1,9.5,-3,198.957202,51.1,677
261900,676,677.5,1,9.5,-3,198.7562084,51.07,676.75
262000,676,677.5,1,9.5,-3,198.8798145,51.05,676.75
262100,674,675.5,1,9.5,-3,198.8188598,51.03,674.75
262200,674,675.5,1,9.5,-3,198.6909576,51,674.75
262300,673.5,675,1,9.5,-3,198.6320028,50.98,674.25
262400,677,678.5,1,9.5,-3,198.7623516,50.96,677.75
262500,677,678.5,1,9.5,-3,199.0955696,50.94,677.75
262600,676,677.5,1,9.5,-3,199.0578554,50.92,676.75
262700,674,675.5,1,9.5,-3,199.03112,50.89,674.75
262800,675.5,677,1,9.5,-3,198.8738777,50.87,676.25
262900,673.5,675,1,9.5,-3,198.6026539,50.85,674.25
263000,674.5,676,1,9.5,-3,198.9907214,50.82,675.25
263100,673.5,675,1,9.5,-3,198.984474,50.8,674.25
263200,673.5,675,1,9.5,-3,198.9885537,50.78,674.25
263300,675.5,677,1,9.5,-3,199.0352526,50.76,676.25
263400,675,676.5,1,9.5,-3,198.7179334,50.74,675.75
263500,671.5,673,1,9.5,-3,198.7031248,50.71,672.25
263600,668.5,670,1,9.5,-3,198.6734375,50.69,669.25
263700,668,669.5,1,9.5,-3,198.5310902,50.67,668.75
263800,670,671.5,1,9.5,-3,198.5494448,50.64,670.75
263900,666.5,668,1,9.5,-3,198.426244,50.62,667.25
264000,663.5,665,1,9.5,-3,198.2157697,50.6,664.25
264100,663.5,665.5,1,9.5,-3,198.2779694,50.58,664.5
264200,667.5,669,1,9.5,-3,198.4532017,50.56,668.25
264300,666,667.5,1,9.5,-3,198.2065965,50.53,666.75
264400,667.5,669,1,9.5,-3,198.2074801,50.51,668.25
264500,668.5,670,1,9.5,-3,198.5180218,50.49,669.25
264600,671,672.5,1,9.5,-3,198.4918175,50.46,671.75
264700,670,671.5,1,9.5,-3,198.4944058,50.44,670.75
264800,668.5,670,1,9.5,-3,198.337049,50.42,669.25
264900,666,667.5,1,9.5,-3,198.1977667,50.4,666.75
265000,664.5,666,1,9.5,-3,198.1928792,50.38,665.25
265100,666,667.5,1,9.5,-3,198.3270996,50.35,666.75
265200,667.5,669,1,9.5,-3,198.6277101,50.33,668.25
265300,669.5,671,1,9.5,-3,198.8770682,50.31,670.25
265400,670.5,672,1,9.5,-3,198.8427736,50.28,671.25
265500,670.5,672.5,1,9.5,-3,199.2404015,50.26,671.5
265600,671.5,673,1,9.5,-3,199.3279848,50.24,672.25
265700,670.5,672,1,9.5,-3,199.4463295,50.22,671.25
265800,666.5,668,1,9.5,-3,199.1430529,50.2,667.25
265900,671,672.5,1,9.5,-3,199.4987981,50.17,671.75
266000,669.5,671,1,9.5,-3,199.4311627,50.15,670.25
266100,666.5,668,1,9.5,-3,199.3201242,50.13,667.25
266200,669.5,671,1,9.5,-3,199.6629194,50.1,670.25
266300,668.5,670,1,9.5,-3,199.5588067,50.08,669.25
266400,667.5,669,1,9.5,-3,199.6308521,50.06,668.25
266500,670.5,672,1,9.5,-3,199.801642,50.04,671.25
266600,674,675.5,1,9.5,-3,199.9284545,50.02,674.75
266700,676,677.5,1,9.5,-3,200.6151999,49.99,676.75
266800,677.5,679,1,9.5,-3,200.5187775,49.97,678.25
266900,676,677.5,1,9.5,-3,200.4608489,49.95,676.75
267000,677.5,679,1,9.5,-3,200.4766133,49.92,678.25
267100,678,679.5,1,9.5,-3,200.3759454,49.9,678.75
267200,676.5,678,1,9.5,-3,200.2188943,49.88,677.25
267300,674,675.5,1,9.5,-3,200.0033129,49.86,674.75
267400,675.5,677,1,9.5,-3,200.0998866,49.84,676.25
267500,679.5,681,1,9.5,-3,200.2138771,49.81,680.25
267600,678.5,680,1,9.5,-3,200.1291053,49.79,679.25
267700,680.5,682,1,9.5,-3,200.2787414,49.77,681.25
267800,682,683.5,1,9.5,-3,200.4441113,49.74,682.75
267900,681.5,683.5,1,9.5,-3,200.3104431,49.72,682.5
268000,679,680.5,1,9.5,-3,200.1403116,49.7,679.75
268100,678.5,680,1,9.5,-3,200.0780813,49.68,679.25
268200,678,680,1,9.5,-3,200.09699,49.66,679
268300,683,684.5,1,9.5,-3,200.232311,49.63,683.75
268400,684,685.5,1,9.5,-3,200.3799151,49.61,684.75
268500,685.5,687,1,9.5,-3,200.6089976,49.59,686.25
268600,684,685.5,1,9.5,-3,200.5911825,49.56,684.75
268700,684.5,686,1,9.5,-3,200.3874768,49.54,685.25
268800,681,682.5,1,9.5,-3,199.9155265,49.52,681.75
268900,680,681.5,1,9.5,-3,199.7271779,49.5,680.75
269000,677,678.5,1,9.5,-3,199.6973817,49.48,677.75
269100,679.5,681,1,9.5,-3,199.7311814,49.45,680.25
269200,684,685.5,1,9.5,-3,199.9331018,49.43,684.75
269300,683,684.5,1,9.5,-3,199.7598108,49.41,683.75
269400,680,681.5,1,9.5,-3,199.5781549,49.38,680.75
269500,676.5,678,1,9.5,-3,199.4817332,49.36,677.25
269600,678,679.5,1,9.5,-3,199.5073478,49.34,678.75
269700,679,680.5,1,9.5,-3,199.7579806,49.32,679.75
269800,677.5,679,1,9.5,-3,199.7109753,49.3,678.25
269900,674,675.5,1,9.5,-3,199.413352,49.27,674.75
270000,676,677.5,1,9.5,-3,199.7416865,49.25,676.75
270100,674.5,676,1,9.5,-3,199.5161641,49.23,675.25
270200,677,678.5,1,9.5,-3,199.722981,49.2,677.75
270300,675.5,677,1,9.5,-3,199.8785952,49.18,676.25
270400,673.5,675,1,9.5,-3,199.6725563,49.16,674.25
270500,671.5,673,1,9.5,-3,199.4329396,49.14,672.25
270600,667.5,669,1,9.5,-3,199.2764054,49.12,668.25
270700,669,670.5,1,9.5,-3,199.3987176,49.09,669.75
270800,665.5,667,1,9.5,-3,199.0739748,49.07,666.25
270900,670.5,672,1,9.5,-3,199.2601741,49.05,671.25
271000,670.5,672.5,1,9.5,-3,199.4488747,49.02,671.5
271100,668.5,670,1,9.5,-3,199.2790434,49,669.25
271200,667,668.5,1,9.5,-3,199.1453646,48.98,667.75
271300,669.5,671,1,9.5,-3,199.1596828,48.96,670.25
271400,667.5,669,1,9.5,-3,199.1184226,48.94,668.25
271500,670,671.5,1,9.5,-3,199.2152758,48.91,670.75
271600,669,670.5,1,9.5,-3,199.1055836,48.89,669.75
271700,669,670.5,1,9.5,-3,199.2928927,48.87,669.75
271800,668.5,670,1,9.5,-3,198.9648721,48.84,669.25
271900,664,665.5,1,9.5,-3,198.810947,48.82,664.75
272000,661,662.5,1,9.5,-3,198.7261886,48.8,661.75
272100,657.5,659,1,9.5,-3,198.4304465,48.78,658.25
272200,657.5,659,1,9.5,-3,198.3552077,48.76,658.25
272300,652.5,654,1,9.5,-3,198.0665119,48.73,653.25
272400,653.5,655,1,9.5,-3,198.1694178,48.71,654.25
272500,657,658.5,1,9.5,-3,198.4589008,48.69,657.75
272600,655,656.5,1,9.5,-3,198.5282745,48.66,655.75
272700,653,654.5,1,9.5,-3,198.7302494,48.64,653.75
272800,654.5,656,1,9.5,-3,198.882248,48.62,655.25
272900,655,656.5,1,9.5,-3,198.9823675,48.6,655.75
273000,657,658.5,1,9.5,-3,198.9360323,48.58,657.75
273100,656.5,658,1,9.5,-3,198.8810624,48.55,657.25
273200,653.5,655,1,9.5,-3,198.7576799,48.53,654.25
273300,653,654.5,1,9.5,-3,198.7127335,48.51,653.75
273400,654,655.5,1,9.5,-3,198.8261865,48.48,654.75
273500,656,657.5,1,9.5,-3,198.8412913,48.46,656.75
273600,659,660.5,1,9.5,-3,199.0545916,48.44,659.75
273700,659,660.5,1,9.5,-3,199.0628911,48.42,659.75
273800,658,659.5,1,9.5,-3,199.0714943,48.4,658.75
273900,659,660.5,1,9.5,-3,199.0627669,48.37,659.75
274000,659,661,1,9.5,-3,199.1448457,48.35,660
274100,661,662.5,1,9.5,-3,199.1464945,48.33,661.75
274200,663.5,665,1,9.5,-3,199.4300559,48.3,664.25
274300,661,662.5,1,9.5,-3,199.4909667,48.28,661.75
274400,662,663.5,1,9.5,-3,199.6263573,48.26,662.75
274500,658.5,660,1,9.5,-3,199.4214265,48.24,659.25
274600,658.5,660,1,9.5,-3,199.6279226,48.22,659.25
274700,658,659.5,1,9.5,-3,199.4931286,48.19,658.75
274800,658,659.5,1,9.5,-3,199.9324144,48.17,658.75
274900,656.5,658,1,9.5,-3,199.9890524,48.15,657.25
275000,655.5,657,1,9.5,-3,199.88777,48.12,656.25
275100,655.5,657,1,9.5,-3,199.8574361,48.1,656.25
275200,653.5,655,1,9.5,-3,199.8285304,48.08,654.25
275300,656,657.5,1,9.5,-3,200.1644603,48.06,656.75
275400,655.5,657.5,1,9.5,-3,200.1540567,48.04,656.5
275500,654.5,656,1,9.5,-3,200.0902476,48.01,655.25
275600,656.5,658,1,9.5,-3,200.3337653,47.99,657.25
275700,653.5,655,1,9.5,-3,200.1824623,47.97,654.25
275800,655,656.5,1,9.5,-3,200.103384,47.94,655.75
275900,656,657.5,1,9.5,-3,200.4242794,47.92,656.75
276000,659,660.5,1,9.5,-3,200.740157,47.9,659.75
276100,658.5,660,1,9.5,-3,200.9589927,47.88,659.25
276200,658,659.5,1,9.5,-3,200.8440608,47.86,658.75
276300,658,659.5,1,9.5,-3,200.8739301,47.83,658.75
276400,658,659.5,1,9.5,-3,200.8081894,47.81,658.75
276500,655,656.5,1,9.5,-3,200.7017412,47.79,655.75
276600,656,657.5,1,9.5,-3,200.7219517,47.76,656.75
276700,661,662.5,1,9.5,-3,200.9962541,47.74,661.75
276800,661.5,663,1,9.5,-3,201.191079,47.72,662.25
276900,660,661.5,1,9.5,-3,201.0324212,47.7,660.75
277000,661.5,663,1,9.5,-3,201.1677049,47.68,662.25
277100,662,663.5,1,9.5,-3,201.1036056,47.65,662.75
277200,665.5,667,1,9.5,-3,201.3312682,47.63,666.25
277300,663.5,665,1,9.5,-3,201.8785382,47.61,664.25
277400,665,666.5,1,9.5,-3,201.9813194,47.58,665.75
277500,665.5,667,1,9.5,-3,201.9195341,47.56,666.25
277600,662.5,664,1,9.5,-3,201.8743069,47.54,663.25
277700,665,666.5,1,9.5,-3,201.9911953,47.52,665.75
277800,666,667.5,1,9.5,-3,202.4376803,47.5,666.75
277900,668,669.5,1,9.5,-3,202.2878227,47.47,668.75
278000,670.5,672,1,9.5,-3,202.3459621,47.45,671.25
278100,671,672.5,1,9.5,-3,202.3285142,47.43,671.75
278200,671,672.5,1,9.5,-3,202.3314439,47.4,671.75
278300,670.5,672,1,9.5,-3,202.3208975,47.38,671.25
278400,670,671.5,1,9.5,-3,202.2620433,47.36,670.75
278500,674,675.5,1,9.5,-3,202.6865436,47.34,674.75
278600,674,676,1,9.5,-3,202.7286072,47.32,675
278700,677,678.5,1,9.5,-3,202.8048428,47.29,677.75
278800,681,682.5,1,9.5,-3,203.0663765,47.27,681.75
278900,678.5,680,1,9.5,-3,202.7684399,47.25,679.25
279000,675.5,677,1,9.5,-3,202.5152301,47.22,676.25
279100,673.5,675,1,9.5,-3,202.3624611,47.2,674.25
279200,675.5,677,1,9.5,-3,202.3434066,47.18,676.25
279300,676,677.5,1,9.5,-3,202.306018,47.16,676.75
279400,675.5,677,1,9.5,-3,202.3454105,47.14,676.25
279500,674.5,676,1,9.5,-3,202.2182186,47.11,675.25
279600,677,678.5,1,9.5,-3,202.2861641,47.09,677.75
279700,674.5,676,1,9.5,-3,201.8947384,47.07,675.25
279800,678,679.5,1,9.5,-3,202.2591573,47.04,678.75
279900,681.5,683,1,9.5,-3,202.2358927,47.02,682.25
280000,684,685.5,1,9.5,-3,202.592193,47,684.75
280100,678.5,680,1,9.5,-3,202.3304828,46.98,679.25
280200,678,680,1,9.5,-3,202.589308,46.96,679
280300,675,676.5,1,9.5,-3,202.3667893,46.93,675.75
280400,678,679.5,1,9.5,-3,202.3970484,46.91,678.75
280500,676.5,678,1,9.5,-3,202.3248954,46.89,677.25
280600,676.5,678,1,9.5,-3,202.4539153,46.86,677.25
280700,679,680.5,1,9.5,-3,202.5367094,46.84,679.75
280800,679,680.5,1,9.5,-3,202.5927959,46.82,679.75
280900,682.5,684,1,9.5,-3,202.6980128,46.8,683.25
281000,680,681.5,1,9.5,-3,202.5843794,46.78,680.75
281100,684.5,686,1,9.5,-3,202.7178766,46.75,685.25
281200,684.5,686,1,9.5,-3,202.6926067,46.73,685.25
281300,682,683.5,1,9.5,-3,202.5434711,46.71,682.75
281400,681.5,683.5,1,9.5,-3,202.603084,46.68,682.5
281500,682,683.5,1,9.5,-3,202.7281867,46.66,682.75
281600,682,683.5,1,9.5,-3,202.5005122,46.64,682.75
281700,680,681.5,1,9.5,-3,202.7315724,46.62,680.75
281800,678,679.5,1,9.5,-3,202.6016258,46.6,678.75
281900,677,678.5,1,9.5,-3,202.6585074,46.57,677.75
282000,676.5,678,1,9.5,-3,202.5463083,46.55,677.25
282100,674,675.5,1,9.5,-3,202.512008,46.53,674.75
282200,673,674.5,1,9.5,-3,202.2346587,46.5,673.75
282300,674,675.5,1,9.5,-3,202.4231081,46.48,674.75
282400,676,677.5,1,9.5,-3,202.6680137,46.46,676.75
282500,681.5,683,1,9.5,-3,202.9221513,46.44,682.25
282600,684,685.5,1,9.5,-3,203.0137838,46.42,684.75
282700,685.5,687,1,9.5,-3,202.8563392,46.39,686.25
282800,685,686.5,1,9.5,-3,203.0027486,46.37,685.75
282900,689.5,691,1,9.5,-3,202.9679229,46.35,690.25
283000,690.5,692,1,9.5,-3,203.0466839,46.32,691.25
283100,690,691.5,1,9.5,-3,203.0745509,46.3,690.75
283200,689,690.5,1,9.5,-3,202.9722261,46.28,689.75
283300,691,692.5,1,9.5,-3,203.0173004,46.26,691.75
283400,694,695.5,1,9.5,-3,203.2640644,46.24,694.75
283500,689,690.5,1,9.5,-3,202.8938809,46.21,689.75
283600,688,689.5,1,9.5,-3,202.7608399,46.19,688.75
283700,690.5,692,1,9.5,-3,203.0601601,46.17,691.25
283800,693.5,695,1,9.5,-3,203.1575883,46.14,694.25
283900,695,696.5,1,9.5,-3,203.2692966,46.12,695.75
284000,699.5,701,1,9.5,-3,203.4499465,46.1,700.25
284100,702.5,704,1,9.5,-3,203.637432,46.08,703.25
284200,708,709.5,1,9.5,-3,203.7114763,46.06,708.75
284300,711,712.5,1,9.5,-3,203.5656999,46.03,711.75
284400,713,714.5,1,9.5,-3,203.6272104,46.01,713.75
284500,714,715.5,1,9.5,-3,203.5379338,45.99,714.75
284600,714,715.5,1,9.5,-3,203.689051,45.96,714.75
284700,712,713.5,1,9.5,-3,203.5956434,45.94,712.75
284800,714,715.5,1,9.5,-3,203.5353114,45.92,714.75
284900,715.5,717,1,9.5,-3,204.0947396,45.9,716.25
285000,716,717.5,1,9.5,-3,204.1781418,45.88,716.75
285100,713,714.5,1,9.5,-3,203.9594653,45.85,713.75
285200,711.5,713,1,9.5,-3,203.894401,45.83,712.25
285300,716,717.5,1,9.5,-3,204.2207365,45.81,716.75
285400,716,717.5,1,9.5,-3,204.4950813,45.78,716.75
285500,715,716.5,1,9.5,-3,204.6111393,45.76,715.75
285600,711,712.5,1,9.5,-3,204.3572081,45.74,711.75
285700,711.5,713,1,9.5,-3,204.2318304,45.72,712.25
285800,712,713.5,1,9.5,-3,204.4279225,45.7,712.75
285900,714.5,716,1,9.5,-3,204.2945686,45.67,715.25
286000,715.5,717,1,9.5,-3,204.4110408,45.65,716.25
286100,721.5,723,1,9.5,-3,204.6523092,45.63,722.25
286200,724.5,726,1,9.5,-3,204.7157839,45.6,725.25
286300,726.5,728,1,9.5,-3,204.8689685,45.58,727.25
286400,726,727.5,1,9.5,-3,204.8153612,45.56,726.75
286500,728.5,730,1,9.5,-3,205.0018591,45.54,729.25
286600,727.5,729,1,9.5,-3,204.9272717,45.52,728.25
286700,726,727.5,1,9.5,-3,204.6058556,45.49,726.75
286800,727.5,729,1,9.5,-3,204.4567161,45.47,728.25
286900,728,729.5,1,9.5,-3,204.3789084,45.45,728.75
287000,727,728.5,1,9.5,-3,204.3294544,45.42,727.75
287100,726.5,728,1,9.5,-3,204.1670513,45.4,727.25
287200,730,731.5,1,9.5,-3,204.2491313,45.38,730.75
287300,729.5,731,1,9.5,-3,204.0540731,45.36,730.25
287400,729.5,731.5,1,9.5,-3,204.0665905,45.34,730.5
287500,730.5,732,1,9.5,-3,204.2151203,45.31,731.25
287600,727,728.5,1,9.5,-3,203.9317838,45.29,727.75
287700,722.5,724,1,9.5,-3,203.9109232,45.27,723.25
287800,724.5,726,1,9.5,-3,204.090495,45.24,725.25
287900,723.5,725,1,9.5,-3,204.0958088,45.22,724.25
288000,721.5,723,1,9.5,-3,203.5624935,45.2,722.25
288100,716.5,718,1,9.5,-3,203.4814233,45.18,717.25
288200,716.5,718,1,9.5,-3,203.4264286,45.16,717.25
288300,716.5,718.5,1,9.5,-3,203.5565481,45.13,717.5
288400,719.5,721,1,9.5,-3,203.6020146,45.11,720.25
288500,720.5,722,1,9.5,-3,203.4043376,45.09,721.25
288600,720.5,722,1,9.5,-3,203.3696428,45.06,721.25
288700,720,722,1,9.5,-3,203.1013601,45.04,721
288800,719,720.5,1,9.5,-3,202.8819724,45.02,719.75
288900,717,718.5,1,9.5,-3,202.75047,45,717.75
289000,715.5,717,1,9.5,-3,202.5916363,44.98,716.25
289100,717,718.5,1,9.5,-3,202.53826,44.95,717.75
289200,718.5,720,1,9.5,-3,202.6344246,44.93,719.25
289300,716,717.5,1,9.5,-3,202.4329213,44.91,716.75
289400,715,716.5,1,9.5,-3,202.3741644,44.88,715.75
289500,717.5,719,1,9.5,-3,202.5486286,44.86,718.25
289600,717.5,719,1,9.5,-3,202.7101115,44.84,718.25
289700,717.5,719,1,9.5,-3,202.6350895,44.82,718.25
289800,716,717.5,1,9.5,-3,202.5379699,44.8,716.75
289900,716.5,718,1,9.5,-3,202.6569442,44.77,717.25
290000,716.5,718,1,9.5,-3,202.919754,44.75,717.25
290100,717.5,719,1,9.5,-3,202.9437274,44.73,718.25
290200,719.5,721,1,9.5,-3,202.9435254,44.7,720.25
290300,716.5,718,1,9.5,-3,202.6859939,44.68,717.25
290400,716,717.5,1,9.5,-3,202.3701677,44.66,716.75
290500,713.5,715,1,9.5,-3,202.0674367,44.64,714.25
290600,714.5,716,1,9.5,-3,202.1415895,44.62,715.25
290700,717.5,719,1,9.5,-3,202.2707754,44.59,718.25
290800,718,719.5,1,9.5,-3,202.4838208,44.57,718.75
290900,722.5,724,1,9.5,-3,202.6531233,44.55,723.25
291000,722,723.5,1,9.5,-3,202.499993,44.52,722.75
291100,722.5,724,1,9.5,-3,202.4329516,44.5,723.25
291200,722.5,724,1,9.5,-3,202.4279609,44.48,723.25
291300,723.5,725,1,9.5,-3,202.665307,44.46,724.25
291400,727,728.5,1,9.5,-3,203.0313554,44.44,727.75
291500,730,731.5,1,9.5,-3,203.3527007,44.41,730.75
291600,732.5,734,1,9.5,-3,203.4718224,44.39,733.25
291700,733,734.5,1,9.5,-3,203.6601821,44.37,733.75
291800,731.5,733,1,9.5,-3,203.5615797,44.34,732.25
291900,733,734.5,1,9.5,-3,203.7505104,44.32,733.75
292000,731,732.5,1,9.5,-3,203.5748759,44.3,731.75
292100,732,733.5,1,9.5,-3,203.6358469,44.28,732.75
292200,734,735.5,1,9.5,-3,203.8999701,44.26,734.75
292300,735.5,737,1,9.5,-3,204.1781734,44.23,736.25
292400,732.5,734,1,9.5,-3,204.3442944,44.21,733.25
292500,733,734.5,1,9.5,-3,204.378199,44.19,733.75
292600,730.5,732,1,9.5,-3,204.2871088,44.16,731.25
292700,728,729.5,1,9.5,-3,204.0310724,44.14,728.75
292800,726.5,728,1,9.5,-3,203.7143487,44.12,727.25
292900,729,730.5,1,9.5,-3,203.9467585,44.1,729.75
293000,729.5,731,1,9.5,-3,203.9098221,44.08,730.25
293100,731,732.5,1,9.5,-3,204.0374972,44.05,731.75
293200,735.5,737,1,9.5,-3,204.0675358,44.03,736.25
293300,739,740.5,1,9.5,-3,204.1518726,44.01,739.75
293400,740.5,742,1,9.5,-3,204.3679549,43.98,741.25
293500,738.5,740,1,9.5,-3,204.2391725,43.96,739.25
293600,743,744.5,1,9.5,-3,204.5886047,43.94,743.75
293700,748,749.5,1,9.5,-3,204.8484813,43.92,748.75
293800,750,751.5,1,9.5,-3,205.2007805,43.9,750.75
293900,750,751.5,1,9.5,-3,205.6976396,43.87,750.75
294000,750.5,752,1,9.5,-3,205.4205397,43.85,751.25
294100,750,751.5,1,9.5,-3,205.4498925,43.83,750.75
294200,753,754.5,1,9.5,-3,205.6298485,43.8,753.75
294300,754,755.5,1,9.5,-3,205.7315708,43.78,754.75
294400,754,755.5,1,9.5,-3,205.60552,43.76,754.75
294500,755.5,757,1,9.5,-3,205.738569,43.74,756.25
294600,759.5,761,1,9.5,-3,205.8601789,43.72,760.25
294700,761,762.5,1,9.5,-3,206.0811536,43.69,761.75
294800,759.5,761,1,9.5,-3,205.7479099,43.67,760.25
294900,763.5,765,1,9.5,-3,205.8334245,43.65,764.25
295000,764.5,766,1,9.5,-3,206.1282061,43.62,765.25
295100,762.5,764,1,9.5,-3,205.9529352,43.6,763.25
295200,760.5,762,1,9.5,-3,205.5855627,43.58,761.25
295300,757.5,759,1,9.5,-3,205.4692551,43.56,758.25
295400,757,758.5,1,9.5,-3,205.3177736,43.54,757.75
295500,760,761.5,1,9.5,-3,205.5894058,43.51,760.75
295600,758.5,760,1,9.5,-3,205.5791986,43.49,759.25
295700,755,756.5,1,9.5,-3,205.4877318,43.47,755.75
295800,754,755.5,1,9.5,-3,205.470041,43.44,754.75
295900,747.5,749,1,9.5,-3,205.3715569,43.42,748.25
296000,746,747.5,1,9.5,-3,205.4491343,43.4,746.75
296100,747.5,749,1,9.5,-3,205.4806514,43.38,748.25
296200,744.5,746,1,9.5,-3,205.3637418,43.36,745.25
296300,746,747.5,1,9.5,-3,205.4012913,43.33,746.75
296400,742.5,744,1,9.5,-3,205.3258966,43.31,743.25
296500,746.5,748,1,9.5,-3,205.3652506,43.29,747.25
296600,742.5,744,1,9.5,-3,205.2287232,43.26,743.25
296700,746.5,748,1,9.5,-3,205.697531,43.24,747.25
296800,745.5,747,1,9.5,-3,205.4689516,43.22,746.25
296900,748,749.5,1,9.5,-3,205.4086802,43.2,748.75
297000,747.5,749,1,9.5,-3,205.3483848,43.18,748.25
297100,742.5,744,1,9.5,-3,205.3402119,43.15,743.25
297200,748.5,750,1,9.5,-3,205.6234025,43.13,749.25
297300,749.5,751,1,9.5,-3,205.5621504,43.11,750.25
297400,749,750.5,1,9.5,-3,205.6726703,43.08,749.75
297500,742.5,744,1,9.5,-3,205.3698265,43.06,743.25
297600,747,748.5,1,9.5,-3,205.5176179,43.04,747.75
297700,748.5,750,1,9.5,-3,205.730318,43.02,749.25
297800,748,750,1,9.5,-3,205.9465151,43,749
297900,745,746.5,1,9.5,-3,205.7845895,42.97,745.75
298000,743,744.5,1,9.5,-3,205.6571507,42.95,743.75
298100,744,745.5,1,9.5,-3,205.5984163,42.93,744.75
298200,748.5,750,1,9.5,-3,205.8557967,42.9,749.25
298300,750,751.5,1,9.5,-3,206.1125045,42.88,750.75
298400,746,747.5,1,9.5,-3,206.0547508,42.86,746.75
298500,748,749.5,1,9.5,-3,206.1657995,42.84,748.75
298600,750.5,752,1,9.5,-3,206.2240854,42.82,751.25
298700,751.5,753,1,9.5,-3,206.355884,42.79,752.25
298800,749,750.5,1,9.5,-3,206.4743188,42.77,749.75
298900,751.5,753,1,9.5,-3,206.6047044,42.75,752.25
299000,754,755.5,1,9.5,-3,206.4456499,42.72,754.75
299100,751,752.5,1,9.5,-3,206.1954917,42.7,751.75
299200,749.5,751,1,9.5,-3,206.5743279,42.68,750.25
299300,747,748.5,1,9.5,-3,206.4969968,42.66,747.75
299400,748.5,750,1,9.5,-3,206.8254045,42.64,749.25
299500,748.5,750.5,1,9.5,-3,206.6102312,42.61,749.5
299600,748.5,750.5,1,9.5,-3,206.5911343,42.59,749.5
299700,747.5,749,1,9.5,-3,206.4960179,42.57,748.25
299800,749.5,751,1,9.5,-3,206.5931326,42.54,750.25
299900,746,747.5,1,9.5,-3.5,206.5800007,42.52,746.75
300000,740,741.5,1,9.5,-3.5,206.2505549,42.5,740.75
300100,744.5,746,1,9.5,-3.5,206.5800619,42.48,745.25
300200,746.5,748,1,9.5,-3.5,206.5950444,42.46,747.25
300300,747.5,749,1,9.5,-3.5,206.7249656,42.43,748.25
300400,747,748.5,1,9.5,-3.5,206.4071697,42.41,747.75
300500,748,749.5,1,9.5,-3.5,206.3237539,42.39,748.75
300600,743,744.5,1,9.5,-3.5,206.1167757,42.36,743.75
300700,746.5,748,1,9.5,-3.5,206.3503091,42.34,747.25
300800,746.5,748,1,9.5,-3.5,206.448109,42.32,747.25
300900,745,746.5,1,9.5,-3.5,206.2134915,42.3,745.75
301000,747,748.5,1,9.5,-3.5,206.537816,42.28,747.75
301100,750,751.5,1,9.5,-3.5,206.8700027,42.25,750.75
301200,748.5,750,1,9.5,-3.5,206.7568849,42.23,749.25
301300,748,749.5,1,9.5,-3.5,206.5142366,42.21,748.75
301400,746,747.5,1,9.5,-3.5,206.6477729,42.18,746.75
301500,749,750.5,1,9.5,-3.5,206.6730976,42.16,749.75
301600,745.5,747,1,9.5,-3.5,206.8038905,42.14,746.25
301700,743,744.5,1,9.5,-3.5,206.5671571,42.12,743.75
301800,745,746.5,1,9.5,-3.5,206.3916539,42.1,745.75
301900,745.5,747,1,9.5,-3.5,206.2651693,42.07,746.25
302000,748.5,750,1,9.5,-3.5,206.2791529,42.05,749.25
302100,747.5,749,1,9.5,-3.5,206.4315473,42.03,748.25
302200,752,753.5,1,9.5,-3.5,206.8120917,42,752.75
302300,749.5,751,1,9.5,-3.5,206.9240997,41.98,750.25
302400,747,748.5,1,9.5,-3.5,206.9354029,41.96,747.75
302500,746,747.5,1,9.5,-3.5,206.8552583,41.94,746.75
302600,747.5,749,1,9.5,-3.5,206.8919804,41.92,748.25
302700,748.5,750,1,9.5,-3.5,206.8276393,41.89,749.25
302800,751.5,753,1,9.5,-3.5,207.0923855,41.87,752.25
302900,750.5,752,1,9.5,-3.5,206.9969776,41.85,751.25
303000,751.5,753,1,9.5,-3.5,207.1118299,41.82,752.25
303100,756.5,758,1,9.5,-3.5,207.2401002,41.8,757.25
303200,759,760.5,1,9.5,-3.5,207.4360815,41.78,759.75
303300,762,763.5,1,9.5,-3.5,207.4282324,41.76,762.75
303400,760,761.5,1,9.5,-3.5,207.7141838,41.74,760.75
303500,759,760.5,1,9.5,-3.5,207.6511281,41.71,759.75
303600,761,762.5,1,9.5,-3.5,207.8187184,41.69,761.75
303700,761,762.5,1,9.5,-3.5,208.2490688,41.67,761.75
303800,761.5,763,1,9.5,-3.5,208.3687801,41.64,762.25
303900,761.5,763.5,1,9.5,-3.5,208.4185042,41.62,762.5
304000,759.5,761,1,9.5,-3.5,208.2476257,41.6,760.25
304100,759.5,761,1,9.5,-3.5,208.3582083,41.58,760.25
304200,758,759.5,1,9.5,-3.5,208.0855548,41.56,758.75
304300,760,761.5,1.1,9.5,-3.5,208.2420461,41.53,760.75
304400,757,758.5,1.1,9.5,-3.5,208.1497008,41.51,757.75
304500,758.5,760,1.1,9.5,-3.5,208.1866746,41.49,759.25
304600,759,760.5,1.1,9.5,-3.5,208.0381896,41.46,759.75
304700,758,759.5,1.1,9.5,-3.5,207.9393857,41.44,758.75
304800,759.5,761,1.1,9.5,-3.5,208.2186516,41.42,760.25
304900,757.5,759,1.1,9.5,-3.5,208.0226375,41.4,758.25
305000,764,765.5,1.1,9.5,-3.5,208.1765051,41.38,764.75
305100,766,767.5,1.1,9.5,-3.5,208.4796223,41.35,766.75
305200,767,768.5,1.1,9.5,-3.5,208.5284739,41.33,767.75
305300,766.5,768,1.1,9.5,-3.5,208.3609242,41.31,767.25
305400,767.5,769,1.1,9.5,-3.5,208.3260255,41.28,768.25
305500,767.5,769,1.1,9.5,-3.5,208.1943463,41.26,768.25
305600,769.5,771,1.1,9.5,-3.5,208.2734201,41.24,770.25
305700,769.5,771,1.1,9.5,-3.5,208.3477448,41.22,770.25
305800,768,769.5,1.1,9.5,-3.5,208.2872541,41.2,768.75
305900,764.5,766,1.1,9.5,-3.5,207.9397993,41.17,765.25
306000,767,768.5,1.1,9.5,-3.5,207.9682261,41.15,767.75
306100,768,769.5,1.1,9.5,-3.5,208.1335808,41.13,768.75
306200,772.5,774,1.1,9.5,-3.5,208.2958229,41.1,773.25
306300,773.5,775,1.1,9.5,-3.5,208.2389045,41.08,774.25
306400,776.5,778,1.1,9.5,-3.5,208.4080065,41.06,777.25
306500,779,780.5,1.1,9.5,-3.5,208.5381531,41.04,779.75
306600,780.5,782,1.1,9.5,-3.5,208.7336309,41.02,781.25
306700,782.5,784,1.1,9.5,-3.5,208.9232761,40.99,783.25
306800,786,787.5,1.1,9.5,-3.5,209.0144982,40.97,786.75
306900,786,787.5,1.1,9.5,-3.5,209.1512278,40.95,786.75
307000,785,786.5,1.1,9.5,-3.5,209.1634198,40.92,785.75
307100,782.5,784,1.1,9.5,-3.5,209.0704974,40.9,783.25
307200,786.5,788,1.1,9.5,-3.5,209.162787,40.88,787.25
307300,786,788,1.1,9.5,-3.5,209.0215159,40.86,787
307400,787,788.5,1.1,9.5,-3.5,209.1944563,40.84,787.75
307500,787,788.5,1.1,9.5,-3.5,209.0881054,40.81,787.75
307600,789,790.5,1.1,9.5,-3.5,209.1496343,40.79,789.75
307700,785.5,787,1.1,9.5,-3.5,209.1591006,40.77,786.25
307800,787.5,789,1.1,9.5,-3.5,209.6893406,40.74,788.25
307900,786,787.5,1.1,9.5,-3.5,209.5673269,40.72,786.75
308000,789,790.5,1.1,9.5,-3.5,209.7572713,40.7,789.75
308100,790.5,792,1.1,9.5,-3.5,209.9017534,40.68,791.25
308200,789.5,791,1.1,9.5,-3.5,209.7689345,40.66,790.25
308300,789,790.5,1.1,9.5,-3.5,209.6367809,40.63,789.75
308400,789.5,791,1.1,9.5,-3.5,209.7700668,40.61,790.25
308500,792,793.5,1.1,9.5,-3.5,209.7825818,40.59,792.75
308600,794,795.5,1.1,9.5,-3.5,209.8396835,40.56,794.75
308700,791,792.5,1.1,9.5,-3.5,209.8474468,40.54,791.75
308800,789,790.5,1.1,9.5,-3.5,209.5744312,40.52,789.75
308900,783.5,785,1.1,9.5,-3.5,209.2894067,40.5,784.25
309000,779.5,781,1.1,9.5,-3.5,209.2314775,40.48,780.25
309100,777.5,779,1.1,9.5,-3.5,209.1552194,40.45,778.25
309200,778,779.5,1.1,9.5,-3.5,209.1195972,40.43,778.75
309300,775.5,777,1,9.5,-3.5,209.0624997,40.41,776.25
309400,774,775.5,1,9.5,-3.5,209.0594762,40.38,774.75
309500,774,775.5,1,9.5,-3.5,209.0408164,40.36,774.75
309600,775,776.5,1,9.5,-3.5,209.18646,40.34,775.75
309700,777.5,779,1,9.5,-3.5,209.6162554,40.32,778.25
309800,775.5,777,1,9.5,-3.5,209.5275162,40.3,776.25
309900,773,774.5,1,9.5,-3.5,209.4447928,40.27,773.75
310000,773,774.5,1,9.5,-3.5,209.3066567,40.25,773.75
310100,768,769.5,1,9.5,-3.5,209.1888776,40.23,768.75
310200,769,770.5,1,9.5,-3.5,209.1818333,40.2,769.75
310300,764.5,766,1,9.5,-3.5,208.9109367,40.18,765.25
310400,765.5,767,1,9.5,-3.5,209.1179647,40.16,766.25
310500,767,768.5,1,9.5,-3.5,209.4152203,40.14,767.75
310600,772.5,774,1,9.5,-3.5,209.6924119,40.12,773.25
310700,770,771.5,1,9.5,-3.5,209.9064262,40.09,770.75
310800,769.5,771,1,9.5,-3.5,209.8964377,40.07,770.25
310900,769.5,771.5,1,9.5,-3.5,209.6002693,40.05,770.5
311000,773,774.5,1,9.5,-3.5,209.6229955,40.02,773.75
311100,773.5,775,1,9.5,-3.5,209.7596614,40,774.25
311200,773,774.5,1,9.5,-3.5,209.6399181,39.98,773.75
311300,773.5,775,1,9.5,-3.5,209.8708814,39.96,774.25
311400,773,774.5,1,9.5,-3.5,209.9672448,39.94,773.75
311500,779,780.5,1,9.5,-3.5,210.2486511,39.91,779.75
311600,774.5,776,1,9.5,-3.5,209.963361,39.89,775.25
311700,776.5,778,1,9.5,-3.5,210.3510739,39.87,777.25
311800,777,778.5,1,9.5,-3.5,210.3259904,39.84,777.75
311900,778,779.5,1,9.5,-3.5,210.6973934,39.82,778.75
312000,774.5,776,1,9.5,-3.5,210.8215895,39.8,775.25
312100,774.5,776,1,9.5,-3.5,210.801374,39.78,775.25
312200,777.5,779,1,9.5,-3.5,210.9635168,39.76,778.25
312300,771,772.5,1,9.5,-3.5,210.6957165,39.73,771.75
312400,768,769.5,1,9.5,-3.5,210.6574617,39.71,768.75
312500,766,767.5,1,9.5,-3.5,210.5858843,39.69,766.75
312600,763,764.5,1,9.5,-3.5,210.3076196,39.66,763.75
312700,765,766.5,1,9.5,-3.5,210.4224136,39.64,765.75
312800,768,769.5,1,9.5,-3.5,210.7458775,39.62,768.75
312900,769.5,771,1,9.5,-3.5,210.556535,39.6,770.25
313000,771,772.5,1,9.5,-3.5,210.804128,39.58,771.75
313100,772,773.5,1,9.5,-3.5,210.7975258,39.55,772.75
313200,770.5,772,1,9.5,-3.5,210.5412888,39.53,771.25
313300,766,767.5,1,9.5,-3.5,210.1876424,39.51,766.75
313400,769.5,771,1,9.5,-3.5,210.3735669,39.48,770.25
313500,764.5,766,1,9.5,-3.5,210.3263617,39.46,765.25
313600,765.5,767,1,9.5,-3.5,210.579814,39.44,766.25
313700,768.5,770,1,9.5,-3.5,210.7121589,39.42,769.25
313800,771.5,773,1,9.5,-3.5,210.7402794,39.4,772.25
313900,771,772.5,1,9.5,-3.5,211.0645431,39.37,771.75
314000,773,774.5,1,9.5,-3.5,211.2345579,39.35,773.75
314100,772,773.5,1,9.5,-3.5,211.2536955,39.33,772.75
314200,769,770.5,1,9.5,-3.5,211.0677987,39.3,769.75
314300,769,770.5,1,9.5,-3.5,211.1873002,39.28,769.75
314400,771,772.5,1,9.5,-3.5,211.4039069,39.26,771.75
314500,773.5,775,1,9.5,-3.5,211.8451122,39.24,774.25
314600,775,776.5,1,9.5,-3.5,211.9940951,39.22,775.75
314700,772.5,774,1,9.5,-3.5,211.7866701,39.19,773.25
314800,779,780.5,1,9.5,-3.5,212.0373289,39.17,779.75
314900,778,779.5,1,9.5,-3.5,211.8519817,39.15,778.75
315000,777.5,779,1,9.5,-3.5,211.9594324,39.12,778.25
315100,777.5,779.5,1,9.5,-3.5,211.8188991,39.1,778.5
315200,782.5,784,1,9.5,-3.5,212.1341695,39.08,783.25
315300,780.5,782,1,9.5,-3.5,211.916793,39.06,781.25
315400,779,780.5,1,9.5,-3.5,211.768349,39.03,779.75
315500,776.5,778,1,9.5,-3.5,211.6940724,39.01,777.25
315600,774.5,776,1,9.5,-3.5,211.6525939,38.99,775.25
315700,771.5,773,1,9.5,-3.5,211.6107063,38.97,772.25
315800,774,775.5,1,9.5,-3.5,211.8739733,38.94,774.75
315900,771,772.5,1,9.5,-3.5,211.8528279,38.92,771.75
316000,770,771.5,1,9.5,-3.5,211.6081845,38.9,770.75
316100,773.5,775,1,9.5,-3.5,212.0341922,38.88,774.25
316200,770.5,772,1,9.5,-3.5,211.6778913,38.85,771.25
316300,767.5,769,1,9.5,-3.5,211.5545651,38.83,768.25
316400,770.5,772,1,9.5,-3.5,211.7152602,38.81,771.25
316500,771,772.5,1,9.5,-3.5,211.8205177,38.79,771.75
316600,772.5,774,1,9.5,-3.5,211.9512436,38.76,773.25
316700,770.5,772,1,9.5,-3.5,211.7459376,38.74,771.25
316800,772.5,774,1,9.5,-3.5,211.8142314,38.72,773.25
316900,774.5,776,1,9.5,-3.5,211.7984204,38.7,775.25
317000,773,774.5,1,9.5,-3.5,211.7454758,38.67,773.75
317100,771,772.5,1,9.5,-3.5,211.6788559,38.65,771.75
317200,772,773.5,1,9.5,-3.5,211.6655461,38.63,772.75
317300,772.5,774,1,9.5,-3.5,211.7941382,38.61,773.25
317400,776.5,778,1,9.5,-3.5,212.0232532,38.58,777.25
317500,776.5,778,1,9.5,-3.5,212.1013167,38.56,777.25
317600,777.5,779,1,9.5,-3.5,212.4127186,38.54,778.25
317700,776,777.5,1,9.5,-3.5,212.3662354,38.52,776.75
317800,777.5,779,1,9.5,-3.5,212.524313,38.49,778.25
317900,775,776.5,1,9.5,-3.5,212.4535077,38.47,775.75
318000,775,776.5,1,9.5,-3.5,212.1135299,38.45,775.75
318100,775,776.5,1,9.5,-3.5,212.1835849,38.43,775.75
318200,778.5,780,1,9.5,-3.5,212.1874777,38.4,779.25
318300,782.5,784,1,9.5,-3.5,212.4555726,38.38,783.25
318400,784,785.5,1,9.5,-3.5,212.8200089,38.36,784.75
318500,783.5,785,1,9.5,-3.5,213.045081,38.34,784.25
318600,785,786.5,1,9.5,-3.5,213.1004822,38.32,785.75
318700,786,787.5,1,9.5,-3.5,213.3054474,38.29,786.75
318800,789,790.5,1,9.5,-3.5,213.7705246,38.27,789.75
318900,791,792.5,1,9.5,-3.5,213.9914938,38.25,791.75
319000,790.5,792,1,9.5,-3.5,213.8882758,38.22,791.25
319100,787.5,789,1,9.5,-3.5,213.6244547,38.2,788.25
319200,787.5,789.5,1,9.5,-3.5,213.6464057,38.18,788.5
319300,785.5,787,1,9.5,-3.5,213.3758621,38.16,786.25
319400,784.5,786,1,9.5,-3.5,213.2859043,38.14,785.25
319500,785.5,787,1,9.5,-3.5,213.3759215,38.11,786.25
319600,791,792.5,1,9.5,-3.5,213.6735794,38.09,791.75
319700,793,794.5,1,9.5,-3.5,213.7248088,38.07,793.75
319800,790.5,792,1,9.5,-3.5,213.5955136,38.04,791.25
319900,792.5,794,1,9.5,-3.5,213.4923911,38.02,793.25
320000,793.5,795,1,9.5,-3.5,213.5368578,38,794.25
320100,793.5,795,1,9.5,-3.5,213.3990847,37.98,794.25
320200,798.5,800,1,9.5,-3.5,213.5297697,37.96,799.25
320300,797.5,799,1,9.5,-3.5,213.4854336,37.93,798.25
320400,798.5,800,1,9.5,-3.5,213.6940685,37.91,799.25
320500,799,800.5,1,9.5,-3.5,213.5612654,37.89,799.75
320600,801.5,803,1,9.5,-3.5,213.5691533,37.86,802.25
320700,800.5,802,1,9.5,-3.5,213.3519347,37.84,801.25
320800,798,799.5,1,9.5,-3.5,213.2436131,37.82,798.75
320900,799.5,801,1,9.5,-3.5,213.3415001,37.8,800.25
321000,796.5,798,1,9.5,-3.5,213.1749948,37.78,797.25
321100,795,796.5,1,9.5,-3.5,213.0204119,37.75,795.75
321200,801,802.5,1,9.5,-3.5,213.3839253,37.73,801.75
321300,802,803.5,1,9.5,-3.5,213.5170409,37.71,802.75
321400,799,800.5,1,9.5,-3.5,213.2122408,37.68,799.75
321500,806,807.5,1,9.5,-3.5,213.2724064,37.66,806.75
321600,804,805.5,1,9.5,-3.5,213.1976329,37.64,804.75
321700,805,806.5,1,9.5,-3.5,213.3771864,37.62,805.75
321800,803.5,805,1,9.5,-3.5,213.190326,37.6,804.25
321900,804.5,806,1,9.5,-3.5,213.211761,37.57,805.25
322000,808,809.5,1,9.5,-3.5,213.3158916,37.55,808.75
322100,804,805.5,1,9.5,-3.5,212.8124256,37.53,804.75
322200,809,810.5,1,9.5,-3.5,213.0647157,37.51,809.75
322300,810.5,812,1,9.5,-3.5,213.084241,37.48,811.25
322400,810,811.5,1,9.5,-3.5,213.1442811,37.46,810.75
322500,810,811.5,1,9.5,-3.5,213.0297674,37.44,810.75
322600,803.5,805,1,9.5,-3.5,212.8068232,37.42,804.25
322700,807.5,809,1,9.5,-3.5,213.1763732,37.39,808.25
322800,807.5,809,1,9.5,-3.5,213.2389427,37.37,808.25
322900,800.5,802,1,9.5,-3.5,212.8657368,37.35,801.25
323000,803,804.5,1,9.5,-3.5,213.0088938,37.33,803.75
323100,803.5,805,1,9.5,-3.5,213.1204015,37.3,804.25
323200,804,805.5,1,9.5,-3.5,213.1598892,37.28,804.75
323300,804,805.5,1,9.5,-3.5,213.3817642,37.26,804.75
323400,807,808.5,1,9.5,-3.5,213.519098,37.24,807.75
323500,804,805.5,1,9.5,-3.5,213.4859064,37.21,804.75
323600,806,807.5,1,9.5,-3.5,213.5417218,37.19,806.75
323700,810.5,812,1,9.5,-3.5,213.6465431,37.17,811.25
323800,813.5,815,1,9.5,-3.5,213.9182371,37.15,814.25
323900,813,814.5,1,9.5,-3.5,213.4158582,37.12,813.75
324000,816,817.5,1,9.5,-3.5,213.5346561,37.1,816.75
324100,818.5,820,1,9.5,-3.5,213.4648885,37.08,819.25
324200,819.5,821,1,9.5,-3.5,213.4557237,37.06,820.25
324300,820.5,822,1,9.5,-3.5,213.719032,37.03,821.25
324400,818.5,820,1,9.5,-3.5,213.8735166,37.01,819.25
324500,820.5,822,1,9.5,-3.5,213.8920086,36.99,821.25
324600,822,823.5,1,9.5,-3.5,214.1040591,36.97,822.75
324700,820.5,822,1,9.5,-3.5,214.2213713,36.94,821.25
324800,821.5,823,1,9.5,-3.5,214.4575607,36.92,822.25
324900,823,824.5,1,9.5,-3.5,214.5804465,36.9,823.75
325000,824.5,826,1,9.5,-3.5,214.9360867,36.88,825.25
325100,824,825.5,1,9.5,-3.5,214.8433519,36.85,824.75
325200,820,821.5,1,9.5,-3.5,215.0029862,36.83,820.75
325300,823,824.5,1,9.5,-3.5,215.0519699,36.81,823.75
325400,826.5,828,1,9.5,-3.5,215.1979584,36.78,827.25
325500,828.5,830,1,9.5,-3.5,215.219669,36.76,829.25
325600,828,830,1,9.5,-3.5,215.0991778,36.74,829
325700,828.5,830,1,9.5,-3.5,215.080041,36.72,829.25
325800,825.5,827,1,9.5,-3.5,215.0346543,36.7,826.25
325900,824,825.5,1,9.5,-3.5,214.8625407,36.67,824.75
326000,820.5,822,1,9.5,-3.5,214.7279629,36.65,821.25
326100,820,821.5,1,9.5,-3.5,214.5558075,36.63,820.75
326200,818.5,820,1,9.5,-3.5,214.2952047,36.6,819.25
326300,818.5,820.5,1,9.5,-3.5,214.3827811,36.58,819.5
326400,813.5,815,1,9.5,-3.5,214.1254373,36.56,814.25
326500,808,809.5,1,9.5,-3.5,214.0013985,36.54,808.75
326600,806.5,808,1,9.5,-3.5,213.7352422,36.52,807.25
326700,805,806.5,1,9.5,-3.5,213.7074771,36.49,805.75
326800,803,804.5,1,9.5,-3.5,213.657756,36.47,803.75
326900,802.5,804,1,9.5,-3.5,213.4934239,36.45,803.25
327000,800.5,802,1,9.5,-3.5,213.4198348,36.42,801.25
327100,800.5,802,1,9.5,-3.5,213.7314198,36.4,801.25
327200,797.5,799,1,9.5,-3.5,213.66088,36.38,798.25
327300,794,795.5,1,9.5,-3.5,213.528795,36.36,794.75
327400,793,794.5,1,9.5,-3.5,213.4037775,36.34,793.75
327500,792,793.5,1,9.5,-3.5,213.5306042,36.31,792.75
327600,789.5,791,1,9.5,-3.5,213.3917286,36.29,790.25
327700,789,791,1,9.5,-3.5,213.5181173,36.27,790
327800,790,791.5,1,9.5,-3.5,213.6098517,36.24,790.75
327900,791,792.5,1,9.5,-3.5,213.5674776,36.22,791.75
328000,789,790.5,1,9.5,-3.5,213.5143448,36.2,789.75
328100,787.5,789,1,9.5,-3.5,213.2242762,36.18,788.25
328200,786,787.5,1,9.5,-3.5,213.2536063,36.16,786.75
328300,786,787.5,1,9.5,-3.5,213.2568157,36.13,786.75
328400,789,790.5,1,9.5,-3.5,213.6590461,36.11,789.75
328500,788,789.5,1,9.5,-3.5,213.5054816,36.09,788.75
328600,792,793.5,1,9.5,-3.5,213.5658011,36.06,792.75
328700,792,793.5,1,9.5,-3.5,213.3229615,36.04,792.75
328800,791,792.5,1,9.5,-3.5,213.3217498,36.02,791.75
328900,791.5,793,1,9.5,-3.5,213.6089328,36,792.25
329000,789,790.5,1,9.5,-3.5,213.7012438,35.98,789.75
329100,785.5,787,1,9.5,-3.5,213.4365757,35.95,786.25
329200,786.5,788,1,9.5,-3.5,213.5355688,35.93,787.25
329300,788,789.5,1,9.5,-3.5,213.746971,35.91,788.75
329400,788,789.5,1,9.5,-3.5,213.9765291,35.88,788.75
329500,784,785.5,1,9.5,-3.5,213.8547368,35.86,784.75
329600,785.5,787,1,9.5,-3.5,213.8640932,35.84,786.25
329700,788,789.5,1,9.5,-3.5,213.8881384,35.82,788.75
329800,790,791.5,1,9.5,-3.5,214.2579335,35.8,790.75
329900,790,792,1,9.5,-3.5,214.4958996,35.77,791
330000,790.5,792,1,9.5,-3.5,214.6424864,35.75,791.25
330100,788.5,790,1,9.5,-3.5,214.4227226,35.73,789.25
330200,784,785.5,1,9.5,-3.5,214.0625129,35.7,784.75
330300,781.5,783,1,9.5,-3.5,213.809756,35.68,782.25
330400,784,785.5,1,9.5,-3.5,213.9025138,35.66,784.75
330500,785.5,787,1,9.5,-3.5,214.0039912,35.64,786.25
330600,781,782.5,1,9.5,-3.5,213.9818369,35.62,781.75
330700,782,783.5,1,9.5,-3.5,214.0683162,35.59,782.75
330800,779,780.5,1,9.5,-3.5,213.9583139,35.57,779.75
330900,782.5,784,1,9.5,-3.5,214.310436,35.55,783.25
331000,780.5,782,1,9.5,-3.5,213.9783381,35.52,781.25
331100,784,785.5,1,9.5,-3.5,214.2469407,35.5,784.75
331200,784,785.5,1,9.5,-3.5,214.2521888,35.48,784.75
331300,784,785.5,1,9.5,-3.5,214.2884835,35.46,784.75
331400,785.5,787,1,9.5,-3.5,214.2816149,35.44,786.25
331500,786,787.5,1,9.5,-3.5,214.3259108,35.41,786.75
331600,783.5,785,1,9.5,-3.5,214.1863398,35.39,784.25
331700,782.5,784,1,9.5,-3.5,214.1370211,35.37,783.25
331800,784.5,786,1,9.5,-3.5,214.2415986,35.34,785.25
331900,782,783.5,1,9.5,-3.5,214.0094181,35.32,782.75
332000,783,784.5,1,9.5,-3.5,213.8788272,35.3,783.75
332100,781.5,783,1,9.5,-3.5,213.8634453,35.28,782.25
332200,782.5,784,1,9.5,-3.5,213.9350864,35.26,783.25
332300,782.5,784,1,9.5,-3.5,213.9174686,35.23,783.25
332400,787,788.5,1,9.5,-3.5,214.1286977,35.21,787.75
332500,789.5,791,1,9.5,-3.5,214.4032125,35.19,790.25
332600,788,789.5,1,9.5,-3.5,214.7633168,35.16,788.75
332700,788.5,790,1,9.5,-3.5,214.9077745,35.14,789.25
332800,781.5,783,1,9.5,-3.5,214.8287614,35.12,782.25
332900,781.5,783,1,9.5,-3.5,214.9260588,35.1,782.25
333000,785.5,787,1,9.5,-3.5,215.3561785,35.08,786.25
333100,789,790.5,1,9.5,-3.5,215.5027678,35.05,789.75
333200,788,789.5,1,9.5,-3.5,215.2940616,35.03,788.75
333300,789.5,791,1,9.5,-3.5,215.4306994,35.01,790.25
333400,791.5,793,1,9.5,-3.5,215.8370109,34.98,792.25
333500,791.5,793,1,9.5,-3.5,215.6812498,34.96,792.25
333600,793.5,795,1,9.5,-3.5,215.5293836,34.94,794.25
333700,795.5,797,1,9.5,-3.5,215.6844749,34.92,796.25
333800,796,797.5,1,9.5,-3.5,215.77272,34.9,796.75
333900,797.5,799,1,9.5,-3.5,215.7375049,34.87,798.25
334000,797,798.5,1,9.5,-3.5,215.882152,34.85,797.75
334100,801.5,803,1,9.5,-3.5,216.050303,34.83,802.25
334200,804,805.5,1,9.5,-3.5,216.1102972,34.8,804.75
334300,804.5,806,1,9.5,-3.5,216.1869053,34.78,805.25
334400,805,806.5,1,9.5,-3.5,216.1696524,34.76,805.75
334500,807,808.5,1,9.5,-3.5,216.2240026,34.74,807.75
334600,807.5,809,1,9.5,-3.5,216.3756945,34.72,808.25
334700,807.5,809,1,9.5,-3.5,216.4164195,34.69,808.25
334800,808.5,810,1,9.5,-3.5,216.6099815,34.67,809.25
334900,810.5,812,1,9.5,-3.5,216.3711457,34.65,811.25
335000,814.5,816,1,9.5,-3.5,216.6246203,34.62,815.25
335100,815,816.5,1,9.5,-3.5,216.4023609,34.6,815.75
335200,812.5,814,1,9.5,-3.5,216.0899736,34.58,813.25
335300,814,815.5,1,9.5,-3.5,216.2193164,34.56,814.75
335400,814.5,816,1,9.5,-3.5,216.3162362,34.53,815.25
335500,811.5,813,1,9.5,-3.5,216.0893001,34.51,812.25
335600,811.5,813,1,9.5,-3.5,216.1798061,34.49,812.25
335700,814.5,816,1,9.5,-3.5,216.2318161,34.47,815.25
335800,811.5,813,1,9.5,-3.5,216.2072759,34.44,812.25
335900,813.5,815,1,9.5,-3.5,216.1761252,34.42,814.25
336000,817,818.5,1,9.5,-3.5,216.6810511,34.4,817.75
336100,817,818.5,1,9.5,-3.5,216.6302646,34.38,817.75
336200,817.5,819,1,9.5,-3.5,216.4414593,34.35,818.25
336300,817,818.5,1,9.5,-3.5,216.3212652,34.33,817.75
336400,814.5,816,1,9.5,-3.5,216.2955094,34.31,815.25
336500,815,816.5,1,9.5,-3.5,216.2111904,34.29,815.75
336600,813,814.5,1,9.5,-3.5,216.1321251,34.26,813.75
336700,813.5,815,1,9.5,-3.5,216.2570224,34.24,814.25
336800,811.5,813,1,9.5,-3.5,216.1591798,34.22,812.25
336900,807.5,809,1,9.5,-3.5,216.3042032,34.2,808.25
337000,806,807.5,1,9.5,-3.5,216.3663578,34.17,806.75
337100,804,805.5,1,9.5,-3.5,216.3480271,34.15,804.75
337200,808.5,810,1,9.5,-3.5,216.4030341,34.13,809.25
337300,810,811.5,1,9.5,-3.5,216.6681168,34.11,810.75
337400,809,810.5,1,9.5,-3.5,216.5630155,34.08,809.75
337500,814,815.5,1,9.5,-3.5,216.8045756,34.06,814.75
337600,814,816,1,9.5,-3.5,216.6307463,34.04,815
337700,814.5,816,1,9.5,-3.5,216.6192069,34.02,815.25
337800,813.5,815,1,9.5,-3.5,216.4563042,33.99,814.25
337900,818.5,820,1,9.5,-3.5,216.4728749,33.97,819.25
338000,816.5,818,1,9.5,-3.5,216.1652206,33.95,817.25
338100,818,819.5,1,9.5,-3.5,216.4804673,33.93,818.75
338200,817,818.5,1,9.5,-3.5,216.7053568,33.9,817.75
338300,817.5,819,1,9.5,-3.5,216.7250259,33.88,818.25
338400,819,820.5,1,9.5,-3.5,216.838093,33.86,819.75
338500,816.5,818,1,9.5,-3.5,216.6735296,33.84,817.25
338600,816.5,818,1,9.5,-3.5,216.7841946,33.82,817.25
338700,816.5,818.5,1,9.5,-3.5,216.8387507,33.79,817.5
338800,816,817.5,1,9.5,-3.5,216.6905902,33.77,816.75
338900,820,821.5,1,9.5,-3.5,216.9341333,33.75,820.75
339000,821.5,823,1,9.5,-3.5,216.8234735,33.72,822.25
339100,821,822.5,1,9.5,-3.5,216.679863,33.7,821.75
339200,822,823.5,1,9.5,-3.5,216.7276126,33.68,822.75
339300,825.5,827,1,9.5,-3.5,216.7529661,33.66,826.25
339400,827,828.5,1,9.5,-3.5,216.8177685,33.64,827.75
339500,828.5,830,1,9.5,-3.5,216.9631581,33.61,829.25
339600,831,832.5,1,9.5,-3.5,217.1983445,33.59,831.75
339700,831,832.5,1,9.5,-3.5,217.1053203,33.57,831.75
339800,835.5,837,1,9.5,-3.5,217.0483184,33.54,836.25
339900,837.5,839,1,9.5,-3.5,217.1140705,33.52,838.25
340000,837,838.5,1,9.5,-3.5,217.2613724,33.5,837.75
340100,833.5,835,1,9.5,-3.5,217.1645202,33.48,834.25
340200,833.5,835,1,9.5,-3.5,217.156305,33.46,834.25
340300,836.5,838,1,9.5,-3.5,217.2964376,33.43,837.25
340400,837.5,839,1,9.5,-3.5,217.3459822,33.41,838.25
340500,836.5,838,1,9.5,-3.5,217.2386672,33.39,837.25
340600,840.5,842,1,9.5,-3.5,217.3790197,33.36,841.25
340700,843,844.5,1,9.5,-3.5,217.7352902,33.34,843.75
340800,839,840.5,1,9.5,-3.5,217.5034245,33.32,839.75
340900,836,837.5,1,9.5,-3.5,217.4299104,33.3,836.75
341000,839.5,841,1,9.5,-3.5,217.5646614,33.28,840.25
341100,839.5,841,1,9.5,-3.5,217.3156064,33.25,840.25
341200,841,842.5,1,9.5,-3.5,217.4046857,33.23,841.75
341300,843,844.5,1,9.5,-3.5,217.5771478,33.21,843.75
341400,848.5,850,1,9.5,-3.5,217.8219121,33.18,849.25
341500,852,853.5,1,9.5,-3.5,218.2574898,33.16,852.75
341600,850.5,852,1,9.5,-3.5,218.0255725,33.14,851.25
341700,850,851.5,1,9.5,-3.5,218.0097813,33.12,850.75
341800,850,851.5,1,9.5,-3.5,217.6932743,33.1,850.75
341900,851.5,853,1,9.5,-3.5,217.714416,33.07,852.25
342000,846.5,848,1,9.5,-3.5,217.7128249,33.05,847.25
342100,846,848,1,9.5,-3.5,217.7908585,33.03,847
342200,847,848.5,1,9.5,-3.5,217.6178476,33.01,847.75
342300,846,847.5,1,9.5,-3.5,217.7860222,32.98,846.75
342400,844.5,846,1,9.5,-3.5,217.6792704,32.96,845.25
342500,846,847.5,1,9.5,-3.5,217.807699,32.94,846.75
342600,847,848.5,1,9.5,-3.5,217.9175262,32.92,847.75
342700,848,849.5,1,9.5,-3.5,217.6730953,32.89,848.75
342800,848,850,1,9.5,-3.5,217.7107806,32.87,849
342900,848.5,850,1,9.5,-3.5,217.7773217,32.85,849.25
343000,844.5,846,1,9.5,-3.5,217.6795181,32.83,845.25
343100,849,850.5,1,9.5,-3.5,217.8597494,32.8,849.75
343200,850.5,852,1,9.5,-3.5,218.0797135,32.78,851.25
343300,849.5,851,1,9.5,-3.5,218.0090781,32.76,850.25
343400,848,849.5,1,9.5,-3.5,217.7065029,32.74,848.75
343500,848,849.5,1,9.5,-3.5,217.7268507,32.71,848.75
343600,849.5,851,1,9.5,-3.5,217.8141921,32.69,850.25
343700,851,852.5,1,9.5,-3.5,217.9249227,32.67,851.75
343800,852,853.5,1,9.5,-3.5,217.9011526,32.65,852.75
343900,848,849.5,1,9.5,-3.5,217.6809042,32.62,848.75
344000,848,849.5,1,9.5,-3.5,217.5166242,32.6,848.75
344100,848,850,1,9.5,-3.5,217.3914256,32.58,849
344200,849.5,851,1,9.5,-3.5,217.1608752,32.56,850.25
344300,845,846.5,1,9.5,-3.5,216.9800285,32.53,845.75
344400,843,844.5,1,9.5,-3.5,216.9406669,32.51,843.75
344500,847,848.5,1,9.5,-3.5,217.1531455,32.49,847.75
344600,844,845.5,1,9.5,-3.5,217.0143052,32.47,844.75
344700,840.5,842,1,9.5,-3.5,216.8622197,32.44,841.25
344800,840.5,842,1,9.5,-3.5,216.8339298,32.42,841.25
344900,842.5,844,1,9.5,-3.5,216.9156795,32.4,843.25
345000,838,839.5,1,9.5,-3.5,216.6049051,32.38,838.75
345100,838,840,1,9.5,-3.5,216.5818565,32.35,839
345200,836,837.5,1,9.5,-3.5,216.5466002,32.33,836.75
345300,837.5,839,1,9.5,-3.5,216.5133733,32.31,838.25
345400,839.5,841,1,9.5,-3.5,216.5833139,32.28,840.25
345500,841.5,843,1,9.5,-3.5,216.8943046,32.26,842.25
345600,838,839.5,1,9.5,-3.5,216.7276653,32.24,838.75
345700,837,838.5,1,9.5,-3.5,216.4624361,32.22,837.75
345800,836,837.5,1,9.5,-3.5,216.4730912,32.2,836.75
345900,837,838.5,1,9.5,-3.5,216.5100442,32.17,837.75
346000,833,834.5,1,9.5,-3.5,216.3009892,32.15,833.75
346100,831.5,833,1,9.5,-3.5,216.083059,32.13,832.25
346200,831.5,833,1,9.5,-3.5,215.7521072,32.1,832.25
346300,833,834.5,1,9.5,-3.5,215.5947474,32.08,833.75
346400,833.5,835,1,9.5,-3.5,215.3362613,32.06,834.25
346500,833,834.5,1,9.5,-3.5,215.4648302,32.04,833.75
346600,829,830.5,1,9.5,-3.5,215.466142,32.02,829.75
346700,827.5,829,1,9.5,-3.5,215.4401862,31.99,828.25
346800,827,828.5,1,9.5,-3.5,215.3506738,31.97,827.75
346900,826.5,828,1,9.5,-3.5,215.2609317,31.95,827.25
347000,823,824.5,1,9.5,-3.5,215.0232871,31.92,823.75
347100,825.5,827,1,9.5,-3.5,215.3010891,31.9,826.25
347200,821,822.5,1,9.5,-3.5,215.1913013,31.88,821.75
347300,819,820.5,1,9.5,-3.5,215.0925114,31.86,819.75
347400,820.5,822,1,9.5,-3.5,215.1704566,31.84,821.25
347500,823.5,825,1,9.5,-3.5,215.2137047,31.81,824.25
347600,822.5,824,1,9.5,-3.5,215.2082195,31.79,823.25
347700,823.5,825,1,9.5,-3.5,215.5473602,31.77,824.25
347800,821.5,823,1,9.5,-3.5,215.5594149,31.74,822.25
347900,825,826.5,1,9.5,-3.5,215.5978623,31.72,825.75
348000,825,827,1,9.5,-3.5,215.3813708,31.7,826
348100,820.5,822,1,9.5,-3.5,215.3111219,31.68,821.25
348200,820.5,822,1,9.5,-3.5,215.4217267,31.66,821.25
348300,818,819.5,1,9.5,-3.5,215.262457,31.63,818.75
348400,814,815.5,1,9.5,-3.5,215.1629457,31.61,814.75
348500,809,810.5,1,9.5,-3.5,215.1119004,31.59,809.75
348600,808.5,810,1,9.5,-3.5,215.1987214,31.56,809.25
348700,804.5,806,1,9.5,-3.5,214.9560192,31.54,805.25
348800,803,804.5,1,9.5,-3.5,214.9403566,31.52,803.75
348900,801,802.5,1,9.5,-3.5,214.7656543,31.5,801.75
349000,803,804.5,1,9.5,-3.5,215.0086641,31.48,803.75
349100,806,807.5,1,9.5,-3.5,215.0681998,31.45,806.75
349200,806,807.5,1,9.5,-3.5,215.2256331,31.43,806.75
349300,808,809.5,1,9.5,-3.5,215.2300226,31.41,808.75
349400,808.5,810,1,9.5,-3.5,215.0394046,31.38,809.25
349500,808.5,810,1,9.5,-3.5,215.2284727,31.36,809.25
349600,810.5,812,1,9.5,-3.5,215.3245508,31.34,811.25
349700,811.5,813,1,9.5,-3.5,215.5716632,31.32,812.25
349800,815.5,817,1,9.5,-3.5,215.6197034,31.3,816.25
349900,812.5,814,1,9.5,-3.5,215.4609219,31.27,813.25
350000,818,819.5,1,9.5,-3.5,215.5911423,31.25,818.75
350100,818.5,820,1,9.5,-3.5,215.6457395,31.23,819.25
350200,820.5,822,1,9.5,-3.5,215.6151307,31.2,821.25
350300,822,823.5,1,9.5,-3.5,215.8361205,31.18,822.75
350400,822,823.5,1,9.5,-3.5,216.1610585,31.16,822.75
350500,819.5,821,1,9.5,-3.5,216.1356543,31.14,820.25
350600,817.5,819,1,9.5,-3.5,216.2100467,31.12,818.25
350700,817,819,1,9.5,-3.5,216.2707654,31.09,818
350800,812.5,814,1,9.5,-3.5,216.1693022,31.07,813.25
350900,809,810.5,1,9.5,-3.5,215.8263286,31.05,809.75
351000,805.5,807,1,9.5,-3.5,215.6582148,31.02,806.25
351100,806.5,808,1,9.5,-3.5,215.7609494,31,807.25
351200,808.5,810,1,9.5,-3.5,215.9545236,30.98,809.25
351300,809.5,811,1,9.5,-3.5,216.1076295,30.96,810.25
351400,813.5,815,1,9.5,-3.5,216.4577872,30.94,814.25
351500,814,815.5,1,9.5,-3.5,216.4744047,30.91,814.75
351600,813.5,815,1,9.5,-3.5,216.2856707,30.89,814.25
351700,813.5,815,1,9.5,-3.5,215.9984943,30.87,814.25
351800,811.5,813,1,9.5,-3.5,215.8884935,30.84,812.25
351900,814,815.5,1,9.5,-3.5,216.091399,30.82,814.75
352000,814,815.5,1,9.5,-3.5,215.8111258,30.8,814.75
352100,816.5,818,1,9.5,-3.5,215.9936484,30.78,817.25
352200,813.5,815,1,9.5,-3.5,215.5975835,30.76,814.25
352300,811,812.5,1,9.5,-3.5,215.3822515,30.73,811.75
352400,808,809.5,1,9.5,-3.5,215.1134395,30.71,808.75
352500,814,815.5,1,9.5,-3.5,215.1925683,30.69,814.75
352600,813,814.5,1,9.5,-3.5,214.8365144,30.66,813.75
352700,807,808.5,1,9.5,-3.5,214.5462179,30.64,807.75
352800,807.5,809,1,9.5,-3.5,214.6217587,30.62,808.25
352900,807,808.5,1,9.5,-3.5,214.6050534,30.6,807.75
353000,810,811.5,1,9.5,-3.5,214.6470354,30.58,810.75
353100,808,809.5,1,9.5,-3.5,214.4208706,30.55,808.75
353200,809.5,811,1,9.5,-3.5,214.582997,30.53,810.25
353300,810,811.5,1,9.5,-3.5,214.583252,30.51,810.75
353400,809,810.5,1,9.5,-3.5,214.5358604,30.48,809.75
353500,810,811.5,1,9.5,-3.5,214.7416121,30.46,810.75
353600,812,813.5,1,9.5,-3.5,214.8594021,30.44,812.75
353700,810,811.5,1,9.5,-3.5,214.7037785,30.42,810.75
353800,808,809.5,1,9.5,-3.5,214.5530361,30.4,808.75
353900,806.5,808,1,9.5,-3.5,214.5689108,30.37,807.25
354000,807,808.5,1,9.5,-3.5,214.5798717,30.35,807.75
354100,806.5,808,1,9.5,-3.5,214.6623788,30.33,807.25
354200,806,807.5,1,9.5,-3.5,214.5025042,30.3,806.75
354300,806,808,1,9.5,-3.5,214.4807293,30.28,807
354400,806,807.5,1,9.5,-3.5,214.7638351,30.26,806.75
354500,803,804.5,1,9.5,-3.5,214.5940363,30.24,803.75
354600,802.5,804,1,9.5,-3.5,214.6554838,30.22,803.25
354700,805,806.5,1,9.5,-3.5,214.6855342,30.19,805.75
354800,809,810.5,1,9.5,-3.5,214.6955501,30.17,809.75
354900,806,807.5,1,9.5,-3.5,214.5165658,30.15,806.75
355000,808,809.5,1,9.5,-3.5,214.4646362,30.12,808.75
355100,813.5,815,1,9.5,-3.5,214.5393463,30.1,814.25
355200,813,814.5,1,9.5,-3.5,214.5321497,30.08,813.75
355300,817,818.5,1,9.5,-3.5,214.7201147,30.06,817.75
355400,821,822.5,1,9.5,-3.5,214.8534826,30.04,821.75
355500,819.5,821,1,9.5,-3.5,214.6338174,30.01,820.25
355600,819,820.5,1,9.5,-3.5,214.3973844,29.99,819.75
355700,819,820.5,1,9.5,-3.5,214.2024514,29.97,819.75
355800,816.5,818,1,9.5,-3.5,214.4008316,29.94,817.25
355900,819.5,821,1,9.5,-3.5,214.4368323,29.92,820.25
356000,819,820.5,1,9.5,-3.5,214.2989312,29.9,819.75
356100,819.5,821,1,9.5,-3.5,214.4158983,29.88,820.25
356200,815,816.5,1,9.5,-3.5,214.3916894,29.86,815.75
356300,815,817,1,9.5,-3.5,214.285137,29.83,816
356400,810.5,812,1,9.5,-3.5,214.1891741,29.81,811.25
356500,814.5,816,1,9.5,-3.5,214.4698341,29.79,815.25
356600,816.5,818,1,9.5,-3.5,214.6956674,29.76,817.25
356700,815,816.5,1,9.5,-3.5,214.8826756,29.74,815.75
356800,817.5,819,1,9.5,-3.5,215.1642985,29.72,818.25
356900,817,818.5,1,9.5,-3.5,215.0730975,29.7,817.75
357000,819.5,821,1,9.5,-3.5,215.2413503,29.68,820.25
357100,820,821.5,1,9.5,-3.5,215.4410796,29.65,820.75
357200,821.5,823,1,9.5,-3.5,215.6243019,29.63,822.25
357300,821,823,1,9.5,-3.5,215.6194461,29.61,822
357400,824,825.5,1,9.5,-3.5,215.443427,29.58,824.75
357500,823.5,825,1,9.5,-3.5,215.5769778,29.56,824.25
357600,822.5,824,1,9.5,-3.5,215.5845747,29.54,823.25
357700,823,824.5,1,9.5,-3.5,215.6713321,29.52,823.75
357800,820,821.5,1,9.5,-3.5,215.4140168,29.5,820.75
357900,819,820.5,1,9.5,-3.5,215.6342512,29.47,819.75
358000,818,819.5,1,9.5,-3.5,216.0324978,29.45,818.75
358100,814.5,816,1,9.5,-3.5,215.842041,29.43,815.25
358200,815,816.5,1,9.5,-3.5,216.122793,29.4,815.75
358300,815,816.5,1,9.5,-3.5,216.2111681,29.38,815.75
358400,813,814.5,1,9.5,-3.5,216.0941598,29.36,813.75
358500,809,810.5,1,9.5,-3.5,215.9867453,29.34,809.75
358600,810,811.5,1,9.5,-3.5,216.1959739,29.32,810.75
358700,809.5,811,1,9.5,-3.5,215.9655228,29.29,810.25
358800,811,812.5,1,9.5,-3.5,216.0059524,29.27,811.75
358900,811,812.5,1,9.5,-3.5,215.787251,29.25,811.75
359000,806.5,808,1,9.5,-3.5,215.2198352,29.22,807.25
359100,814,815.5,1,9.5,-3.5,215.4396023,29.2,814.75
359200,814,815.5,1,9.5,-3.5,215.1678547,29.18,814.75
359300,816,817.5,1,9.5,-3.5,215.2794833,29.16,816.75
359400,814,815.5,1,9.5,-3.5,214.7338411,29.14,814.75
359500,818.5,820,1,9.5,-3.5,214.8639338,29.11,819.25
359600,816.5,818,1,9.5,-3.5,214.7988291,29.09,817.25
359700,818,819.5,1,9.5,-3.5,214.821796,29.07,818.75
359800,816.5,818,1,9.5,-3.5,214.6032107,29.04,817.25
359900,818,819.5,1,9.5,-3.5,215.0643204,29.02,818.75
360000,817.5,819,1,9.5,-3.5,214.943692,29,818.25
360100,817,818.5,1,9.5,-3.5,214.8775868,28.98,817.75
360200,816,817.5,1,9.5,-3.5,214.9612209,28.96,816.75
360300,814,815.5,1,9.5,-3.5,214.9517418,28.93,814.75
360400,816,817.5,1,9.5,-3.5,215.1863595,28.91,816.75
360500,816,817.5,1,9.5,-3.5,215.3486839,28.89,816.75
360600,817.5,819,1,9.5,-3.5,215.3732024,28.86,818.25
360700,813.5,815,1,9.5,-3.5,215.35115,28.84,814.25
360800,814.5,816,1,9.5,-3.5,215.3780414,28.82,815.25
360900,814,815.5,1,9.5,-3.5,215.2996813,28.8,814.75
361000,812.5,814,1,9.5,-3.5,215.2809776,28.78,813.25
361100,815,816.5,1,9.5,-3.5,215.4164871,28.75,815.75
361200,816.5,818,1,9.5,-3.5,215.4856179,28.73,817.25
361300,818.5,820,1,9.5,-3.5,215.3030768,28.71,819.25
361400,818.5,820,1,9.5,-3.5,215.1513603,28.68,819.25
361500,819,820.5,1,9.5,-3.5,215.3384168,28.66,819.75
361600,823.5,825,1,9.5,-3.5,215.5967353,28.64,824.25
361700,823,824.5,1,9.5,-3.5,215.2397359,28.62,823.75
361800,819,820.5,1,9.5,-3.5,215.1588326,28.6,819.75
361900,817,818.5,1,9.5,-3.5,215.2980662,28.57,817.75
362000,815,816.5,1,9.5,-3.5,215.2256131,28.55,815.75
362100,816,817.5,1,9.5,-3.5,215.4310286,28.53,816.75
362200,819.5,821,1,9.5,-3.5,215.8386271,28.5,820.25
362300,818.5,820,1,9.5,-3.5,215.7438756,28.48,819.25
362400,815,816.5,1,9.5,-3.5,215.5885607,28.46,815.75
362500,811,812.5,1,9.5,-3.5,215.4698227,28.44,811.75
362600,807,808.5,1,9.5,-3.5,215.2489686,28.42,807.75
362700,809,810.5,1,9.5,-3.5,215.3242039,28.39,809.75
362800,805.5,807,1,9.5,-3.5,214.985691,28.37,806.25
362900,803.5,805,1,9.5,-3.5,214.5792556,28.35,804.25
363000,802,803.5,1,9.5,-3.5,214.5260168,28.32,802.75
363100,797.5,799,1,9.5,-3.5,214.1846221,28.3,798.25
363200,797,798.5,1,9.5,-3.5,214.3917861,28.28,797.75
363300,802,803.5,1,9.5,-3.5,214.4654132,28.26,802.75
363400,800,801.5,1,9.5,-3.5,214.1909233,28.24,800.75
363500,802.5,804,1,9.5,-3.5,214.2365696,28.21,803.25
363600,802.5,804,1,9.5,-3.5,214.1610001,28.19,803.25
363700,801,802.5,1,9.5,-3.5,214.0105299,28.17,801.75
363800,803,804.5,1,9.5,-3.5,214.0141588,28.14,803.75
363900,799,800.5,1,9.5,-3.5,213.954162,28.12,799.75
364000,796,797.5,1,9.5,-3.5,213.910699,28.1,796.75
364100,791,792.5,1,9.5,-3.5,213.7421492,28.08,791.75
364200,790.5,792.5,1,9.5,-3.5,213.3947888,28.06,791.5
364300,793,794.5,1,9.5,-3.5,213.6364716,28.03,793.75
364400,794,795.5,1,9.5,-3.5,213.8146347,28.01,794.75
364500,794.5,796,1,9.5,-3.5,213.5938628,27.99,795.25
364600,794.5,796,1,9.5,-3.5,213.241097,27.96,795.25
364700,796.5,798,1,9.5,-3.5,213.4676667,27.94,797.25
364800,796.5,798,1,9.5,-3.5,213.6754163,27.92,797.25
364900,800.5,802,1,9.5,-3.5,213.9647672,27.9,801.25
365000,800,802,1,9.5,-3.5,213.8024934,27.88,801
365100,800,801.5,1,9.5,-3.5,213.8240355,27.85,800.75
365200,801.5,803,1,9.5,-3.5,214.1446241,27.83,802.25
365300,802.5,804,1,9.5,-3.5,214.1619566,27.81,803.25
365400,804,805.5,1,9.5,-3.5,214.5190322,27.78,804.75
365500,808,809.5,1,9.5,-3.5,214.7864195,27.76,808.75
365600,809.5,811,1,9.5,-3.5,214.8570677,27.74,810.25
365700,804.5,806,1,9.5,-3.5,214.6411197,27.72,805.25
365800,807.5,809,1,9.5,-3.5,214.7458058,27.7,808.25
365900,804,805.5,1,9.5,-3.5,214.6697157,27.67,804.75
366000,803,804.5,1,9.5,-3.5,214.573248,27.65,803.75
366100,806,807.5,1,9.5,-3.5,214.6255454,27.63,806.75
366200,799.5,801,1,9.5,-3.5,214.5441412,27.6,800.25
366300,798,799.5,1,9.5,-3.5,214.2608607,27.58,798.75
366400,800,801.5,1,9.5,-3.5,214.1981046,27.56,800.75
366500,803,804.5,1,9.5,-3.5,214.6326023,27.54,803.75
366600,800,801.5,1,9.5,-3.5,214.3063196,27.52,800.75
366700,801.5,803,1,9.5,-3.5,214.4030106,27.49,802.25
366800,799.5,801,1,9.5,-3.5,214.3275814,27.47,800.25
366900,801.5,803,1,9.5,-3.5,214.329564,27.45,802.25
367000,800.5,802,1,9.5,-3.5,214.2688204,27.42,801.25
367100,803.5,805,1,9.5,-3.5,214.338794,27.4,804.25
367200,799.5,801,1,9.5,-3.5,214.2188967,27.38,800.25
367300,791.5,793,1,9.5,-3.5,214.0788147,27.36,792.25
367400,792,793.5,1,9.5,-3.5,214.1890343,27.34,792.75
367500,794.5,796,1,9.5,-3.5,214.0648077,27.31,795.25
367600,794.5,796,1,9.5,-3.5,214.1887598,27.29,795.25
367700,797.5,799,1,9.5,-3.5,214.3205441,27.27,798.25
367800,798.5,800,1,9.5,-3.5,214.3093023,27.24,799.25
367900,794.5,796,1,9.5,-3.5,214.2993222,27.22,795.25
368000,794,795.5,1,9.5,-3.5,214.3677179,27.2,794.75
368100,794,796,1,9.5,-3.5,214.1269053,27.18,795
368200,797.5,799,1,9.5,-3.5,214.1866637,27.16,798.25
368300,796.5,798,1,9.5,-3.5,214.2099651,27.13,797.25
368400,799,800.5,1,9.5,-3.5,214.3956199,27.11,799.75
368500,797.5,799,1,9.5,-3.5,214.216744,27.09,798.25
368600,795,796.5,1,9.5,-3.5,214.0119715,27.06,795.75
368700,796,797.5,1,9.5,-3.5,214.071458,27.04,796.75
368800,798,799.5,1,9.5,-3.5,214.1080244,27.02,798.75
368900,798,799.5,1,9.5,-3.5,214.3632028,27,798.75
369000,796.5,798,1,9.5,-3.5,214.0711236,26.98,797.25
369100,791,792.5,1,9.5,-3.5,214.0150562,26.95,791.75
369200,794.5,796,1,9.5,-3.5,214.1791286,26.93,795.25
369300,793,794.5,1,9.5,-3.5,214.2545517,26.91,793.75
369400,797.5,799,1,9.5,-3.5,214.6449503,26.88,798.25
369500,793.5,795,1,9.5,-3.5,214.6265963,26.86,794.25
369600,793,794.5,1,9.5,-3.5,214.7232872,26.84,793.75
369700,794.5,796,1,9.5,-3.5,214.5253715,26.82,795.25
369800,796,797.5,1,9.5,-3.5,214.7801644,26.8,796.75
369900,797.5,799,1,9.5,-3.5,214.99526,26.77,798.25
370000,796.5,798,1,9.5,-3.5,214.9834799,26.75,797.25
370100,796,797.5,1,9.5,-3.5,214.9358266,26.73,796.75
370200,793,794.5,1,9.5,-3.5,214.5070624,26.7,793.75
370300,795.5,797,1,9.5,-3.5,214.6202005,26.68,796.25
370400,793,794.5,1,9.5,-3.5,214.5658078,26.66,793.75
370500,791.5,793,1,9.5,-3.5,214.373217,26.64,792.25
370600,790.5,792,1,9.5,-3.5,214.472872,26.62,791.25
370700,794,795.5,1,9.5,-3.5,214.8063523,26.59,794.75
370800,795,796.5,1,9.5,-3.5,214.8057218,26.57,795.75
370900,793.5,795,1,9.5,-3.5,214.7712696,26.55,794.25
371000,791,792.5,1,9.5,-3.5,214.4979606,26.52,791.75
371100,789.5,791,1,9.5,-3.5,214.3362434,26.5,790.25
371200,789,790.5,1,9.5,-3.5,214.2741565,26.48,789.75
371300,791,792.5,1,9.5,-3.5,214.3033797,26.46,791.75
371400,793.5,795,1,9.5,-3.5,214.3071088,26.44,794.25
371500,792.5,794,1,9.5,-3.5,214.2972637,26.41,793.25
371600,788.5,790,1,9.5,-3.5,214.0933441,26.39,789.25
371700,785.5,787,1,9.5,-3.5,213.9033348,26.37,786.25
371800,789,790.5,1,9.5,-3.5,214.0526662,26.34,789.75
371900,786,787.5,1,9.5,-3.5,213.821133,26.32,786.75
372000,786,788,1,9.5,-3.5,213.623486,26.3,787
372100,787.5,789,1,9.5,-3.5,213.4173339,26.28,788.25
372200,784,785.5,1,9.5,-3.5,213.3327351,26.26,784.75
372300,785,786.5,1,9.5,-3.5,213.5075115,26.23,785.75
372400,786,787.5,1,9.5,-3.5,213.7045522,26.21,786.75
372500,783,784.5,1,9.5,-3.5,213.6419456,26.19,783.75
372600,779.5,781,1,9.5,-3.5,213.3834713,26.16,780.25
372700,779.5,781,1,9.5,-3.5,213.7443213,26.14,780.25
372800,779.5,781,1,9.5,-3.5,213.8957254,26.12,780.25
372900,780.5,782,1,9.5,-3.5,214.1157318,26.1,781.25
373000,778.5,780,1,9.5,-3.5,213.9117017,26.08,779.25
373100,780.5,782,1,9.5,-3.5,213.9391772,26.05,781.25
373200,777,778.5,1,9.5,-3.5,213.9671466,26.03,777.75
373300,782,783.5,1,9.5,-3.5,214.0910886,26.01,782.75
373400,785,786.5,1,9.5,-3.5,214.1092278,25.98,785.75
373500,784,785.5,1,9.5,-3.5,214.2991045,25.96,784.75
373600,783,784.5,1,9.5,-3.5,214.273957,25.94,783.75
373700,780.5,782,1,9.5,-3.5,214.4678251,25.92,781.25
373800,779,780.5,1,9.5,-3.5,214.2663068,25.9,779.75
373900,779.5,781,1,9.5,-3.5,214.2389432,25.87,780.25
374000,783.5,785,1,9.5,-3.5,214.8307874,25.85,784.25
374100,788,789.5,1,9.5,-3.5,214.9623675,25.83,788.75
374200,786.5,788,1,9.5,-3.5,214.7227504,25.8,787.25
374300,786.5,788,1,9.5,-3.5,214.9001806,25.78,787.25
374400,785.5,787,1,9.5,-3.5,214.7893447,25.76,786.25
374500,787,788.5,1,9.5,-3.5,214.818473,25.74,787.75
374600,789,790.5,1,9.5,-3.5,214.8198138,25.72,789.75
374700,791.5,793,1,9.5,-3.5,215.0778377,25.69,792.25
374800,787.5,789,1,9.5,-3.5,214.9068436,25.67,788.25
374900,788,789.5,1,9.5,-3.5,214.6922786,25.65,788.75
375000,790,791.5,1,9.5,-3.5,214.8428452,25.62,790.75
375100,793.5,795,1,9.5,-3.5,215.1351734,25.6,794.25
375200,795,796.5,1,9.5,-3.5,215.2817247,25.58,795.75
375300,796.5,798,1,9.5,-3.5,215.4515975,25.56,797.25
375400,798,799.5,1,9.5,-3.5,215.4152099,25.54,798.75
375500,796,797.5,1,9.5,-3.5,215.0968344,25.51,796.75
375600,795.5,797,1,9.5,-3.5,215.0365122,25.49,796.25
375700,794.5,796,1,9.5,-3.5,215.0600314,25.47,795.25
375800,795.5,797,1,9.5,-3.5,215.2467458,25.44,796.25
375900,798,799.5,1,9.5,-3.5,215.3770522,25.42,798.75
376000,797,798.5,1,9.5,-3.5,215.2738837,25.4,797.75
376100,799,800.5,1,9.5,-3.5,215.3554532,25.38,799.75
376200,803,804.5,1,9.5,-3.5,215.3728002,25.36,803.75
376300,801.5,803,1,9.5,-3.5,215.3641436,25.33,802.25
376400,799.5,801,1,9.5,-3.5,215.1830759,25.31,800.25
376500,797.5,799,1,9.5,-3.5,214.6523484,25.29,798.25
376600,800,801.5,1,9.5,-3.5,215.0598093,25.26,800.75
376700,800,802,1,9.5,-3.5,214.762341,25.24,801
376800,799.5,801,1,9.5,-3.5,214.8634365,25.22,800.25
376900,799,801,1,9.5,-3.5,214.6294391,25.2,800
377000,796,797.5,1,9.5,-3.5,214.4500688,25.18,796.75
377100,791.5,793,1,9.5,-3.5,214.356352,25.15,792.25
377200,789.5,791,1,9.5,-3.5,214.2381745,25.13,790.25
377300,792.5,794,1,9.5,-3.5,214.3993777,25.11,793.25
377400,794,795.5,1,9.5,-3.5,214.6403001,25.08,794.75
377500,792.5,794,1,9.5,-3.5,214.5936929,25.06,793.25
377600,789.5,791,1,9.5,-3.5,214.3070271,25.04,790.25
377700,790,791.5,1,9.5,-3.5,214.283246,25.02,790.75
377800,786.5,788,1,9.5,-3.5,214.121653,25,787.25
377900,783,784.5,1,9.5,-3.5,213.7771811,24.97,783.75
378000,782.5,784.5,1,9.5,-3.5,213.7176222,24.95,783.5
378100,782.5,784,1,9.5,-3.5,213.6610503,24.93,783.25
378200,782,784,1,9.5,-3.5,213.5465274,24.9,783
378300,781.5,783,1,9.5,-3.5,213.6780693,24.88,782.25
378400,784.5,786,1,9.5,-3.5,213.8435706,24.86,785.25
378500,783.5,785,1,9.5,-3.5,213.8340711,24.84,784.25
378600,779.5,781,1,9.5,-3.5,213.821801,24.82,780.25
378700,780.5,782,1,9.5,-3.5,214.1818473,24.79,781.25
378800,780,781.5,1,9.5,-3.5,214.0049305,24.77,780.75
378900,780.5,782,1,9.5,-3.5,214.128859,24.75,781.25
379000,782.5,784,1,9.5,-3.5,214.3241012,24.72,783.25
379100,782,783.5,1,9.5,-3.5,214.3550417,24.7,782.75
379200,785.5,787,1,9.5,-3.5,214.477843,24.68,786.25
379300,787,788.5,1,9.5,-3.5,214.6414413,24.66,787.75
379400,787.5,789,1,9.5,-3.5,214.6169953,24.64,788.25
379500,784,785.5,1,9.5,-3.5,214.5867003,24.61,784.75
379600,781.5,783,1,9.5,-3.5,214.5111838,24.59,782.25
379700,782.5,784,1,9.5,-3.5,214.4984119,24.57,783.25
379800,782,784,1,9.5,-3.5,214.7039228,24.54,783
379900,781,782.5,1,9.5,-3.5,214.5749228,24.52,781.75
380000,781,782.5,1,9.5,-3.5,214.6008472,24.5,781.75
380100,782.5,784,1,9.5,-3.5,214.6566842,24.48,783.25
380200,781,782.5,1,9.5,-3.5,214.5518919,24.46,781.75
380300,784.5,786,1,9.5,-3.5,214.5880577,24.43,785.25
380400,785.5,787,1,9.5,-3.5,214.6588545,24.41,786.25
380500,786.5,788,1,9.5,-3.5,214.5664646,24.39,787.25
380600,788.5,790,1,9.5,-3.5,214.7637714,24.36,789.25
380700,786,787.5,1,9.5,-3.5,214.5891946,24.34,786.75
380800,787.5,789,1,9.5,-3.5,214.7435533,24.32,788.25
380900,786,787.5,1,9.5,-3.5,214.7904842,24.3,786.75
381000,784.5,786,1,9.5,-3.5,214.8891444,24.28,785.25
381100,785,786.5,1,9.5,-3.5,214.9928315,24.25,785.75
381200,784.5,786,1,9.5,-3.5,214.9199232,24.23,785.25
381300,782.5,784,1,9.5,-3.5,214.7057707,24.21,783.25
381400,785,786.5,1,9.5,-3.5,214.9833377,24.18,785.75
381500,787.5,789,1,9.5,-3.5,215.0533167,24.16,788.25
381600,789.5,791,1,9.5,-3.5,215.1944593,24.14,790.25
381700,792,793.5,1,9.5,-3.5,215.4763384,24.12,792.75
381800,792,794,1,9.5,-3.5,215.2637645,24.1,793
381900,790,791.5,1,9.5,-3.5,215.1985725,24.07,790.75
382000,789,790.5,1,9.5,-3.5,215.2696165,24.05,789.75
382100,785.5,787,1,9.5,-3.5,214.8835579,24.03,786.25
382200,783.5,785,1,9.5,-3.5,214.6885905,24,784.25
382300,783.5,785.5,1,9.5,-3.5,214.6577284,23.98,784.5
382400,786,787.5,1,9.5,-3.5,214.865965,23.96,786.75
382500,787,788.5,1,9.5,-3.5,215.0160104,23.94,787.75
382600,789.5,791,1,9.5,-3.5,215.3509803,23.92,790.25
382700,786.5,788,1,9.5,-3.5,215.1083284,23.89,787.25
382800,788,789.5,1,9.5,-3.5,215.0775471,23.87,788.75
382900,784.5,786,1,9.5,-3.5,214.6567744,23.85,785.25
383000,779.5,781,1,9.5,-3.5,214.6174335,23.82,780.25
383100,777.5,779,1,9.5,-3.5,214.4482939,23.8,778.25
383200,772.5,774,1,9.5,-3.5,214.0195152,23.78,773.25
383300,768.5,770,1,9.5,-3.5,213.7685281,23.76,769.25
383400,767,768.5,1,9.5,-3.5,213.3505086,23.74,767.75
383500,769,770.5,1,9.5,-3.5,213.4375108,23.71,769.75
383600,772.5,774,1,9.5,-3.5,213.54395,23.69,773.25
383700,772.5,774,1,9.5,-3.5,213.5704535,23.67,773.25
383800,772.5,774,1,9.5,-3.5,213.4850686,23.64,773.25
383900,776,777.5,1,9.5,-3.5,213.5161851,23.62,776.75
384000,774.5,776,1,9.5,-3.5,213.4408992,23.6,775.25
384100,778,779.5,1,9.5,-3.5,213.5367955,23.58,778.75
384200,775.5,777,1,9.5,-3.5,213.468393,23.56,776.25
384300,775.5,777,1,9.5,-3.5,213.4662858,23.53,776.25
384400,772,773.5,1,9.5,-3.5,213.4165128,23.51,772.75
384500,775,776.5,1,9.5,-3.5,213.4850589,23.49,775.75
384600,776.5,778,1,9.5,-3.5,213.5103514,23.46,777.25
384700,775.5,777,1,9.5,-3.5,213.3337637,23.44,776.25
384800,778.5,780,1,9.5,-3.5,213.6270023,23.42,779.25
384900,774,775.5,1,9.5,-3.5,213.2953492,23.4,774.75
385000,777.5,779,1,9.5,-3.5,213.5666923,23.38,778.25
385100,779,780.5,1,9.5,-3.5,213.8306965,23.35,779.75
385200,780,781.5,1,9.5,-3.5,214.0044626,23.33,780.75
385300,777,778.5,1,9.5,-3.5,213.778464,23.31,777.75
385400,776,777.5,1,9.5,-3.5,213.656906,23.28,776.75
385500,778,779.5,1,9.5,-3.5,213.7234743,23.26,778.75
385600,776.5,778,1,9.5,-3.5,213.8285414,23.24,777.25
385700,778.5,780,1,9.5,-3.5,214.056953,23.22,779.25
385800,777.5,779,1,9.5,-3.5,214.0606749,23.2,778.25
385900,782,783.5,1,9.5,-3.5,214.218079,23.17,782.75
386000,780,781.5,1,9.5,-3.5,214.1471283,23.15,780.75
386100,781.5,783,1,9.5,-3.5,214.2291943,23.13,782.25
386200,779.5,781,1,9.5,-3.5,214.1161547,23.1,780.25
386300,780,781.5,1,9.5,-3.5,213.9679471,23.08,780.75
386400,777.5,779,1,9.5,-3.5,214.0280702,23.06,778.25
386500,778.5,780,1,9.5,-3.5,213.9929165,23.04,779.25
386600,776,777.5,1,9.5,-3.5,213.4972174,23.02,776.75
386700,772.5,774,1,9.5,-3.5,213.3864113,22.99,773.25
386800,774.5,776,1,9.5,-3.5,213.2540577,22.97,775.25
386900,772.5,774,1,9.5,-3.5,213.1878755,22.95,773.25
387000,775,776.5,1,9.5,-3.5,213.3892017,22.92,775.75
387100,772.5,774,1,9.5,-3.5,213.2733814,22.9,773.25
387200,774.5,776,1,9.5,-3.5,213.3447585,22.88,775.25
387300,774,775.5,1,9.5,-3.5,213.4078408,22.86,774.75
387400,776.5,778,1,9.5,-3.5,213.7606606,22.84,777.25
387500,782.5,784,1,9.5,-3.5,213.8315686,22.81,783.25
387600,785,786.5,1,9.5,-3.5,214.0049169,22.79,785.75
387700,791,792.5,1,9.5,-3.5,214.2057237,22.77,791.75
387800,790,791.5,1,9.5,-3.5,213.8893868,22.74,790.75
387900,788.5,790,1,9.5,-3.5,213.7415266,22.72,789.25
388000,790,791.5,1,9.5,-3.5,214.0163016,22.7,790.75
388100,790.5,792,1,9.5,-3.5,213.771959,22.68,791.25
388200,787,788.5,1,9.5,-3.5,213.4978743,22.66,787.75
388300,787.5,789,1,9.5,-3.5,213.6257719,22.63,788.25
388400,784,785.5,1,9.5,-3.5,213.4849078,22.61,784.75
388500,784,786,1,9.5,-3.5,213.6084716,22.59,785
388600,782.5,784,1,9.5,-3.5,213.4517094,22.56,783.25
388700,782.5,784,1,9.5,-3.5,213.6790169,22.54,783.25
388800,784,785.5,1,9.5,-3.5,214.0081656,22.52,784.75
388900,790.5,792,1,9.5,-3.5,214.1081576,22.5,791.25
389000,790,791.5,1,9.5,-3.5,214.1941852,22.48,790.75
389100,788.5,790,1,9.5,-3.5,214.2458297,22.45,789.25
389200,786.5,788,1,9.5,-3.5,214.2064257,22.43,787.25
389300,785.5,787,1,9.5,-3.5,214.2481181,22.41,786.25
389400,789,790.5,1,9.5,-3.5,214.3875005,22.38,789.75
389500,787.5,789,1,9.5,-3.5,214.2306875,22.36,788.25
389600,788,789.5,1,9.5,-3.5,214.4222337,22.34,788.75
389700,790,791.5,1,9.5,-3.5,214.554114,22.32,790.75
389800,794.5,796,1,9.5,-3.5,214.743606,22.3,795.25
389900,796.5,798,1,9.5,-3.5,215.0967945,22.27,797.25
390000,793.5,795,1,9.5,-3.5,215.0911865,22.25,794.25
390100,793.5,795.5,1,9.5,-3.5,215.3821073,22.23,794.5
390200,793.5,795.5,1,9.5,-3.5,215.3417863,22.2,794.5
390300,791.5,793,1,9.5,-3.5,215.4536781,22.18,792.25
390400,788.5,790,1,9.5,-3.5,215.2932859,22.16,789.25
390500,792,793.5,1,9.5,-3.5,215.4305875,22.14,792.75
390600,792,793.5,1,9.5,-3.5,215.4178223,22.12,792.75
390700,797,798.5,1,9.5,-3.5,215.7165262,22.09,797.75
390800,797,798.5,1,9.5,-3.5,215.7373731,22.07,797.75
390900,801,802.5,1,9.5,-3.5,216.0868097,22.05,801.75
391000,802.5,804,1,9.5,-3.5,216.0741219,22.02,803.25
391100,803,804.5,1,9.5,-3.5,216.0125425,22,803.75
391200,807,808.5,1,9.5,-3.5,216.5134129,21.98,807.75
391300,809,810.5,1,9.5,-3.5,216.3209121,21.96,809.75
391400,805.5,807,1,9.5,-3.5,216.221539,21.94,806.25
391500,807,808.5,1,9.5,-3.5,216.4095939,21.91,807.75
391600,807,809,1,9.5,-3.5,216.3978865,21.89,808
391700,809,810.5,1,9.5,-3.5,216.0794762,21.87,809.75
391800,809,811,1,9.5,-3.5,216.2317815,21.84,810
391900,811.5,813,1,9.5,-3.5,216.3001046,21.82,812.25
392000,808.5,810,1,9.5,-3.5,216.1419378,21.8,809.25
392100,811.5,813,1,9.5,-3.5,216.2407201,21.78,812.25
392200,809.5,811,1,9.5,-3.5,216.1401197,21.76,810.25
392300,812,813.5,1,9.5,-3.5,216.1968623,21.73,812.75
392400,810.5,812,1,9.5,-3.5,216.1625301,21.71,811.25
392500,818,819.5,1,9.5,-3.5,216.4033919,21.69,818.75
392600,815,816.5,1,9.5,-3.5,216.3051477,21.66,815.75
392700,817.5,819,1,9.5,-3.5,216.4306825,21.64,818.25
392800,816.5,818,1,9.5,-3.5,216.390304,21.62,817.25
392900,819.5,821,1,9.5,-3.5,216.6444348,21.6,820.25
393000,820,821.5,1,9.5,-3.5,216.6706575,21.58,820.75
393100,824.5,826,1,9.5,-3.5,216.9204479,21.55,825.25
393200,823.5,825,1,9.5,-3.5,217.1335952,21.53,824.25
393300,822.5,824,1,9.5,-3.5,217.0777441,21.51,823.25
393400,822.5,824.5,1,9.5,-3.5,216.8431731,21.48,823.5
393500,822,823.5,1,9.5,-3.5,216.7046788,21.46,822.75
393600,822,823.5,1,9.5,-3.5,216.672308,21.44,822.75
393700,823,824.5,1,9.5,-3.5,216.7126295,21.42,823.75
393800,826.5,828,1,9.5,-3.5,216.9202482,21.4,827.25
393900,826.5,828,1,9.5,-3.5,217.03905,21.37,827.25
394000,828.5,830,1,9.5,-3.5,216.9572984,21.35,829.25
394100,825,826.5,1,9.5,-3.5,216.5260821,21.33,825.75
394200,819.5,821,1,9.5,-3.5,216.3425063,21.3,820.25
394300,817,818.5,1,9.5,-3.5,216.4223089,21.28,817.75
394400,815.5,817,1,9.5,-3.5,216.4790171,21.26,816.25
394500,818,819.5,1,9.5,-3.5,216.7251412,21.24,818.75
394600,817.5,819,1,9.5,-3.5,216.4641698,21.22,818.25
394700,815.5,817,1,9.5,-3.5,216.4334286,21.19,816.25
394800,817.5,819,1,9.5,-3.5,216.5999149,21.17,818.25
394900,812,813.5,1,9.5,-3.5,216.1890201,21.15,812.75
395000,813.5,815,1,9.5,-3.5,216.4703971,21.12,814.25
395100,814.5,816,1,9.5,-3.5,216.5126436,21.1,815.25
395200,809,810.5,1,9.5,-3.5,216.1078301,21.08,809.75
395300,809.5,811,1,9.5,-3.5,216.15212,21.06,810.25
395400,811,812.5,1,9.5,-3.5,216.4288449,21.04,811.75
395500,813,814.5,1,9.5,-3.5,216.8809538,21.01,813.75
395600,813,814.5,1,9.5,-3.5,217.0820276,20.99,813.75
395700,812,813.5,1,9.5,-3.5,216.8816047,20.97,812.75
395800,811.5,813,1,9.5,-3.5,216.8692107,20.94,812.25
395900,810,811.5,1,9.5,-3.5,216.9493173,20.92,810.75
396000,813.5,815,1,9.5,-3.5,217.3515907,20.9,814.25
396100,811.5,813,1,9.5,-3.5,217.28755,20.88,812.25
396200,811,812.5,1,9.5,-3.5,217.1900775,20.86,811.75
396300,809,810.5,1,9.5,-3.5,217.3833916,20.83,809.75
396400,812,813.5,1,9.5,-3.5,217.6075885,20.81,812.75
396500,815,816.5,1,9.5,-3.5,217.8225114,20.79,815.75
396600,816,817.5,1,9.5,-3.5,217.8525594,20.76,816.75
396700,812,813.5,1,9.5,-3.5,217.781177,20.74,812.75
396800,814.5,816,1,9.5,-3.5,217.9778247,20.72,815.25
396900,820,821.5,1,9.5,-3.5,218.1947579,20.7,820.75
397000,818,819.5,1,9.5,-3.5,218.057856,20.68,818.75
397100,818,819.5,1,9.5,-3.5,218.2940853,20.65,818.75
397200,817.5,819,1,9.5,-3.5,218.1651552,20.63,818.25
397300,823,824.5,1,9.5,-3.5,218.4248901,20.61,823.75
397400,820.5,822,1,9.5,-3.5,218.1869798,20.58,821.25
397500,820.5,822,1,9.5,-3.5,218.1465122,20.56,821.25
397600,822,823.5,1,9.5,-3.5,218.0376831,20.54,822.75
397700,822,823.5,1,9.5,-3.5,217.8154176,20.52,822.75
397800,825.5,827,1,9.5,-3.5,217.912861,20.5,826.25
397900,822.5,824,1,9.5,-3.5,217.8968742,20.47,823.25
398000,822.5,824,1,9.5,-3.5,217.7834462,20.45,823.25
398100,821,822.5,1,9.5,-3.5,217.4566662,20.43,821.75
398200,823.5,825,1,9.5,-3.5,217.5938688,20.4,824.25
398300,820.5,822,1,9.5,-3.5,217.5522706,20.38,821.25
398400,822,823.5,1,9.5,-3.5,217.7140671,20.36,822.75
398500,824,825.5,1,9.5,-3.5,217.783086,20.34,824.75
398600,825,826.5,1,9.5,-3.5,218.2064758,20.32,825.75
398700,824,825.5,1,9.5,-3.5,218.0530686,20.29,824.75
398800,826,827.5,1,9.5,-3.5,218.2113925,20.27,826.75
398900,827.5,829,1,9.5,-3.5,217.8426405,20.25,828.25
399000,826.5,828,1,9.5,-3.5,217.828767,20.23,827.25
399100,828,829.5,1,9.5,-3.5,218.0391323,20.2,828.75
399200,825.5,827,1,9.5,-3.5,217.9865984,20.18,826.25
399300,825,826.5,1,9.5,-3.5,217.8605861,20.16,825.75
399400,826.5,828,1,9.5,-3.5,217.8161248,20.14,827.25
399500,827.5,829,1,9.5,-3.5,218.1002577,20.11,828.25
399600,829.5,831,1,9.5,-3.5,218.1734975,20.09,830.25
399700,831,832.5,1,9.5,-3.5,217.9476873,20.07,831.75
399800,833.5,835,1,9.5,-3.5,218.1487299,20.05,834.25
399900,833,834.5,1,9.5,-3.5,218.1810595,20.02,833.75
400000,833,834.5,1,9.5,-3.5,218.245302,20,833.75
400100,836.5,838,1,9.5,-3.5,218.3340157,20.04,837.25
400200,839.5,841,1,9.5,-3.5,218.442189,20.07,840.25
400300,843,844.5,1,9.5,-3.5,218.8022554,20.1,843.75
400400,840.5,842,1,9.5,-3.5,218.6818328,20.14,841.25
400500,842,843.5,1,9.5,-3.5,218.7346265,20.18,842.75
400600,843,844.5,1,9.5,-3.5,218.8810712,20.21,843.75
400700,842.5,844,1,9.5,-3.5,218.8167933,20.24,843.25
400800,840.5,842,1,9.5,-3.5,218.6530647,20.28,841.25
400900,838,839.5,1,9.5,-3.5,218.6365946,20.32,838.75
401000,837,838.5,1,9.5,-3.5,218.7408484,20.35,837.75
401100,841,842.5,1,9.5,-3.5,218.898015,20.39,841.75
401200,843,844.5,1,9.5,-3.5,219.0348951,20.42,843.75
401300,841.5,843,1,9.5,-3.5,219.2478098,20.45,842.25
401400,845.5,847,1,9.5,-3.5,219.3411118,20.49,846.25
401500,845.5,847,1,9.5,-3.5,219.7242368,20.52,846.25
401600,846,847.5,1,9.5,-3.5,219.7168485,20.56,846.75
401700,843.5,845,1,9.5,-3.5,219.5523147,20.6,844.25
401800,842.5,844,1,9.5,-3.5,219.3145337,20.63,843.25
401900,838,839.5,1,9.5,-3.5,219.2944809,20.66,838.75
402000,838,840,1,9.5,-3.5,219.3405999,20.7,839
402100,839.5,841,1,9.5,-3.5,219.4368198,20.74,840.25
402200,840.5,842,1,9.5,-3.5,219.5631117,20.77,841.25
402300,839.5,841,1,9.5,-3.5,219.328217,20.8,840.25
402400,836,837.5,1,9.5,-3.5,219.2383357,20.84,836.75
402500,835.5,837,1,9.5,-3.5,219.1831486,20.88,836.25
402600,833,834.5,1,9.5,-3.5,219.0979502,20.91,833.75
402700,831,832.5,1,9.5,-3.5,218.8274162,20.94,831.75
402800,830,831.5,1,9.5,-3.5,218.7975453,20.98,830.75
402900,830,831.5,1,9.5,-3.5,218.9191192,21.02,830.75
403000,827,828.5,1,9.5,-3.5,218.5721779,21.05,827.75
403100,829.5,831,1,9.5,-3.5,218.7180094,21.08,830.25
403200,831.5,833,1,9.5,-3.5,218.8917445,21.12,832.25
403300,832.5,834,1,9.5,-3.5,219.1505558,21.16,833.25
403400,833,834.5,1,9.5,-3.5,219.2645206,21.19,833.75
403500,831,832.5,1,9.5,-3.5,219.0590957,21.22,831.75
403600,834,835.5,1,9.5,-3.5,219.2291933,21.26,834.75
403700,835.5,837,1,9.5,-3.5,219.277004,21.3,836.25
403800,835,836.5,1.1,9.5,-3.5,219.1475001,21.33,835.75
403900,832.5,834,1.1,9.5,-3.5,219.0853241,21.36,833.25
404000,830.5,832,1.1,9.5,-3.5,219.2174721,21.4,831.25
404100,832,833.5,1.1,9.5,-3.5,219.3516961,21.44,832.75
404200,833,834.5,1.1,9.5,-3.5,219.6354,21.47,833.75
404300,836,837.5,1.1,9.5,-3.5,219.9435059,21.5,836.75
404400,837.5,839,1.1,9.5,-3.5,220.1403303,21.54,838.25
404500,833.5,835,1.1,9.5,-3.5,219.9334021,21.58,834.25
404600,832.5,834,1.1,9.5,-3.5,219.7996129,21.61,833.25
404700,829.5,831,1.1,9.5,-3.5,219.3801812,21.64,830.25
404800,830,831.5,1.1,9.5,-3.5,219.351701,21.68,830.75
404900,829.5,831,1.1,9.5,-3.5,219.4663368,21.72,830.25
405000,831.5,833,1.1,9.5,-3.5,219.6828159,21.75,832.25
405100,828,829.5,1.1,9.5,-3.5,219.5469565,21.78,828.75
405200,829.5,831,1.1,9.5,-3.5,219.6443271,21.82,830.25
405300,829,830.5,1.1,9.5,-3.5,219.3800721,21.86,829.75
405400,826.5,828,1.1,9.5,-3.5,218.9880652,21.89,827.25
405500,825,826.5,1.1,9.5,-3.5,218.9437213,21.92,825.75
405600,825.5,827,1.1,9.5,-3.5,218.6942185,21.96,826.25
405700,826.5,828,1.1,9.5,-3.5,218.8857656,22,827.25
405800,829.5,831,1.1,9.5,-3.5,219.2356379,22.03,830.25
405900,829,830.5,1.1,9.5,-3.5,219.2210824,22.06,829.75
406000,827.5,829,1.1,9.5,-3.5,219.3891554,22.1,828.25
406100,831,832.5,1.1,10,-3.5,219.4900987,22.14,831.75
406200,828.5,830,1.1,10,-3.5,219.3593105,22.17,829.25
406300,830,831.5,1.1,10,-3.5,219.498026,22.2,830.75
406400,830.5,832,1.1,10,-3.5,219.6011871,22.24,831.25
406500,834,835.5,1.1,10,-3.5,219.7565287,22.28,834.75
406600,837.5,839,1.1,10,-3.5,219.855332,22.31,838.25
406700,838,839.5,1.1,10,-3.5,219.8367703,22.34,838.75
406800,840,841.5,1.1,10,-3.5,219.8696211,22.38,840.75
406900,837,838.5,1.1,10,-3.5,219.9023162,22.42,837.75
407000,832.5,834,1.1,10,-3.5,219.8496492,22.45,833.25
407100,835,836.5,1.1,10.5,-3.5,219.9486928,22.48,835.75
407200,838.5,840,1.1,10.5,-3.5,219.9783904,22.52,839.25
407300,840.5,842,1.1,10.5,-3.5,219.957051,22.56,841.25
407400,841,842.5,1.1,10.5,-3.5,219.8330954,22.59,841.75
407500,840,841.5,1.1,10.5,-3.5,219.6239052,22.62,840.75
407600,840.5,842,1.1,10.5,-3.5,219.6353566,22.66,841.25
407700,841.5,843,1.1,10.5,-3.5,219.508469,22.7,842.25
407800,843,844.5,1.1,10.5,-3.5,219.5669918,22.73,843.75
407900,841,842.5,1.1,10.5,-3.5,219.4707489,22.76,841.75
408000,839,840.5,1.1,10.5,-3.5,219.2712302,22.8,839.75
408100,838,839.5,1.1,10.5,-3.5,219.1940078,22.84,838.75
408200,832.5,834,1.1,10.5,-3.5,218.8699603,22.87,833.25
408300,835,836.5,1.1,10.5,-3.5,218.9828875,22.9,835.75
408400,833.5,835,1.1,10.5,-3.5,218.8798372,22.94,834.25
408500,835.5,837,1.1,10.5,-3.5,219.1166143,22.98,836.25
408600,832.5,834,1.1,10.5,-3.5,218.7097642,23.01,833.25
408700,832.5,834,1.1,10.5,-3.5,218.689533,23.04,833.25
408800,836.5,838,1.1,10.5,-3.5,218.7850546,23.08,837.25
408900,837.5,839,1.1,10.5,-3.5,218.7294963,23.12,838.25
409000,839,840.5,1.1,10.5,-3.5,218.9259715,23.15,839.75
409100,837.5,839,1.1,10.5,-3.5,218.8791667,23.18,838.25
409200,833.5,835,1.1,10.5,-3.5,218.7337687,23.22,834.25
409300,832.5,834,1.1,10.5,-3.5,218.8641862,23.26,833.25
409400,832.5,834,1.1,10.5,-3.5,218.9171488,23.29,833.25
409500,830,831.5,1.1,10.5,-3.5,218.7465052,23.32,830.75
409600,828,829.5,1.1,10.5,-3.5,218.5787902,23.36,828.75
409700,829.5,831,1.1,10.5,-3.5,218.7258623,23.4,830.25
409800,829,831,1.1,10.5,-3.5,218.6125852,23.43,830
409900,826.5,828,1.1,10.5,-3.5,218.4866899,23.46,827.25
410000,826,828,1.1,10.5,-3.5,218.5930941,23.5,827
410100,832.5,834,1.1,10.5,-3.5,219.0218462,23.54,833.25
410200,835.5,837,1.1,10.5,-3.5,219.1264205,23.57,836.25
410300,834.5,836,1.1,10.5,-3.5,219.1140624,23.6,835.25
410400,831,832.5,1.1,10.5,-3.5,218.7952344,23.64,831.75
410500,830.5,832,1.1,10.5,-3.5,218.7347032,23.68,831.25
410600,825,826.5,1.1,10.5,-3.5,218.6406649,23.71,825.75
410700,822.5,824,1.1,10.5,-3.5,218.4809493,23.74,823.25
410800,823.5,825,1.1,10.5,-3.5,218.5880208,23.78,824.25
410900,822.5,824,1.1,10.5,-3.5,218.4718727,23.82,823.25
411000,822.5,824.5,1.1,10.5,-3.5,218.4466942,23.85,823.5
411100,825,826.5,1.1,10.5,-3.5,218.5055571,23.88,825.75
411200,822.5,824,1.1,10.5,-3.5,218.4669441,23.92,823.25
411300,824,825.5,1.1,10.5,-3.5,218.5475267,23.96,824.75
411400,825.5,827,1.1,10.5,-3.5,218.7243449,23.99,826.25
411500,824,825.5,1.1,10.5,-3.5,218.7218088,24.02,824.75
411600,826,827.5,1.1,10.5,-3.5,218.623948,24.06,826.75
411700,822.5,824,1.1,10.5,-3.5,218.2723696,24.1,823.25
411800,819.5,821,1.1,10.5,-3.5,218.0330074,24.13,820.25
411900,819.5,821,1.1,10.5,-3.5,217.9594983,24.16,820.25
412000,823,824.5,1.1,10.5,-3.5,218.172282,24.2,823.75
412100,826.5,828,1.1,10.5,-3.5,218.4192496,24.24,827.25
412200,828.5,830,1.1,10.5,-3.5,218.4610156,24.27,829.25
412300,824,825.5,1.1,10.5,-3.5,218.2376181,24.3,824.75
412400,819.5,821,1.1,10.5,-3.5,218.0170911,24.34,820.25
412500,818.5,820,1.1,10.5,-3.5,217.7687654,24.38,819.25
412600,821.5,823,1.1,10.5,-3.5,217.7888363,24.41,822.25
412700,824.5,826,1.1,10.5,-3.5,217.7928577,24.44,825.25
412800,824.5,826.5,1.1,10.5,-3.5,217.904962,24.48,825.5
412900,826,827.5,1.1,10.5,-3.5,217.588294,24.52,826.75
413000,830,831.5,1.1,10.5,-3.5,218.0647231,24.55,830.75
413100,832.5,834,1.1,10.5,-3.5,218.3512883,24.58,833.25
413200,833,834.5,1.1,10.5,-3.5,218.2427587,24.62,833.75
413300,832,833.5,1.1,10.5,-3.5,218.3063299,24.66,832.75
413400,828.5,830,1.1,10.5,-3.5,218.0240746,24.69,829.25
413500,829,830.5,1.1,10.5,-3.5,218.3260908,24.72,829.75
413600,827.5,829,1.1,10.5,-3.5,218.2176855,24.76,828.25
413700,827,829,1.1,10.5,-3.5,218.4455906,24.8,828
413800,827,828.5,1.1,10.5,-3.5,218.5694336,24.83,827.75
413900,825,826.5,1.1,10.5,-3.5,218.3930372,24.86,825.75
414000,828,829.5,1.1,10.5,-3.5,218.6671509,24.9,828.75
414100,828.5,830,1.1,10.5,-3.5,218.4354712,24.94,829.25
414200,830.5,832,1.1,10.5,-3.5,218.3421753,24.97,831.25
414300,830.5,832,1.1,10.5,-3.5,218.4306126,25,831.25
414400,830,831.5,1.1,10.5,-3.5,218.4670567,25.04,830.75
414500,829.5,831,1.1,10.5,-3.5,218.301197,25.08,830.25
414600,833,834.5,1.1,10.5,-3.5,218.5493062,25.11,833.75
414700,832.5,834,1.1,10.5,-3.5,218.6485245,25.14,833.25
414800,831.5,833,1.1,10.5,-3.5,218.4396029,25.18,832.25
414900,831,832.5,1.1,10.5,-3.5,218.408164,25.22,831.75
415000,833.5,835,1.1,10.5,-3.5,218.4563508,25.25,834.25
415100,833.5,835.5,1.1,10.5,-3.5,218.4164769,25.28,834.5
415200,834.5,836,1.1,10.5,-3.5,218.2558899,25.32,835.25
415300,832,833.5,1.1,10.5,-3.5,218.495723,25.36,832.75
415400,829.5,831,1.1,10.5,-3.5,218.4693879,25.39,830.25
415500,829,830.5,1.1,10.5,-3.5,218.2960776,25.42,829.75
415600,828.5,830,1.1,10.5,-3.5,218.213621,25.46,829.25
415700,831,832.5,1.1,10.5,-3.5,218.3197411,25.5,831.75
415800,831.5,833,1.1,10.5,-3.5,218.5292914,25.53,832.25
415900,832,833.5,1.1,10.5,-3.5,218.4173521,25.56,832.75
416000,834,835.5,1.1,10.5,-3.5,218.5339003,25.6,834.75
416100,832.5,834,1.1,10.5,-3.5,218.5396934,25.64,833.25
416200,830.5,832,1.1,10.5,-3.5,218.3235318,25.67,831.25
416300,834,835.5,1.1,10.5,-3.5,218.5717908,25.7,834.75
416400,837,838.5,1.1,10.5,-3.5,218.6192945,25.74,837.75
416500,836,837.5,1.1,10.5,-3.5,218.626876,25.78,836.75
416600,839,840.5,1.1,10.5,-3.5,218.6358623,25.81,839.75
416700,838.5,840,1.1,10.5,-3.5,218.6122456,25.84,839.25
416800,836,837.5,1.1,10.5,-3.5,218.6606503,25.88,836.75
416900,841,842.5,1.1,10.5,-3.5,218.691976,25.92,841.75
417000,845,846.5,1.1,10.5,-3.5,218.9308621,25.95,845.75
417100,842.5,844,1.1,10.5,-3.5,218.884546,25.98,843.25
417200,840,841.5,1.1,10.5,-3.5,218.8172884,26.02,840.75
417300,841,842.5,1.1,10.5,-3.5,218.6814551,26.06,841.75
417400,838,839.5,1.1,10.5,-3.5,218.5728673,26.09,838.75
417500,838.5,840,1.1,10.5,-3.5,218.55377,26.12,839.25
417600,839.5,841,1.1,10.5,-3.5,218.5372463,26.16,840.25
417700,838.5,840,1.1,10.5,-3.5,218.4368707,26.2,839.25
417800,836,837.5,1.1,10.5,-3.5,218.3090105,26.23,836.75
417900,838,839.5,1.1,10.5,-3.5,218.3444492,26.26,838.75
418000,837.5,839,1.1,10.5,-3.5,218.099972,26.3,838.25
418100,837.5,839.5,1.1,10.5,-3.5,218.1574467,26.34,838.5
418200,840.5,842,1.1,10.5,-3.5,218.253308,26.37,841.25
418300,837.5,839,1.1,10.5,-3.5,218.1275277,26.4,838.25
418400,835.5,837,1.1,10.5,-3.5,218.0428762,26.44,836.25
418500,833,834.5,1.1,10.5,-3.5,218.0111282,26.48,833.75
418600,830.5,832,1.1,10.5,-3.5,217.9095854,26.51,831.25
418700,830.5,832,1.1,10.5,-3.5,218.0297698,26.54,831.25
418800,826,827.5,1.1,10.5,-3.5,217.9192709,26.58,826.75
418900,827.5,829,1.1,10.5,-3.5,218.135476,26.62,828.25
419000,827.5,829,1.1,10.5,-3.5,218.2090972,26.65,828.25
419100,825,826.5,1.1,10.5,-3.5,217.9555156,26.68,825.75
419200,828.5,830,1.1,10.5,-3.5,218.0529149,26.72,829.25
419300,832,833.5,1.1,10.5,-3.5,218.1795429,26.76,832.75
419400,832.5,834,1.1,10.5,-3.5,218.2523879,26.79,833.25
419500,830.5,832,1.1,10.5,-3.5,217.8594013,26.82,831.25
419600,830.5,832,1.1,10.5,-3.5,218.0220807,26.86,831.25
419700,831,832.5,1.1,10.5,-3.5,217.8273273,26.9,831.75
419800,828.5,830,1.1,10.5,-3.5,217.8152752,26.93,829.25
419900,827.5,829,1.1,10.5,-3.5,217.8367582,26.96,828.25
420000,829,830.5,1.1,10.5,-3.5,218.0240039,27,829.75
420100,826,827.5,1.1,10.5,-3.5,217.6895282,27.04,826.75
420200,828.5,830,1.1,10.5,-3.5,217.860148,27.07,829.25
420300,828,829.5,1.1,10.5,-3.5,217.7698571,27.1,828.75
420400,828.5,830,1.1,10.5,-3.5,217.8160327,27.14,829.25
420500,827,828.5,1.1,10.5,-3.5,217.749252,27.18,827.75
420600,823,824.5,1.1,10.5,-3.5,217.7068565,27.21,823.75
420700,823,824.5,1.1,10.5,-3.5,217.8519995,27.24,823.75
420800,823,824.5,1.1,10.5,-3.5,217.8507177,27.28,823.75
420900,821.5,823,1.1,10.5,-3.5,217.8105506,27.32,822.25
421000,825.5,827,1.1,10.5,-3.5,217.8549529,27.35,826.25
421100,822.5,824,1.1,10.5,-3.5,217.4712991,27.38,823.25
421200,822.5,824,1.1,10.5,-3.5,217.6697715,27.42,823.25
421300,823.5,825,1.1,10.5,-3.5,217.7013853,27.46,824.25
421400,821.5,823,1.1,10.5,-3.5,217.7462851,27.49,822.25
421500,824.5,826,1.1,10.5,-3.5,217.8452339,27.52,825.25
421600,823,824.5,1.1,10.5,-3.5,217.5774915,27.56,823.75
421700,823.5,825,1.1,10.5,-3.5,217.4823591,27.6,824.25
421800,821,822.5,1.1,10.5,-3.5,217.4583813,27.63,821.75
421900,819,820.5,1.1,10.5,-3.5,217.443442,27.66,819.75
422000,818.5,820,1.1,10.5,-3.5,217.4345111,27.7,819.25
422100,823.5,825,1.1,10.5,-3.5,217.6097868,27.74,824.25
422200,823.5,825,1.1,10.5,-3.5,217.9891984,27.77,824.25
422300,828,829.5,1.1,10.5,-3.5,218.3446083,27.8,828.75
422400,827.5,829.5,1.1,10.5,-3.5,218.3038962,27.84,828.5
422500,824.5,826,1.1,10.5,-3.5,218.1964712,27.88,825.25
422600,821.5,823,1.1,10.5,-3.5,218.090748,27.91,822.25
422700,818,819.5,1.1,10.5,-3.5,218.0648323,27.94,818.75
422800,815,816.5,1.1,10.5,-3.5,217.7215227,27.98,815.75
422900,819,820.5,1.1,10.5,-3.5,217.8912338,28.02,819.75
423000,816.5,818,1.1,10.5,-3.5,217.4976284,28.05,817.25
423100,814,815.5,1.1,10.5,-3.5,217.4425112,28.08,814.75
423200,810,811.5,1.1,10.5,-3.5,217.200872,28.12,810.75
423300,808.5,810,1.1,10.5,-3.5,216.9039028,28.16,809.25
423400,807,808.5,1.1,10.5,-3.5,216.9186141,28.19,807.75
423500,805.5,807,1.1,10.5,-3.5,216.7025211,28.22,806.25
423600,802,803.5,1.1,10.5,-3.5,216.5444012,28.26,802.75
423700,801.5,803,1.1,10.5,-3.5,216.3270123,28.3,802.25
423800,802.5,804,1.1,10.5,-3.5,216.4544432,28.33,803.25
423900,804,805.5,1.1,10.5,-3.5,216.548668,28.36,804.75
424000,804,805.5,1.1,10.5,-3.5,216.3404056,28.4,804.75
424100,798,799.5,1.1,10.5,-3.5,216.1128207,28.44,798.75
424200,797.5,799,1.1,10.5,-3.5,215.8426906,28.47,798.25
424300,795.5,797,1.1,10.5,-3.5,215.9830806,28.5,796.25
424400,794,795.5,1.1,10.5,-3.5,215.9499174,28.54,794.75
424500,796,797.5,1.1,10.5,-3.5,216.250152,28.58,796.75
424600,798.5,800,1.1,10.5,-3.5,216.4636619,28.61,799.25
424700,800,801.5,1.1,10.5,-3.5,216.4867185,28.64,800.75
424800,798.5,800,1.1,10.5,-3.5,216.0741218,28.68,799.25
424900,796,797.5,1.1,10.5,-3.5,215.9678454,28.72,796.75
425000,799.5,801,1.1,10.5,-3.5,216.0729061,28.75,800.25
425100,797.5,799,1.1,10.5,-3.5,215.8505729,28.78,798.25
425200,801,802.5,1.1,10.5,-3.5,216.053332,28.82,801.75
425300,797.5,799,1.1,10.5,-3.5,216.1074146,28.86,798.25
425400,800,801.5,1.1,10.5,-3.5,216.4352827,28.89,800.75
425500,796.5,798,1.1,10.5,-3.5,216.1083879,28.92,797.25
425600,798,799.5,1.1,10.5,-3.5,216.1215715,28.96,798.75
425700,801.5,803,1.1,10.5,-3.5,216.4307414,29,802.25
425800,801.5,803,1.1,10.5,-3.5,216.324199,29.03,802.25
425900,801,802.5,1.1,10.5,-3.5,216.1179342,29.06,801.75
426000,802,803.5,1.1,10.5,-3.5,216.1676073,29.1,802.75
426100,803.5,805,1.1,10.5,-3.5,216.5559805,29.14,804.25
426200,804.5,806,1.1,10.5,-3.5,216.7234175,29.17,805.25
426300,804,806,1.1,10.5,-3.5,216.6040565,29.2,805
426400,801.5,803,1.1,10.5,-3.5,216.5198508,29.24,802.25
426500,797.5,799,1.1,10.5,-3.5,216.2844745,29.28,798.25
426600,797.5,799,1.1,10.5,-3.5,216.4440981,29.31,798.25
426700,797.5,799,1.1,10.5,-3.5,216.2435905,29.34,798.25
426800,795,796.5,1.1,10.5,-3.5,216.1368393,29.38,795.75
426900,792.5,794,1.1,10.5,-3.5,216.122293,29.42,793.25
427000,793.5,795,1.1,10.5,-3.5,216.2199796,29.45,794.25
427100,793,794.5,1.1,10.5,-3.5,216.1396878,29.48,793.75
427200,795,796.5,1.1,10.5,-3.5,216.2711391,29.52,795.75
427300,796,797.5,1.1,10.5,-3.5,216.2920455,29.56,796.75
427400,794.5,796,1.1,10.5,-3.5,216.2515036,29.59,795.25
427500,792.5,794,1.1,10.5,-3.5,216.2179121,29.62,793.25
427600,794,795.5,1.1,10.5,-3.5,216.2217366,29.66,794.75
427700,798.5,800,1.1,10.5,-3.5,216.633972,29.7,799.25
427800,793,794.5,1.1,10.5,-3.5,216.3277377,29.73,793.75
427900,791,792.5,1.1,10.5,-3.5,216.2873305,29.76,791.75
428000,789,790.5,1.1,10.5,-3.5,215.9576537,29.8,789.75
428100,790,791.5,1.1,10.5,-3.5,216.3260373,29.84,790.75
428200,790.5,792,1.1,10.5,-3.5,216.3780881,29.87,791.25
428300,789,790.5,1.1,10.5,-3.5,216.4703654,29.9,789.75
428400,789.5,791,1.1,10.5,-3.5,216.7686676,29.94,790.25
428500,786.5,788,1.1,10.5,-3.5,216.6517128,29.98,787.25
428600,792,793.5,1.1,10.5,-3.5,216.907728,30.01,792.75
428700,791.5,793,1.1,10.5,-3.5,216.8472696,30.04,792.25
428800,793.5,795,1.1,10.5,-3.5,216.7849911,30.08,794.25
428900,793,794.5,1.1,10.5,-3.5,216.7403129,30.12,793.75
429000,792.5,794.5,1.1,10.5,-3.5,216.7225801,30.15,793.5
429100,789,790.5,1.1,10.5,-3.5,216.617668,30.18,789.75
429200,791.5,793,1.1,10.5,-3.5,216.5370116,30.22,792.25
429300,792.5,794,1.1,10.5,-3.5,216.2538268,30.26,793.25
429400,791.5,793,1.1,10.5,-3.5,216.3694012,30.29,792.25
429500,790.5,792,1.1,10.5,-3.5,216.4326001,30.32,791.25
429600,788.5,790,1.1,10.5,-3.5,216.3705177,30.36,789.25
429700,790,791.5,1.1,10.5,-3.5,216.6447282,30.4,790.75
429800,787.5,789,1.1,10.5,-3.5,216.6077743,30.43,788.25
429900,790.5,792,1.1,10.5,-3.5,216.6803363,30.46,791.25
430000,786,787.5,1.1,10.5,-3.5,216.7780951,30.5,786.75
430100,784,785.5,1.1,10.5,-3.5,216.6103891,30.54,784.75
430200,782.5,784,1.1,10.5,-3.5,216.6005649,30.57,783.25
430300,784.5,786,1.1,10.5,-3.5,217.0495775,30.6,785.25
430400,784,786,1.1,10.5,-3.5,216.983343,30.64,785
430500,780.5,782,1.1,10.5,-3.5,216.7395704,30.68,781.25
430600,777,778.5,1.1,10.5,-3.5,216.5580258,30.71,777.75
430700,776.5,778,1.1,10.5,-3.5,216.3125172,30.74,777.25
430800,775,776.5,1.1,10.5,-3.5,215.9105572,30.78,775.75
430900,772,773.5,1.1,10.5,-3.5,215.840457,30.82,772.75
431000,774,775.5,1.1,10.5,-3.5,215.9822341,30.85,774.75
431100,776.5,778,1.1,10.5,-3.5,216.2986442,30.88,777.25
431200,772.5,774,1.1,10.5,-3.5,216.2312974,30.92,773.25
431300,773,774.5,1.1,10.5,-3.5,216.2981767,30.96,773.75
431400,772,773.5,1.1,10.5,-3.5,216.3384717,30.99,772.75
431500,769.5,771,1.1,10.5,-3.5,216.491862,31.02,770.25
431600,768.5,770,1.1,10.5,-3.5,216.3676056,31.06,769.25
431700,767.5,769,1.1,10.5,-3.5,216.3860179,31.1,768.25
431800,767,769,1.1,10.5,-3.5,216.4336419,31.13,768
431900,766.5,768,1.1,10.5,-3.5,216.6691216,31.16,767.25
432000,765,766.5,1.1,10.5,-3.5,216.5662303,31.2,765.75
432100,760.5,762,1.1,10.5,-3.5,216.310028,31.24,761.25
432200,758,759.5,1.1,10.5,-3.5,216.2428233,31.27,758.75
432300,755.5,757,1.1,10.5,-3.5,215.8988534,31.3,756.25
432400,758,759.5,1.1,10.5,-3.5,215.9613392,31.34,758.75
432500,758,760,1.1,10.5,-3.5,216.0993158,31.38,759
432600,762,763.5,1.1,10.5,-3.5,216.26343,31.41,762.75
432700,763,764.5,1.1,10.5,-3.5,216.6336339,31.44,763.75
432800,761.5,763,1.1,10.5,-3.5,216.5834845,31.48,762.25
432900,764.5,766,1.1,10.5,-3.5,216.7003889,31.52,765.25
433000,761.5,763,1.1,10.5,-3.5,216.4721054,31.55,762.25
433100,758.5,760,1.1,10.5,-3.5,216.1878521,31.58,759.25
433200,758.5,760,1.1,10.5,-3.5,216.5061873,31.62,759.25
433300,754,755.5,1.1,10.5,-3.5,216.5479895,31.66,754.75
433400,756,757.5,1.1,10.5,-3.5,216.4896084,31.69,756.75
433500,756.5,758,1.1,10.5,-3.5,216.2886422,31.72,757.25
433600,759,760.5,1.1,10.5,-3.5,216.6189291,31.76,759.75
433700,762.5,764,1.1,10.5,-3.5,216.834883,31.8,763.25
433800,760.5,762,1.1,10.5,-3.5,216.6600357,31.83,761.25
433900,762,763.5,1.1,10.5,-3.5,216.7958142,31.86,762.75
434000,758.5,760,1.1,10.5,-3.5,216.7726016,31.9,759.25
434100,756.5,758,1.1,10.5,-3.5,216.728867,31.94,757.25
434200,754,755.5,1.1,10.5,-3.5,216.6271635,31.97,754.75
434300,755,756.5,1.1,10.5,-3.5,216.7243845,32.01,755.75
434400,753.5,755,1.1,10.5,-3.5,216.5242466,32.04,754.25
434500,749,750.5,1.1,10.5,-3.5,216.296667,32.08,749.75
434600,751,752.5,1.1,10.5,-3.5,216.4665917,32.11,751.75
434700,751.5,753,1.1,10.5,-3.5,216.5506153,32.15,752.25
434800,753,754.5,1.1,10.5,-3.5,216.6483891,32.18,753.75
434900,752.5,754,1.1,10.5,-3.5,216.8544935,32.22,753.25
435000,751.5,753,1.1,10.5,-3.5,216.8714065,32.25,752.25
435100,751.5,753,1.1,10.5,-3.5,217.101224,32.28,752.25
435200,754,755.5,1.1,10.5,-3.5,217.4406877,32.32,754.75
435300,753,754.5,1.1,10.5,-3.5,217.4216496,32.35,753.75
435400,751.5,753,1.1,10.5,-3.5,217.1104092,32.39,752.25
435500,748.5,750,1.1,10.5,-3.5,216.8293179,32.42,749.25
435600,749,750.5,1.1,10.5,-3.5,216.7556911,32.46,749.75
435700,748,749.5,1.1,10.5,-3.5,216.6640657,32.49,748.75
435800,747.5,749.5,1.1,10.5,-3.5,216.7317758,32.53,748.5
435900,747,748.5,1.1,10.5,-3.5,216.6370539,32.56,747.75
436000,750.5,752,1.1,10.5,-3.5,216.7356724,32.6,751.25
436100,751.5,753,1.1,10.5,-3.5,216.6621946,32.64,752.25
436200,751,752.5,1.1,10.5,-3.5,216.5587765,32.67,751.75
436300,747.5,749,1.1,10.5,-3.5,216.4620325,32.7,748.25
436400,745,746.5,1.1,10.5,-3.5,216.4014988,32.74,745.75
436500,746.5,748,1.1,10.5,-3.5,216.3990555,32.78,747.25
436600,743.5,745,1.1,10.5,-3.5,216.357565,32.81,744.25
436700,743.5,745,1.1,10.5,-3.5,216.1943408,32.84,744.25
436800,740.5,742,1.1,10.5,-3.5,216.1591807,32.88,741.25
436900,743.5,745,1.1,10.5,-3.5,216.2812094,32.92,744.25
437000,741,742.5,1.1,10.5,-3.5,215.9717279,32.95,741.75
437100,737,738.5,1.1,10.5,-3.5,215.8763324,32.98,737.75
437200,735.5,737,1.1,10.5,-3.5,215.791722,33.02,736.25
437300,735,736.5,1.1,10.5,-3.5,215.5972973,33.06,735.75
437400,734.5,736.5,1.1,10.5,-3.5,215.6500088,33.09,735.5
437500,731.5,733,1.1,10.5,-3.5,215.4197049,33.12,732.25
437600,731,732.5,1.1,10.5,-3.5,215.567419,33.16,731.75
437700,731,732.5,1.1,10.5,-3.5,215.598404,33.2,731.75
437800,731,732.5,1.1,10.5,-3.5,215.6131181,33.23,731.75
437900,731.5,733,1.1,10.5,-3.5,215.944154,33.26,732.25
438000,732.5,734,1.1,10.5,-3.5,215.9131096,33.3,733.25
438100,733,734.5,1.1,10.5,-3.5,215.8701606,33.34,733.75
438200,733.5,735,1.1,10.5,-3.5,216.0578995,33.37,734.25
438300,737.5,739,1.1,10.5,-3.5,216.2159417,33.4,738.25
438400,739.5,741,1.1,10.5,-3.5,216.3312381,33.44,740.25
438500,739,740.5,1.1,10.5,-3.5,216.3806573,33.48,739.75
438600,738,739.5,1.1,10.5,-3.5,216.5454533,33.51,738.75
438700,738,739.5,1.1,10.5,-3.5,216.5723146,33.54,738.75
438800,735.5,737,1.1,10.5,-3.5,216.4574409,33.58,736.25
438900,732.5,734,1.1,10.5,-3.5,216.2485573,33.62,733.25
439000,733.5,735,1.1,10.5,-3.5,215.9126992,33.65,734.25
439100,731.5,733,1.1,10.5,-3.5,215.8229775,33.68,732.25
439200,730.5,732,1.1,10.5,-3.5,215.3734963,33.72,731.25
439300,728.5,730,1.1,10.5,-3.5,215.3577787,33.76,729.25
439400,726,727.5,1.1,10.5,-3.5,215.2204888,33.79,726.75
439500,726,727.5,1.1,10.5,-3.5,215.0363901,33.83,726.75
439600,722,723.5,1.1,10.5,-3.5,214.7817455,33.86,722.75
439700,721,722.5,1.1,10.5,-3.5,214.9796077,33.9,721.75
439800,720.5,722,1.1,10.5,-3.5,215.1088078,33.93,721.25
439900,718.5,720,1.1,10.5,-3.5,215.0388047,33.97,719.25
440000,721,722.5,1.1,10.5,-3.5,215.1886326,34,721.75
440100,719,720.5,1.1,10.5,-3.5,214.9762816,34.03,719.75
440200,722,723.5,1.1,10.5,-3.5,215.4043176,34.07,722.75
440300,723.5,725,1.1,10.5,-3.5,215.3299708,34.1,724.25
440400,726,727.5,1.1,10.5,-3.5,215.5085783,34.14,726.75
440500,726.5,728,1.1,10.5,-3.5,215.6216414,34.17,727.25
440600,723.5,725,1.1,10.5,-3.5,215.4892974,34.21,724.25
440700,725.5,727,1.1,10.5,-3.5,215.5199106,34.24,726.25
440800,723.5,725,1.1,10.5,-3.5,215.6064655,34.28,724.25
440900,723.5,725,1.1,10.5,-3.5,215.8013108,34.32,724.25
441000,725.5,727,1.1,10.5,-3.5,215.8512099,34.35,726.25
441100,723.5,725,1.1,10.5,-3.5,215.7219277,34.38,724.25
441200,719.5,721,1.1,10.5,-3.5,215.954839,34.42,720.25
441300,723.5,725,1.1,10.5,-3.5,216.3511391,34.46,724.25
441400,720.5,722,1.1,10.5,-3.5,216.1998527,34.49,721.25
441500,718,719.5,1.1,10.5,-3.5,215.9820892,34.52,718.75
441600,718,719.5,1.1,10.5,-3.5,215.9489669,34.56,718.75
441700,718.5,720,1.1,10.5,-3.5,216.155611,34.6,719.25
441800,720.5,722,1.1,10.5,-3.5,216.7411639,34.63,721.25
441900,724,725.5,1.1,10.5,-3.5,216.7807831,34.66,724.75
442000,726,727.5,1.1,10.5,-3.5,216.7842813,34.7,726.75
442100,729.5,731,1.1,10.5,-3.5,216.9394897,34.74,730.25
442200,728,729.5,1.1,10.5,-3.5,216.819775,34.77,728.75
442300,726,727.5,1.1,10.5,-3.5,216.8819021,34.8,726.75
442400,726.5,728,1.1,10.5,-3.5,216.8525085,34.84,727.25
442500,723,724.5,1.1,10.5,-3.5,216.6011794,34.88,723.75
442600,726,727.5,1.1,10.5,-3.5,216.7651108,34.91,726.75
442700,726.5,728,1.1,10.5,-3.5,216.6271849,34.94,727.25
442800,725.5,727,1.1,10.5,-3.5,216.5316351,34.98,726.25
442900,719.5,721,1.1,10.5,-3.5,216.2950167,35.02,720.25
443000,717.5,719,1.1,10.5,-3.5,216.2810753,35.05,718.25
443100,717,718.5,1.1,10.5,-3.5,216.1988878,35.08,717.75
443200,719.5,721,1.1,10.5,-3.5,216.1640167,35.12,720.25
443300,716,717.5,1.1,10.5,-3.5,215.7588108,35.16,716.75
443400,714,715.5,1.1,10.5,-3.5,215.4545823,35.19,714.75
443500,712.5,714,1.1,10.5,-3.5,215.4525491,35.22,713.25
443600,712.5,714,1.1,10.5,-3.5,215.688811,35.26,713.25
443700,713,714.5,1.1,11,-3.5,215.6607998,35.3,713.75
443800,709.5,711,1.1,11,-3.5,215.5187747,35.33,710.25
443900,706,707.5,1.1,11,-3.5,215.4920471,35.36,706.75
444000,703,704.5,1.1,11,-3.5,215.4552526,35.4,703.75
444100,702.5,704,1.1,11,-3.5,215.4548072,35.44,703.25
444200,705.5,707,1.1,11,-3.5,215.7826654,35.47,706.25
444300,703,704.5,1.1,11,-3.5,215.7095452,35.51,703.75
444400,710,711.5,1.1,11,-3.5,216.0905181,35.54,710.75
444500,711.5,713,1.1,11,-3.5,215.9557578,35.58,712.25
444600,709.5,711,1.1,11,-3.5,216.0470819,35.61,710.25
444700,706,707.5,1.1,11,-3.5,216.0216855,35.65,706.75
444800,702.5,704,1.1,11,-3.5,215.9745851,35.68,703.25
444900,700,701.5,1.1,11,-3.5,215.6498702,35.72,700.75
445000,698,699.5,1.1,11,-3.5,215.613699,35.75,698.75
445100,698,699.5,1.1,11,-3.5,215.5732434,35.78,698.75
445200,699.5,701,1.1,11,-3.5,215.61034,35.82,700.25
445300,699,700.5,1.1,11,-3.5,215.5207376,35.85,699.75
445400,697,698.5,1.1,11,-3.5,215.5570702,35.89,697.75
445500,697.5,699,1.1,11,-3.5,215.6395261,35.92,698.25
445600,693,694.5,1.1,11,-3.5,215.4821775,35.96,693.75
445700,690,691.5,1.1,11,-3.5,215.4298403,35.99,690.75
445800,688,689.5,1.1,11,-3.5,215.3720643,36.03,688.75
445900,693,694.5,1.1,11,-3.5,215.5385365,36.06,693.75
446000,697.5,699,1.1,11,-3.5,215.7074166,36.1,698.25
446100,701.5,703,1.1,11,-3.5,216.1022877,36.14,702.25
446200,701,703,1.1,11,-3.5,215.9898929,36.17,702
446300,704,705.5,1.1,11,-3.5,216.2441885,36.2,704.75
446400,707,708.5,1.1,11,-3.5,216.3544204,36.24,707.75
446500,707,709,1.1,11,-3.5,216.289566,36.28,708
446600,706.5,708,1.1,11,-3.5,216.2148149,36.31,707.25
446700,705.5,707,1.1,10.5,-3.5,216.2210193,36.34,706.25
446800,705.5,707,1.1,10.5,-3.5,216.3728825,36.38,706.25
446900,704,705.5,1.1,10.5,-3.5,216.2066473,36.42,704.75
447000,708,709.5,1.1,10.5,-3.5,216.4748653,36.45,708.75
447100,706.5,708,1.1,10.5,-3.5,216.3661499,36.48,707.25
447200,704.5,706,1.1,10.5,-3.5,216.2902093,36.52,705.25
447300,711,712.5,1.1,10.5,-3.5,216.589302,36.56,711.75
447400,712.5,714,1.1,10.5,-3.5,216.496085,36.59,713.25
447500,713,714.5,1.1,10.5,-3.5,216.5623158,36.62,713.75
447600,716,717.5,1.1,10.5,-3.5,216.7279119,36.66,716.75
447700,713.5,715,1.1,10.5,-3.5,216.6402904,36.7,714.25
447800,715.5,717,1.1,10.5,-3.5,216.8241584,36.73,716.25
447900,713.5,715,1.1,10.5,-3.5,216.678807,36.76,714.25
448000,712,713.5,1.1,10.5,-3.5,216.5754726,36.8,712.75
448100,709,710.5,1.1,10.5,-3.5,216.4618294,36.84,709.75
448200,708,709.5,1.1,10.5,-3.5,216.4463145,36.87,708.75
448300,702.5,704,1.1,10.5,-3.5,216.3540148,36.9,703.25
448400,701,702.5,1.1,10.5,-3.5,216.0827393,36.94,701.75
448500,701,702.5,1.1,10.5,-3.5,215.9893942,36.98,701.75
448600,702.5,704,1.1,10.5,-3.5,216.4361139,37.01,703.25
448700,699.5,701,1.1,10.5,-3.5,216.3743366,37.04,700.25
448800,699,700.5,1.1,10.5,-3.5,216.3337937,37.08,699.75
448900,698.5,700,1.1,10.5,-3.5,216.0403555,37.12,699.25
449000,702.5,704,1.1,10.5,-3.5,216.0891853,37.15,703.25
449100,700.5,702,1.1,10.5,-3.5,215.7906258,37.18,701.25
449200,698.5,700,1.1,10.5,-3.5,215.7524045,37.22,699.25
449300,696,697.5,1.1,10.5,-3.5,215.5864676,37.26,696.75
449400,701.5,703,1.1,10.5,-3.5,215.6637146,37.29,702.25
449500,697.5,699,1.1,10.5,-3.5,215.5526363,37.33,698.25
449600,698.5,700,1.1,10.5,-3.5,215.5348705,37.36,699.25
449700,701.5,703,1.1,10.5,-3.5,215.6216624,37.4,702.25
449800,702,703.5,1.1,10.5,-3.5,215.6803185,37.43,702.75
449900,698,699.5,1.1,10.5,-3.5,215.5614476,37.47,698.75
450000,698,699.5,1.1,10.5,-3.5,215.3159393,37.5,698.75
450100,701,702.5,1.1,10.5,-3.5,215.3797512,37.53,701.75
450200,696.5,698,1.1,10.5,-3.5,215.3071029,37.57,697.25
450300,696.5,698.5,1.1,10.5,-3.5,215.378486,37.6,697.5
450400,696,697.5,1.1,10.5,-3.5,215.2405,37.64,696.75
450500,696,697.5,1.1,10.5,-3.5,215.0285876,37.67,696.75
450600,696,697.5,1.1,10.5,-3.5,215.2387997,37.71,696.75
450700,696.5,698,1.1,10.5,-3.5,215.3217629,37.74,697.25
450800,698.5,700,1.1,10.5,-3.5,215.6635776,37.78,699.25
450900,695.5,697,1.1,10.5,-3.5,215.45308,37.82,696.25
451000,695.5,697.5,1.1,10.5,-3.5,215.441615,37.85,696.5
451100,697.5,699,1.1,10.5,-3.5,215.3256595,37.88,698.25
451200,695.5,697,1.1,10.5,-3.5,215.1075785,37.92,696.25
451300,699,700.5,1.1,10.5,-3.5,215.1993848,37.96,699.75
451400,701.5,703,1.1,10.5,-3.5,215.336316,37.99,702.25
451500,703,704.5,1.1,10.5,-3.5,215.4395723,38.02,703.75
451600,702,703.5,1.1,10.5,-3.5,215.5789362,38.06,702.75
451700,701.5,703.5,1.1,10.5,-3.5,215.6144684,38.1,702.5
451800,703,704.5,1.1,10.5,-3.5,215.8062831,38.13,703.75
451900,704.5,706,1.1,10.5,-3.5,215.9650237,38.16,705.25
452000,703,704.5,1.1,10.5,-3.5,215.6808555,38.2,703.75
452100,697.5,699,1.1,10.5,-3.5,215.5211062,38.24,698.25
452200,702.5,704,1.1,10.5,-3.5,215.5892835,38.27,703.25
452300,702.5,704,1.1,10.5,-3.5,215.5214485,38.3,703.25
452400,702,703.5,1.1,10.5,-3.5,215.6465796,38.34,702.75
452500,702,703.5,1.1,10.5,-3.5,215.6351455,38.38,702.75
452600,705,706.5,1.1,10.5,-3.5,216.0983732,38.41,705.75
452700,700.5,702,1.1,10.5,-3.5,215.7157834,38.44,701.25
452800,698.5,700,1.1,10.5,-3.5,215.9105538,38.48,699.25
452900,696,697.5,1.1,10.5,-3.5,215.8523095,38.52,696.75
453000,696.5,698,1.1,10.5,-3.5,215.9456789,38.55,697.25
453100,694.5,696,1.1,10.5,-3.5,215.9235289,38.58,695.25
453200,694,695.5,1.1,10.5,-3.5,215.8778094,38.62,694.75
453300,691.5,693,1.1,10.5,-3.5,215.6025812,38.66,692.25
453400,691,692.5,1.1,10.5,-3.5,215.4937964,38.69,691.75
453500,695,696.5,1.1,10.5,-3.5,215.7333897,38.72,695.75
453600,693,694.5,1.1,10.5,-3.5,215.5237412,38.76,693.75
453700,694,695.5,1.1,10.5,-3.5,215.5060175,38.8,694.75
453800,699,700.5,1.1,10.5,-3.5,215.5344437,38.83,699.75
453900,698.5,700,1.1,10.5,-3.5,215.5729636,38.86,699.25
454000,697.5,699,1.1,10.5,-3.5,215.4616253,38.9,698.25
454100,696,697.5,1.1,10.5,-3.5,215.1639758,38.94,696.75
454200,692,693.5,1.1,10.5,-3.5,215.0237842,38.97,692.75
454300,693.5,695,1.1,10.5,-3.5,215.221515,39.01,694.25
454400,692,693.5,1.1,10.5,-3.5,215.108009,39.04,692.75
454500,692,693.5,1.1,10.5,-3.5,215.0762907,39.08,692.75
454600,689.5,691,1.1,10.5,-3.5,215.1500337,39.11,690.25
454700,684.5,686,1.1,10.5,-3.5,215.0449098,39.15,685.25
454800,688.5,690,1.1,10.5,-3.5,215.2995018,39.18,689.25
454900,687.5,689,1.1,10.5,-3.5,215.4092529,39.22,688.25
455000,681.5,683,1.1,10.5,-3.5,215.2798079,39.25,682.25
455100,681.5,683,1.1,10.5,-3.5,215.2282668,39.28,682.25
455200,676.5,678,1.1,10.5,-3.5,214.9475009,39.32,677.25
455300,677,678.5,1.1,10.5,-3.5,215.1065121,39.35,677.75
455400,677,678.5,1.1,10.5,-3.5,215.0971302,39.39,677.75
455500,677.5,679,1.1,10.5,-3.5,215.042211,39.42,678.25
455600,676.5,678,1.1,10.5,-3.5,214.8801428,39.46,677.25
455700,673.5,675,1.1,10.5,-3.5,214.7391553,39.49,674.25
455800,670.5,672,1.1,10.5,-3.5,214.6263144,39.53,671.25
455900,667.5,669,1.1,10.5,-3.5,214.3062063,39.56,668.25
456000,669.5,671,1.1,10.5,-3.5,214.4855709,39.6,670.25
456100,665.5,667,1.1,10.5,-3.5,214.1696449,39.64,666.25
456200,669,670.5,1.1,10.5,-3.5,214.450331,39.67,669.75
456300,667.5,669,1.1,10.5,-3.5,214.3939361,39.7,668.25
456400,670,671.5,1.1,10.5,-3.5,214.4717797,39.74,670.75
456500,666,667.5,1.1,10.5,-3.5,214.3872039,39.78,666.75
456600,663.5,665,1.1,10.5,-3.5,214.1911149,39.81,664.25
456700,664.5,666,1.1,10.5,-3.5,214.3107812,39.84,665.25
456800,664.5,666,1.1,10.5,-3.5,214.3434806,39.88,665.25
456900,666,667.5,1.1,10.5,-3.5,214.5318939,39.92,666.75
457000,667.5,669,1.1,10.5,-3.5,214.3778087,39.95,668.25
457100,665.5,667,1.1,10.5,-3.5,214.6160992,39.98,666.25
457200,663,664.5,1.1,10.5,-3.5,214.5104439,40.02,663.75
457300,662,663.5,1.1,10.5,-3.5,214.4681971,40.06,662.75
457400,660.5,662,1.1,10.5,-3.5,214.3914039,40.09,661.25
457500,660.5,662,1.1,10.5,-3.5,214.2541347,40.12,661.25
457600,660.5,662,1.1,10.5,-3.5,214.4977622,40.16,661.25
457700,658,659.5,1.1,10.5,-3.5,214.3177097,40.2,658.75
457800,657,658.5,1.1,10.5,-3.5,214.0319204,40.23,657.75
457900,658.5,660,1.1,10.5,-3.5,214.3156557,40.26,659.25
458000,657.5,659,1.1,10.5,-3.5,214.3661914,40.3,658.25
458100,658,659.5,1.1,10.5,-3.5,214.3525423,40.34,658.75
458200,658.5,660,1.1,10.5,-3.5,214.0129043,40.37,659.25
458300,662.5,664,1.1,10.5,-3.5,214.1130191,40.4,663.25
458400,663,664.5,1.1,10.5,-3.5,214.2789434,40.44,663.75
458500,662,663.5,1.1,10.5,-3.5,214.2919365,40.48,662.75
458600,663.5,665,1.1,10.5,-3.5,214.4075199,40.51,664.25
458700,667,668.5,1.1,10.5,-3.5,214.9441025,40.54,667.75
458800,670.5,672,1.1,10.5,-3.5,215.0052823,40.58,671.25
458900,671.5,673,1.1,10.5,-3.5,215.0530808,40.62,672.25
459000,669,670.5,1.1,10.5,-3.5,214.9315304,40.65,669.75
459100,671,672.5,1.1,10.5,-3.5,215.076452,40.68,671.75
459200,666.5,668,1.1,10.5,-3.5,215.1318931,40.72,667.25
459300,664,665.5,1.1,10.5,-3.5,215.0119713,40.76,664.75
459400,663,664.5,1.1,10.5,-3.5,214.9281994,40.79,663.75
459500,668,669.5,1.1,10.5,-3.5,215.0766366,40.83,668.75
459600,672,673.5,1.1,10.5,-3.5,215.1049493,40.86,672.75
459700,672,673.5,1.1,10.5,-3.5,214.9447165,40.9,672.75
459800,667,668.5,1.1,10.5,-3.5,214.8702235,40.93,667.75
459900,663,664.5,1.1,10.5,-3.5,214.4779866,40.96,663.75
460000,662.5,664,1.1,10.5,-3.5,214.5673247,41,663.25
460100,658,659.5,1.1,10.5,-3.5,214.5389881,41.04,658.75
460200,660,661.5,1.1,10.5,-3.5,215.043324,41.07,660.75
460300,661,662.5,1.1,10.5,-3.5,215.0888276,41.1,661.75
460400,656.5,658,1.1,10.5,-3.5,214.8839314,41.14,657.25
460500,656.5,658,1.1,10.5,-3.5,214.8655616,41.18,657.25
460600,655.5,657,1.1,10.5,-3.5,214.9105124,41.21,656.25
460700,655.5,657,1.1,10.5,-3.5,214.9630204,41.24,656.25
460800,652.5,654,1.1,10.5,-3.5,214.5725215,41.28,653.25
460900,657.5,659,1.1,10.5,-3.5,214.6695391,41.32,658.25
461000,657,658.5,1.1,10.5,-3.5,214.4841576,41.35,657.75
461100,653.5,655,1.1,10.5,-3.5,214.2949379,41.38,654.25
461200,651.5,653,1.1,10.5,-3.5,214.2568579,41.42,652.25
461300,654,655.5,1.1,10.5,-3.5,214.282513,41.46,654.75
461400,653.5,655,1.1,10.5,-3.5,214.3769656,41.49,654.25
461500,654.5,656,1.1,10.5,-3.5,214.5874401,41.52,655.25
461600,650,651.5,1.1,10.5,-3.5,214.5277363,41.56,650.75
461700,651,652.5,1.1,10.5,-3.5,214.8943459,41.6,651.75
461800,649,650.5,1.1,10.5,-3.5,214.7841669,41.63,649.75
461900,653,654.5,1.1,10.5,-3.5,214.9044249,41.66,653.75
462000,652.5,654,1.1,10.5,-3.5,214.6217712,41.7,653.25
462100,651.5,653,1.1,10.5,-3.5,214.536154,41.74,652.25
462200,646,647.5,1.1,10.5,-3.5,214.4578493,41.77,646.75
462300,644,645.5,1.1,10.5,-3.5,214.2719946,41.8,644.75
462400,647,648.5,1.1,10.5,-3.5,214.3258227,41.84,647.75
462500,646.5,648,1.1,10.5,-3.5,214.3257144,41.88,647.25
462600,646.5,648,1.1,10.5,-3.5,214.4741224,41.91,647.25
462700,647,648.5,1.1,10.5,-3.5,214.3509703,41.94,647.75
462800,648,649.5,1.1,10.5,-3.5,214.3595606,41.98,648.75
462900,644.5,646,1.1,10.5,-3.5,214.1807572,42.02,645.25
463000,643.5,645,1.1,10.5,-3.5,214.4212199,42.05,644.25
463100,643.5,645.5,1.1,10.5,-3.5,214.5683269,42.08,644.5
463200,641,642.5,1.1,10.5,-3.5,214.5178461,42.12,641.75
463300,637,638.5,1.1,10.5,-3.5,214.3783936,42.16,637.75
463400,634,635.5,1.1,10.5,-3.5,214.2728543,42.19,634.75
463500,635,636.5,1.1,10.5,-3.5,214.2096725,42.22,635.75
463600,635.5,637,1.1,10.5,-3.5,214.036084,42.26,636.25
463700,633.5,635,1.1,10.5,-3.5,213.6644348,42.3,634.25
463800,635,636.5,1.1,10.5,-3.5,213.6931071,42.33,635.75
463900,629,630.5,1.1,10.5,-3.5,213.5350625,42.36,629.75
464000,625.5,627,1.1,10.5,-3.5,213.5118773,42.4,626.25
464100,627.5,629,1.1,10.5,-3.5,213.63103,42.44,628.25
464200,626.5,628,1.1,10.5,-3.5,213.65092,42.47,627.25
464300,628.5,630,1.1,10.5,-3.5,213.6384115,42.5,629.25
464400,628,630,1.1,10.5,-3.5,213.5411133,42.54,629
464500,629.5,631,1.1,10.5,-3.5,213.7712124,42.58,630.25
464600,631.5,633,1.1,10.5,-3.5,213.8534778,42.61,632.25
464700,627.5,629,1.1,10.5,-3.5,213.6274342,42.64,628.25
464800,626,627.5,1.1,10.5,-3.5,213.6116002,42.68,626.75
464900,625.5,627,1.1,10.5,-3.5,213.5299688,42.72,626.25
465000,629,630.5,1.1,10.5,-3.5,213.5911187,42.75,629.75
465100,631,632.5,1.1,10.5,-3.5,213.7450188,42.78,631.75
465200,630.5,632,1.1,10.5,-3.5,213.8745466,42.82,631.25
465300,631,632.5,1.1,10.5,-3.5,213.6904125,42.86,631.75
465400,631.5,633,1.1,10.5,-3.5,213.7482218,42.89,632.25
465500,632.5,634,1.1,10.5,-3.5,213.6775378,42.92,633.25
465600,635,636.5,1.1,10.5,-3.5,213.7030025,42.96,635.75
465700,635,637,1.1,10.5,-3.5,213.6191579,43,636
465800,629.5,631,1.1,10.5,-3.5,213.146183,43.03,630.25
465900,624.5,626,1.1,10.5,-3.5,213.0249101,43.06,625.25
466000,625,626.5,1.1,10.5,-3.5,213.0968151,43.1,625.75
466100,624.5,626,1.1,10.5,-3.5,213.032452,43.14,625.25
466200,626,627.5,1.1,10.5,-3.5,213.0202905,43.17,626.75
466300,628,629.5,1.1,10.5,-3.5,212.8982752,43.2,628.75
466400,626,627.5,1.1,10.5,-3.5,212.8421926,43.24,626.75
466500,624,625.5,1.1,10.5,-3.5,212.6863375,43.28,624.75
466600,625.5,627,1.1,10.5,-3.5,212.8382464,43.31,626.25
466700,625,627,1.1,10.5,-3.5,212.8405183,43.34,626
466800,621.5,623,1.1,10.5,-3.5,212.6772431,43.38,622.25
466900,624.5,626,1.1,10.5,-3.5,212.852675,43.42,625.25
467000,625.5,627,1.1,10.5,-3.5,213.0711833,43.45,626.25
467100,624,625.5,1.1,10.5,-3.5,213.1254812,43.48,624.75
467200,623.5,625.5,1.1,10.5,-3.5,212.8950337,43.52,624.5
467300,625.5,627,1.1,10.5,-3.5,213.2997618,43.56,626.25
467400,625.5,627.5,1.1,10.5,-3.5,212.9746541,43.59,626.5
467500,624.5,626,1.1,10.5,-3.5,212.8381064,43.62,625.25
467600,626.5,628,1.1,10.5,-3.5,212.933445,43.66,627.25
467700,622,623.5,1.1,10.5,-3.5,212.7444839,43.7,622.75
467800,621.5,623,1.1,10.5,-3.5,212.6764457,43.73,622.25
467900,623,624.5,1.1,10.5,-3.5,212.7869203,43.76,623.75
468000,621.5,623,1.1,10.5,-3.5,212.5797642,43.8,622.25
468100,621.5,623,1.1,10.5,-3.5,212.7670635,43.84,622.25
468200,624.5,626,1.1,10.5,-3.5,212.802396,43.87,625.25
468300,628.5,630,1.1,10.5,-3.5,212.989111,43.9,629.25
468400,627.5,629,1.1,10.5,-3.5,212.5978016,43.94,628.25
468500,625,626.5,1.1,10.5,-3.5,212.4589469,43.98,625.75
468600,629,630.5,1.1,10.5,-3.5,212.6681904,44.01,629.75
468700,632,633.5,1.1,10.5,-3.5,212.7024112,44.04,632.75
468800,629,630.5,1.1,10.5,-3.5,212.6101129,44.08,629.75
468900,629,630.5,1.1,10.5,-3.5,212.7628829,44.12,629.75
469000,634,635.5,1.1,10.5,-3.5,212.8733194,44.15,634.75
469100,634,635.5,1.1,10.5,-3.5,213.0261326,44.18,634.75
469200,636,637.5,1.1,10.5,-3.5,213.2854594,44.22,636.75
469300,634,635.5,1.1,10.5,-3.5,213.1609262,44.26,634.75
469400,631.5,633,1.1,10.5,-3.5,213.0969106,44.29,632.25
469500,633.5,635,1.1,10.5,-3.5,213.4490728,44.32,634.25
469600,634.5,636,1.1,10.5,-3.5,213.4287798,44.36,635.25
469700,635.5,637,1.1,10.5,-3.5,213.0151945,44.4,636.25
469800,637.5,639,1.1,10.5,-3.5,213.0689278,44.43,638.25
469900,639,640.5,1.1,10.5,-3.5,212.9052362,44.46,639.75
470000,639,640.5,1.1,10.5,-3.5,213.1149376,44.5,639.75
470100,640,641.5,1.1,10.5,-3.5,213.2155141,44.54,640.75
470200,637,638.5,1.1,10.5,-3.5,213.2455099,44.57,637.75
470300,633,634.5,1.1,10.5,-3.5,213.0888149,44.6,633.75
470400,629.5,631,1.1,10.5,-3.5,212.424803,44.64,630.25
470500,630.5,632,1.1,10.5,-3.5,212.5057338,44.68,631.25
470600,631,632.5,1.1,10.5,-3.5,212.3435673,44.71,631.75
470700,632,633.5,1.1,10.5,-3.5,212.3367502,44.74,632.75
470800,632,633.5,1.1,10.5,-3.5,212.3094301,44.78,632.75
470900,630.5,632,1.1,10.5,-3.5,212.2953015,44.82,631.25
471000,632,633.5,1.1,10.5,-3.5,212.4266677,44.85,632.75
471100,632.5,634,1.1,10.5,-3.5,212.3735927,44.88,633.25
471200,636.5,638,1.1,10.5,-3.5,212.4523762,44.92,637.25
471300,640,641.5,1.1,10.5,-3.5,212.7004873,44.96,640.75
471400,640,641.5,1.1,10.5,-3.5,212.9530356,44.99,640.75
471500,638,639.5,1.1,10.5,-3.5,212.7391724,45.02,638.75
471600,640.5,642,1.1,10.5,-3.5,212.6887683,45.06,641.25
471700,643.5,645,1.1,10.5,-3.5,213.1256113,45.1,644.25
471800,645.5,647,1.1,10.5,-3.5,213.2224418,45.13,646.25
471900,646,647.5,1.1,10.5,-3.5,213.068952,45.16,646.75
472000,646,647.5,1.1,10.5,-3.5,212.9420469,45.2,646.75
472100,646.5,648,1.1,10.5,-3.5,212.9328837,45.24,647.25
472200,645,646.5,1.1,10.5,-3.5,212.8770443,45.27,645.75
472300,644,645.5,1.1,10.5,-3.5,212.6491999,45.3,644.75
472400,642.5,644,1.1,10.5,-3.5,212.633587,45.34,643.25
472500,643.5,645,1.1,10.5,-3.5,212.4772826,45.38,644.25
472600,641,642.5,1.1,10.5,-3.5,212.2991322,45.41,641.75
472700,642.5,644,1.1,10.5,-3.5,212.6120171,45.44,643.25
472800,641,642.5,1.1,10.5,-3.5,212.4541035,45.48,641.75
472900,644,645.5,1.1,10.5,-3.5,212.585226,45.52,644.75
473000,646.5,648,1.1,10.5,-3.5,212.6745057,45.55,647.25
473100,648,649.5,1.1,10.5,-3.5,212.945792,45.58,648.75
473200,648,649.5,1.1,10.5,-3.5,212.9903437,45.62,648.75
473300,650,651.5,1.1,10.5,-3.5,213.3875003,45.66,650.75
473400,652.5,654,1.1,10.5,-3.5,213.5438592,45.69,653.25
473500,652.5,654,1.1,10.5,-3.5,213.6935676,45.72,653.25
473600,650.5,652,1.1,10.5,-3.5,213.6629866,45.76,651.25
473700,654,655.5,1.1,10.5,-3.5,213.8558259,45.8,654.75
473800,655.5,657,1.1,10.5,-3.5,213.8743263,45.83,656.25
473900,653,654.5,1.1,10.5,-3.5,213.8076035,45.86,653.75
474000,654,655.5,1.1,10.5,-3.5,213.7978069,45.9,654.75
474100,655,656.5,1.1,10.5,-3.5,213.6777087,45.94,655.75
474200,655.5,657,1.1,10.5,-3.5,213.7801017,45.97,656.25
474300,652,653.5,1.1,10.5,-3.5,213.6089262,46,652.75
474400,656.5,658,1.1,10.5,-3.5,213.6696374,46.04,657.25
474500,652,653.5,1.1,10.5,-3.5,213.5480281,46.08,652.75
474600,653,654.5,1.1,10.5,-3.5,213.4297119,46.11,653.75
474700,654.5,656,1.1,10.5,-3.5,213.5194088,46.14,655.25
474800,653,654.5,1.1,10.5,-3.5,213.2492612,46.18,653.75
474900,653.5,655,1.1,10.5,-3.5,213.2992838,46.22,654.25
475000,651.5,653,1.1,10.5,-3.5,213.0524229,46.25,652.25
475100,652.5,654,1.1,10.5,-3.5,213.1864843,46.28,653.25
475200,651,652.5,1.1,10.5,-3.5,213.1296699,46.32,651.75
475300,647.5,649,1.1,10.5,-3.5,212.6988162,46.36,648.25
475400,650.5,652,1.1,10.5,-3.5,213.079552,46.39,651.25
475500,648.5,650,1.1,10.5,-3.5,213.113064,46.42,649.25
475600,654,655.5,1.1,10.5,-3.5,213.1279914,46.46,654.75
475700,657,658.5,1.1,10.5,-3.5,213.3337571,46.5,657.75
475800,653.5,655,1.1,10.5,-3.5,213.1274587,46.53,654.25
475900,651.5,653,1.1,10.5,-3.5,213.0060831,46.56,652.25
476000,652,653.5,1.1,10.5,-3.5,213.3888392,46.6,652.75
476100,650,651.5,1.1,10.5,-3.5,213.1640538,46.64,650.75
476200,651,652.5,1.1,10.5,-3.5,213.2622459,46.67,651.75
476300,648.5,650,1.1,10.5,-3.5,213.0926955,46.7,649.25
476400,651,652.5,1.1,10.5,-3.5,213.1258226,46.74,651.75
476500,647,648.5,1.1,10.5,-3.5,212.6936912,46.78,647.75
476600,647.5,649,1.1,10.5,-3.5,212.9895044,46.81,648.25
476700,643,644.5,1.1,10.5,-3.5,212.7796689,46.84,643.75
476800,639.5,641,1.1,10.5,-3.5,212.7096546,46.88,640.25
476900,642.5,644,1.1,10.5,-3.5,212.9759566,46.92,643.25
477000,643,644.5,1.1,10.5,-3.5,212.9978651,46.95,643.75
477100,644,645.5,1.1,10.5,-3.5,213.0388229,46.98,644.75
477200,643,644.5,1.1,10.5,-3.5,212.8593105,47.02,643.75
477300,642.5,644,1.1,10.5,-3.5,213.0668552,47.06,643.25
477400,643,644.5,1.1,10.5,-3.5,213.1337435,47.09,643.75
477500,641,642.5,1.1,10.5,-3.5,213.0544105,47.12,641.75
477600,641.5,643,1.1,10.5,-3.5,213.0572518,47.16,642.25
477700,645.5,647,1.1,10.5,-3.5,213.2115202,47.2,646.25
477800,645.5,647.5,1.1,10.5,-3.5,213.3371576,47.23,646.5
477900,644,645.5,1.1,10.5,-3.5,213.1626223,47.26,644.75
478000,643.5,645,1.1,10.5,-3.5,213.2252587,47.3,644.25
478100,644,645.5,1.1,10.5,-3.5,213.3780631,47.34,644.75
478200,644.5,646,1.1,10.5,-3.5,213.2727834,47.37,645.25
478300,643,644.5,1.1,10.5,-3.5,213.4709002,47.4,643.75
478400,641,642.5,1.1,10.5,-3.5,213.3623431,47.44,641.75
478500,638.5,640,1.1,10.5,-3.5,213.2410235,47.48,639.25
478600,640,641.5,1.1,10.5,-3.5,213.5732915,47.51,640.75
478700,636.5,638,1.1,10.5,-3.5,213.0855613,47.54,637.25
478800,637.5,639,1.1,10.5,-3.5,213.1116124,47.58,638.25
478900,638.5,640,1.1,10.5,-3.5,213.3156678,47.62,639.25
479000,640,641.5,1.1,10.5,-3.5,213.5457783,47.65,640.75
479100,642,643.5,1.1,10.5,-3.5,213.7232246,47.68,642.75
479200,640,641.5,1.1,10.5,-3.5,213.5519287,47.72,640.75
479300,637.5,639,1.1,10.5,-3.5,213.507808,47.76,638.25
479400,641,642.5,1.1,10.5,-3.5,213.5682055,47.79,641.75
479500,636,637.5,1.1,10.5,-3.5,213.1144742,47.82,636.75
479600,637.5,639,1.1,10.5,-3.5,213.0714764,47.86,638.25
479700,642.5,644,1.1,10.5,-3.5,213.0914745,47.9,643.25
479800,648.5,650,1.1,10.5,-3.5,213.1987743,47.93,649.25
479900,650,651.5,1.1,10.5,-3.5,213.290471,47.96,650.75
480000,650,651.5,1.1,10.5,-3.5,213.3175997,48,650.75
480100,647,648.5,1.1,10.5,-3.5,213.1595671,48.04,647.75
480200,650,651.5,1.1,10.5,-3.5,213.4028505,48.07,650.75
480300,654.5,656,1.1,10.5,-3.5,213.7227231,48.1,655.25
480400,656,657.5,1.1,10.5,-3.5,213.6398641,48.14,656.75
480500,652.5,654,1.1,10.5,-3.5,213.5050069,48.18,653.25
480600,652,653.5,1.1,10.5,-3.5,213.376995,48.21,652.75
480700,651,652.5,1.1,10.5,-3.5,213.5777059,48.24,651.75
480800,648,649.5,1.1,10.5,-3.5,213.5445957,48.28,648.75
480900,650,651.5,1.1,10.5,-3.5,213.3594851,48.32,650.75
481000,652.5,654,1.1,10.5,-3.5,213.4331686,48.35,653.25
481100,649.5,651,1.1,10.5,-3.5,213.2978082,48.38,650.25
481200,648,649.5,1.1,10.5,-3.5,213.254929,48.42,648.75
481300,653.5,655,1.1,10.5,-3.5,213.1732635,48.46,654.25
481400,655,656.5,1.1,10.5,-3.5,213.3017164,48.49,655.75
481500,653,654.5,1.1,10.5,-3.5,213.2108685,48.52,653.75
481600,649.5,651,1.1,10.5,-3.5,213.1508121,48.56,650.25
481700,649,651,1.1,10.5,-3.5,213.25925,48.6,650
481800,647.5,649,1.1,10.5,-3.5,213.2363775,48.63,648.25
481900,647,648.5,1.1,10.5,-3.5,213.1706791,48.66,647.75
482000,647,648.5,1.1,10.5,-3.5,213.3797461,48.7,647.75
482100,652,653.5,1.1,10.5,-3.5,213.4766756,48.74,652.75
482200,649,650.5,1.1,10.5,-3.5,213.3941323,48.77,649.75
482300,648.5,650,1.1,10.5,-3.5,214.1191368,48.8,649.25
482400,651,652.5,1.1,10.5,-3.5,213.8880118,48.84,651.75
482500,650,651.5,1.1,10.5,-3.5,213.765833,48.88,650.75
482600,651,652.5,1.1,10.5,-3.5,213.6237102,48.91,651.75
482700,650,651.5,1.1,10.5,-3.5,213.7176465,48.94,650.75
482800,650.5,652,1.1,10.5,-3.5,213.6735593,48.98,651.25
482900,652.5,654,1.1,10.5,-3.5,213.3662753,49.02,653.25
483000,653.5,655,1.1,10.5,-3.5,213.4696598,49.05,654.25
483100,653.5,655,1.1,10.5,-3.5,213.4487346,49.08,654.25
483200,651.5,653,1.1,10.5,-3.5,213.3160785,49.12,652.25
483300,653.5,655,1.1,10.5,-3.5,213.3781015,49.16,654.25
483400,654,655.5,1.1,10.5,-3.5,213.4454235,49.19,654.75
483500,656,657.5,1.1,10.5,-3.5,213.7007201,49.22,656.75
483600,656,657.5,1.1,10.5,-3.5,213.6572244,49.26,656.75
483700,657,658.5,1.1,10.5,-3.5,213.5464156,49.3,657.75
483800,657.5,659,1.1,10.5,-3.5,213.3672567,49.33,658.25
483900,659,660.5,1.1,10.5,-3.5,213.4908519,49.36,659.75
484000,661,662.5,1.1,10.5,-3.5,213.4918675,49.4,661.75
484100,660,661.5,1.1,10.5,-3.5,213.4308784,49.44,660.75
484200,659,660.5,1.1,10.5,-3.5,212.9867685,49.47,659.75
484300,657.5,659,1.1,10.5,-3.5,212.9818644,49.5,658.25
484400,659.5,661,1.1,10.5,-3.5,213.0235031,49.54,660.25
484500,659,660.5,1.1,10.5,-3.5,212.9353053,49.58,659.75
484600,654.5,656,1.1,10.5,-3.5,212.6696541,49.61,655.25
484700,658,659.5,1.1,10.5,-3.5,212.8172875,49.64,658.75
484800,661,662.5,1.1,10.5,-3.5,213.3016138,49.68,661.75
484900,661.5,663,1.1,10.5,-3.5,213.405179,49.72,662.25
485000,666,667.5,1.1,10.5,-3.5,213.6359321,49.75,666.75
485100,667,668.5,1.1,10.5,-3.5,213.7606443,49.78,667.75
485200,668,669.5,1.1,10.5,-3.5,213.7832636,49.82,668.75
485300,667.5,669,1.1,10.5,-3.5,213.7720565,49.86,668.25
485400,667.5,669,1.1,10.5,-3.5,213.7221374,49.89,668.25
485500,665,666.5,1.1,10.5,-3.5,213.740968,49.92,665.75
485600,665.5,667,1.1,10.5,-3.5,213.7493426,49.96,666.25
485700,670.5,672,1.1,10.5,-3.5,214.2239578,50,671.25
485800,667.5,669,1.1,10.5,-3.5,214.450335,50.03,668.25
485900,665,666.5,1.1,10.5,-3.5,214.2802613,50.06,665.75
486000,663,664.5,1.1,10.5,-3.5,214.3064126,50.1,663.75
486100,662,663.5,1.1,10.5,-3.5,214.2795629,50.14,662.75
486200,660.5,662,1.1,10.5,-3.5,214.0423897,50.17,661.25
486300,657,658.5,1.1,10.5,-3.5,213.8296746,50.2,657.75
486400,656.5,658,1.1,10.5,-3.5,213.5778182,50.24,657.25
486500,656.5,658,1.1,10.5,-3.5,213.690901,50.28,657.25
486600,649,650.5,1.1,10.5,-3.5,213.4566629,50.31,649.75
486700,647,648.5,1.1,10.5,-3.5,213.4277791,50.34,647.75
486800,647.5,649,1.1,10.5,-3.5,213.5447767,50.38,648.25
486900,645.5,647,1.1,10.5,-3.5,213.4390755,50.42,646.25
487000,644.5,646,1.1,10.5,-3.5,213.7786983,50.45,645.25
487100,646,647.5,1.1,10.5,-3.5,213.9817458,50.48,646.75
487200,648.5,650,1.1,10.5,-3.5,214.1410318,50.52,649.25
487300,648,649.5,1.1,10.5,-3.5,214.0389394,50.56,648.75
487400,652.5,654,1.1,10.5,-3.5,214.3538705,50.59,653.25
487500,650.5,652,1.1,10.5,-3.5,214.0774714,50.62,651.25
487600,649.5,651,1.1,10.5,-3.5,213.9576181,50.66,650.25
487700,649,650.5,1.1,10.5,-3.5,214.0078834,50.7,649.75
487800,650.5,652,1.1,10.5,-3.5,214.5478836,50.73,651.25
487900,654.5,656,1.1,10.5,-3.5,214.6649795,50.76,655.25
488000,659.5,661,1.1,10.5,-3.5,214.8663817,50.8,660.25
488100,656,657.5,1.1,10.5,-3.5,214.539324,50.84,656.75
488200,657.5,659,1.1,10.5,-3.5,214.7545524,50.87,658.25
488300,660,661.5,1.1,10.5,-3.5,214.9530977,50.9,660.75
488400,658,659.5,1.1,10.5,-3.5,215.0213321,50.94,658.75
488500,660,661.5,1.1,10.5,-3.5,215.1237599,50.98,660.75
488600,664,665.5,1.1,10.5,-3.5,215.5135915,51.01,664.75
488700,661.5,663,1.1,10.5,-3.5,215.2770395,51.04,662.25
488800,660,661.5,1.1,10.5,-3.5,215.2017814,51.08,660.75
488900,660,661.5,1.1,10.5,-3.5,215.0826263,51.12,660.75
489000,662,663.5,1.1,10.5,-3.5,215.0821548,51.15,662.75
489100,663,664.5,1.1,10.5,-3.5,215.0512311,51.18,663.75
489200,660.5,662,1.1,10.5,-3.5,214.7482388,51.22,661.25
489300,662.5,664,1.1,10.5,-3.5,214.7525345,51.26,663.25
489400,662,663.5,1.1,10.5,-3.5,214.9485688,51.29,662.75
489500,659,660.5,1.1,10.5,-3.5,214.8566071,51.32,659.75
489600,658.5,660,1.1,10.5,-3.5,214.8724777,51.36,659.25
489700,660,661.5,1.1,10.5,-3.5,215.047324,51.4,660.75
489800,657,658.5,1.1,10.5,-3.5,214.694001,51.43,657.75
489900,659,660.5,1.1,10.5,-3.5,214.9487059,51.46,659.75
490000,656.5,658,1.1,10.5,-3.5,214.6657756,51.5,657.25
490100,658,659.5,1.1,10.5,-3.5,214.7205732,51.54,658.75
490200,659.5,661,1.1,10.5,-3.5,214.6063925,51.57,660.25
490300,661.5,663,1.1,10.5,-3.5,214.7358802,51.6,662.25
490400,664,665.5,1.1,10.5,-3.5,214.8692244,51.64,664.75
490500,666,667.5,1.1,10.5,-3.5,214.990592,51.68,666.75
490600,663.5,665,1.1,10.5,-3.5,214.817825,51.71,664.25
490700,665,666.5,1.1,10.5,-3.5,214.9172137,51.74,665.75
490800,664.5,666,1.1,10.5,-3.5,214.8205649,51.78,665.25
490900,665.5,667,1.1,10.5,-3.5,215.0410628,51.82,666.25
491000,663.5,665,1.1,10.5,-3.5,214.9948659,51.85,664.25
491100,663.5,665,1.1,10.5,-3.5,214.8156077,51.88,664.25
491200,662.5,664,1.1,10.5,-3.5,214.6904349,51.92,663.25
491300,663,664.5,1.1,10.5,-3.5,214.9065634,51.96,663.75
491400,659,660.5,1.1,10.5,-3.5,214.781913,51.99,659.75
491500,663.5,665,1.1,10.5,-3.5,215.0296603,52.02,664.25
491600,663.5,665,1.1,10.5,-3.5,214.9392295,52.06,664.25
491700,664.5,666,1.1,10.5,-3.5,215.0737968,52.1,665.25
491800,667.5,669,1.1,10.5,-3.5,215.2721115,52.13,668.25
491900,664,665.5,1.1,10.5,-3.5,215.1723526,52.16,664.75
492000,665.5,667,1.1,10.5,-3.5,215.3114324,52.2,666.25
492100,666,667.5,1.1,10.5,-3.5,215.3198193,52.24,666.75
492200,668.5,670,1.1,10.5,-3.5,215.4703767,52.27,669.25
492300,670.5,672,1.1,10.5,-3.5,215.8599388,52.3,671.25
492400,670,672,1.1,10.5,-3.5,216.2843559,52.34,671
492500,670,671.5,1.1,10.5,-3.5,216.1156211,52.38,670.75
492600,673.5,675,1.1,10.5,-3.5,216.282059,52.41,674.25
492700,670.5,672,1.1,10.5,-3.5,216.2546449,52.44,671.25
492800,669.5,671,1.1,10.5,-3.5,216.207215,52.48,670.25
492900,671.5,673,1.1,10.5,-3.5,216.3997281,52.52,672.25
493000,674.5,676,1.1,10.5,-3.5,216.5139861,52.55,675.25
493100,674.5,676,1.1,10.5,-3.5,216.2030528,52.58,675.25
493200,673,674.5,1.1,10.5,-3.5,216.102645,52.62,673.75
493300,674,675.5,1.1,10.5,-3.5,216.1266615,52.66,674.75
493400,674,675.5,1.1,10.5,-3.5,216.0484406,52.69,674.75
493500,670,671.5,1.1,10.5,-3.5,215.84146,52.72,670.75
493600,672,673.5,1.1,10.5,-3.5,215.5502992,52.76,672.75
493700,676.5,678,1.1,10.5,-3.5,215.7996921,52.8,677.25
493800,674.5,676,1.1,10.5,-3.5,215.909979,52.83,675.25
493900,674.5,676,1.1,10.5,-3.5,216.0470011,52.86,675.25
494000,677,678.5,1.1,10.5,-3.5,216.0973329,52.9,677.75
494100,678,679.5,1.1,10.5,-3.5,216.0340273,52.94,678.75
494200,676.5,678,1.1,10.5,-3.5,216.1122265,52.97,677.25
494300,677.5,679,1.1,10.5,-3.5,216.2279656,53,678.25
494400,678.5,680,1.1,10.5,-3.5,216.2502382,53.04,679.25
494500,675.5,677,1.1,10.5,-3.5,216.0268449,53.08,676.25
494600,679,680.5,1.1,10.5,-3.5,216.1938425,53.11,679.75
494700,683.5,685,1.1,10.5,-3.5,216.3926941,53.14,684.25
494800,684.5,686,1.1,10.5,-3.5,216.6621084,53.18,685.25
494900,688,689.5,1.1,10.5,-3.5,216.7538064,53.22,688.75
495000,684.5,686,1.1,10.5,-3.5,216.6604032,53.25,685.25
495100,685.5,687,1.1,10.5,-3.5,216.6976583,53.28,686.25
495200,686,687.5,1.1,10.5,-3.5,216.7251975,53.32,686.75
495300,686.5,688,1.1,10.5,-3.5,216.818448,53.36,687.25
495400,683.5,685,1.1,10.5,-3.5,216.5211346,53.39,684.25
495500,684.5,686,1.1,10.5,-3.5,216.3511718,53.42,685.25
495600,686.5,688,1.1,10.5,-3.5,216.3709969,53.46,687.25
495700,686.5,688,1.1,10.5,-3.5,216.6091548,53.5,687.25
495800,685.5,687,1.1,10.5,-3.5,216.5381122,53.53,686.25
495900,689,690.5,1.1,10.5,-3.5,216.6848875,53.56,689.75
496000,688.5,690,1.1,10.5,-3.5,216.838693,53.6,689.25
496100,686.5,688,1.1,10.5,-3.5,216.4740259,53.64,687.25
496200,687.5,689,1.1,10.5,-3.5,216.435069,53.67,688.25
496300,694.5,696,1.1,10.5,-3.5,216.618887,53.7,695.25
496400,696,697.5,1.1,10.5,-3.5,216.6552931,53.74,696.75
496500,696.5,698,1.1,10.5,-3.5,216.7742895,53.78,697.25
496600,698.5,700,1.1,10.5,-3.5,217.0026252,53.81,699.25
496700,698,699.5,1.1,10.5,-3.5,216.9996671,53.84,698.75
496800,693,694.5,1.1,10.5,-3.5,216.547616,53.88,693.75
496900,692.5,694.5,1.1,10.5,-3.5,216.5450539,53.92,693.5
497000,695,696.5,1.1,10.5,-3.5,217.0904717,53.95,695.75
497100,693.5,695,1.1,10.5,-3.5,217.058922,53.98,694.25
497200,692.5,694,1.1,10.5,-3.5,217.1405895,54.02,693.25
497300,695,696.5,1.1,10.5,-3.5,217.1181638,54.06,695.75
497400,692.5,694,1.1,10.5,-3.5,217.2628198,54.09,693.25
497500,697.5,699,1.1,10.5,-3.5,217.3643101,54.12,698.25
497600,697,698.5,1.1,10.5,-3.5,216.9725585,54.16,697.75
497700,695.5,697,1.1,10.5,-3.5,216.777884,54.2,696.25
497800,696,697.5,1.1,10.5,-3.5,216.6042089,54.23,696.75
497900,702,703.5,1.1,10.5,-3.5,216.7145214,54.26,702.75
498000,700.5,702,1.1,10.5,-3.5,216.7250723,54.3,701.25
498100,702,703.5,1.1,10.5,-3.5,216.6776494,54.34,702.75
498200,702,703.5,1.1,10.5,-3.5,216.9306118,54.37,702.75
498300,700.5,702,1.1,10.5,-3.5,216.8544696,54.4,701.25
498400,700.5,702,1.1,10.5,-3.5,216.7479172,54.44,701.25
498500,700,701.5,1.1,10.5,-3.5,216.7603948,54.48,700.75
498600,700,701.5,1.1,10.5,-3.5,216.7521954,54.51,700.75
498700,701.5,703,1.1,10.5,-3.5,217.0358191,54.54,702.25
498800,702,703.5,1.1,10.5,-3.5,217.0192388,54.58,702.75
498900,703.5,705,1.1,10.5,-3.5,217.2612048,54.62,704.25
499000,703.5,705,1.1,10.5,-3.5,217.1067838,54.65,704.25
499100,703.5,705,1.1,10.5,-3.5,217.270222,54.68,704.25
499200,705,706.5,1.1,10.5,-3.5,217.2801703,54.72,705.75
499300,706.5,708,1.1,10.5,-3.5,217.4134638,54.76,707.25
499400,705,706.5,1.1,10.5,-3.5,217.3122594,54.79,705.75
499500,707,708.5,1.1,10.5,-3.5,217.1938677,54.82,707.75
499600,710,711.5,1.1,10.5,-3.5,217.2273716,54.86,710.75
499700,710,711.5,1.1,10.5,-3.5,217.2961533,54.9,710.75
499800,712,713.5,1.1,10.5,-3.5,217.2514751,54.93,712.75
499900,709,710.5,1.1,10.5,-3.5,216.9310876,54.96,709.75
500000,711.5,713,1.1,10.5,-3.5,216.9700851,55,712.25
500100,712.5,714,1.1,10.5,-3.5,217.0327848,55,713.25
500200,710,711.5,1.1,10.5,-3.5,216.7349033,55,710.75
500300,710,711.5,1.1,10.5,-3.5,216.6869045,55,710.75
500400,712.5,714,1.1,10.5,-3.5,216.8186389,55,713.25
500500,715,716.5,1.1,10.5,-3.5,216.8903559,55,715.75
500600,713,714.5,1.1,10.5,-3.5,216.5377281,55,713.75
500700,714.5,716,1.1,10.5,-3.5,216.5405972,55,715.25
500800,719.5,721,1.1,10.5,-3.5,216.9334809,55,720.25
500900,722.5,724,1.1,10.5,-3.5,216.9272935,55,723.25
501000,725.5,727,1.1,10.5,-3.5,216.8540989,55,726.25
501100,722.5,724,1.1,10.5,-3.5,216.6763349,55,723.25
501200,723.5,725,1.1,10.5,-3.5,216.7788921,55,724.25
501300,721.5,723,1.1,10.5,-3.5,216.5051894,55,722.25
501400,721,722.5,1.1,10.5,-3.5,216.5026581,55,721.75
501500,720,721.5,1.1,10.5,-3.5,216.4032001,55,720.75
501600,719.5,721,1.1,10.5,-3.5,216.2855142,55,720.25
501700,714,715.5,1.1,10.5,-3.5,216.0927966,55,714.75
501800,709.5,711,1.1,10.5,-3.5,216.0325965,55,710.25
501900,702,703.5,1.1,10.5,-3.5,215.9153546,55,702.75
502000,701,702.5,1.1,10.5,-3.5,215.7790391,55,701.75
502100,702,703.5,1.1,10.5,-3.5,215.9430225,55,702.75
502200,699,700.5,1.1,10.5,-3.5,215.544598,55,699.75
502300,700.5,702,1.1,10.5,-3.5,215.5819771,55,701.25
502400,696,697.5,1.1,10.5,-3.5,215.2535492,55,696.75
502500,700,701.5,1.1,10.5,-3.5,215.2843414,55,700.75
502600,698.5,700,1.1,10.5,-3.5,215.3137064,55,699.25
502700,700,701.5,1.1,10.5,-3.5,215.4866353,55,700.75
502800,699,700.5,1.1,10.5,-3.5,215.2473861,55,699.75
502900,695.5,697,1.1,10.5,-3.5,214.8651438,55,696.25
503000,695.5,697,1.1,10.5,-3.5,214.8378348,55,696.25
503100,693.5,695,1.1,10.5,-3.5,214.5922934,55,694.25
503200,695.5,697,1.1,10.5,-3.5,214.6526439,55,696.25
503300,697,698.5,1.1,10.5,-3.5,214.6261829,55,697.75
503400,698,699.5,1.1,10.5,-3.5,214.784986,55,698.75
503500,695.5,697,1.1,10.5,-3.5,214.5922154,55,696.25
503600,691.5,693,1.1,10.5,-3.5,214.3382013,55,692.25
503700,690.5,692,1.1,10.5,-3.5,213.971403,55,691.25
503800,693.5,695,1.1,10.5,-3.5,214.1335951,55,694.25
503900,692,693.5,1.1,10.5,-3.5,213.8351457,55,692.75
504000,695.5,697,1.1,10.5,-3.5,214.0140926,55,696.25
504100,699,700.5,1.1,10.5,-3.5,214.0946289,55,699.75
504200,702,703.5,1.1,10.5,-3.5,214.1243975,55,702.75
504300,700.5,702,1.1,10.5,-3.5,213.8415523,55,701.25
504400,703,704.5,1.1,10.5,-3.5,214.025038,55,703.75
504500,703,705,1.1,10.5,-3.5,214.0213897,55,704
504600,705,706.5,1.1,10.5,-3.5,213.8944564,55,705.75
504700,699.5,701,1.1,10.5,-3.5,213.6493152,55,700.25
504800,699,701,1.1,10.5,-3.5,213.6984211,55,700
504900,698.5,700,1.1,10.5,-3.5,213.9663037,55,699.25
505000,701,702.5,1.1,10.5,-3.5,214.1100662,55,701.75
505100,703,704.5,1.1,10.5,-3.5,214.0942457,55,703.75
505200,703,704.5,1.1,10.5,-3.5,214.1941082,55,703.75
505300,701,702.5,1.1,10.5,-3.5,214.0703114,55,701.75
505400,702,703.5,1.1,10.5,-3.5,214.2235187,55,702.75
505500,699.5,701,1.1,10.5,-3.5,214.1510891,55,700.25
505600,697.5,699,1.1,10.5,-3.5,213.6818626,55,698.25
505700,699,700.5,1.1,10.5,-3.5,213.6666855,55,699.75
505800,698,699.5,1.1,10.5,-3.5,213.9518037,55,698.75
505900,700.5,702,1.1,10.5,-3.5,214.4002907,55,701.25
506000,701,702.5,1.1,10.5,-3.5,214.4312916,55,701.75
506100,701,702.5,1.1,10.5,-3.5,214.1118809,55,701.75
506200,702.5,704,1.1,10.5,-3.5,214.2952366,55,703.25
506300,701.5,703,1.1,10.5,-3.5,213.9342786,55,702.25
506400,705,706.5,1.1,10.5,-3.5,214.0594815,55,705.75
506500,704.5,706,1.1,10.5,-3.5,214.2402322,55,705.25
506600,704,705.5,1.1,10.5,-3.5,214.3283096,55,704.75
506700,701.5,703,1.1,10.5,-3.5,214.0743091,55,702.25
506800,701,702.5,1.1,10.5,-3.5,213.7293705,55,701.75
506900,696,697.5,1.1,10.5,-3.5,213.6999908,55,696.75
507000,700,701.5,1.1,10.5,-3.5,214.0521015,55,700.75
507100,702,703.5,1.1,10.5,-3.5,214.1357432,55,702.75
507200,699.5,701,1.1,10.5,-3.5,213.964277,55,700.25
507300,696,697.5,1.1,10.5,-3.5,213.6464434,55,696.75
507400,695,696.5,1.1,10.5,-3.5,213.7667402,55,695.75
507500,700.5,702,1.1,10.5,-3.5,213.9384135,55,701.25
507600,699.5,701,1.1,10.5,-3.5,214.0311486,55,700.25
507700,695.5,697,1.1,10.5,-3.5,213.850545,55,696.25
507800,698,699.5,1.1,10.5,-3.5,214.008793,55,698.75
507900,695,696.5,1.1,10.5,-3.5,213.6173544,55,695.75
508000,695,697,1.1,10.5,-3.5,213.5651081,55,696
508100,693.5,695,1.1,10.5,-3.5,213.3308583,55,694.25
508200,691.5,693,1.1,10.5,-3.5,213.1967871,55,692.25
508300,688.5,690,1.1,10.5,-3.5,213.0755423,55,689.25
508400,686,687.5,1.1,10.5,-3.5,212.9621303,55,686.75
508500,684,685.5,1.1,10.5,-3.5,212.8113022,55,684.75
508600,682,683.5,1.1,10.5,-3.5,212.742668,55,682.75
508700,684.5,686,1.1,10.5,-3.5,213.0700604,55,685.25
508800,681,682.5,1.1,10.5,-3.5,212.7861355,55,681.75
508900,678.5,680,1.1,10.5,-3.5,212.6170656,55,679.25
509000,682.5,684,1.1,10.5,-3.5,212.7562386,55,683.25
509100,683,684.5,1.1,10.5,-3.5,213.0223773,55,683.75
509200,681,682.5,1.1,10.5,-3.5,212.9175213,55,681.75
509300,680,681.5,1.1,10.5,-3.5,212.9008334,55,680.75
509400,675.5,677,1.1,10.5,-3.5,212.7798202,55,676.25
509500,677,678.5,1.1,10.5,-3.5,213.0959729,55,677.75
509600,677.5,679,1.1,10.5,-3.5,213.2386519,55,678.25
509700,677,678.5,1.1,10.5,-3.5,213.222938,55,677.75
509800,678.5,680,1.1,10.5,-3.5,213.2802901,55,679.25
509900,676.5,678,1.1,10.5,-3.5,213.0240619,55,677.25
510000,680.5,682,1.1,10.5,-3.5,213.235,55,681.25
510100,682.5,684,1.1,10.5,-3.5,213.2804401,55,683.25
510200,684.5,686,1.1,10.5,-3.5,213.186252,55,685.25
510300,684.5,686,1.1,10.5,-3.5,213.2751717,55,685.25
510400,684.5,686,1.1,10.5,-3.5,213.3183799,55,685.25
510500,688.5,690,1.1,10.5,-3.5,213.3938186,55,689.25
510600,689,690.5,1.1,10.5,-3.5,213.7150724,55,689.75
510700,691.5,693,1.1,10.5,-3.5,214.057798,55,692.25
510800,690.5,692,1.1,10.5,-3.5,213.9206391,55,691.25
510900,692,693.5,1.1,10.5,-3.5,213.9150204,55,692.75
511000,695,696.5,1.1,10.5,-3.5,214.025513,55,695.75
511100,698.5,700,1.1,10.5,-3.5,214.3937752,55,699.25
511200,698,700,1.1,10.5,-3.5,214.26916,55,699
511300,700,701.5,1.1,10.5,-3.5,214.5473184,55,700.75
511400,696,697.5,1.1,10.5,-3.5,214.0964223,55,696.75
511500,693,694.5,1.1,10.5,-3.5,213.9237968,55,693.75
511600,689.5,691,1.1,10.5,-3.5,213.8994784,55,690.25
511700,686.5,688,1.1,10.5,-3.5,213.8519553,55,687.25
511800,685.5,687,1.1,10.5,-3.5,213.8873862,55,686.25
511900,681.5,683,1.1,10.5,-3.5,213.6339233,55,682.25
512000,679.5,681,1.1,10.5,-3.5,213.5286474,55,680.25
512100,677.5,679,1.1,10.5,-3.5,213.5165976,55,678.25
512200,681.5,683,1.1,10.5,-3.5,213.6888411,55,682.25
512300,679.5,681,1.1,10.5,-3.5,213.5719476,55,680.25
512400,685,686.5,1.1,10.5,-3.5,213.7440677,55,685.75
512500,685.5,687,1.1,10.5,-3.5,213.6455005,55,686.25
512600,682.5,684,1.1,10.5,-3.5,213.4504947,55,683.25
512700,681,682.5,1.1,10.5,-3.5,213.2323784,55,681.75
512800,683.5,685,1.1,10.5,-3.5,213.3701939,55,684.25
512900,686,687.5,1.1,10.5,-3.5,213.1266721,55,686.75
513000,682,683.5,1.1,10.5,-3.5,212.9040261,55,682.75
513100,683,684.5,1.1,10.5,-3.5,212.7268737,55,683.75
513200,686.5,688,1.1,10.5,-3.5,213.1506552,55,687.25
513300,688,689.5,1.1,10.5,-3.5,213.1973388,55,688.75
513400,689.5,691,1.1,10.5,-3.5,213.2611524,55,690.25
513500,689.5,691.5,1.1,10.5,-3.5,213.1543173,55,690.5
513600,684.5,686,1.1,10.5,-3.5,213.0285847,55,685.25
513700,682,683.5,1.1,10.5,-3.5,212.9412234,55,682.75
513800,685,686.5,1.1,10.5,-3.5,212.7332502,55,685.75
513900,683.5,685,1.1,10.5,-3.5,212.6867336,55,684.25
514000,682,683.5,1.1,10.5,-3.5,212.305402,55,682.75
514100,685,686.5,1.1,10.5,-3.5,212.3262874,55,685.75
514200,684,685.5,1.1,10.5,-3.5,212.0120137,55,684.75
514300,681.5,683,1.1,10.5,-3.5,211.7499049,55,682.25
514400,684.5,686,1.1,10.5,-3.5,211.8853491,55,685.25
514500,682.5,684,1.1,10.5,-3.5,211.7105429,55,683.25
514600,683,684.5,1.1,10.5,-3.5,211.6543924,55,683.75
514700,679.5,681,1.1,10.5,-3.5,211.5016554,55,680.25
514800,678.5,680,1.1,10.5,-3.5,211.3445218,55,679.25
514900,676.5,678,1.1,10.5,-3.5,211.5826714,55,677.25
515000,677.5,679,1.1,10.5,-3.5,211.4796557,55,678.25
515100,679.5,681,1.1,10.5,-3.5,211.6463913,55,680.25
515200,677.5,679,1.1,10.5,-3.5,211.4668222,55,678.25
515300,680,681.5,1.1,10.5,-3.5,211.890754,55,680.75
515400,679.5,681,1.1,10.5,-3.5,211.6603696,55,680.25
515500,679.5,681,1.1,10.5,-3.5,211.7481409,55,680.25
515600,679,680.5,1.1,10.5,-3.5,211.6935672,55,679.75
515700,679,681,1.1,10.5,-3.5,211.570189,55,680
515800,678,679.5,1.1,10.5,-3.5,211.4813377,55,678.75
515900,681,682.5,1.1,10.5,-3.5,211.6629569,55,681.75
516000,679.5,681,1.1,10.5,-3.5,211.6792009,55,680.25
516100,681.5,683,1.1,10.5,-3.5,211.7711471,55,682.25
516200,681.5,683,1.1,10.5,-3.5,212.0591424,55,682.25
516300,682,683.5,1.1,10.5,-3.5,212.0606999,55,682.75
516400,682,683.5,1.1,10.5,-3.5,212.0227672,55,682.75
516500,683,684.5,1.1,10.5,-3.5,211.8876608,55,683.75
516600,682.5,684.5,1.1,10.5,-3.5,211.8463806,55,683.5
516700,682.5,684,1.1,10.5,-3.5,211.6806084,55,683.25
516800,686,687.5,1.1,10.5,-3.5,211.747519,55,686.75
516900,687.5,689,1.1,10.5,-3.5,211.9085235,55,688.25
517000,690.5,692,1.1,10.5,-3.5,212.3018993,55,691.25
517100,697,698.5,1.1,10.5,-3.5,212.4227686,55,697.75
517200,697.5,699,1.1,10.5,-3.5,212.6832269,55,698.25
517300,690.5,692,1.1,10.5,-3.5,212.5972902,55,691.25
517400,693,694.5,1.1,10.5,-3.5,212.7183429,55,693.75
517500,689,690.5,1.1,10.5,-3.5,212.5686786,55,689.75
517600,686.5,688,1.1,10.5,-3.5,212.535696,55,687.25
517700,684,685.5,1.1,10.5,-3.5,212.8023427,55,684.75
517800,681,682.5,1.1,10.5,-3.5,212.7893353,55,681.75
517900,678,679.5,1.1,10.5,-3.5,212.6328954,55,678.75
518000,680,681.5,1.1,10.5,-3.5,212.7935428,55,680.75
518100,677.5,679,1.1,10.5,-3.5,212.243923,55,678.25
518200,680,681.5,1.1,10.5,-3.5,212.5002096,55,680.75
518300,681.5,683,1.1,10.5,-3.5,212.5759872,55,682.25
518400,684.5,686,1.1,10.5,-3.5,212.6077291,55,685.25
518500,681,682.5,1.1,10.5,-3.5,212.3317858,55,681.75
518600,684.5,686,1.1,10.5,-3.5,212.4779587,55,685.25
518700,688.5,690,1.1,10.5,-3.5,212.6003697,55,689.25
518800,688,689.5,1.1,10.5,-3.5,212.6045259,55,688.75
518900,689.5,691,1.1,10.5,-3.5,212.8124504,55,690.25
519000,686,687.5,1.1,10.5,-3.5,212.8032085,55,686.75
519100,690,691.5,1.1,10.5,-3.5,213.0137012,55,690.75
519200,693,694.5,1.1,10.5,-3.5,213.3776687,55,693.75
519300,693.5,695,1.1,10.5,-3.5,213.3336667,55,694.25
519400,691,692.5,1.1,10.5,-3.5,213.058486,55,691.75
519500,692.5,694,1.1,10.5,-3.5,213.2878953,55,693.25
519600,692,693.5,1.1,10.5,-3.5,213.1608097,55,692.75
519700,696.5,698,1.1,10.5,-3.5,213.4175249,55,697.25
519800,698.5,700,1.1,10.5,-3.5,213.4374362,55,699.25
519900,695,696.5,1.1,10.5,-3.5,213.3222949,55,695.75
520000,695,696.5,1.1,10.5,-3.5,213.4443509,55,695.75
520100,693.5,695,1.1,10.5,-3.5,213.1675395,55,694.25
520200,691.5,693,1.1,10.5,-3.5,213.0348221,55,692.25
520300,693,694.5,1.1,10.5,-3.5,213.2081057,55,693.75
520400,693.5,695,1.1,10.5,-3.5,212.9873756,55,694.25
520500,692.5,694,1.1,10.5,-3.5,213.1641447,55,693.25
520600,690.5,692,1.1,10.5,-3.5,213.0815236,55,691.25
520700,684,685.5,1.1,10.5,-3.5,212.890866,55,684.75
520800,683.5,685,1.1,10.5,-3.5,212.9160317,55,684.25
520900,687,688.5,1.1,10.5,-3.5,213.3424554,55,687.75
521000,689.5,691,1.1,10.5,-3.5,213.4540323,55,690.25
521100,689,690.5,1.1,10.5,-3.5,213.114113,55,689.75
521200,688,689.5,1.1,10.5,-3.5,213.3004084,55,688.75
521300,689,690.5,1.1,10.5,-3.5,213.323298,55,689.75
521400,690,691.5,1.1,10.5,-3.5,213.5359182,55,690.75
521500,689.5,691,1.1,10.5,-3.5,213.0029369,55,690.25
521600,688.5,690,1.1,10.5,-3.5,213.0481495,55,689.25
521700,688.5,690,1.1,10.5,-3.5,213.3449524,55,689.25
521800,686,687.5,1.1,10.5,-3.5,213.5125098,55,686.75
521900,683.5,685,1.1,10.5,-3.5,213.7962111,55,684.25
522000,682,683.5,1.1,10.5,-3.5,213.887322,55,682.75
522100,680.5,682,1.1,10.5,-3.5,213.8362426,55,681.25
522200,675,676.5,1.1,10.5,-3.5,213.370839,55,675.75
522300,673,674.5,1.1,10.5,-3.5,213.365661,55,673.75
522400,673,675,1.1,10.5,-3.5,213.5264066,55,674
522500,676,677.5,1.1,10.5,-3.5,213.6528853,55,676.75
522600,676,678,1.1,10.5,-3.5,213.6490839,55,677
522700,677.5,679,1.1,10.5,-3.5,214.0307933,55,678.25
522800,678.5,680,1.1,10.5,-3.5,213.8853103,55,679.25
522900,676.5,678,1.1,10.5,-3.5,213.8385362,55,677.25
523000,676.5,678,1.1,10.5,-3.5,214.129738,55,677.25
523100,676,677.5,1.1,10.5,-3.5,214.0601518,55,676.75
523200,675,676.5,1.1,10.5,-3.5,214.015605,55,675.75
523300,679,680.5,1.1,10.5,-3.5,214.11079,55,679.75
523400,677,678.5,1.1,10.5,-3.5,213.9719361,55,677.75
523500,675,676.5,1.1,10.5,-3.5,213.9565209,55,675.75
523600,676.5,678,1.1,10.5,-3.5,213.9737603,55,677.25
523700,676.5,678,1.1,10.5,-3.5,214.062524,55,677.25
523800,676.5,678,1.1,10.5,-3.5,213.9066118,55,677.25
523900,677,678.5,1.1,10.5,-3.5,213.9062266,55,677.75
524000,672.5,674,1.1,10.5,-3.5,213.2915435,55,673.25
524100,674,675.5,1.1,10.5,-3.5,213.3643111,55,674.75
524200,673,674.5,1.1,10.5,-3.5,213.2127366,55,673.75
524300,670.5,672,1.1,10.5,-3.5,213.2989664,55,671.25
524400,669.5,671,1.1,10.5,-3.5,213.0029634,55,670.25
524500,667.5,669,1.1,10.5,-3.5,212.8296503,55,668.25
524600,667,668.5,1.1,10.5,-3.5,212.6719553,55,667.75
524700,666,667.5,1.1,10.5,-3.5,212.680867,55,666.75
524800,666.5,668,1.1,10.5,-3.5,212.7505434,55,667.25
524900,667,668.5,1.1,10.5,-3.5,212.7972804,55,667.75
525000,666,667.5,1.1,10.5,-3.5,212.9133426,55,666.75
525100,661.5,663,1.1,10.5,-3.5,212.660834,55,662.25
525200,659,660.5,1.1,10.5,-3.5,212.2590121,55,659.75
525300,661.5,663,1.1,10.5,-3.5,212.2344741,55,662.25
525400,664,665.5,1.1,10.5,-3.5,212.177936,55,664.75
525500,666.5,668,1.1,10.5,-3.5,212.2455494,55,667.25
525600,667.5,669,1.1,10.5,-3.5,212.2003941,55,668.25
525700,665,666.5,1.1,10.5,-3.5,212.147552,55,665.75
525800,669,670.5,1.1,10.5,-3.5,212.2937598,55,669.75
525900,665,666.5,1.1,10.5,-3.5,211.9818101,55,665.75
526000,663,664.5,1.1,10.5,-3.5,211.7713615,55,663.75
526100,664,665.5,1.1,10.5,-3.5,212.2952074,55,664.75
526200,664,665.5,1.1,10.5,-3.5,212.0144386,55,664.75
526300,662.5,664,1.1,10.5,-3.5,212.0607328,55,663.25
526400,661.5,663,1.1,10.5,-3.5,211.8899183,55,662.25
526500,661,662.5,1.1,10.5,-3.5,211.9299854,55,661.75
526600,661.5,663,1.1,10.5,-3.5,212.1556531,55,662.25
526700,663,664.5,1.1,10.5,-3.5,212.3066381,55,663.75
526800,666,667.5,1.1,10.5,-3.5,212.5392457,55,666.75
526900,669.5,671,1.1,10.5,-3.5,212.7378247,55,670.25
527000,669,670.5,1.1,10.5,-3.5,212.9964019,55,669.75
527100,669.5,671,1.1,10.5,-3.5,212.8361227,55,670.25
527200,667,668.5,1.1,10.5,-3.5,212.5701309,55,667.75
527300,668,669.5,1.1,10.5,-3.5,212.7129723,55,668.75
527400,667,668.5,1.1,10.5,-3.5,212.5454286,55,667.75
527500,665,666.5,1.1,10.5,-3.5,212.5884219,55,665.75
527600,664.5,666,1.1,10.5,-3.5,212.6436798,55,665.25
527700,666,667.5,1.1,10.5,-3.5,212.703648,55,666.75
527800,663,664.5,1.1,10.5,-3.5,212.6821581,55,663.75
527900,660,661.5,1.1,10.5,-3.5,212.6151527,55,660.75
528000,661,662.5,1.1,10.5,-3.5,212.6535393,55,661.75
528100,665.5,667,1.1,10.5,-3.5,212.9272174,55,666.25
528200,665,666.5,1.1,10.5,-3.5,212.4105545,55,665.75
528300,670.5,672,1.1,10.5,-3.5,212.553501,55,671.25
528400,670.5,672,1.1,10.5,-3.5,212.6031231,55,671.25
528500,675,676.5,1.1,10.5,-3.5,212.9095453,55,675.75
528600,671,672.5,1.1,10.5,-3.5,212.8472515,55,671.75
528700,669,670.5,1.1,10.5,-3.5,212.882953,55,669.75
528800,668.5,670,1.1,10.5,-3.5,213.0234999,55,669.25
528900,670,671.5,1.1,10.5,-3.5,213.0722654,55,670.75
529000,675,676.5,1.1,10.5,-3.5,213.1833548,55,675.75
529100,674,675.5,1.1,10.5,-3.5,213.0748273,55,674.75
529200,671,672.5,1.1,10.5,-3.5,212.7765513,55,671.75
529300,674.5,676,1.1,10.5,-3.5,212.7293009,55,675.25
529400,674.5,676,1.1,10.5,-3.5,212.8161519,55,675.25
529500,675,676.5,1.1,10.5,-3.5,212.8108392,55,675.75
529600,673.5,675,1.1,10.5,-3.5,212.5672336,55,674.25
529700,673,674.5,1.1,10.5,-3.5,212.6419915,55,673.75
529800,678,679.5,1.1,10.5,-3.5,212.6958603,55,678.75
529900,681,682.5,1.1,10.5,-3.5,212.9137158,55,681.75
530000,683,684.5,1.1,10.5,-3.5,213.0845086,55,683.75
530100,682.5,684,1.1,10.5,-3.5,212.9254943,55,683.25
530200,680,681.5,1.1,10.5,-3.5,212.8155839,55,680.75
530300,682,683.5,1.1,10.5,-3.5,212.8106167,55,682.75
530400,686,687.5,1.1,10.5,-3.5,212.9345554,55,686.75
530500,687,688.5,1.1,10.5,-3.5,212.8948171,55,687.75
530600,686,687.5,1.1,10.5,-3.5,212.8762997,55,686.75
530700,683.5,685,1.1,10.5,-3.5,212.8346985,55,684.25
530800,681,682.5,1.1,10.5,-3.5,212.544884,55,681.75
530900,679,680.5,1.1,10.5,-3.5,212.4769206,55,679.75
531000,677.5,679,1.1,10.5,-3.5,212.222726,55,678.25
531100,677,678.5,1.1,10.5,-3.5,212.1545665,55,677.75
531200,678.5,680,1.1,10.5,-3.5,212.2557263,55,679.25
531300,673,674.5,1.1,10.5,-3.5,211.8434694,55,673.75
531400,673,675,1.1,10.5,-3.5,211.9712226,55,674
531500,673,674.5,1.1,10.5,-3.5,212.0497642,55,673.75
531600,668.5,670,1.1,10.5,-3.5,212.0000744,55,669.25
531700,672,673.5,1.1,10.5,-3.5,212.1015991,55,672.75
531800,672,673.5,1.1,10.5,-3.5,212.2196877,55,672.75
531900,671.5,673,1.1,10.5,-3.5,212.3793712,55,672.25
532000,675.5,677,1.1,10.5,-3.5,212.540268,55,676.25
532100,675.5,677,1.1,10.5,-3.5,212.2926552,55,676.25
532200,678.5,680,1.1,10.5,-3.5,212.3976175,55,679.25
532300,681,682.5,1.1,10.5,-3.5,212.6231496,55,681.75
532400,687.5,689,1.1,10.5,-3.5,212.7787978,55,688.25
532500,687.5,689,1.1,10.5,-3.5,212.6862085,55,688.25
532600,682,683.5,1.1,10.5,-3.5,212.347576,55,682.75
532700,681.5,683,1.1,10.5,-3.5,212.3737555,55,682.25
532800,683,684.5,1.1,10.5,-3.5,212.5629509,55,683.75
532900,684,685.5,1.1,10.5,-3.5,212.5861652,55,684.75
533000,683.5,685,1.1,10.5,-3.5,212.2566305,55,684.25
533100,683.5,685,1.1,10.5,-3.5,212.4564756,55,684.25
533200,686,687.5,1.1,10.5,-3.5,212.7495514,55,686.75
533300,687.5,689,1.1,10.5,-3.5,212.9634264,55,688.25
533400,685,686.5,1.1,10.5,-3.5,213.0549587,55,685.75
533500,680,681.5,1.1,10.5,-3.5,212.8668219,55,680.75
533600,678,679.5,1.1,10.5,-3.5,212.7199581,55,678.75
533700,680.5,682,1.1,10.5,-3.5,212.7697447,55,681.25
533800,681.5,683,1.1,10.5,-3.5,212.9301532,55,682.25
533900,681.5,683,1.1,10.5,-3.5,212.9988444,55,682.25
534000,678.5,680,1.1,10.5,-3.5,212.7023065,55,679.25
534100,682,683.5,1.1,10.5,-3.5,212.7715935,55,682.75
534200,684.5,686,1.1,10.5,-3.5,212.9204196,55,685.25
534300,686,687.5,1.1,10.5,-3.5,213.1514017,55,686.75
534400,687.5,689,1.1,10.5,-3.5,213.2420651,55,688.25
534500,685.5,687,1.1,10.5,-3.5,212.8703779,55,686.25
534600,683,684.5,1.1,10.5,-3.5,213.0861771,55,683.75
534700,682.5,684,1.1,10.5,-3.5,212.7666923,55,683.25
534800,682.5,684,1.1,10.5,-3.5,212.9529176,55,683.25
534900,682.5,684,1.1,10.5,-3.5,213.1088909,55,683.25
535000,682,683.5,1.1,10.5,-3.5,213.0852671,55,682.75
535100,682,684,1.1,10.5,-3.5,213.1805588,55,683
535200,683.5,685,1.1,10.5,-3.5,213.2911862,55,684.25
535300,683,684.5,1.1,10.5,-3.5,213.0532533,55,683.75
535400,680.5,682,1.1,10.5,-3.5,212.7991467,55,681.25
535500,683.5,685,1.1,10.5,-3.5,212.9269356,55,684.25
535600,683,684.5,1.1,10.5,-3.5,212.8208622,55,683.75
535700,682,683.5,1.1,10.5,-3.5,212.6064411,55,682.75
535800,683.5,685,1.1,10.5,-3.5,212.4601063,55,684.25
535900,682,683.5,1.1,10.5,-3.5,212.179502,55,682.75
536000,679,680.5,1.1,10.5,-3.5,211.8679058,55,679.75
536100,681.5,683,1.1,10.5,-3.5,212.0351721,55,682.25
536200,678,679.5,1.1,10.5,-3.5,211.9951641,55,678.75
536300,677,678.5,1.1,10.5,-3.5,211.8479547,55,677.75
536400,679,680.5,1.1,10.5,-3.5,211.9920374,55,679.75
536500,678,679.5,1.1,10.5,-3.5,211.9907754,55,678.75
536600,675.5,677,1.1,10.5,-3.5,211.8094824,55,676.25
536700,678.5,680,1.1,10.5,-3.5,211.9001094,55,679.25
536800,674.5,676,1.1,10.5,-3.5,212.1915404,55,675.25
536900,676.5,678,1.1,10.5,-3.5,212.2109741,55,677.25
537000,680,681.5,1.1,10.5,-3.5,212.3450712,55,680.75
537100,680.5,682,1.1,10.5,-3.5,212.7182191,55,681.25
537200,679.5,681,1.1,10.5,-3.5,212.5605433,55,680.25
537300,678.5,680,1.1,10.5,-3.5,212.5619363,55,679.25
537400,683.5,685,1.1,10.5,-3.5,212.7760534,55,684.25
537500,683,685,1.1,10.5,-3.5,213.0705501,55,684
537600,684,685.5,1.1,10.5,-3.5,213.4087771,55,684.75
537700,685,686.5,1.1,10.5,-3.5,213.4631183,55,685.75
537800,683,684.5,1.1,10.5,-3.5,213.3043238,55,683.75
537900,683,684.5,1.1,10.5,-3.5,213.3469201,55,683.75
538000,686.5,688,1.1,10.5,-3.5,213.7315659,55,687.25
538100,684,685.5,1.1,10.5,-3.5,213.5293097,55,684.75
538200,683.5,685,1.1,10.5,-3.5,213.3272711,55,684.25
538300,684,685.5,1.1,10.5,-3.5,213.5929761,55,684.75
538400,681.5,683,1.1,10.5,-3.5,213.441929,55,682.25
538500,679,680.5,1.1,10.5,-3.5,213.3106937,55,679.75
538600,682,683.5,1.1,10.5,-3.5,213.4040858,55,682.75
538700,681.5,683,1.1,10.5,-3.5,213.433085,55,682.25
538800,681.5,683,1.1,10.5,-3.5,213.7500646,55,682.25
538900,680,681.5,1.1,10.5,-3.5,213.6852073,55,680.75
539000,678,679.5,1.1,10.5,-3.5,213.5635647,55,678.75
539100,679,680.5,1.1,10.5,-3.5,213.6720439,55,679.75
539200,675,676.5,1.1,10.5,-3.5,213.483408,55,675.75
539300,677,678.5,1.1,10.5,-3.5,213.7188979,55,677.75
539400,676,677.5,1.1,10.5,-3.5,213.6873835,55,676.75
539500,679,680.5,1.1,10.5,-3.5,213.7904929,55,679.75
539600,677.5,679,1.1,10.5,-3.5,213.5357042,55,678.25
539700,679,680.5,1.1,10.5,-3.5,213.6358882,55,679.75
539800,678,679.5,1.1,10.5,-3.5,213.6631986,55,678.75
539900,677,678.5,1.1,10.5,-3.5,213.8512293,55,677.75
540000,674,675.5,1.1,10.5,-3.5,213.7747263,55,674.75
540100,673,674.5,1.1,10.5,-3.5,213.7977051,55,673.75
540200,674.5,676,1.1,10.5,-3.5,214.0639113,55,675.25
540300,674.5,676,1.1,10.5,-3.5,213.8171594,55,675.25
540400,672.5,674,1.1,10.5,-3.5,213.8865023,55,673.25
540500,675.5,677,1.1,10.5,-3.5,214.2125119,55,676.25
540600,670,671.5,1.1,10.5,-3.5,214.0616141,55,670.75
540700,673.5,675,1.1,10.5,-3.5,214.2885278,55,674.25
540800,672,673.5,1.1,10.5,-3.5,214.3390541,55,672.75
540900,669,670.5,1.1,10.5,-3.5,214.1318831,55,669.75
541000,667.5,669,1.1,10.5,-3.5,213.9096149,55,668.25
541100,670,671.5,1.1,10.5,-3.5,214.1540639,55,670.75
541200,669.5,671,1.1,10.5,-3.5,214.35389,55,670.25
541300,670.5,672,1.1,10.5,-3.5,214.3600585,55,671.25
541400,669.5,671,1.1,10.5,-3.5,214.3165229,55,670.25
541500,669,670.5,1.1,10.5,-3.5,214.1584131,55,669.75
541600,670.5,672,1.1,10.5,-3.5,214.2852766,55,671.25
541700,672,673.5,1.1,10.5,-3.5,214.1837313,55,672.75
541800,673.5,675,1.1,10.5,-3.5,214.1279875,55,674.25
541900,673,675,1.1,10.5,-3.5,214.0581221,55,674
542000,672.5,674,1.1,10.5,-3.5,214.0735321,55,673.25
542100,676.5,678,1.1,10.5,-3.5,214.2154414,55,677.25
542200,679,680.5,1.1,10.5,-3.5,214.4096241,55,679.75
542300,676.5,678,1.1,10.5,-3.5,214.3457036,55,677.25
542400,674.5,676,1.1,10.5,-3.5,214.2581469,55,675.25
542500,672,673.5,1.1,10.5,-3.5,213.905614,55,672.75
542600,669,670.5,1.1,10.5,-3.5,213.7694135,55,669.75
542700,671.5,673,1.1,10.5,-3.5,213.8869598,55,672.25
542800,668,669.5,1.1,10.5,-3.5,213.5026881,55,668.75
542900,670,671.5,1.1,10.5,-3.5,213.7483309,55,670.75
543000,673,674.5,1.1,10.5,-3.5,213.9200924,55,673.75
543100,674.5,676,1.1,10.5,-3.5,214.1919834,55,675.25
543200,672.5,674,1.1,10.5,-3.5,214.4222125,55,673.25
543300,670.5,672,1.1,10.5,-3.5,214.3747099,55,671.25
543400,672.5,674,1.1,10.5,-3.5,214.4406907,55,673.25
543500,670.5,672,1.1,10.5,-3.5,214.3618449,55,671.25
543600,668,669.5,1.1,10.5,-3.5,214.0885055,55,668.75
543700,666,667.5,1.1,10.5,-3.5,214.0807268,55,666.75
543800,661.5,663,1.1,10.5,-3.5,213.8573323,55,662.25
543900,658,659.5,1.1,10.5,-3.5,213.7223169,55,658.75
544000,658,659.5,1.1,10.5,-3.5,213.6630943,55,658.75
544100,659,660.5,1.1,10.5,-3.5,213.7683355,55,659.75
544200,659,660.5,1.1,10.5,-3.5,213.4755098,55,659.75
544300,660,661.5,1.1,10.5,-3.5,213.7186537,55,660.75
544400,658.5,660,1.1,10.5,-3.5,213.6163486,55,659.25
544500,655,656.5,1.1,10.5,-3.5,213.4513237,55,655.75
544600,652,653.5,1.1,10.5,-3.5,213.3620203,55,652.75
544700,650,651.5,1.1,10.5,-3.5,212.9724465,55,650.75
544800,652.5,654,1.1,10.5,-3.5,213.1625248,55,653.25
544900,656,657.5,1.1,10.5,-3.5,213.3757514,55,656.75
545000,655,656.5,1.1,10.5,-3.5,213.3390949,55,655.75
545100,653,654.5,1.1,10.5,-3.5,213.1295284,55,653.75
545200,654.5,656,1.1,10.5,-3.5,213.2369878,55,655.25
545300,653.5,655,1.1,10.5,-3.5,213.4819837,55,654.25
545400,653.5,655,1.1,10.5,-3.5,213.016434,55,654.25
545500,654.5,656,1.1,10.5,-3.5,213.228744,55,655.25
545600,654,655.5,1.1,10.5,-3.5,213.035074,55,654.75
545700,656,657.5,1.1,10.5,-3.5,213.1631229,55,656.75
545800,657.5,659,1.1,10.5,-3.5,213.3314728,55,658.25
545900,659.5,661,1.1,10.5,-3.5,213.4478607,55,660.25
546000,658.5,660,1.1,10.5,-3.5,213.3966491,55,659.25
546100,656.5,658,1.1,10.5,-3.5,213.2019056,55,657.25
546200,658,659.5,1.1,10.5,-3.5,213.2834692,55,658.75
546300,658,659.5,1.1,10.5,-3.5,213.2239774,55,658.75
546400,656.5,658,1.1,10.5,-3.5,212.9218562,55,657.25
546500,657.5,659,1.1,10.5,-3.5,212.8721223,55,658.25
546600,657,658.5,1.1,10.5,-3.5,212.8692406,55,657.75
546700,656,657.5,1.1,10.5,-3.5,212.8691373,55,656.75
546800,654.5,656,1.1,10.5,-3.5,212.9496949,55,655.25
546900,654,655.5,1.1,10.5,-3.5,213.137217,55,654.75
547000,652.5,654,1.1,10.5,-3.5,213.0845113,55,653.25
547100,654.5,656,1.1,10.5,-3.5,213.1482895,55,655.25
547200,654.5,656.5,1.1,10.5,-3.5,212.8009194,55,655.5
547300,654,655.5,1.1,10.5,-3.5,212.5935321,55,654.75
547400,656.5,658,1.1,10.5,-3.5,212.6325766,55,657.25
547500,654.5,656,1.1,10.5,-3.5,212.4299831,55,655.25
547600,654.5,656,1.1,10.5,-3.5,212.3309254,55,655.25
547700,652.5,654,1.1,10.5,-3.5,212.1639968,55,653.25
547800,649.5,651,1.1,10.5,-3.5,211.9618746,55,650.25
547900,650.5,652,1.1,10.5,-3.5,212.3124096,55,651.25
548000,653.5,655,1.1,10.5,-3.5,212.6076979,55,654.25
548100,657,658.5,1.1,10.5,-3.5,212.6769898,55,657.75
548200,658,659.5,1.1,10.5,-3.5,213.1424082,55,658.75
548300,660,661.5,1.1,10.5,-3.5,213.2472872,55,660.75
548400,662,663.5,1.1,10.5,-3.5,213.3618511,55,662.75
548500,663.5,665,1.1,10.5,-3.5,213.5172671,55,664.25
548600,665,666.5,1.1,10.5,-3.5,213.8865598,55,665.75
548700,667,668.5,1.1,10.5,-3.5,213.8974849,55,667.75
548800,668,669.5,1.1,10.5,-3.5,213.8898349,55,668.75
548900,669,670.5,1.1,10.5,-3.5,213.9713146,55,669.75
549000,669,670.5,1.1,10.5,-3.5,214.047552,55,669.75
549100,669,671,1.1,10.5,-3.5,214.0440856,55,670
549200,669,670.5,1.1,10.5,-3.5,213.6688156,55,669.75
549300,667.5,669,1.1,10.5,-3.5,213.8405278,55,668.25
549400,671,672.5,1.1,10.5,-3.5,213.8421609,55,671.75
549500,667,668.5,1.1,10.5,-3.5,213.7563914,55,667.75
549600,666,667.5,1.1,10.5,-3.5,213.8578211,55,666.75
549700,662,663.5,1.1,10.5,-3.5,213.5599502,55,662.75
549800,663,664.5,1.1,10.5,-3.5,213.571058,55,663.75
549900,662.5,664,1.1,10.5,-3.5,213.4123634,55,663.25
550000,667,668.5,1.1,10.5,-3.5,213.4548388,55,667.75
550100,665.5,667,1.1,10.5,-3.5,212.9649923,55,666.25
550200,665.5,667,1.1,10.5,-3.5,212.9556894,55,666.25
550300,665,667,1.1,10.5,-3.5,212.9309934,55,666
550400,663.5,665,1.1,10.5,-3.5,212.8617545,55,664.25
550500,658,659.5,1.1,10.5,-3.5,212.5599702,55,658.75
550600,661,662.5,1.1,10.5,-3.5,212.8138562,55,661.75
550700,662.5,664,1.1,10.5,-3.5,212.8535096,55,663.25
550800,664,665.5,1.1,10.5,-3.5,212.8631858,55,664.75
550900,663,664.5,1.1,10.5,-3.5,212.639196,55,663.75
551000,664.5,666,1.1,10.5,-3.5,212.6930305,55,665.25
551100,664,665.5,1.1,11,-3.5,212.3843162,55,664.75
551200,659.5,661,1.1,11,-3.5,212.3148275,55,660.25
551300,661,662.5,1.1,11,-3.5,212.5431795,55,661.75
551400,663,664.5,1.1,11,-3.5,212.5642693,55,663.75
551500,664.5,666,1.1,11,-3.5,212.8882112,55,665.25
551600,663.5,665,1.1,11,-3.5,212.8350954,55,664.25
551700,664,665.5,1.1,11,-3.5,212.8724819,55,664.75
551800,663,664.5,1.1,11,-3.5,212.7445112,55,663.75
551900,665,666.5,1.1,11,-3.5,212.806393,55,665.75
552000,666,667.5,1.1,11,-3.5,212.7980644,55,666.75
552100,664,665.5,1.1,11,-3.5,212.7158717,55,664.75
552200,664,666,1.1,11,-3.5,212.889911,55,665
552300,665.5,667,1.1,11,-3.5,212.8502841,55,666.25
552400,668.5,670,1.1,11,-3.5,212.8900066,55,669.25
552500,670,671.5,1.1,11,-3.5,212.8916999,55,670.75
552600,670.5,672,1.1,11,-3.5,212.6710342,55,671.25
552700,670.5,672,1.1,11,-3.5,212.8462328,55,671.25
552800,670,671.5,1.1,11,-3.5,212.5257764,55,670.75
552900,672.5,674,1.1,11,-3.5,212.1439632,55,673.25
553000,674,675.5,1.1,11,-3.5,212.2946664,55,674.75
553100,674.5,676,1.1,11,-3.5,212.4928942,55,675.25
553200,675.5,677,1.1,11,-3.5,212.2683795,55,676.25
553300,674.5,676,1.1,11,-3.5,212.1871848,55,675.25
553400,675.5,677,1.1,11,-3.5,212.1417627,55,676.25
553500,677,678.5,1.1,11,-3.5,212.3347536,55,677.75
553600,678,679.5,1.1,11,-3.5,212.4083193,55,678.75
553700,677,678.5,1.1,11,-3.5,212.329224,55,677.75
553800,675.5,677,1.1,11,-3.5,212.3532093,55,676.25
553900,675.5,677,1.1,11,-3.5,212.2408575,55,676.25
554000,673,674.5,1.1,11,-3.5,211.9260182,55,673.75
554100,671,672.5,1.1,11,-3.5,211.5690674,55,671.75
554200,674.5,676,1.1,11,-3.5,211.8138257,55,675.25
554300,672.5,674,1.1,11,-3.5,211.7588786,55,673.25
554400,676.5,678,1.1,11,-3.5,211.9522479,55,677.25
554500,681.5,683,1.1,11,-3.5,212.236024,55,682.25
554600,682.5,684,1.1,11,-3.5,212.3423442,55,683.25
554700,680,681.5,1.1,11,-3.5,212.2409963,55,680.75
554800,678.5,680,1.1,11,-3.5,212.0284691,55,679.25
554900,678.5,680.5,1.1,11,-3.5,212.0275889,55,679.5
555000,678,679.5,1.1,11,-3.5,211.8711497,55,678.75
555100,677.5,679,1.1,11,-3.5,211.4982995,55,678.25
555200,679,680.5,1.1,11,-3.5,211.2438219,55,679.75
555300,678,679.5,1.1,11,-3.5,211.2889342,55,678.75
555400,676,677.5,1.1,11,-3.5,211.4473106,55,676.75
555500,677.5,679,1.1,11,-3.5,211.2824281,55,678.25
555600,675,676.5,1.1,11,-3.5,211.0664525,55,675.75
555700,677.5,679,1.1,11,-3.5,211.026728,55,678.25
555800,679.5,681,1.1,11,-3.5,211.4119347,55,680.25
555900,681.5,683,1.1,11,-3.5,211.1417904,55,682.25
556000,681.5,683,1.1,11,-3.5,211.0990087,55,682.25
556100,680,681.5,1.1,11,-3.5,210.9603321,55,680.75
556200,678.5,680,1.1,11,-3.5,210.9094619,55,679.25
556300,678.5,680.5,1.1,11,-3.5,210.795154,55,679.5
556400,678.5,680,1.1,11,-3.5,210.8478023,55,679.25
556500,676.5,678,1.1,11,-3.5,210.8384303,55,677.25
556600,674,675.5,1.1,11,-3.5,210.5485293,55,674.75
556700,677,678.5,1.1,11,-3.5,210.7527156,55,677.75
556800,676.5,678,1.1,11,-3.5,210.6255565,55,677.25
556900,677,678.5,1.1,11,-3.5,210.7757485,55,677.75
557000,678.5,680,1.1,11,-3.5,210.9963635,55,679.25
557100,683,684.5,1.1,11,-3.5,211.2606396,55,683.75
557200,680.5,682,1.1,11,-3.5,211.0745249,55,681.25
557300,681,682.5,1.1,11,-3.5,211.1783638,55,681.75
557400,683.5,685,1.1,11,-3.5,211.2516047,55,684.25
557500,681.5,683,1.1,11,-3.5,211.1646486,55,682.25
557600,678.5,680,1.1,11,-3.5,210.9207164,55,679.25
557700,681.5,683,1.1,11,-3.5,211.1045801,55,682.25
557800,681.5,683,1.1,11,-3.5,211.0668497,55,682.25
557900,680,681.5,1.1,11,-3.5,210.9460249,55,680.75
558000,678,679.5,1.1,11,-3.5,210.7977389,55,678.75
558100,679.5,681,1.1,11,-3.5,210.8235392,55,680.25
558200,677,678.5,1.1,11,-3.5,210.8024764,55,677.75
558300,674.5,676,1.1,11,-3.5,210.8402267,55,675.25
558400,676.5,678,1.1,11,-3.5,210.8157019,55,677.25
558500,675.5,677,1.1,11,-3.5,210.7305903,55,676.25
558600,677.5,679,1.1,11,-3.5,210.6845443,55,678.25
558700,677.5,679,1.1,11,-3.5,210.4028558,55,678.25
558800,679.5,681,1.1,11,-3.5,210.5520598,55,680.25
558900,683,684.5,1.1,11,-3.5,210.6152769,55,683.75
559000,683.5,685,1.1,11,-3.5,210.68636,55,684.25
559100,685,686.5,1.1,11,-3.5,210.7542566,55,685.75
559200,683.5,685,1.1,11,-3.5,210.7576302,55,684.25
559300,685,686.5,1.1,11,-3.5,210.928783,55,685.75
559400,681,682.5,1.1,11,-3.5,210.7235769,55,681.75
559500,681,682.5,1.1,11,-3.5,210.3996907,55,681.75
559600,680,681.5,1.1,11,-3.5,210.3821015,55,680.75
559700,682,683.5,1.1,11,-3.5,210.4626478,55,682.75
559800,685,686.5,1.1,11,-3.5,210.6618371,55,685.75
559900,686,687.5,1.1,11,-3.5,210.5782936,55,686.75
560000,684,685.5,1.1,11,-3.5,210.2046232,55,684.75
560100,683.5,685,1.1,11,-3.5,210.2658767,55,684.25
560200,684,685.5,1.1,11,-3.5,210.3988112,55,684.75
560300,687,688.5,1.1,11,-3.5,210.6925588,55,687.75
560400,681.5,683,1.1,11,-3.5,210.5141279,55,682.25
560500,683,684.5,1.1,11,-3.5,210.620937,55,683.75
560600,684,685.5,1.1,11,-3.5,211.0123452,55,684.75
560700,686,687.5,1.1,11,-3.5,211.0676656,55,686.75
560800,682,683.5,1.1,11,-3.5,211.0739776,55,682.75
560900,683,684.5,1.1,11,-3.5,211.2774106,55,683.75
561000,684,685.5,1.1,11,-3.5,211.2961899,55,684.75
561100,680,681.5,1.1,11,-3.5,211.0506432,55,680.75
561200,680,681.5,1.1,11,-3.5,211.0612712,55,680.75
561300,678.5,680,1.1,11,-3.5,210.9588221,55,679.25
561400,676.5,678,1.1,11,-3.5,211.1181322,55,677.25
561500,674.5,676,1.1,11,-3.5,210.8459349,55,675.25
561600,678,679.5,1.1,11,-3.5,211.0613786,55,678.75
561700,675,676.5,1.1,11,-3.5,210.7989667,55,675.75
561800,674,675.5,1.1,11,-3.5,210.7073117,55,674.75
561900,674,675.5,1.1,11,-3.5,210.8390689,55,674.75
562000,673,674.5,1.1,11,-3.5,210.7837252,55,673.75
562100,670.5,672,1.1,11,-3.5,210.6586914,55,671.25
562200,671,672.5,1.1,11,-3.5,210.7793266,55,671.75
562300,672.5,674,1.1,11,-3.5,210.8824313,55,673.25
562400,672,673.5,1.1,11,-3.5,210.7404547,55,672.75
562500,670.5,672,1.1,11,-3.5,210.4877579,55,671.25
562600,670.5,672,1.1,11,-3.5,210.2945395,55,671.25
562700,673,674.5,1.1,11,-3.5,210.405445,55,673.75
562800,676,677.5,1.1,11,-3.5,210.7666428,55,676.75
562900,674,675.5,1.1,11,-3.5,210.7240507,55,674.75
563000,669.5,671,1.1,11,-3.5,210.6038163,55,670.25
563100,670.5,672,1.1,11,-3.5,210.592448,55,671.25
563200,672.5,674,1.1,11,-3.5,210.632437,55,673.25
563300,670.5,672,1.1,11,-3.5,210.348304,55,671.25
563400,666.5,668,1.1,11,-3.5,209.9919487,55,667.25
563500,670,671.5,1.1,11,-3.5,210.1219333,55,670.75
563600,666,667.5,1.1,11,-3.5,209.6506706,55,666.75
563700,663.5,665,1.1,11,-3.5,209.4379294,55,664.25
563800,663,664.5,1.1,11,-3.5,209.2639134,55,663.75
563900,664.5,666,1.1,11,-3.5,209.2940166,55,665.25
564000,665.5,667,1.1,11,-3.5,209.3154586,55,666.25
564100,670.5,672,1.1,11,-3.5,209.40552,55,671.25
564200,676,677.5,1.1,11,-3.5,209.7767961,55,676.75
564300,679.5,681,1.1,11,-3.5,209.8049799,55,680.25
564400,680.5,682,1.1,11,-3.5,209.8973285,55,681.25
564500,681,682.5,1.1,11,-3.5,209.7910553,55,681.75
564600,680,681.5,1.1,11,-3.5,209.5317676,55,680.75
564700,677,678.5,1.1,11,-3.5,209.1935662,55,677.75
564800,673,674.5,1.1,11,-3.5,208.8817886,55,673.75
564900,667,668.5,1.1,11,-3.5,208.6870378,55,667.75
565000,664.5,666,1.1,11,-3.5,208.6601647,55,665.25
565100,661.5,663,1.1,11,-3.5,208.3103658,55,662.25
565200,663,664.5,1.1,11,-3.5,207.8159302,55,663.75
565300,662.5,664,1.1,11,-3.5,207.7221488,55,663.25
565400,662.5,664,1.1,11,-3.5,207.8664625,55,663.25
565500,664,665.5,1.1,11,-3.5,208.0131824,55,664.75
565600,660,661.5,1.1,11,-3.5,207.9985639,55,660.75
565700,660,661.5,1.1,11,-3.5,208.0585941,55,660.75
565800,658,659.5,1.1,11,-3.5,207.9343139,55,658.75
565900,657.5,659,1.1,11,-3.5,207.897676,55,658.25
566000,661,662.5,1.1,11,-3.5,207.9649261,55,661.75
566100,660.5,662,1.1,11,-3.5,207.9217098,55,661.25
566200,660.5,662,1.1,11,-3.5,207.8154329,55,661.25
566300,662.5,664,1.1,11,-3.5,208.0137468,55,663.25
566400,661.5,663,1.1,11,-3.5,207.6322265,55,662.25
566500,662.5,664,1.1,11,-3.5,207.8083277,55,663.25
566600,664,665.5,1.1,11,-3.5,207.8757974,55,664.75
566700,667,668.5,1.1,11,-3.5,208.0267431,55,667.75
566800,666,667.5,1.1,11,-3.5,207.6572668,55,666.75
566900,667.5,669,1.1,11,-3.5,207.8196136,55,668.25
567000,671,672.5,1.1,11,-3.5,207.9446498,55,671.75
567100,665.5,667,1.1,11,-3.5,207.9203465,55,666.25
567200,665,666.5,1.1,11,-3.5,207.8771912,55,665.75
567300,666,667.5,1.1,11,-3.5,208.0357335,55,666.75
567400,664.5,666,1.1,11,-3.5,208.1874347,55,665.25
567500,661,662.5,1.1,11,-3.5,208.1006545,55,661.75
567600,659.5,661,1.1,11,-3.5,207.8871819,55,660.25
567700,661,662.5,1.1,11,-3.5,207.9364639,55,661.75
567800,662,663.5,1.1,11,-3.5,208.065098,55,662.75
567900,661,662.5,1.1,11,-3.5,207.972885,55,661.75
568000,662.5,664,1.1,11,-3.5,207.9931069,55,663.25
568100,664.5,666,1.1,11,-3.5,208.1491194,55,665.25
568200,661.5,663,1.1,11,-3.5,207.6905227,55,662.25
568300,662,663.5,1.1,11,-3.5,207.6849571,55,662.75
568400,664.5,666,1.1,11,-3.5,208.017794,55,665.25
568500,664,665.5,1.1,11,-3.5,207.8386058,55,664.75
568600,662.5,664,1.1,11,-3.5,207.8040278,55,663.25
568700,662.5,664.5,1.1,11,-3.5,207.9353903,55,663.5
568800,662,663.5,1.1,11,-3.5,207.9931108,55,662.75
568900,667,668.5,1.1,11,-3.5,208.1724242,55,667.75
569000,665,666.5,1.1,11,-3.5,207.9972252,55,665.75
569100,667,668.5,1.1,11,-3.5,208.1182865,55,667.75
569200,666.5,668,1.1,11,-3.5,207.9875209,55,667.25
569300,663.5,665,1.1,11,-3.5,207.6892437,55,664.25
569400,660.5,662,1.1,11,-3.5,207.651055,55,661.25
569500,658.5,660,1.1,11,-3.5,207.6247125,55,659.25
569600,656.5,658,1.1,11,-3.5,207.4570069,55,657.25
569700,655.5,657,1.1,11,-3.5,207.5324035,55,656.25
569800,652.5,654,1.1,11,-3.5,207.5759807,55,653.25
569900,650.5,652,1.1,11,-3.5,207.4698621,55,651.25
570000,648.5,650,1.1,11,-3.5,207.3503168,55,649.25
570100,643.5,645,1.1,11,-3.5,207.286582,55,644.25
570200,644,645.5,1.1,11,-3.5,207.3799298,55,644.75
570300,645.5,647,1.1,11,-3.5,207.2680894,55,646.25
570400,646,647.5,1.1,11,-3.5,207.1903138,55,646.75
570500,644,645.5,1.1,11,-3.5,207.2210839,55,644.75
570600,644,645.5,1.1,11,-3.5,207.5810167,55,644.75
570700,644.5,646,1.1,11,-3.5,207.5754974,55,645.25
570800,642.5,644,1.1,11,-3.5,207.5667682,55,643.25
570900,641,642.5,1.1,11,-3.5,207.3317652,55,641.75
571000,641.5,643,1.1,11,-3.5,207.324638,55,642.25
571100,644,645.5,1.1,11,-3.5,207.3866489,55,644.75
571200,642,643.5,1.1,11,-3.5,207.2242071,55,642.75
571300,641,642.5,1.1,11,-3.5,207.1394288,55,641.75
571400,635,636.5,1.1,11,-3.5,206.99238,55,635.75
571500,631,632.5,1.1,11,-3.5,206.6254825,55,631.75
571600,631,632.5,1.1,11,-3.5,206.6498332,55,631.75
571700,630.5,632,1.1,11,-3.5,206.9104377,55,631.25
571800,628.5,630,1.1,11,-3.5,206.8584639,55,629.25
571900,630,631.5,1.1,11,-3.5,206.9515627,55,630.75
572000,632,633.5,1.1,11,-3.5,207.0039788,55,632.75
572100,632,633.5,1.1,11,-3.5,207.2793104,55,632.75
572200,634,635.5,1.1,11,-3.5,207.3696929,55,634.75
572300,639.5,641,1.1,11,-3.5,207.56584,55,640.25
572400,636.5,638,1.1,11,-3.5,207.4992782,55,637.25
572500,635.5,637,1.1,11,-3.5,207.3706678,55,636.25
572600,637,638.5,1.1,11,-3.5,207.7015786,55,637.75
572700,638.5,640,1.1,11,-3.5,208.0323654,55,639.25
572800,643.5,645,1.1,11,-3.5,208.2369388,55,644.25
572900,642.5,644,1.1,11,-3.5,208.1648281,55,643.25
573000,637,638.5,1.1,11,-3.5,208.1300739,55,637.75
573100,634.5,636,1.1,11,-3.5,208.0852248,55,635.25
573200,634,635.5,1.1,11,-3.5,207.9680518,55,634.75
573300,635.5,637,1.1,11,-3.5,207.9573521,55,636.25
573400,636,637.5,1.1,11,-3.5,207.9036093,55,636.75
573500,637,638.5,1.1,11,-3.5,207.9612602,55,637.75
573600,642,643.5,1.1,11,-3.5,208.2452789,55,642.75
573700,641.5,643.5,1.1,11,-3.5,208.1598204,55,642.5
573800,642,643.5,1.1,11,-3.5,208.2865701,55,642.75
573900,642,643.5,1.1,11,-3.5,208.2528013,55,642.75
574000,638,639.5,1.1,11,-3.5,208.0491023,55,638.75
574100,636.5,638,1.1,11,-3.5,207.9049351,55,637.25
574200,639.5,641,1.1,11,-3.5,207.9715519,55,640.25
574300,641.5,643,1.1,11,-3.5,208.2501869,55,642.25
574400,637,638.5,1.1,11,-3.5,208.1145762,55,637.75
574500,640,641.5,1.1,11,-3.5,208.118512,55,640.75
574600,637,638.5,1.1,11,-3.5,207.7762464,55,637.75
574700,634.5,636,1.1,11,-3.5,207.7305044,55,635.25
574800,633,634.5,1.1,11,-3.5,207.3419904,55,633.75
574900,634,635.5,1.1,11,-3.5,207.421323,55,634.75
575000,634,635.5,1.1,11,-3.5,207.3855295,55,634.75
575100,634.5,636,1.1,11,-3.5,207.3673915,55,635.25
575200,635,636.5,1.1,11,-3.5,207.4148753,55,635.75
575300,635,637,1.1,11,-3.5,207.485085,55,636
575400,633,634.5,1.1,11,-3.5,207.4241078,55,633.75
575500,629.5,631,1.1,11,-3.5,207.301812,55,630.25
575600,631.5,633,1.1,11,-3.5,207.6104251,55,632.25
575700,634.5,636,1.1,11,-3.5,207.9730933,55,635.25
575800,633.5,635,1.1,11,-3.5,208.1518402,55,634.25
575900,636,637.5,1.1,11,-3.5,208.3562352,55,636.75
576000,632,633.5,1.1,10.5,-3.5,208.1850942,55,632.75
576100,627.5,629,1.1,10.5,-3.5,207.845056,55,628.25
576200,627,628.5,1.1,10.5,-3.5,207.9161535,55,627.75
576300,626,627.5,1.1,10.5,-3.5,207.8161442,55,626.75
576400,627,628.5,1.1,10.5,-3.5,208.1111706,55,627.75
576500,628.5,630,1.1,10.5,-3.5,208.0826529,55,629.25
576600,631,632.5,1.1,10.5,-3.5,208.1140489,55,631.75
576700,633.5,635,1.1,10.5,-3.5,208.4543604,55,634.25
576800,633,634.5,1.1,10.5,-3.5,208.5254466,55,633.75
576900,633,635,1.1,10.5,-3.5,208.6734439,55,634
577000,638,639.5,1.1,10.5,-3.5,209.0508682,55,638.75
577100,634.5,636,1.1,10.5,-3.5,209.0120522,55,635.25
577200,636,637.5,1.1,10.5,-3.5,209.1353561,55,636.75
577300,634,635.5,1.1,10.5,-3.5,209.0453587,55,634.75
577400,631,632.5,1.1,10.5,-3.5,209.0328227,55,631.75
577500,630,631.5,1.1,10.5,-3.5,208.9982748,55,630.75
577600,628.5,630,1.1,10.5,-3.5,208.9025204,55,629.25
577700,626.5,628,1.1,10.5,-3.5,208.7725759,55,627.25
577800,626,627.5,1.1,10.5,-3.5,208.7017652,55,626.75
577900,630.5,632,1.1,10.5,-3.5,208.7504116,55,631.25
578000,629,630.5,1.1,10.5,-3.5,208.5103687,55,629.75
578100,631,632.5,1.1,10.5,-3.5,208.5196074,55,631.75
578200,630.5,632,1.1,10.5,-3.5,208.371208,55,631.25
578300,626.5,628,1.1,10.5,-3.5,208.2626901,55,627.25
578400,621,622.5,1.1,10.5,-3.5,208.2294996,55,621.75
578500,625,626.5,1.1,10.5,-3.5,208.393647,55,625.75
578600,624.5,626,1.1,10.5,-3.5,208.4754398,55,625.25
578700,626,627.5,1.1,10.5,-3.5,208.6186229,55,626.75
578800,625.5,627,1.1,10.5,-3.5,208.1424077,55,626.25
578900,626,627.5,1.1,10.5,-3.5,208.3477992,55,626.75
579000,626,627.5,1.1,10.5,-3.5,208.1423142,55,626.75
579100,623,624.5,1.1,10.5,-3.5,208.0176889,55,623.75
579200,622,623.5,1.1,10.5,-3.5,207.7939038,55,622.75
579300,623.5,625,1.1,10.5,-3.5,208.2575958,55,624.25
579400,627.5,629,1.1,10.5,-3.5,208.2972218,55,628.25
579500,627.5,629,1.1,10.5,-3.5,208.2856318,55,628.25
579600,625.5,627,1.1,10.5,-3.5,208.1305242,55,626.25
579700,622.5,624,1.1,10.5,-3.5,208.0848293,55,623.25
579800,622,623.5,1.1,10.5,-3.5,208.0207547,55,622.75
579900,623.5,625,1.1,10.5,-3.5,208.4407112,55,624.25
580000,620,621.5,1.1,10.5,-3.5,208.3806724,55,620.75
580100,620,621.5,1.1,10.5,-3.5,208.5409008,55,620.75
580200,619,620.5,1.1,10.5,-3.5,208.1867318,55,619.75
580300,622,623.5,1.1,10.5,-3.5,208.1921216,55,622.75
580400,620.5,622,1.1,10.5,-3.5,208.0433478,55,621.25
580500,617.5,619,1.1,10.5,-3.5,207.9480044,55,618.25
580600,617,618.5,1.1,10.5,-3.5,207.9823495,55,617.75
580700,614.5,616,1.1,10.5,-3.5,207.8344736,55,615.25
580800,613.5,615,1.1,10.5,-3.5,207.6139797,55,614.25
580900,608,609.5,1.1,10.5,-3.5,207.2972553,55,608.75
581000,610,611.5,1.1,10.5,-3.5,207.3173843,55,610.75
581100,606.5,608,1.1,10.5,-3.5,207.2826888,55,607.25
581200,609.5,611,1.1,10.5,-3.5,207.3772776,55,610.25
581300,608.5,610,1.1,10.5,-3.5,207.5369197,55,609.25
581400,608,609.5,1.1,10.5,-3.5,207.2489638,55,608.75
581500,605,606.5,1.1,10.5,-3.5,207.0485671,55,605.75
581600,602,603.5,1.1,10.5,-3.5,206.905529,55,602.75
581700,601.5,603,1.1,10.5,-3.5,206.750829,55,602.25
581800,599,600.5,1.1,10.5,-3.5,206.4693211,55,599.75
581900,596.5,598,1.1,10.5,-3.5,206.4628214,55,597.25
582000,592,593.5,1.1,10.5,-3.5,206.1492867,55,592.75
582100,594.5,596,1.1,10.5,-3.5,206.1825466,55,595.25
582200,592.5,594,1.1,10.5,-3.5,206.1452562,55,593.25
582300,589,590.5,1.1,10.5,-3.5,205.7849279,55,589.75
582400,590,591.5,1.1,10.5,-3.5,205.9736418,55,590.75
582500,586,587.5,1.1,10.5,-3.5,205.7002964,55,586.75
582600,584.5,586,1.1,10.5,-3.5,205.3982752,55,585.25
582700,587.5,589,1.1,10.5,-3.5,205.6320548,55,588.25
582800,589,590.5,1.1,10.5,-3.5,205.7107688,55,589.75
582900,588,589.5,1.1,10.5,-3.5,205.4518483,55,588.75
583000,589,590.5,1.1,10.5,-3.5,205.5372146,55,589.75
583100,591,592.5,1.1,10.5,-3.5,205.5929898,55,591.75
583200,591,593,1.1,10.5,-3.5,205.7491215,55,592
583300,589.5,591,1.1,10.5,-3.5,205.8003485,55,590.25
583400,589.5,591.5,1.1,10.5,-3.5,206.234706,55,590.5
583500,591.5,593,1.1,10.5,-3.5,206.1849758,55,592.25
583600,589,590.5,1.1,10.5,-3.5,206.0139717,55,589.75
583700,585.5,587,1.1,10.5,-3.5,205.6448963,55,586.25
583800,586.5,588,1.1,10.5,-3.5,205.9960903,55,587.25
583900,589.5,591,1.1,10.5,-3.5,206.3056988,55,590.25
584000,587,588.5,1.1,10.5,-3.5,206.0172476,55,587.75
584100,584.5,586,1.1,10.5,-3.5,206.0813596,55,585.25
584200,585,586.5,1.1,10.5,-3.5,206.0639159,55,585.75
584300,582,583.5,1.1,10.5,-3.5,205.8644623,55,582.75
584400,578.5,580,1.1,10.5,-3.5,205.4604292,55,579.25
584500,576.5,578,1.1,10.5,-3.5,205.2452819,55,577.25
584600,580,581.5,1.1,10.5,-3.5,205.5427016,55,580.75
584700,578.5,580,1.1,10.5,-3.5,205.6251219,55,579.25
584800,578,579.5,1.1,10.5,-3.5,205.7390136,55,578.75
584900,576,577.5,1.1,10.5,-3.5,205.4423378,55,576.75
585000,574.5,576,1.1,10.5,-3.5,205.2976007,55,575.25
585100,573,574.5,1.1,10.5,-3.5,205.2608965,55,573.75
585200,571,572.5,1.1,10.5,-3.5,205.1570062,55,571.75
585300,568.5,570,1.1,10.5,-3.5,205.0817169,55,569.25
585400,564,565.5,1.1,10.5,-3.5,204.8225983,55,564.75
585500,562.5,564,1.1,10.5,-3.5,204.6258176,55,563.25
585600,561,562.5,1.1,10.5,-3.5,204.5747334,55,561.75
585700,562,563.5,1.1,10.5,-3.5,204.8957867,55,562.75
585800,563,564.5,1.1,10.5,-3.5,204.9668665,55,563.75
585900,565,566.5,1.1,10.5,-3.5,205.0380085,55,565.75
586000,564,565.5,1.1,10.5,-3.5,204.7197618,55,564.75
586100,565,566.5,1.1,10.5,-3.5,204.6930908,55,565.75
586200,564.5,566,1.1,10.5,-3.5,204.8472132,55,565.25
586300,567,568.5,1.1,10.5,-3.5,204.87829,55,567.75
586400,566.5,568,1.1,10.5,-3.5,204.7600327,55,567.25
586500,568.5,570,1.1,10.5,-3.5,204.8004835,55,569.25
586600,570.5,572,1.1,10.5,-3.5,205.1745961,55,571.25
586700,568,569.5,1.1,10.5,-3.5,204.9413842,55,568.75
586800,568,569.5,1.1,10.5,-3.5,204.9418873,55,568.75
586900,569,570.5,1.1,10.5,-3.5,205.093525,55,569.75
587000,568,569.5,1.1,10.5,-3.5,204.7556055,55,568.75
587100,566.5,568,1.1,10.5,-3.5,204.7442648,55,567.25
587200,567,568.5,1.1,10.5,-3.5,204.6846614,55,567.75
587300,568,569.5,1.1,10.5,-3.5,204.7258908,55,568.75
587400,570.5,572,1.1,10.5,-3.5,204.7713597,55,571.25
587500,573,574.5,1.1,10.5,-3.5,204.8870209,55,573.75
587600,573.5,575,1.1,10.5,-3.5,204.884976,55,574.25
587700,571,572.5,1.1,10.5,-3.5,204.7352042,55,571.75
587800,568.5,570,1.1,10.5,-3.5,204.520809,55,569.25
587900,569.5,571,1.1,10.5,-3.5,204.5342183,55,570.25
588000,572,573.5,1.1,10.5,-3.5,204.5568949,55,572.75
588100,571,572.5,1.1,10.5,-3.5,204.1820621,55,571.75
588200,573,574.5,1.1,10.5,-3.5,203.9194594,55,573.75
588300,570,571.5,1.1,10.5,-3.5,203.6730408,55,570.75
588400,570,572,1.1,10.5,-3.5,204.258908,55,571
588500,569.5,571,1.1,10.5,-3.5,204.4248247,55,570.25
588600,571.5,573,1.1,10.5,-3.5,204.6875206,55,572.25
588700,571,572.5,1.1,10.5,-3.5,204.5700657,55,571.75
588800,570.5,572,1.1,10.5,-3.5,204.3312693,55,571.25
588900,571,572.5,1.1,10.5,-3.5,204.3411574,55,571.75
589000,574,575.5,1.1,10.5,-3.5,204.465047,55,574.75
589100,573,574.5,1.1,10.5,-3.5,204.37856,55,573.75
589200,575.5,577,1.1,10.5,-3.5,204.5807578,55,576.25
589300,574,575.5,1.1,10.5,-3.5,204.336157,55,574.75
589400,570,571.5,1.1,10.5,-3.5,203.9577848,55,570.75
589500,567.5,569,1.1,10.5,-3.5,203.9480945,55,568.25
589600,566,567.5,1.1,10.5,-3.5,203.9099327,55,566.75
589700,561.5,563,1.1,10.5,-3.5,203.8001411,55,562.25
589800,560.5,562,1.1,10.5,-3.5,203.6867496,55,561.25
589900,559.5,561,1.1,10.5,-3.5,203.6248527,55,560.25
590000,562.5,564,1.1,10.5,-3.5,203.7845886,55,563.25
590100,561.5,563,1.1,10.5,-3.5,203.7040431,55,562.25
590200,564.5,566,1.1,10.5,-3.5,203.9144128,55,565.25
590300,562,563.5,1.1,10.5,-3.5,203.6334225,55,562.75
590400,561.5,563,1.1,10.5,-3.5,203.5152199,55,562.25
590500,558,559.5,1.1,10.5,-3.5,203.378229,55,558.75
590600,559,560.5,1.1,10.5,-3.5,203.3718599,55,559.75
590700,557,558.5,1.1,10.5,-3.5,203.1499385,55,557.75
590800,560,561.5,1.1,10.5,-3.5,202.9712978,55,560.75
590900,557.5,559,1.1,10.5,-3.5,202.6678361,55,558.25
591000,560,561.5,1.1,10.5,-3.5,202.7371548,55,560.75
591100,561,562.5,1.1,10.5,-3.5,202.9177531,55,561.75
591200,562,563.5,1.1,10.5,-3.5,203.1674411,55,562.75
591300,560,561.5,1.1,10.5,-3.5,202.9359805,55,560.75
591400,559,560.5,1.1,10.5,-3.5,202.8317071,55,559.75
591500,560.5,562,1.1,10.5,-3.5,203.007262,55,561.25
591600,563.5,565,1.1,10.5,-3.5,203.0738887,55,564.25
591700,563.5,565,1.1,10.5,-3.5,203.0808311,55,564.25
591800,563.5,565,1.1,10.5,-3.5,202.8572627,55,564.25
591900,564.5,566,1.1,10.5,-3.5,202.983848,55,565.25
592000,563,564.5,1.1,10.5,-3.5,202.9772485,55,563.75
592100,562,563.5,1.1,10.5,-3.5,202.8235455,55,562.75
592200,562.5,564,1.1,10.5,-3.5,203.258889,55,563.25
592300,562.5,564,1.1,10.5,-3.5,203.3057464,55,563.25
592400,558.5,560,1.1,10.5,-3.5,203.2685461,55,559.25
592500,556,557.5,1.1,10.5,-3.5,203.0229176,55,556.75
592600,555.5,557,1.1,10.5,-3.5,202.8725765,55,556.25
592700,553,554.5,1.1,10.5,-3.5,202.7363165,55,553.75
592800,556.5,558,1.1,10.5,-3.5,202.7964566,55,557.25
592900,555.5,557,1.1,10.5,-3.5,202.8399608,55,556.25
593000,553,554.5,1.1,10.5,-3.5,202.5911115,55,553.75
593100,551,552.5,1.1,10.5,-3.5,202.3490196,55,551.75
593200,552.5,554,1.1,10.5,-3.5,202.2472768,55,553.25
593300,550,551.5,1.1,10.5,-3.5,202.0554951,55,550.75
593400,548,549.5,1.1,10.5,-3.5,201.8623537,55,548.75
593500,551,552.5,1.1,10.5,-3.5,202.128364,55,551.75
593600,549.5,551,1.1,10.5,-3.5,202.1078258,55,550.25
593700,550,551.5,1.1,10.5,-3.5,201.960436,55,550.75
593800,548.5,550,1.1,10.5,-3.5,202.202477,55,549.25
593900,549.5,551,1.1,10.5,-3.5,202.3946421,55,550.25
594000,553.5,555,1.1,10.5,-3.5,202.6954259,55,554.25
594100,554.5,556,1.1,10.5,-3.5,202.8764446,55,555.25
594200,551,552.5,1.1,10.5,-3.5,202.7925908,55,551.75
594300,553.5,555,1.1,10.5,-3.5,203.0542907,55,554.25
594400,551.5,553,1.1,10.5,-3.5,202.9501167,55,552.25
594500,551.5,553,1.1,10.5,-3.5,202.7200644,55,552.25
594600,549.5,551,1.1,10.5,-3.5,202.6517846,55,550.25
594700,551,552.5,1.1,10.5,-3.5,202.737824,55,551.75
594800,552,553.5,1.1,10.5,-3.5,202.7209888,55,552.75
594900,552,553.5,1.1,10.5,-3.5,202.585525,55,552.75
595000,556,557.5,1.1,10.5,-3.5,202.7116953,55,556.75
595100,554.5,556,1.1,10.5,-3.5,202.5901295,55,555.25
595200,555.5,557,1.1,10.5,-3.5,202.510786,55,556.25
595300,553,554.5,1.1,10.5,-3.5,202.4727659,55,553.75
595400,549.5,551,1.1,10.5,-3.5,202.3335841,55,550.25
595500,552,553.5,1.1,10.5,-3.5,202.6372436,55,552.75
595600,556,557.5,1.1,10.5,-3.5,202.7491772,55,556.75
595700,559,560.5,1.1,10.5,-3.5,202.8448496,55,559.75
595800,557,558.5,1.1,10.5,-3.5,202.8283619,55,557.75
595900,555.5,557,1.1,10.5,-3.5,202.7784662,55,556.25
596000,558,559.5,1.1,10.5,-3.5,202.934156,55,558.75
596100,554.5,556,1.1,10.5,-3.5,202.7595604,55,555.25
596200,556.5,558,1.1,10.5,-3.5,202.8619423,55,557.25
596300,556,557.5,1.1,10.5,-3.5,202.4898995,55,556.75
596400,559,560.5,1.1,10.5,-3.5,202.5646245,55,559.75
596500,559,560.5,1.1,10.5,-3.5,202.5128834,55,559.75
596600,558,559.5,1.1,10.5,-3.5,202.2744627,55,558.75
596700,562.5,564,1.1,10.5,-3.5,202.408621,55,563.25
596800,566,567.5,1.1,10.5,-3.5,202.5034194,55,566.75
596900,562,563.5,1.1,10.5,-3.5,202.3429078,55,562.75
597000,562,564,1.1,10.5,-3.5,202.4956789,55,563
597100,560.5,562,1.1,10.5,-3.5,202.3758245,55,561.25
597200,564,565.5,1.1,10.5,-3.5,202.4882241,55,564.75
597300,562,563.5,1.1,10.5,-3.5,202.4556519,55,562.75
597400,561.5,563.5,1.1,10.5,-3.5,202.457017,55,562.5
597500,563.5,565,1.1,10.5,-3.5,202.4719608,55,564.25
597600,564,565.5,1.1,10.5,-3.5,202.6592791,55,564.75
597700,556.5,558,1.1,10.5,-3.5,202.3574354,55,557.25
597800,559.5,561,1.1,10.5,-3.5,202.5634302,55,560.25
597900,558,559.5,1.1,10.5,-3.5,202.4316223,55,558.75
598000,558,559.5,1.1,10.5,-3.5,202.4799404,55,558.75
598100,561,562.5,1.1,10.5,-3.5,202.535453,55,561.75
598200,564,565.5,1.1,10.5,-3.5,202.7014061,55,564.75
598300,568,569.5,1.1,10.5,-3.5,203.0514825,55,568.75
598400,569.5,571,1.1,10.5,-3.5,203.1239582,55,570.25
598500,571.5,573,1.1,10.5,-3.5,203.3935641,55,572.25
598600,567.5,569,1.1,10.5,-3.5,203.2340327,55,568.25
598700,567.5,569,1.1,10.5,-3.5,203.4050625,55,568.25
598800,568,569.5,1.1,10.5,-3.5,203.3156959,55,568.75
598900,568,569.5,1.1,10.5,-3.5,203.230167,55,568.75
599000,573.5,575,1.1,10.5,-3.5,203.3725459,55,574.25
599100,568.5,570,1.1,10.5,-3.5,203.3671909,55,569.25
599200,568.5,570,1.1,10.5,-3.5,203.5110668,55,569.25
599300,571,572.5,1.1,10.5,-3.5,203.7013991,55,571.75
599400,574.5,576,1.1,10.5,-3.5,203.5823368,55,575.25
599500,575,576.5,1.1,10.5,-3.5,203.4774977,55,575.75
599600,573,574.5,1.1,10.5,-3.5,203.1606072,55,573.75
599700,573,574.5,1.1,10.5,-3.5,202.8424231,55,573.75
599800,568.5,570,1.1,10.5,-3.5,202.779432,55,569.25
599900,565.5,567,1.1,10.5,-3.5,202.5415684,54.99,566.25
600000,564,565.5,1.1,10.5,-3.5,202.4582021,54.98,564.75
600100,560.5,562,1.1,10.5,-3.5,202.270899,54.97,561.25
600200,556.5,558,1.1,10.5,-3.5,202.2256971,54.96,557.25
600300,559.5,561,1.1,10.5,-3.5,202.3045529,54.95,560.25
600400,559,560.5,1.1,10.5,-3.5,202.2201806,54.94,559.75
600500,556.5,558,1.1,10.5,-3.5,202.0400526,54.93,557.25
600600,556.5,558,1.1,10.5,-3.5,201.7449439,54.92,557.25
600700,555.5,557,1.1,10.5,-3.5,201.803166,54.91,556.25
600800,559,560.5,1.1,10.5,-3.5,201.9587737,54.9,559.75
600900,553.5,555,1.1,10.5,-3.5,201.5699541,54.89,554.25
601000,555.5,557,1.1,10.5,-3.5,201.7422558,54.88,556.25
601100,555.5,557,1.1,10.5,-3.5,201.5878348,54.87,556.25
601200,553,554.5,1.1,10.5,-3.5,201.4525941,54.86,553.75
601300,550.5,552,1.1,10.5,-3.5,201.3212317,54.85,551.25
601400,554.5,556,1.1,10.5,-3.5,201.397262,54.84,555.25
601500,555,556.5,1.1,10.5,-3.5,201.4586177,54.83,555.75
601600,549.5,551,1.1,10.5,-3.5,201.3834373,54.82,550.25
601700,551.5,553,1.1,10.5,-3.5,201.6085359,54.81,552.25
601800,552.5,554,1.1,10.5,-3.5,201.608235,54.8,553.25
601900,554,555.5,1.1,10.5,-3.5,201.6363325,54.79,554.75
602000,557.5,559,1.1,10.5,-3.5,201.7733143,54.78,558.25
602100,556,557.5,1.1,10.5,-3.5,202.0468935,54.77,556.75
602200,554,555.5,1.1,10.5,-3.5,201.8524617,54.76,554.75
602300,553,554.5,1.1,10.5,-3.5,201.2780772,54.75,553.75
602400,551.5,553,1.1,10.5,-3.5,201.0757396,54.74,552.25
602500,551,552.5,1.1,10.5,-3.5,201.1678661,54.73,551.75
602600,556,557.5,1.1,10.5,-3.5,201.3020876,54.72,556.75
602700,555,556.5,1.1,10.5,-3.5,201.4456038,54.71,555.75
602800,559.5,561,1.1,10.5,-3.5,201.5437106,54.7,560.25
602900,565,566.5,1.1,10.5,-3.5,201.6369079,54.69,565.75
603000,566.5,568,1.1,10.5,-3.5,201.7296005,54.68,567.25
603100,568.5,570,1.1,10.5,-3.5,201.7584056,54.67,569.25
603200,568,569.5,1.1,10.5,-3.5,201.6108272,54.66,568.75
603300,567.5,569,1.1,10.5,-3.5,201.6691387,54.65,568.25
603400,565,566.5,1.1,10.5,-3.5,201.6198969,54.64,565.75
603500,563,564.5,1.1,10.5,-3.5,201.6534191,54.63,563.75
603600,564,565.5,1.1,10.5,-3.5,201.8099237,54.62,564.75
603700,560.5,562,1.1,10.5,-3.5,201.7264241,54.61,561.25
603800,561,562.5,1.1,10.5,-3.5,201.6402446,54.6,561.75
603900,560,561.5,1.1,10.5,-3.5,201.5524136,54.59,560.75
604000,563.5,565,1.1,10.5,-3.5,201.8830962,54.58,564.25
604100,563.5,565,1.1,10.5,-3.5,201.589677,54.57,564.25
604200,566,567.5,1.1,10.5,-3.5,201.7458989,54.56,566.75
604300,563,564.5,1.1,10.5,-3.5,201.5466564,54.55,563.75
604400,563,564.5,1.1,10.5,-3.5,201.411951,54.54,563.75
604500,563,564.5,1.1,10.5,-3.5,201.6675109,54.53,563.75
604600,565.5,567,1.1,10.5,-3.5,201.964635,54.52,566.25
604700,569,570.5,1.1,10.5,-3.5,202.0045352,54.51,569.75
604800,570,571.5,1.1,10.5,-3.5,202.071242,54.5,570.75
604900,572,573.5,1.1,10.5,-3.5,202.2269001,54.49,572.75
605000,573,574.5,1.1,10.5,-3.5,202.1477265,54.48,573.75
605100,570,571.5,1.1,10.5,-3.5,202.1131123,54.47,570.75
605200,566.5,568,1.1,10.5,-3.5,202.0268512,54.46,567.25
605300,567,568.5,1.1,10.5,-3.5,201.7433179,54.45,567.75
605400,567,568.5,1.1,10.5,-3.5,201.2965464,54.44,567.75
605500,565.5,567,1.1,10.5,-3.5,201.0281658,54.43,566.25
605600,565.5,567,1.1,10.5,-3.5,201.1839843,54.42,566.25
605700,570.5,572,1.1,10.5,-3.5,201.6113652,54.41,571.25
605800,569.5,571,1.1,10.5,-3.5,201.5405274,54.4,570.25
605900,568,569.5,1.1,10.5,-3.5,201.4119729,54.39,568.75
606000,564.5,566,1.1,10.5,-3.5,201.2450372,54.38,565.25
606100,570,571.5,1.1,10.5,-3.5,201.4046485,54.37,570.75
606200,569,570.5,1.1,10.5,-3.5,201.6117188,54.36,569.75
606300,570.5,572,1.1,10.5,-3.5,202.0737074,54.35,571.25
606400,573.5,575,1.1,10.5,-3.5,202.2957466,54.34,574.25
606500,569,570.5,1.1,10.5,-3.5,202.2843022,54.33,569.75
606600,567.5,569,1.1,10.5,-3.5,202.1464275,54.32,568.25
606700,568.5,570,1.1,10.5,-3.5,202.4065614,54.31,569.25
606800,570.5,572,1.1,10.5,-3.5,202.679375,54.3,571.25
606900,567.5,569,1.1,10.5,-3.5,202.6177959,54.29,568.25
607000,564.5,566,1.1,10.5,-3.5,202.4266165,54.28,565.25
607100,567,568.5,1.1,10.5,-3.5,202.5363406,54.27,567.75
607200,568.5,570,1.1,10.5,-3.5,202.6634462,54.26,569.25
607300,570.5,572,1.1,10.5,-3.5,202.6832121,54.25,571.25
607400,571.5,573,1.1,10.5,-3.5,202.4851067,54.24,572.25
607500,569,570.5,1.1,10.5,-3.5,202.467516,54.23,569.75
607600,565.5,567,1.1,10.5,-3.5,202.2754922,54.22,566.25
607700,565,566.5,1.1,10.5,-3.5,202.4618511,54.21,565.75
607800,568.5,570,1.1,10.5,-3.5,202.5074917,54.2,569.25
607900,567.5,569,1.1,10.5,-3.5,202.0498606,54.19,568.25
608000,565,566.5,1.1,10,-3.5,201.9564358,54.18,565.75
608100,566,567.5,1.1,10,-3.5,201.8919702,54.17,566.75
608200,563.5,565,1.1,10,-3.5,201.6587491,54.16,564.25
608300,564,565.5,1.1,10,-3.5,201.4880061,54.15,564.75
608400,563.5,565,1.1,10,-3.5,201.4918637,54.14,564.25
608500,565.5,567,1.1,10,-3.5,201.6970997,54.13,566.25
608600,566,567.5,1.1,10,-3.5,201.7323631,54.12,566.75
608700,569.5,571,1.1,10,-3.5,201.8210848,54.11,570.25
608800,569.5,571,1.1,10,-3.5,201.7925054,54.1,570.25
608900,569,570.5,1.1,10,-3.5,201.801419,54.09,569.75
609000,567,568.5,1.1,10,-3.5,201.6314505,54.08,567.75
609100,566.5,568,1.1,10,-3.5,201.7561775,54.07,567.25
609200,568,569.5,1.1,10,-3.5,201.8442428,54.06,568.75
609300,569,570.5,1.1,10,-3.5,201.9656454,54.05,569.75
609400,571,572.5,1.1,10,-3.5,202.3068378,54.04,571.75
609500,574,575.5,1.1,10,-3.5,202.4506411,54.03,574.75
609600,574,576,1.1,10,-3.5,202.8871419,54.02,575
609700,576,577.5,1.1,10,-3.5,202.9833244,54.01,576.75
609800,575,576.5,1.1,10,-3.5,202.9248308,54,575.75
609900,578,579.5,1.1,10,-3.5,203.1822031,53.99,578.75
610000,579.5,581,1.1,10,-3.5,203.4260073,53.98,580.25
610100,580.5,582,1.1,10,-3.5,203.5023132,53.97,581.25
610200,582.5,584,1.1,10,-3.5,203.6930021,53.96,583.25
610300,582.5,584.5,1.1,10,-3.5,203.7178274,53.95,583.5
610400,582.5,584.5,1.1,10,-3.5,204.0957728,53.94,583.5
610500,584.5,586,1.1,10,-3.5,204.0885193,53.93,585.25
610600,588,589.5,1.1,10,-3.5,204.2912068,53.92,588.75
610700,589,590.5,1.1,10,-3.5,204.5166338,53.91,589.75
610800,590,591.5,1.1,10,-3.5,204.304249,53.9,590.75
610900,589.5,591,1.1,10,-3.5,204.2116619,53.89,590.25
611000,586,587.5,1.1,10,-3.5,204.2073297,53.88,586.75
611100,587,588.5,1.1,10,-3.5,204.1884727,53.87,587.75
611200,588.5,590,1.1,10,-3.5,204.1234097,53.86,589.25
611300,583.5,585,1.1,10,-3.5,203.9516357,53.85,584.25
611400,584.5,586,1.1,10,-3.5,203.8552776,53.84,585.25
611500,580.5,582,1.1,10,-3.5,203.6091234,53.83,581.25
611600,580.5,582,1.1,10,-3.5,203.7013957,53.82,581.25
611700,576.5,578,1.1,10,-3.5,203.5676644,53.81,577.25
611800,577,578.5,1.1,10,-3.5,203.8059321,53.8,577.75
611900,576.5,578.5,1.1,10,-3.5,203.6564026,53.79,577.5
612000,580,581.5,1.1,10,-3.5,203.8814384,53.78,580.75
612100,583,584.5,1.1,10,-3.5,203.955727,53.77,583.75
612200,580.5,582,1.1,10,-3.5,203.9183854,53.76,581.25
612300,580.5,582,1.1,10,-3.5,204.0997521,53.75,581.25
612400,581,582.5,1.1,10,-3.5,203.9318033,53.74,581.75
612500,581,582.5,1.1,10,-3.5,203.7441334,53.73,581.75
612600,581,582.5,1.1,10,-3.5,203.9532762,53.72,581.75
612700,579.5,581,1.1,10,-3.5,203.880779,53.71,580.25
612800,577.5,579,1.1,10,-3.5,203.7315554,53.7,578.25
612900,574.5,576,1.1,10,-3.5,203.7116982,53.69,575.25
613000,574,575.5,1.1,10,-3.5,203.8318618,53.68,574.75
613100,571.5,573,1.1,10,-3.5,203.5282641,53.67,572.25
613200,574,575.5,1.1,10,-3.5,203.8583961,53.66,574.75
613300,576,577.5,1.1,10,-3.5,203.9955048,53.65,576.75
613400,577,578.5,1.1,10,-3.5,203.8419573,53.64,577.75
613500,575.5,577,1.1,10,-3.5,203.8092292,53.63,576.25
613600,574.5,576,1.1,10,-3.5,203.7696897,53.62,575.25
613700,574.5,576,1.1,10,-3.5,203.669629,53.61,575.25
613800,576.5,578,1.1,10,-3.5,203.9953772,53.6,577.25
613900,580,581.5,1.1,10,-3.5,204.1898946,53.59,580.75
614000,578.5,580,1.1,10,-3.5,204.0503132,53.58,579.25
614100,580,581.5,1.1,10,-3.5,204.0019896,53.57,580.75
614200,583.5,585,1.1,10,-3.5,204.267706,53.56,584.25
614300,582.5,584,1.1,10,-3.5,204.0349371,53.55,583.25
614400,583,584.5,1.1,10,-3.5,203.9441717,53.54,583.75
614500,583.5,585,1.1,10,-3.5,203.8567826,53.53,584.25
614600,581,582.5,1.1,10,-3.5,203.5795373,53.52,581.75
614700,579,580.5,1.1,10,-3.5,203.8270594,53.51,579.75
614800,578.5,580,1.1,10,-3.5,203.81898,53.5,579.25
614900,579,580.5,1.1,10,-3.5,203.8196284,53.49,579.75
615000,584.5,586,1.1,10,-3.5,203.8830343,53.48,585.25
615100,588.5,590,1.1,10,-3.5,204.3268416,53.47,589.25
615200,588.5,590,1.1,10,-3.5,204.4044979,53.46,589.25
615300,589,590.5,1.1,10,-3.5,204.4171494,53.45,589.75
615400,588.5,590,1.1,10,-3.5,204.2182594,53.44,589.25
615500,589.5,591,1.1,10,-3.5,204.0441808,53.43,590.25
615600,588.5,590,1.1,10,-3.5,204.0031248,53.42,589.25
615700,590.5,592,1.1,10,-3.5,204.1771548,53.41,591.25
615800,593,594.5,1.1,10,-3.5,204.3949682,53.4,593.75
615900,591,592.5,1.1,10,-3.5,204.0812858,53.39,591.75
616000,591,592.5,1.1,10,-3.5,203.8629131,53.38,591.75
616100,591.5,593,1.1,10,-3.5,203.9664758,53.37,592.25
616200,594,595.5,1.1,10,-3.5,204.1621539,53.36,594.75
616300,589.5,591,1.1,10,-3.5,203.988635,53.35,590.25
616400,593.5,595,1.1,10,-3.5,204.2156409,53.34,594.25
616500,594.5,596,1.1,10,-3.5,204.1736304,53.33,595.25
616600,594.5,596,1.1,10,-3.5,204.3008109,53.32,595.25
616700,593.5,595,1.1,10,-3.5,204.4212065,53.31,594.25
616800,597,598.5,1.1,10,-3.5,204.50037,53.3,597.75
616900,597,599,1.1,10,-3.5,204.3837628,53.29,598
617000,593,594.5,1.1,10,-3.5,204.1575693,53.28,593.75
617100,593,594.5,1.1,10,-3.5,204.2333482,53.27,593.75
617200,594.5,596,1.1,10,-3.5,204.3803599,53.26,595.25
617300,594,595.5,1.1,10,-3.5,204.1390674,53.25,594.75
617400,595,596.5,1.1,10,-3.5,204.2115695,53.24,595.75
617500,600,601.5,1.1,10,-3.5,204.4763136,53.23,600.75
617600,599,600.5,1.1,10,-3.5,204.4233669,53.22,599.75
617700,601.5,603,1.1,10,-3.5,204.4528992,53.21,602.25
617800,602,603.5,1.1,10,-3.5,204.4073614,53.2,602.75
617900,598.5,600,1.1,10,-3.5,204.134679,53.19,599.25
618000,597.5,599,1.1,10,-3.5,203.9112981,53.18,598.25
618100,595,596.5,1.1,10,-3.5,203.806492,53.17,595.75
618200,592.5,594,1.1,10,-3.5,203.7520678,53.16,593.25
618300,591.5,593,1.1,10,-3.5,203.7325409,53.15,592.25
618400,589.5,591,1.1,10,-3.5,203.5841466,53.14,590.25
618500,588,589.5,1.1,10,-3.5,203.6102134,53.13,588.75
618600,587.5,589,1.1,10,-3.5,203.670869,53.12,588.25
618700,590.5,592,1.1,10,-3.5,203.9341243,53.11,591.25
618800,586,587.5,1.1,10,-3.5,203.7644605,53.1,586.75
618900,591,592.5,1.1,10,-3.5,204.1967145,53.09,591.75
619000,595,596.5,1.1,10,-3.5,204.3947166,53.08,595.75
619100,596.5,598,1.1,10,-3.5,204.2733963,53.07,597.25
619200,598,599.5,1.1,10,-3.5,204.4572978,53.06,598.75
619300,601,602.5,1.1,10,-3.5,204.7281627,53.05,601.75
619400,605.5,607,1.1,10,-3.5,205.1456761,53.04,606.25
619500,605.5,607,1.1,10,-3.5,205.0690847,53.03,606.25
619600,604,605.5,1.1,10,-3.5,205.02094,53.02,604.75
619700,601.5,603,1.1,10,-3.5,204.8952062,53.01,602.25
619800,604.5,606,1.1,10,-3.5,205.1016168,53,605.25
619900,600.5,602,1.1,10,-3.5,204.9704465,52.99,601.25
620000,600.5,602,1.1,10,-3.5,205.1503513,52.98,601.25
620100,597.5,599,1.1,10,-3.5,204.8722195,52.97,598.25
620200,601.5,603,1.1,10,-3.5,205.0219628,52.96,602.25
620300,599,600.5,1.1,10,-3.5,204.983865,52.95,599.75
620400,600,601.5,1.1,10,-3.5,204.9506103,52.94,600.75
620500,597,598.5,1.1,10,-3.5,204.8574255,52.93,597.75
620600,599,600.5,1.1,10,-3.5,204.9824232,52.92,599.75
620700,597,598.5,1.1,10,-3.5,204.8840459,52.91,597.75
620800,598,599.5,1.1,10,-3.5,205.0489264,52.9,598.75
620900,595.5,597,1.1,10,-3.5,204.8825918,52.89,596.25
621000,590,591.5,1.1,10,-3.5,204.6417395,52.88,590.75
621100,587.5,589,1.1,10,-3.5,204.5672429,52.87,588.25
621200,587,588.5,1.1,10,-3.5,204.4201056,52.86,587.75
621300,586,587.5,1.1,10,-3.5,204.8020251,52.85,586.75
621400,591,592.5,1.1,10,-3.5,205.1250829,52.84,591.75
621500,593,594.5,1.1,10,-3.5,205.137361,52.83,593.75
621600,590.5,592,1.1,10,-3.5,205.014375,52.82,591.25
621700,592.5,594,1.1,10,-3.5,205.0684377,52.81,593.25
621800,593,594.5,1.1,10,-3.5,205.1962315,52.8,593.75
621900,594.5,596,1.1,10,-3.5,204.9520883,52.79,595.25
622000,595,596.5,1.1,10,-3.5,205.2331209,52.78,595.75
622100,593,594.5,1.1,10,-3.5,205.1407404,52.77,593.75
622200,594,595.5,1.1,10,-3.5,204.9302457,52.76,594.75
622300,593.5,595,1.1,10,-3.5,204.6247314,52.75,594.25
622400,595.5,597,1.1,10,-3.5,204.6739722,52.74,596.25
622500,591.5,593,1.1,10,-3.5,204.4783676,52.73,592.25
622600,590,591.5,1.1,10,-3.5,204.3139018,52.72,590.75
622700,587,588.5,1.1,10,-3.5,204.0538929,52.71,587.75
622800,589,590.5,1.1,10,-3.5,204.0645898,52.7,589.75
622900,588,589.5,1.1,10,-3.5,203.9821525,52.69,588.75
623000,584.5,586,1.1,10,-3.5,204.0719188,52.68,585.25
623100,584.5,586,1.1,10,-3.5,204.1843384,52.67,585.25
623200,587,588.5,1.1,10,-3.5,204.5614262,52.66,587.75
623300,584.5,586,1.1,10,-3.5,204.0953331,52.65,585.25
623400,580.5,582,1.1,10,-3.5,203.7866752,52.64,581.25
623500,584.5,586,1.1,10,-3.5,204.0089501,52.63,585.25
623600,583,584.5,1.1,10,-3.5,203.9806177,52.62,583.75
623700,582.5,584,1.1,10,-3.5,203.9403793,52.61,583.25
623800,585,586.5,1.1,10,-3.5,204.1525894,52.6,585.75
623900,585,586.5,1.1,10,-3.5,204.3803923,52.59,585.75
624000,588,589.5,1.1,10,-3.5,204.5390979,52.58,588.75
624100,585,586.5,1.1,10,-3.5,204.4004159,52.57,585.75
624200,585.5,587,1.1,10,-3.5,204.2822196,52.56,586.25
624300,587.5,589,1.1,10,-3.5,204.3728714,52.55,588.25
624400,585.5,587,1.1,10,-3.5,204.2697043,52.54,586.25
624500,590.5,592,1.1,10,-3.5,204.3444088,52.53,591.25
624600,595.5,597,1.1,10,-3.5,204.3543307,52.52,596.25
624700,595,596.5,1.1,10,-3.5,204.3114542,52.51,595.75
624800,594.5,596,1.1,10,-3.5,204.1698731,52.5,595.25
624900,593,594.5,1.1,10,-3.5,204.0274805,52.49,593.75
625000,590,591.5,1.1,10,-3.5,203.8892208,52.48,590.75
625100,589,590.5,1.1,10,-3.5,203.8481067,52.47,589.75
625200,592,593.5,1.1,10,-3.5,203.901968,52.46,592.75
625300,591,592.5,1.1,10,-3.5,203.8008846,52.45,591.75
625400,588.5,590,1.1,10,-3.5,203.4085717,52.44,589.25
625500,590.5,592,1.1,10,-3.5,203.751997,52.43,591.25
625600,593.5,595,1.1,10,-3.5,203.8140057,52.42,594.25
625700,594,595.5,1.1,10,-3.5,203.6661708,52.41,594.75
625800,597,598.5,1.1,10,-3.5,203.8387377,52.4,597.75
625900,597.5,599,1.1,10,-3.5,203.395306,52.39,598.25
626000,597,598.5,1.1,10,-3.5,203.2989949,52.38,597.75
626100,594.5,596,1.1,10,-3.5,203.1504817,52.37,595.25
626200,593.5,595,1.1,10,-3.5,202.9751407,52.36,594.25
626300,596,597.5,1.1,10,-3.5,203.1984122,52.35,596.75
626400,593.5,595,1.1,10,-3.5,202.7720243,52.34,594.25
626500,593.5,595,1.1,10,-3.5,202.7772162,52.33,594.25
626600,591,592.5,1.1,10,-3.5,202.5998583,52.32,591.75
626700,590.5,592,1.1,10,-3.5,202.4523395,52.31,591.25
626800,588.5,590,1.1,10,-3.5,202.1579611,52.3,589.25
626900,590.5,592,1.1,10,-3.5,202.4413752,52.29,591.25
627000,589.5,591,1.1,10,-3.5,202.5079994,52.28,590.25
627100,589.5,591.5,1.1,10,-3.5,202.5096347,52.27,590.5
627200,588.5,590,1.1,10,-3.5,202.6210369,52.26,589.25
627300,587.5,589,1.1,10,-3.5,202.4852348,52.25,588.25
627400,590.5,592,1.1,10,-3.5,202.5767492,52.24,591.25
627500,589,590.5,1.1,10,-3.5,202.43217,52.23,589.75
627600,587.5,589,1.1,10,-3.5,202.3295449,52.22,588.25
627700,590,591.5,1.1,10,-3.5,202.2570875,52.21,590.75
627800,586,587.5,1.1,10,-3.5,201.9930156,52.2,586.75
627900,586,587.5,1.1,10,-3.5,202.0568217,52.19,586.75
628000,581.5,583,1.1,10,-3.5,201.8542553,52.18,582.25
628100,579,580.5,1.1,10,-3.5,201.6211871,52.17,579.75
628200,576.5,578,1.1,10,-3.5,201.6166177,52.16,577.25
628300,577.5,579,1.1,10,-3.5,201.6750283,52.15,578.25
628400,579.5,581,1.1,10,-3.5,201.7396249,52.14,580.25
628500,581,582.5,1.1,10,-3.5,201.9766539,52.13,581.75
628600,582,583.5,1.1,10,-3.5,202.0218748,52.12,582.75
628700,578.5,580,1.1,10,-3.5,201.9987224,52.11,579.25
628800,577,578.5,1.1,10,-3.5,202.0497543,52.1,577.75
628900,574,575.5,1.1,10,-3.5,201.8790152,52.09,574.75
629000,576.5,578,1.1,10,-3.5,201.9912105,52.08,577.25
629100,575,576.5,1.1,10,-3.5,201.7436642,52.07,575.75
629200,574,575.5,1.1,10,-3.5,201.662573,52.06,574.75
629300,574.5,576,1.1,10,-3.5,201.7318399,52.05,575.25
629400,572.5,574,1.1,10,-3.5,201.4753207,52.04,573.25
629500,569,570.5,1.1,10,-3.5,201.3172299,52.03,569.75
629600,569.5,571,1.1,10,-3.5,201.3551913,52.02,570.25
629700,573,574.5,1.1,10,-3.5,201.4880541,52.01,573.75
629800,576.5,578,1.1,10,-3.5,201.0634017,52,577.25
629900,575.5,577,1.1,10,-3.5,200.9911442,51.99,576.25
630000,578.5,580,1.1,10,-3.5,200.9702559,51.98,579.25
630100,579.5,581,1.1,10,-3.5,200.9658116,51.97,580.25
630200,577,578.5,1.1,10,-3.5,200.8752657,51.96,577.75
630300,579,580.5,1.1,10,-3.5,201.0593266,51.95,579.75
630400,576.5,578,1.1,10,-3.5,201.1623405,51.94,577.25
630500,574.5,576,1.1,10,-3.5,201.0867635,51.93,575.25
630600,577.5,579,1.1,10,-3.5,201.112374,51.92,578.25
630700,582,583.5,1.1,10,-3.5,201.256463,51.91,582.75
630800,583.5,585,1.1,10,-3.5,201.2538984,51.9,584.25
630900,583.5,585.5,1.1,10,-3.5,200.9216504,51.89,584.5
631000,583,584.5,1.1,10,-3.5,200.7402728,51.88,583.75
631100,580,581.5,1.1,10,-3.5,200.5784205,51.87,580.75
631200,580,581.5,1.1,10,-3.5,200.5932559,51.86,580.75
631300,579,580.5,1.1,10,-3.5,200.7534591,51.85,579.75
631400,580,581.5,1.1,10,-3.5,200.8318332,51.84,580.75
631500,585,586.5,1.1,10,-3.5,201.0421483,51.83,585.75
631600,583.5,585,1.1,10,-3.5,200.9262568,51.82,584.25
631700,587.5,589,1.1,10,-3.5,200.9653141,51.81,588.25
631800,591,592.5,1.1,10,-3.5,201.2874333,51.8,591.75
631900,592,593.5,1.1,10,-3.5,201.3514507,51.79,592.75
632000,595,596.5,1.1,10,-3.5,201.7546437,51.78,595.75
632100,597.5,599,1.1,10,-3.5,201.8196532,51.77,598.25
632200,599,600.5,1.1,10,-3.5,201.7542507,51.76,599.75
632300,600,601.5,1.1,10,-3.5,201.9078864,51.75,600.75
632400,602.5,604,1.1,10,-3.5,202.144671,51.74,603.25
632500,602.5,604,1.1,10,-3.5,202.2593303,51.73,603.25
632600,603,604.5,1.1,10,-3.5,202.5510701,51.72,603.75
632700,598.5,600,1.1,10,-3.5,202.3377572,51.71,599.25
632800,598.5,600,1.1,10,-3.5,202.2574601,51.7,599.25
632900,598.5,600,1.1,10,-3.5,202.2411615,51.69,599.25
633000,599,600.5,1.1,10,-3.5,202.0894113,51.68,599.75
633100,601,602.5,1.1,10,-3.5,202.1279718,51.67,601.75
633200,604,605.5,1.1,10,-3.5,201.9862582,51.66,604.75
633300,606.5,608,1.1,10,-3.5,202.1075172,51.65,607.25
633400,605,606.5,1.1,10,-3.5,202.2300106,51.64,605.75
633500,610.5,612,1.1,10,-3.5,202.3154471,51.63,611.25
633600,609.5,611,1.1,10,-3.5,201.8937881,51.62,610.25
633700,611.5,613,1.1,10,-3.5,201.9602564,51.61,612.25
633800,614.5,616,1.1,10,-3.5,202.028417,51.6,615.25
633900,617.5,619,1.1,10,-3.5,202.0334858,51.59,618.25
634000,618,619.5,1.1,10,-3.5,202.225562,51.58,618.75
634100,620.5,622,1.1,10,-3.5,202.3320293,51.57,621.25
634200,622.5,624,1.1,10,-3.5,202.3943644,51.56,623.25
634300,624.5,626,1.1,10,-3.5,202.2478299,51.55,625.25
634400,628,629.5,1.1,10,-3.5,202.5091677,51.54,628.75
634500,626,627.5,1.1,10,-3.5,202.3831323,51.53,626.75
634600,629.5,631,1.1,10,-3.5,202.6403203,51.52,630.25
634700,630.5,632,1.1,10,-3.5,202.7165309,51.51,631.25
634800,632.5,634,1.1,10,-3.5,202.7099268,51.5,633.25
634900,634,635.5,1.1,10,-3.5,202.8602801,51.49,634.75
635000,633.5,635,1.1,10,-3.5,202.8751809,51.48,634.25
635100,633,634.5,1.1,10,-3.5,202.9093788,51.47,633.75
635200,636,637.5,1.1,10,-3.5,203.1891948,51.46,636.75
635300,636,637.5,1.1,10,-3.5,203.074646,51.45,636.75
635400,633,634.5,1.1,10,-3.5,202.9931618,51.44,633.75
635500,633.5,635,1.1,10,-3.5,203.0528995,51.43,634.25
635600,637.5,639,1.1,10,-3.5,203.1656053,51.42,638.25
635700,635.5,637,1.1,10,-3.5,203.1104225,51.41,636.25
635800,637.5,639,1.1,10,-3.5,203.5564938,51.4,638.25
635900,637.5,639,1.1,10,-3.5,203.4576384,51.39,638.25
636000,637,638.5,1.1,10,-3.5,203.4257981,51.38,637.75
636100,636.5,638.5,1.1,10,-3.5,203.5033717,51.37,637.5
636200,639.5,641,1.1,10,-3.5,203.8739469,51.36,640.25
636300,638.5,640,1.1,10,-3.5,203.9323141,51.35,639.25
636400,637,638.5,1.1,10,-3.5,203.5703639,51.34,637.75
636500,639.5,641,1.1,10,-3.5,203.8680378,51.33,640.25
636600,641.5,643,1.1,10,-3.5,204.110191,51.32,642.25
636700,644.5,646,1.1,10,-3.5,204.3588632,51.31,645.25
636800,646,647.5,1.1,10,-3.5,204.5585217,51.3,646.75
636900,646,647.5,1.1,10,-3.5,204.5866495,51.29,646.75
637000,643,644.5,1.1,10,-3.5,204.484128,51.28,643.75
637100,642.5,644.5,1.1,10,-3.5,204.5793824,51.27,643.5
637200,640.5,642,1.1,10,-3.5,204.2916773,51.26,641.25
637300,638.5,640,1.1,10,-3.5,204.0214577,51.25,639.25
637400,640.5,642,1.1,10,-3.5,204.0784575,51.24,641.25
637500,643,644.5,1.1,10,-3.5,204.2419726,51.23,643.75
637600,640.5,642,1.1,10,-3.5,204.0705076,51.22,641.25
637700,643.5,645,1.1,10,-3.5,204.1087411,51.21,644.25
637800,643,644.5,1.1,10,-3.5,203.9927815,51.2,643.75
637900,643,644.5,1.1,10,-3.5,204.0134275,51.19,643.75
638000,642,643.5,1.1,10,-3.5,203.6701255,51.18,642.75
638100,640,641.5,1.1,10,-3.5,203.5328508,51.17,640.75
638200,639,640.5,1.1,10,-3.5,203.2253111,51.16,639.75
638300,640.5,642,1.1,10,-3.5,203.3981843,51.15,641.25
638400,636,637.5,1.1,10,-3.5,203.2068921,51.14,636.75
638500,634.5,636,1.1,10,-3.5,203.0072588,51.13,635.25
638600,639,640.5,1.1,10,-3.5,203.3424086,51.12,639.75
638700,642,643.5,1.1,10,-3.5,203.4008222,51.11,642.75
638800,643.5,645,1.1,10,-3.5,203.5383887,51.1,644.25
638900,647.5,649,1.1,10,-3.5,203.6355696,51.09,648.25
639000,647.5,649,1.1,10,-3.5,203.8357965,51.08,648.25
639100,649,650.5,1.1,10,-3.5,203.9806785,51.07,649.75
639200,647.5,649,1.1,10,-3.5,203.6994909,51.06,648.25
639300,645,646.5,1.1,10,-3.5,203.5062789,51.05,645.75
639400,644,645.5,1.1,10,-3.5,203.2005609,51.04,644.75
639500,643.5,645,1.1,10,-3.5,203.1913954,51.03,644.25
639600,644,645.5,1.1,10,-3.5,203.0560761,51.02,644.75
639700,648,649.5,1.1,10,-3.5,203.1067602,51.01,648.75
639800,648,650,1.1,10,-3.5,203.2036978,51,649
639900,646,647.5,1.1,10,-3.5,203.0778536,50.99,646.75
640000,645.5,647,1.1,10,-3.5,203.5325442,50.98,646.25
640100,642,643.5,1.1,10,-3.5,203.3620552,50.97,642.75
640200,642.5,644,1.1,10,-3.5,203.5644424,50.96,643.25
640300,641.5,643,1.1,10,-3.5,203.4643132,50.95,642.25
640400,638,639.5,1.1,10,-3.5,203.3929273,50.94,638.75
640500,642.5,644,1.1,10,-3.5,203.5834043,50.93,643.25
640600,645.5,647,1.1,10,-3.5,203.6312607,50.92,646.25
640700,644.5,646,1.1,10,-3.5,203.5584016,50.91,645.25
640800,641,642.5,1.1,10,-3.5,203.2842814,50.9,641.75
640900,644.5,646,1.1,10,-3.5,203.2914996,50.89,645.25
641000,643.5,645,1.1,10,-3.5,203.1432761,50.88,644.25
641100,645.5,647,1.1,10,-3.5,203.2314541,50.87,646.25
641200,646,647.5,1.1,10,-3.5,203.2067845,50.86,646.75
641300,643,644.5,1.1,10,-3.5,203.1089275,50.85,643.75
641400,648.5,650,1.1,10,-3.5,203.2290471,50.84,649.25
641500,650.5,652,1.1,10,-3.5,203.7509122,50.83,651.25
641600,649,650.5,1.1,10,-3.5,203.7621552,50.82,649.75
641700,649,650.5,1.1,10,-3.5,203.4190806,50.81,649.75
641800,652.5,654,1.1,10,-3.5,203.3907606,50.8,653.25
641900,653,654.5,1.1,10,-3.5,203.5596645,50.79,653.75
642000,656.5,658,1.1,10,-3.5,203.8955628,50.78,657.25
642100,651.5,653,1.1,10,-3.5,203.9636537,50.77,652.25
642200,649.5,651,1.1,10,-3.5,203.6501697,50.76,650.25
642300,648.5,650,1.1,10,-3.5,203.7327829,50.75,649.25
642400,649,650.5,1.1,10,-3.5,203.7899345,50.74,649.75
642500,648.5,650,1.1,10,-3.5,203.5801089,50.73,649.25
642600,646,647.5,1.1,10,-3.5,203.5795637,50.72,646.75
642700,646.5,648,1.1,10,-3.5,203.705428,50.71,647.25
642800,648,649.5,1.1,10,-3.5,203.7959162,50.7,648.75
642900,647.5,649,1.1,10,-3.5,203.8893783,50.69,648.25
643000,649,650.5,1.1,10,-3.5,203.8262107,50.68,649.75
643100,646,647.5,1.1,10,-3.5,203.6430647,50.67,646.75
643200,643,644.5,1.1,10,-3.5,203.2816056,50.66,643.75
643300,638.5,640,1.1,10,-3.5,202.9349747,50.65,639.25
643400,642.5,644,1.1,10,-3.5,203.0775881,50.64,643.25
643500,640,641.5,1.1,10,-3.5,202.5646181,50.63,640.75
643600,639,640.5,1.1,10,-3.5,202.4808606,50.62,639.75
643700,635.5,637,1.1,10,-3.5,202.4537928,50.61,636.25
643800,635.5,637.5,1.1,10,-3.5,202.548314,50.6,636.5
643900,637,638.5,1.1,10,-3.5,202.9198073,50.59,637.75
644000,637,638.5,1.1,10,-3.5,202.6967482,50.58,637.75
644100,634,635.5,1.1,10,-3.5,202.4352721,50.57,634.75
644200,636.5,638,1.1,10,-3.5,202.6367081,50.56,637.25
644300,639.5,641,1.1,10,-3.5,202.7342412,50.55,640.25
644400,634,635.5,1.1,10,-3.5,202.5073318,50.54,634.75
644500,630,631.5,1.1,10,-3.5,202.1558557,50.53,630.75
644600,628.5,630,1.1,10,-3.5,202.0979289,50.52,629.25
644700,628,629.5,1.1,10,-3.5,201.8743322,50.51,628.75
644800,630.5,632,1.1,10,-3.5,202.0426418,50.5,631.25
644900,631,632.5,1.1,10,-3.5,201.974901,50.49,631.75
645000,632.5,634,1.1,10,-3.5,201.902234,50.48,633.25
645100,635.5,637,1.1,10,-3.5,202.0690793,50.47,636.25
645200,639.5,641,1.1,10,-3.5,202.3751927,50.46,640.25
645300,639,640.5,1.1,10,-3.5,202.3234276,50.45,639.75
645400,636,637.5,1.1,10,-3.5,202.0066978,50.44,636.75
645500,640.5,642,1.1,10,-3.5,202.2654995,50.43,641.25
645600,640,641.5,1.1,10,-3.5,202.0891933,50.42,640.75
645700,641,642.5,1.1,10,-3.5,202.1201407,50.41,641.75
645800,645.5,647,1.1,10,-3.5,202.1719337,50.4,646.25
645900,641.5,643,1.1,10,-3.5,201.8940457,50.39,642.25
646000,641,642.5,1.1,10,-3.5,201.7538527,50.38,641.75
646100,641,642.5,1.1,10,-3.5,201.8849008,50.37,641.75
646200,640.5,642.5,1.1,10,-3.5,202.1978216,50.36,641.5
646300,644,645.5,1.1,10,-3.5,202.35608,50.35,644.75
646400,641,642.5,1.1,10,-3.5,202.3166032,50.34,641.75
646500,641.5,643,1.1,10,-3.5,202.467257,50.33,642.25
646600,640.5,642,1.1,10,-3.5,202.5465176,50.32,641.25
646700,642,643.5,1.1,10,-3.5,202.7774112,50.31,642.75
646800,640,641.5,1.1,10,-3.5,202.8325922,50.3,640.75
646900,643,644.5,1.1,10,-3.5,203.1545055,50.29,643.75
647000,644,645.5,1.1,10,-3.5,203.3399324,50.28,644.75
647100,645.5,647,1.1,10,-3.5,203.3370612,50.27,646.25
647200,646.5,648,1.1,10,-3.5,203.0721105,50.26,647.25
647300,648.5,650,1.1,10,-3.5,203.2788813,50.25,649.25
647400,648.5,650.5,1.1,10,-3.5,203.1672865,50.24,649.5
647500,646.5,648,1.1,10,-3.5,203.0282703,50.23,647.25
647600,649.5,651,1.1,10,-3.5,203.0741199,50.22,650.25
647700,649,650.5,1.1,10,-3.5,203.041819,50.21,649.75
647800,652.5,654,1.1,10,-3.5,203.1524601,50.2,653.25
647900,654,655.5,1.1,10,-3.5,203.292226,50.19,654.75
648000,652.5,654,1.1,10,-3.5,203.0865262,50.18,653.25
648100,653.5,655,1.1,10,-3.5,203.1962876,50.17,654.25
648200,655.5,657,1.1,10,-3.5,203.3249592,50.16,656.25
648300,657,658.5,1.1,10,-3.5,203.427472,50.15,657.75
648400,662.5,664,1.1,10,-3.5,203.8686358,50.14,663.25
648500,662,663.5,1.1,10,-3.5,203.8693132,50.13,662.75
648600,658,659.5,1.1,10,-3.5,203.7849133,50.12,658.75
648700,660.5,662,1.1,10,-3.5,203.9018737,50.11,661.25
648800,655.5,657,1.1,10,-3.5,203.7907588,50.1,656.25
648900,653,654.5,1.1,10,-3.5,203.6880618,50.09,653.75
649000,653.5,655,1.1,10,-3.5,203.855941,50.08,654.25
649100,650,651.5,1.1,10,-3.5,203.5973216,50.07,650.75
649200,647,648.5,1.1,10,-3.5,203.5093208,50.06,647.75
649300,643.5,645,1.1,10,-3.5,203.3756107,50.05,644.25
649400,642,643.5,1.1,10,-3.5,203.5151826,50.04,642.75
649500,641.5,643,1.1,10,-3.5,203.1378063,50.03,642.25
649600,644,645.5,1.1,10,-3.5,203.4591099,50.02,644.75
649700,646,647.5,1.1,10,-3.5,203.6688886,50.01,646.75
649800,646,647.5,1.1,10,-3.5,203.555832,50,646.75
649900,639,640.5,1.1,10,-3.5,203.3001775,49.99,639.75
650000,638,639.5,1.1,10,-3.5,203.3852625,49.98,638.75
650100,632.5,634,1.1,10,-3.5,203.2385715,49.97,633.25
650200,631.5,633,1.1,10,-3.5,203.167214,49.96,632.25
650300,630.5,632,1.1,10,-3.5,202.8892351,49.95,631.25
650400,632.5,634,1.1,10,-3.5,203.0442256,49.94,633.25
650500,629.5,631,1.1,10,-3.5,202.997932,49.93,630.25
650600,628.5,630,1.1,10,-3.5,202.8535892,49.92,629.25
650700,627.5,629,1.1,10,-3.5,202.8083878,49.91,628.25
650800,623.5,625,1.1,10,-3.5,202.6557125,49.9,624.25
650900,619.5,621,1.1,10,-3.5,202.5152346,49.89,620.25
651000,620,621.5,1.1,10,-3.5,202.4793161,49.88,620.75
651100,616.5,618,1.1,10,-3.5,202.0696334,49.87,617.25
651200,612.5,614,1.1,10,-3.5,201.7381203,49.86,613.25
651300,612,613.5,1.1,10,-3.5,201.7041782,49.85,612.75
651400,612.5,614,1.1,10,-3.5,201.9861861,49.84,613.25
651500,613,614.5,1.1,10,-3.5,202.1083655,49.83,613.75
651600,614,615.5,1.1,10,-3.5,202.0727135,49.82,614.75
651700,612.5,614,1.1,10,-3.5,202.0332221,49.81,613.25
651800,608.5,610,1.1,10,-3.5,201.9480756,49.8,609.25
651900,606,607.5,1.1,10,-3.5,201.7873034,49.79,606.75
652000,605.5,607,1.1,10,-3.5,201.584242,49.78,606.25
652100,604,605.5,1.1,10,-3.5,201.3626665,49.77,604.75
652200,600.5,602,1.1,10,-3.5,201.2690429,49.76,601.25
652300,605.5,607,1.1,10,-3.5,201.1910589,49.75,606.25
652400,607,608.5,1.1,10,-3.5,201.5249209,49.74,607.75
652500,608,609.5,1.1,10,-3.5,201.5842189,49.73,608.75
652600,610.5,612,1.1,10,-3.5,201.6825037,49.72,611.25
652700,612,613.5,1.1,10,-3.5,201.7399867,49.71,612.75
652800,611.5,613,1.1,10,-3.5,201.6674312,49.7,612.25
652900,609.5,611,1.1,10,-3.5,201.5663928,49.69,610.25
653000,609,610.5,1.1,10,-3.5,201.8910608,49.68,609.75
653100,605.5,607,1.1,10,-3.5,201.7616487,49.67,606.25
653200,604.5,606,1.1,10,-3.5,201.6015869,49.66,605.25
653300,601,602.5,1.1,10,-3.5,201.4278269,49.65,601.75
653400,601,602.5,1.1,10,-3.5,201.7078393,49.64,601.75
653500,600.5,602,1.1,10,-3.5,201.6874129,49.63,601.25
653600,598,599.5,1.1,10,-3.5,201.618683,49.62,598.75
653700,597.5,599,1.1,10,-3.5,201.6251471,49.61,598.25
653800,598.5,600,1.1,10,-3.5,201.9283893,49.6,599.25
653900,596.5,598,1.1,10,-3.5,201.9190242,49.59,597.25
654000,594.5,596,1.1,10,-3.5,201.7324032,49.58,595.25
654100,590.5,592,1.1,10,-3.5,201.6101141,49.57,591.25
654200,593,594.5,1.1,10,-3.5,201.5345211,49.56,593.75
654300,596.5,598,1.1,10,-3.5,201.5913006,49.55,597.25
654400,596,597.5,1.1,10,-3.5,201.6292359,49.54,596.75
654500,595,596.5,1.1,10,-3.5,201.4434845,49.53,595.75
654600,595,596.5,1.1,10,-3.5,201.0896232,49.52,595.75
654700,592,593.5,1.1,10,-3.5,200.9288405,49.51,592.75
654800,593,594.5,1.1,10,-3.5,200.9440794,49.5,593.75
654900,592.5,594,1.1,10,-3.5,200.9922447,49.49,593.25
655000,596.5,598,1.1,10,-3.5,201.136689,49.48,597.25
655100,597.5,599,1.1,10,-3.5,201.3005114,49.47,598.25
655200,599.5,601,1.1,10,-3.5,201.6924073,49.46,600.25
655300,603,604.5,1.1,10,-3.5,201.8981007,49.45,603.75
655400,603,604.5,1.1,10,-3.5,201.9245011,49.44,603.75
655500,605,606.5,1.1,10,-3.5,202.0005097,49.43,605.75
655600,601.5,603,1.1,10,-3.5,201.8601851,49.42,602.25
655700,601.5,603,1.1,10,-3.5,201.8561705,49.41,602.25
655800,602.5,604,1.1,10,-3.5,202.054788,49.4,603.25
655900,604.5,606,1.1,10,-3.5,202.1398264,49.39,605.25
656000,600,601.5,1.1,10,-3.5,201.9249424,49.38,600.75
656100,600,601.5,1.1,10,-3.5,202.152018,49.37,600.75
656200,597.5,599,1.1,10,-3.5,201.9874026,49.36,598.25
656300,599.5,601,1.1,10,-3.5,202.2223811,49.35,600.25
656400,606,607.5,1.1,10,-3.5,202.5661604,49.34,606.75
656500,612.5,614,1.1,10,-3.5,202.7720439,49.33,613.25
656600,617,618.5,1.1,10,-3.5,202.9332612,49.32,617.75
656700,618.5,620,1.1,10,-3.5,203.1093294,49.31,619.25
656800,620,621.5,1.1,10,-3.5,203.0389076,49.3,620.75
656900,618.5,620,1.1,10,-3.5,202.6640953,49.29,619.25
657000,615.5,617,1.1,10,-3.5,202.5931171,49.28,616.25
657100,612,613.5,1.1,10,-3.5,202.5431859,49.27,612.75
657200,613.5,615,1.1,10,-3.5,202.8216503,49.26,614.25
657300,612.5,614,1.1,10,-3.5,202.7492668,49.25,613.25
657400,614,615.5,1.1,10,-3.5,202.8604101,49.24,614.75
657500,614,615.5,1.1,10,-3.5,202.8687402,49.23,614.75
657600,617,618.5,1.1,10,-3.5,202.9280455,49.22,617.75
657700,620,621.5,1.1,10,-3.5,203.2746026,49.21,620.75
657800,621,622.5,1.1,10,-3.5,203.2701983,49.2,621.75
657900,622,623.5,1.1,10,-3.5,203.3875557,49.19,622.75
658000,619.5,621,1.1,10,-3.5,203.0946461,49.18,620.25
658100,620,621.5,1.1,10,-3.5,203.0304668,49.17,620.75
658200,619.5,621,1.1,10,-3.5,202.9948539,49.16,620.25
658300,622,623.5,1.1,10,-3.5,203.0175735,49.15,622.75
658400,625.5,627,1.1,10,-3.5,203.5033049,49.14,626.25
658500,626.5,628,1.1,10,-3.5,203.6895289,49.13,627.25
658600,626.5,628,1.1,10,-3.5,203.4650812,49.12,627.25
658700,628.5,630,1.1,10,-3.5,203.6045715,49.11,629.25
658800,633.5,635,1.1,10,-3.5,203.7127807,49.1,634.25
658900,638.5,640,1.1,10,-3.5,203.856066,49.09,639.25
659000,637.5,639,1.1,10,-3.5,203.5932379,49.08,638.25
659100,638.5,640,1.1,10,-3.5,203.6091644,49.07,639.25
659200,638.5,640,1.1,10,-3.5,203.6813361,49.06,639.25
659300,640,641.5,1.1,10,-3.5,203.6214039,49.05,640.75
659400,642.5,644,1.1,10,-3.5,203.6832276,49.04,643.25
659500,640.5,642,1.1,10,-3.5,203.7764497,49.03,641.25
659600,640.5,642.5,1.1,10,-3.5,203.7828965,49.02,641.5
659700,639.5,641,1.1,10,-3.5,203.6588109,49.01,640.25
659800,641,642.5,1.1,10,-3.5,203.7635119,49,641.75
659900,636,637.5,1.1,10,-3.5,203.6976892,48.99,636.75
660000,637,638.5,1.1,10,-3.5,203.9340975,48.98,637.75
660100,635.5,637,1.1,10,-3.5,204.1214695,48.97,636.25
660200,639,640.5,1.1,10,-3.5,204.2842867,48.96,639.75
660300,639,640.5,1.1,10,-3.5,204.5527208,48.95,639.75
660400,643.5,645,1.1,10,-3.5,204.6209902,48.94,644.25
660500,644.5,646,1.1,10,-3.5,204.6822784,48.93,645.25
660600,641,642.5,1.1,10,-3.5,204.5410714,48.92,641.75
660700,637.5,639,1.1,10,-3.5,204.5284367,48.91,638.25
660800,635.5,637,1.1,10,-3.5,204.7065685,48.9,636.25
660900,633.5,635,1.1,10,-3.5,204.6026055,48.89,634.25
661000,633,635,1.1,10,-3.5,204.6245186,48.88,634
661100,630,631.5,1.1,10,-3.5,204.4198576,48.87,630.75
661200,627,628.5,1.1,10,-3.5,204.1994718,48.86,627.75
661300,621.5,623,1.1,10,-3.5,204.0712753,48.85,622.25
661400,625.5,627,1.1,10,-3.5,204.3087936,48.84,626.25
661500,626,627.5,1.1,10,-3.5,204.4119871,48.83,626.75
661600,627.5,629,1.1,10,-3.5,204.5704894,48.82,628.25
661700,629,630.5,1.1,10,-3.5,204.86914,48.81,629.75
661800,632.5,634,1.1,10,-3.5,204.8025279,48.8,633.25
661900,632.5,634,1.1,10,-3.5,204.6856594,48.79,633.25
662000,632,633.5,1.1,10,-3.5,204.5321686,48.78,632.75
662100,632.5,634,1.1,10,-3.5,204.7043169,48.77,633.25
662200,632,634,1.1,10,-3.5,204.6139027,48.76,633
662300,633,634.5,1.1,10,-3.5,204.4897093,48.75,633.75
662400,632.5,634,1.1,10,-3.5,204.7618029,48.74,633.25
662500,633,634.5,1.1,10,-3.5,204.7589727,48.73,633.75
662600,635,636.5,1.1,10,-3.5,204.9399463,48.72,635.75
662700,633.5,635,1.1,10,-3.5,204.6004787,48.71,634.25
662800,633,634.5,1.1,10,-3.5,204.3044547,48.7,633.75
662900,634.5,636,1.1,10,-3.5,204.1094106,48.69,635.25
663000,634,635.5,1.1,10,-3.5,203.8139232,48.68,634.75
663100,635,636.5,1.1,10,-3.5,203.6330626,48.67,635.75
663200,637.5,639,1.1,10,-3.5,203.6404517,48.66,638.25
663300,639,640.5,1.1,10,-3.5,203.6745584,48.65,639.75
663400,635.5,637,1.1,10,-3.5,203.7635752,48.64,636.25
663500,634,635.5,1.1,10,-3.5,203.7472662,48.63,634.75
663600,636.5,638,1.1,10,-3.5,203.8943482,48.62,637.25
663700,638,639.5,1.1,10,-3.5,204.0998241,48.61,638.75
663800,641.5,643,1.1,10,-3.5,204.3673373,48.6,642.25
663900,640.5,642,1.1,10,-3.5,204.3080589,48.59,641.25
664000,643,644.5,1.1,10,-3.5,204.3960972,48.58,643.75
664100,641,642.5,1.1,10,-3.5,204.6092061,48.57,641.75
664200,643.5,645,1.1,10,-3.5,204.7531184,48.56,644.25
664300,641,642.5,1.1,10,-3.5,204.4847094,48.55,641.75
664400,641,642.5,1.1,10,-3.5,204.3857116,48.54,641.75
664500,639,640.5,1.1,10,-3.5,204.1733177,48.53,639.75
664600,638.5,640,1.1,10,-3.5,204.0940728,48.52,639.25
664700,636.5,638,1.1,10,-3.5,203.8496608,48.51,637.25
664800,636.5,638,1.1,10,-3.5,203.8787686,48.5,637.25
664900,633,634.5,1.1,10,-3.5,203.7629357,48.49,633.75
665000,635.5,637,1.1,10,-3.5,204.1536401,48.48,636.25
665100,637.5,639,1.1,10,-3.5,204.4901702,48.47,638.25
665200,636.5,638,1.1,10,-3.5,204.4571593,48.46,637.25
665300,636,637.5,1.1,10,-3.5,204.4321271,48.45,636.75
665400,638,639.5,1.1,10,-3.5,204.5638175,48.44,638.75
665500,635,636.5,1.1,10,-3.5,204.4466523,48.43,635.75
665600,635,636.5,1.1,10,-3.5,204.2891874,48.42,635.75
665700,632.5,634,1.1,10,-3.5,203.8573456,48.41,633.25
665800,633,634.5,1.1,10,-3.5,203.7356009,48.4,633.75
665900,634.5,636,1.1,10,-3.5,203.9420659,48.39,635.25
666000,634,635.5,1.1,10,-3.5,203.7775521,48.38,634.75
666100,635.5,637,1.1,10,-3.5,203.7145961,48.37,636.25
666200,635,637,1.1,10,-3.5,203.3082343,48.36,636
666300,630.5,632,1.1,10,-3.5,203.2386833,48.35,631.25
666400,626,627.5,1.1,10,-3.5,202.8337022,48.34,626.75
666500,624.5,626,1.1,10,-3.5,202.7262478,48.33,625.25
666600,625.5,627,1.1,10,-3.5,202.6032574,48.32,626.25
666700,625,626.5,1.1,10,-3.5,202.6474457,48.31,625.75
666800,625,626.5,1.1,10,-3.5,202.7221215,48.3,625.75
666900,627,628.5,1.1,10,-3.5,202.7880661,48.29,627.75
667000,627,628.5,1.1,10,-3.5,202.9406565,48.28,627.75
667100,621,622.5,1.1,10,-3.5,202.7903361,48.27,621.75
667200,622,623.5,1.1,10,-3.5,202.7966723,48.26,622.75
667300,623,624.5,1.1,10,-3.5,202.9786064,48.25,623.75
667400,623.5,625,1.1,10,-3.5,203.2576527,48.24,624.25
667500,625,626.5,1.1,10,-3.5,203.4935567,48.23,625.75
667600,629,630.5,1.1,10,-3.5,203.5563686,48.22,629.75
667700,627,628.5,1.1,10,-3.5,203.4980999,48.21,627.75
667800,629.5,631,1.1,10,-3.5,203.6873737,48.2,630.25
667900,626.5,628,1.1,10,-3.5,203.6038719,48.19,627.25
668000,628,629.5,1.1,10,-3.5,203.7931231,48.18,628.75
668100,634,635.5,1.1,10,-3.5,204.053699,48.17,634.75
668200,634,635.5,1.1,10,-3.5,203.8113036,48.16,634.75
668300,631,632.5,1.1,10,-3.5,203.9024904,48.15,631.75
668400,634,635.5,1.1,10,-3.5,203.9086708,48.14,634.75
668500,635,636.5,1.1,10,-3.5,204.0947135,48.13,635.75
668600,634.5,636,1.1,10,-3.5,204.0554946,48.12,635.25
668700,631,632.5,1.1,10,-3.5,203.9696645,48.11,631.75
668800,632.5,634,1.1,10,-3.5,203.9448868,48.1,633.25
668900,627,628.5,1.1,10,-3.5,203.7014641,48.09,627.75
669000,631.5,633,1.1,10,-3.5,203.9163212,48.08,632.25
669100,630,631.5,1.1,10,-3.5,203.7918606,48.07,630.75
669200,628,629.5,1.1,10,-3.5,203.6318191,48.06,628.75
669300,624,625.5,1.1,10,-3.5,203.360991,48.05,624.75
669400,629.5,631,1.1,10,-3.5,203.6030549,48.04,630.25
669500,628,629.5,1.1,10,-3.5,203.4819046,48.03,628.75
669600,627,628.5,1.1,10,-3.5,203.3381656,48.02,627.75
669700,629.5,631,1.1,10,-3.5,203.6755399,48.01,630.25
669800,627.5,629,1.1,10,-3.5,203.2924478,48,628.25
669900,624.5,626,1.1,10,-3.5,203.2136873,47.99,625.25
670000,622,623.5,1.1,10,-3.5,203.1822385,47.98,622.75
670100,620.5,622,1.1,10,-3.5,203.155353,47.97,621.25
670200,614,615.5,1.1,10,-3.5,202.8253384,47.96,614.75
670300,611.5,613,1.1,10,-3.5,202.5687556,47.95,612.25
670400,610.5,612,1.1,10,-3.5,202.7156605,47.94,611.25
670500,611,612.5,1.1,10,-3.5,202.8144238,47.93,611.75
670600,610,611.5,1.1,10,-3.5,202.8366754,47.92,610.75
670700,613.5,615,1.1,10,-3.5,202.841879,47.91,614.25
670800,615,616.5,1.1,10,-3.5,202.709116,47.9,615.75
670900,615.5,617,1.1,10,-3.5,202.699379,47.89,616.25
671000,615.5,617,1.1,10,-3.5,202.757036,47.88,616.25
671100,610.5,612,1.1,10,-3.5,202.2435137,47.87,611.25
671200,609,610.5,1.1,10,-3.5,202.0298975,47.86,609.75
671300,611,612.5,1.1,10,-3.5,202.0195057,47.85,611.75
671400,612,613.5,1.1,10,-3.5,201.6395205,47.84,612.75
671500,610.5,612,1.1,10,-3.5,201.5023577,47.83,611.25
671600,608,609.5,1.1,10,-3.5,201.2650177,47.82,608.75
671700,604.5,606,1.1,10,-3.5,201.1747897,47.81,605.25
671800,603.5,605,1.1,10,-3.5,201.1906043,47.8,604.25
671900,600.5,602,1.1,10,-3.5,201.1557299,47.79,601.25
672000,600,601.5,1.1,10,-3.5,201.100854,47.78,600.75
672100,597.5,599,1.1,10,-3.5,200.8283782,47.77,598.25
672200,603.5,605,1.1,10,-3.5,201.1270819,47.76,604.25
672300,604,605.5,1.1,10,-3.5,200.872686,47.75,604.75
672400,603,604.5,1.1,10,-3.5,200.8566404,47.74,603.75
672500,600.5,602,1.1,10,-3.5,200.9384429,47.73,601.25
672600,599.5,601,1.1,10,-3.5,200.9262181,47.72,600.25
672700,598,599.5,1.1,10,-3.5,200.7520329,47.71,598.75
672800,595.5,597,1.1,10,-3.5,200.3898199,47.7,596.25
672900,596,597.5,1.1,10,-3.5,200.6837718,47.69,596.75
673000,600,601.5,1.1,10,-3.5,200.7875584,47.68,600.75
673100,601.5,603,1.1,10,-3.5,200.9396374,47.67,602.25
673200,601.5,603,1.1,10,-3.5,200.9838642,47.66,602.25
673300,600,601.5,1.1,10,-3.5,200.8305966,47.65,600.75
673400,598,599.5,1.1,10,-3.5,200.6787229,47.64,598.75
673500,596,597.5,1.1,10,-3.5,200.7259533,47.63,596.75
673600,596.5,598,1.1,10,-3.5,200.8870771,47.62,597.25
673700,598,599.5,1.1,10,-3.5,201.0447428,47.61,598.75
673800,597.5,599,1.1,10,-3.5,200.9068419,47.6,598.25
673900,596.5,598,1.1,10,-3.5,200.9643027,47.59,597.25
674000,597,598.5,1.1,10,-3.5,200.8478982,47.58,597.75
674100,598,599.5,1.1,10,-3.5,200.9968796,47.57,598.75
674200,599.5,601,1.1,10,-3.5,201.3720974,47.56,600.25
674300,598,599.5,1.1,10,-3.5,201.2457008,47.55,598.75
674400,602,603.5,1.1,10,-3.5,201.3832169,47.54,602.75
674500,605.5,607,1.1,10,-3.5,201.5012806,47.53,606.25
674600,607,608.5,1.1,10,-3.5,201.6526213,47.52,607.75
674700,606.5,608,1.1,10,-3.5,201.6700134,47.51,607.25
674800,605,606.5,1.1,10,-3.5,201.6088118,47.5,605.75
674900,602,603.5,1.1,10,-3.5,201.6268332,47.49,602.75
675000,600,601.5,1.1,10,-3.5,201.5635868,47.48,600.75
675100,600,602,1.1,10,-3.5,201.5482525,47.47,601
675200,600.5,602,1.1,10,-3.5,201.4640595,47.46,601.25
675300,599,600.5,1.1,10,-3.5,201.4236124,47.45,599.75
675400,596.5,598,1.1,10,-3.5,201.1633667,47.44,597.25
675500,600,601.5,1.1,10,-3.5,201.3565718,47.43,600.75
675600,601.5,603,1.1,10,-3.5,201.4547126,47.42,602.25
675700,603,604.5,1.1,10,-3.5,201.4758444,47.41,603.75
675800,605.5,607,1.1,10,-3.5,201.7803747,47.4,606.25
675900,603.5,605,1.1,10,-3.5,201.6463525,47.39,604.25
676000,603.5,605,1.1,10,-3.5,201.6712305,47.38,604.25
676100,603.5,605,1.1,10,-3.5,201.6409044,47.37,604.25
676200,605,606.5,1.1,10,-3.5,201.686987,47.36,605.75
676300,606.5,608,1.1,10,-3.5,201.7138464,47.35,607.25
676400,607.5,609,1.1,10,-3.5,201.748473,47.34,608.25
676500,605.5,607,1.1,10,-3.5,201.6738695,47.33,606.25
676600,608,609.5,1.1,10,-3.5,201.9636137,47.32,608.75
676700,605.5,607,1.1,10,-3.5,201.9564081,47.31,606.25
676800,610.5,612,1.1,10,-3.5,202.0448809,47.3,611.25
676900,611.5,613,1.1,10,-3.5,202.1544353,47.29,612.25
677000,609.5,611,1.1,10,-3.5,202.0737592,47.28,610.25
677100,609,610.5,1.1,10,-3.5,201.7091305,47.27,609.75
677200,604,605.5,1.1,10,-3.5,201.5276802,47.26,604.75
677300,600,601.5,1.1,10,-3.5,201.4708124,47.25,600.75
677400,599.5,601,1.1,10,-3.5,201.4540943,47.24,600.25
677500,597,598.5,1.1,10,-3.5,201.230331,47.23,597.75
677600,599,600.5,1.1,10,-3.5,201.3858674,47.22,599.75
677700,600.5,602,1.1,10,-3.5,201.6039109,47.21,601.25
677800,596.5,598,1.1,10,-3.5,201.5217708,47.2,597.25
677900,593.5,595,1.1,10,-3.5,201.387997,47.19,594.25
678000,594.5,596,1.1,10,-3.5,201.506387,47.18,595.25
678100,594,596,1.1,10,-3.5,201.4110157,47.17,595
678200,595,596.5,1.1,10,-3.5,201.6353429,47.16,595.75
678300,596.5,598,1.1,10,-3.5,201.8634738,47.15,597.25
678400,597,598.5,1.1,10,-3.5,201.8182386,47.14,597.75
678500,601,602.5,1.1,10,-3.5,201.8439266,47.13,601.75
678600,597.5,599,1.1,10,-3.5,201.6178663,47.12,598.25
678700,595,596.5,1.1,10,-3.5,201.4848728,47.11,595.75
678800,592.5,594,1.1,10,-3.5,201.4552801,47.1,593.25
678900,593.5,595,1.1,10,-3.5,201.4673765,47.09,594.25
679000,595,596.5,1.1,10,-3.5,201.7289655,47.08,595.75
679100,596,597.5,1.1,10.5,-3.5,201.8897773,47.07,596.75
679200,594.5,596,1.1,10.5,-3.5,201.5885716,47.06,595.25
679300,598,599.5,1.1,10.5,-3.5,201.7348229,47.05,598.75
679400,599.5,601,1.1,10.5,-3.5,201.6960965,47.04,600.25
679500,597,598.5,1.1,10.5,-3.5,201.6473261,47.03,597.75
679600,595.5,597,1.1,10.5,-3.5,201.5213391,47.02,596.25
679700,594,595.5,1.1,10.5,-3.5,201.4566148,47.01,594.75
679800,592.5,594,1.1,10.5,-3.5,201.2194828,47,593.25
679900,591,592.5,1.1,10.5,-3.5,201.0476846,46.99,591.75
680000,588,589.5,1.1,10.5,-3.5,200.7195957,46.98,588.75
680100,585.5,587,1.1,10.5,-3.5,200.656074,46.97,586.25
680200,586.5,588,1.1,10.5,-3.5,200.6767283,46.96,587.25
680300,581,582.5,1.1,10.5,-3.5,200.544948,46.95,581.75
680400,581,582.5,1.1,10.5,-3.5,200.4910572,46.94,581.75
680500,581,582.5,1.1,10.5,-3.5,200.437728,46.93,581.75
680600,581,582.5,1.1,10.5,-3.5,200.4563861,46.92,581.75
680700,579.5,581,1.1,10.5,-3.5,200.4022149,46.91,580.25
680800,581,582.5,1.1,10.5,-3.5,200.474034,46.9,581.75
680900,582,583.5,1.1,10.5,-3.5,200.5694541,46.89,582.75
681000,583,584.5,1.1,10.5,-3.5,200.7529005,46.88,583.75
681100,582,583.5,1.1,10.5,-3.5,200.7599352,46.87,582.75
681200,581.5,583,1.1,10.5,-3.5,200.727049,46.86,582.25
681300,581.5,583.5,1.1,10.5,-3.5,200.691722,46.85,582.5
681400,581.5,583,1.1,10.5,-3.5,200.6492771,46.84,582.25
681500,582.5,584,1.1,10.5,-3.5,200.7210091,46.83,583.25
681600,586.5,588,1.1,10.5,-3.5,201.0019481,46.82,587.25
681700,584,585.5,1.1,10.5,-3.5,201.0018054,46.81,584.75
681800,583,584.5,1.1,10.5,-3.5,200.8066103,46.8,583.75
681900,586.5,588,1.1,10.5,-3.5,200.9457338,46.79,587.25
682000,584.5,586,1.1,10.5,-3.5,200.8126938,46.78,585.25
682100,589.5,591,1.1,10.5,-3.5,201.2330753,46.77,590.25
682200,589,590.5,1.1,10.5,-3.5,201.1953362,46.76,589.75
682300,591,592.5,1.1,10.5,-3.5,201.6184844,46.75,591.75
682400,589,590.5,1.1,10.5,-3.5,201.3696986,46.74,589.75
682500,592,593.5,1.1,10.5,-3.5,201.707023,46.73,592.75
682600,586.5,588,1.1,10.5,-3.5,201.524507,46.72,587.25
682700,585,586.5,1.1,10.5,-3.5,201.4058219,46.71,585.75
682800,583,584.5,1.1,10.5,-3.5,201.3899217,46.7,583.75
682900,584,585.5,1.1,10.5,-3.5,201.4335889,46.69,584.75
683000,585.5,587,1.1,10.5,-3.5,201.808507,46.68,586.25
683100,586.5,588,1.1,10.5,-3.5,201.9954869,46.67,587.25
683200,587.5,589,1.1,10.5,-3.5,201.9196542,46.66,588.25
683300,584,585.5,1.1,10.5,-3.5,201.8692828,46.65,584.75
683400,587,588.5,1.1,10.5,-3.5,201.8414645,46.64,587.75
683500,590,591.5,1.1,10.5,-3.5,202.117581,46.63,590.75
683600,588.5,590,1.1,10.5,-3.5,201.8857465,46.62,589.25
683700,587,588.5,1.1,10.5,-3.5,201.6777804,46.61,587.75
683800,584.5,586,1.1,10.5,-3.5,201.8305515,46.6,585.25
683900,586,587.5,1.1,10.5,-3.5,202.0457192,46.59,586.75
684000,584,585.5,1.1,10.5,-3.5,201.7180698,46.58,584.75
684100,583,584.5,1.1,10.5,-3.5,201.6265713,46.57,583.75
684200,582.5,584,1.1,10.5,-3.5,201.8867005,46.56,583.25
684300,580,581.5,1.1,10.5,-3.5,201.483502,46.55,580.75
684400,575.5,577,1.1,10.5,-3.5,201.1087304,46.54,576.25
684500,574.5,576,1.1,10.5,-3.5,200.9976178,46.53,575.25
684600,571.5,573,1.1,10.5,-3.5,200.82286,46.52,572.25
684700,570,571.5,1.1,10.5,-3.5,200.8985119,46.51,570.75
684800,575,576.5,1.1,10.5,-3.5,201.1946623,46.5,575.75
684900,570,571.5,1.1,10.5,-3.5,200.9152258,46.49,570.75
685000,573,574.5,1.1,10.5,-3.5,201.1781631,46.48,573.75
685100,575,576.5,1.1,10.5,-3.5,201.3489799,46.47,575.75
685200,576,577.5,1.1,10.5,-3.5,201.5597403,46.46,576.75
685300,574.5,576,1.1,10.5,-3.5,201.3047855,46.45,575.25
685400,578.5,580,1.1,10.5,-3.5,201.4835817,46.44,579.25
685500,573,574.5,1.1,10.5,-3.5,201.4372438,46.43,573.75
685600,572.5,574.5,1.1,10.5,-3.5,201.3801314,46.42,573.5
685700,571,572.5,1.1,10.5,-3.5,201.0055128,46.41,571.75
685800,575.5,577,1.1,10.5,-3.5,201.3481114,46.4,576.25
685900,574,575.5,1.1,10.5,-3.5,201.3866157,46.39,574.75
686000,569,570.5,1.1,10.5,-3.5,201.2849806,46.38,569.75
686100,571,572.5,1.1,10.5,-3.5,201.3837912,46.37,571.75
686200,567.5,569,1.1,10.5,-3.5,201.1501804,46.36,568.25
686300,568.5,570,1.1,10.5,-3.5,200.9360113,46.35,569.25
686400,572,573.5,1.1,10.5,-3.5,201.0511494,46.34,572.75
686500,574.5,576,1.1,10.5,-3.5,201.0918056,46.33,575.25
686600,575,576.5,1.1,10.5,-3.5,201.0241723,46.32,575.75
686700,577,578.5,1.1,10.5,-3.5,201.1897675,46.31,577.75
686800,577,578.5,1.1,10.5,-3.5,201.2810941,46.3,577.75
686900,577.5,579,1.1,10.5,-3.5,200.9839417,46.29,578.25
687000,578,579.5,1.1,10.5,-3.5,201.100489,46.28,578.75
687100,577,578.5,1.1,10.5,-3.5,201.0964107,46.27,577.75
687200,574.5,576,1.1,10.5,-3.5,201.0056682,46.26,575.25
687300,570.5,572,1.1,10.5,-3.5,200.8718425,46.25,571.25
687400,569.5,571,1.1,10.5,-3.5,200.9262588,46.24,570.25
687500,569.5,571,1.1,10.5,-3.5,201.0006732,46.23,570.25
687600,567.5,569,1.1,10.5,-3.5,200.9527102,46.22,568.25
687700,569.5,571,1.1,10.5,-3.5,201.3524648,46.21,570.25
687800,569.5,571,1.1,10.5,-3.5,201.289782,46.2,570.25
687900,564.5,566,1.1,10.5,-3.5,201.0274146,46.19,565.25
688000,564,565.5,1.1,10.5,-3.5,200.9508323,46.18,564.75
688100,563.5,565.5,1.1,10.5,-3.5,200.9942949,46.17,564.5
688200,560,561.5,1.1,10.5,-3.5,200.9652906,46.16,560.75
688300,562.5,564,1.1,10.5,-3.5,201.2482443,46.15,563.25
688400,565,566.5,1.1,10.5,-3.5,201.2286469,46.14,565.75
688500,561.5,563,1.1,10.5,-3.5,200.8234277,46.13,562.25
688600,564.5,566,1.1,10.5,-3.5,200.8898383,46.12,565.25
688700,560,561.5,1.1,10.5,-3.5,200.6879944,46.11,560.75
688800,562.5,564,1.1,10.5,-3.5,200.8265797,46.1,563.25
688900,562.5,564.5,1.1,10.5,-3.5,200.9594357,46.09,563.5
689000,564.5,566,1.1,10.5,-3.5,201.3273557,46.08,565.25
689100,564.5,566,1.1,10.5,-3.5,201.1281629,46.07,565.25
689200,570,571.5,1.1,10.5,-3.5,201.1502189,46.06,570.75
689300,571,572.5,1.1,10.5,-3.5,201.3982137,46.05,571.75
689400,567,568.5,1.1,10.5,-3.5,201.1090474,46.04,567.75
689500,564.5,566,1.1,10.5,-3.5,201.0711317,46.03,565.25
689600,567,568.5,1.1,10.5,-3.5,201.3286774,46.02,567.75
689700,566,567.5,1.1,10.5,-3.5,201.5388904,46.01,566.75
689800,567,568.5,1.1,10.5,-3.5,201.5518344,46,567.75
689900,567,568.5,1.1,10.5,-3.5,201.5212114,45.99,567.75
690000,569.5,571,1.1,10.5,-3.5,202.0290296,45.98,570.25
690100,565,566.5,1.1,10.5,-3.5,201.903531,45.97,565.75
690200,565,567,1.1,10.5,-3.5,201.8975754,45.96,566
690300,566,567.5,1.1,10.5,-3.5,202.0207832,45.95,566.75
690400,567.5,569,1.1,10.5,-3.5,202.2837651,45.94,568.25
690500,564,565.5,1.1,10.5,-3.5,202.2002957,45.93,564.75
690600,565.5,567,1.1,10.5,-3.5,202.3720349,45.92,566.25
690700,565.5,567,1.1,10.5,-3.5,202.3671368,45.91,566.25
690800,565.5,567,1.1,10.5,-3.5,202.4417183,45.9,566.25
690900,565,566.5,1.1,10.5,-3.5,202.2848707,45.89,565.75
691000,567.5,569,1.1,10.5,-3.5,202.2487584,45.88,568.25
691100,567.5,569,1.1,10.5,-3.5,202.2350655,45.87,568.25
691200,564,565.5,1.1,10.5,-3.5,202.1125357,45.86,564.75
691300,564.5,566,1.1,10.5,-3.5,202.214004,45.85,565.25
691400,569.5,571,1.1,10.5,-3.5,202.3962292,45.84,570.25
691500,567,568.5,1.1,10.5,-3.5,202.1947989,45.83,567.75
691600,567.5,569,1.1,10.5,-3.5,202.399487,45.82,568.25
691700,566,567.5,1.1,10.5,-3.5,202.1063022,45.81,566.75
691800,567.5,569,1.1,10.5,-3.5,202.1105959,45.8,568.25
691900,568,569.5,1.1,10.5,-3.5,201.867803,45.79,568.75
692000,567.5,569,1.1,10.5,-3.5,201.8886791,45.78,568.25
692100,568,569.5,1.1,10.5,-3,201.8524117,45.77,568.75
692200,567,568.5,1.1,10.5,-3,201.6896437,45.76,567.75
692300,567,568.5,1.1,10.5,-3,201.7335498,45.75,567.75
692400,565.5,567,1.1,10.5,-3,201.5592032,45.74,566.25
692500,564.5,566,1.1,10.5,-3,201.4084887,45.73,565.25
692600,566,567.5,1.1,10.5,-3,201.5196903,45.72,566.75
692700,562.5,564,1.1,10.5,-3,201.4531572,45.71,563.25
692800,567,568.5,1.1,10.5,-3,201.7590778,45.7,567.75
692900,567.5,569,1.1,10.5,-3,201.817044,45.69,568.25
693000,567,568.5,1.1,10.5,-3,201.4824499,45.68,567.75
693100,568,569.5,1.1,10.5,-3,201.2634275,45.67,568.75
693200,566.5,568,1.1,10.5,-3,201.2234795,45.66,567.25
693300,566,567.5,1.1,10.5,-3,201.2230955,45.65,566.75
693400,561.5,563,1.1,10.5,-3,200.9332307,45.64,562.25
693500,563.5,565,1.1,10.5,-3,201.1353814,45.63,564.25
693600,565.5,567,1.1,10.5,-3,201.3474094,45.62,566.25
693700,566.5,568,1.1,10.5,-3,201.5033359,45.61,567.25
693800,569.5,571,1.1,10.5,-3,201.5802251,45.6,570.25
693900,567.5,569,1.1,10.5,-3,201.3893955,45.59,568.25
694000,567.5,569.5,1.1,10.5,-3,201.4736989,45.58,568.5
694100,567,568.5,1.1,10.5,-3,201.5184236,45.57,567.75
694200,567,568.5,1.1,10.5,-3,202.1396036,45.56,567.75
694300,569.5,571,1.1,10.5,-3,202.278331,45.55,570.25
694400,573.5,575,1.1,10.5,-3,202.4906373,45.54,574.25
694500,571.5,573,1.1,10.5,-3,202.5034075,45.53,572.25
694600,572,573.5,1.1,10.5,-3,202.5487156,45.52,572.75
694700,570.5,572,1.1,10.5,-3,202.425363,45.51,571.25
694800,567,568.5,1.1,10.5,-3,202.3234367,45.5,567.75
694900,567,568.5,1.1,10.5,-3,202.347571,45.49,567.75
695000,565.5,567,1.1,10.5,-3,202.3578496,45.48,566.25
695100,567.5,569,1.1,10.5,-3,202.4572427,45.47,568.25
695200,564.5,566,1.1,10.5,-3,202.2814166,45.46,565.25
695300,561.5,563,1.1,10.5,-3,201.8350015,45.45,562.25
695400,562.5,564,1.1,10.5,-3,202.1108826,45.44,563.25
695500,564,565.5,1.1,10.5,-3,202.4042575,45.43,564.75
695600,567.5,569,1.1,10.5,-3,202.5240551,45.42,568.25
695700,566.5,568,1.1,10.5,-3,202.1515887,45.41,567.25
695800,566,567.5,1.1,10.5,-3,202.1238269,45.4,566.75
695900,569,570.5,1.1,10.5,-3,202.4255987,45.39,569.75
696000,568,569.5,1.1,10.5,-3,202.3454974,45.38,568.75
696100,565.5,567,1.1,10.5,-3,202.1671699,45.37,566.25
696200,564,565.5,1.1,10.5,-3,202.1140999,45.36,564.75
696300,564,565.5,1.1,10.5,-3,202.4751207,45.35,564.75
696400,565.5,567,1.1,10.5,-3,202.6725179,45.34,566.25
696500,568,569.5,1.1,10.5,-3,202.8980076,45.33,568.75
696600,568.5,570,1.1,10.5,-3,202.8124609,45.32,569.25
696700,567.5,569,1.1,10.5,-3,202.9473879,45.31,568.25
696800,566.5,568,1.1,10.5,-3,202.9845261,45.3,567.25
696900,566.5,568,1.1,10.5,-3,202.9322514,45.29,567.25
697000,563,564.5,1.1,10.5,-3,202.6823024,45.28,563.75
697100,560.5,562,1.1,10.5,-3,202.5677051,45.27,561.25
697200,560,561.5,1.1,10.5,-3,202.5475431,45.26,560.75
697300,559,560.5,1.1,10.5,-3,202.6861948,45.25,559.75
697400,563,564.5,1.1,10.5,-3,203.1115986,45.24,563.75
697500,564,565.5,1.1,10.5,-3,203.000964,45.23,564.75
697600,564.5,566,1.1,10.5,-3,202.9346216,45.22,565.25
697700,563,564.5,1.1,10.5,-3,202.9044467,45.21,563.75
697800,566,567.5,1.1,10.5,-3,203.0151483,45.2,566.75
697900,566,567.5,1.1,10.5,-3,203.0084547,45.19,566.75
698000,569,570.5,1.1,10.5,-3,203.1540114,45.18,569.75
698100,569,570.5,1.1,10.5,-3,203.1174522,45.17,569.75
698200,568.5,570,1.1,10.5,-3,203.2555588,45.16,569.25
698300,566.5,568,1.1,10.5,-3,203.0321559,45.15,567.25
698400,569.5,571,1.1,10.5,-3,203.4478653,45.14,570.25
698500,565.5,567,1.1,10.5,-3,203.3670739,45.13,566.25
698600,570.5,572,1.1,10.5,-3,203.6639257,45.12,571.25
698700,565.5,567,1.1,10.5,-3,203.3018975,45.11,566.25
698800,565,567,1.1,10.5,-3,203.2819345,45.1,566
698900,565.5,567,1.1,10.5,-3,203.3578406,45.09,566.25
699000,571,572.5,1.1,10.5,-3,203.5505342,45.08,571.75
699100,568.5,570,1.1,10.5,-3,203.4503519,45.07,569.25
699200,568,569.5,1.1,10.5,-3,203.4073826,45.06,568.75
699300,570,571.5,1.1,10.5,-3,203.4281084,45.05,570.75
699400,570.5,572,1.1,10.5,-3,203.6180297,45.04,571.25
699500,572.5,574,1.1,10.5,-3,203.9093754,45.03,573.25
699600,570,571.5,1.1,10.5,-3,203.7844397,45.02,570.75
699700,571.5,573,1.1,10.5,-3,203.9298457,45.01,572.25
699800,573,574.5,1.1,10.5,-3,204.0319351,45,573.75
699900,574,575.5,1.1,10.5,-3,204.3316878,45,574.75
700000,573,574.5,1.1,10.5,-3,204.2563089,45,573.75
700100,568,569.5,1.1,10.5,-3,204.2315225,45,568.75
700200,567.5,569,1.1,10.5,-3,204.0607276,45,568.25
700300,569,570.5,1.1,10.5,-3,204.0691298,45,569.75
700400,569,570.5,1.1,10.5,-3,204.0579691,45,569.75
700500,572,573.5,1.1,10.5,-3,204.1478355,45,572.75
700600,574.5,576,1.1,10.5,-3,204.3118111,45,575.25
700700,577,578.5,1.1,10.5,-3,204.5587847,45,577.75
700800,575.5,577,1.1,10.5,-3,204.4597082,45,576.25
700900,574,575.5,1.1,10.5,-3,204.510459,45,574.75
701000,577.5,579,1.1,10.5,-3,204.5399511,45,578.25
701100,581,582.5,1.1,10.5,-3,204.555297,45,581.75
701200,578.5,580,1.1,10.5,-3,204.1940394,45,579.25
701300,575.5,577,1.1,10.5,-3,203.8515542,45,576.25
701400,578,579.5,1.1,10.5,-3,204.0581321,45,578.75
701500,584.5,586,1.1,10.5,-3,204.5574698,45,585.25
701600,587,588.5,1.1,10.5,-3,204.6353411,45,587.75
701700,588,589.5,1.1,10.5,-3,204.9101024,45,588.75
701800,590.5,592,1.1,10.5,-3,205.1514803,45,591.25
701900,589.5,591,1.1,10.5,-3,205.0420964,45,590.25
702000,588,589.5,1.1,10.5,-3,205.178119,45,588.75
702100,590,591.5,1.1,10.5,-3,205.2681775,45,590.75
702200,594.5,596,1.1,10.5,-3,205.6578934,45,595.25
702300,597,598.5,1.1,10.5,-3,205.760214,45,597.75
702400,594.5,596,1.1,10.5,-3,205.7423418,45,595.25
702500,593,594.5,1.1,10.5,-3,205.5069867,45,593.75
702600,593,594.5,1.1,10.5,-3,205.4336963,45,593.75
702700,594,595.5,1.1,10.5,-3,205.433914,45,594.75
702800,591,592.5,1.1,10.5,-3,205.3311707,45,591.75
702900,590,591.5,1.1,10.5,-3,205.0126629,45,590.75
703000,588.5,590,1.1,10.5,-3,204.8789404,45,589.25
703100,591.5,593,1.1,10.5,-3,204.9513651,45,592.25
703200,589.5,591,1.1,10.5,-3,204.8359383,45,590.25
703300,591,592.5,1.1,10.5,-3,204.833613,45,591.75
703400,592.5,594,1.1,10.5,-3,204.7741888,45,593.25
703500,597,598.5,1.1,10.5,-3,204.8550751,45,597.75
703600,595,596.5,1.1,10.5,-3,204.6905623,45,595.75
703700,591.5,593,1.1,10.5,-3,204.6486292,45,592.25
703800,591.5,593,1.1,10.5,-3,204.7070549,45,592.25
703900,591.5,593,1.1,10.5,-3,204.7206803,45,592.25
704000,590.5,592,1.1,10.5,-3,204.6072325,45,591.25
704100,590.5,592,1.1,10.5,-3,204.432261,45,591.25
704200,590,591.5,1.1,10.5,-3,204.6540018,45,590.75
704300,591.5,593,1.1,10.5,-3,204.8521972,45,592.25
704400,589,590.5,1.1,10.5,-3,204.3538224,45,589.75
704500,591,592.5,1.1,10.5,-3,204.383603,45,591.75
704600,593.5,595,1.1,10.5,-3,204.5501207,45,594.25
704700,596.5,598,1.1,10.5,-3,204.7066005,45,597.25
704800,594.5,596,1.1,10.5,-3,204.6304688,45,595.25
704900,598.5,600,1.1,10.5,-3,204.8732537,45,599.25
705000,602.5,604,1.1,10.5,-3,205.2627644,45,603.25
705100,606.5,608,1.1,10.5,-3,205.4216538,45,607.25
705200,607,608.5,1.1,10.5,-3,205.0304464,45,607.75
705300,608,609.5,1.1,10.5,-3,204.8660964,45,608.75
705400,610,611.5,1.1,10.5,-3,204.9452733,45,610.75
705500,612.5,614,1.1,10.5,-3,204.9838539,45,613.25
705600,609,610.5,1.1,10.5,-3,204.8334876,45,609.75
705700,606.5,608,1.1,10.5,-3,204.4030427,45,607.25
705800,604,605.5,1.1,10.5,-3,204.3153975,45,604.75
705900,602.5,604,1.1,10.5,-3,204.0285685,45,603.25
706000,601,602.5,1.1,10.5,-3,203.771201,45,601.75
706100,600.5,602,1.1,10.5,-3,203.4948682,45,601.25
706200,596,597.5,1.1,10.5,-3,203.351269,45,596.75
706300,597,598.5,1.1,10.5,-3,203.0033385,45,597.75
706400,593.5,595,1.1,10.5,-3,202.9427302,45,594.25
706500,590,591.5,1.1,10.5,-3,202.7272833,45,590.75
706600,587,588.5,1.1,10.5,-3,202.4697838,45,587.75
706700,590,591.5,1.1,10.5,-3,202.7638663,45,590.75
706800,589,590.5,1.1,10.5,-3,202.910663,45,589.75
706900,591.5,593,1.1,10.5,-3,203.2257327,45,592.25
707000,587.5,589,1.1,10.5,-3,203.1223713,45,588.25
707100,589.5,591,1.1,10.5,-3,203.1389701,45,590.25
707200,589.5,591,1.1,10.5,-3,203.0655413,45,590.25
707300,590,591.5,1.1,10.5,-3,203.2887536,45,590.75
707400,592,593.5,1.1,10.5,-3,203.5608645,45,592.75
707500,594.5,596,1.1,10.5,-3,203.760579,45,595.25
707600,598.5,600,1.1,10.5,-3,203.9621528,45,599.25
707700,601.5,603,1.1,10.5,-3,204.4614183,45,602.25
707800,601.5,603,1.1,10.5,-3,204.4626508,45,602.25
707900,601.5,603,1.1,10.5,-3,204.4050413,45,602.25
708000,601.5,603,1.1,10.5,-3,204.1926705,45,602.25
708100,604.5,606,1.1,10.5,-3,204.2378034,45,605.25
708200,602.5,604,1.1,10.5,-3,204.0433246,45,603.25
708300,601,602.5,1.1,10.5,-3,203.8336635,45,601.75
708400,604.5,606,1.1,10.5,-3,203.8915155,45,605.25
708500,606,607.5,1.1,10.5,-3,204.1078383,45,606.75
708600,611,612.5,1.1,10.5,-3.5,204.134035,45,611.75
708700,612.5,614,1.1,10.5,-3.5,204.1213564,45,613.25
708800,615,616.5,1.1,10.5,-3.5,204.2036193,45,615.75
708900,614,615.5,1.1,10.5,-3.5,203.8564116,45,614.75
709000,612.5,614,1.1,10.5,-3.5,203.9623957,45,613.25
709100,607.5,609,1.1,10.5,-3.5,203.954287,45,608.25
709200,603,604.5,1.1,10.5,-3.5,203.4373222,45,603.75
709300,601.5,603,1.1,10.5,-3.5,203.5156354,45,602.25
709400,605,606.5,1.1,10.5,-3.5,203.7823719,45,605.75
709500,604,605.5,1.1,10.5,-3.5,203.7642315,45,604.75
709600,604,605.5,1.1,10.5,-3.5,203.7933143,45,604.75
709700,602.5,604,1.1,10.5,-3.5,203.751956,45,603.25
709800,606,607.5,1.1,10.5,-3.5,204.0548787,45,606.75
709900,609,610.5,1.1,10.5,-3.5,204.2040194,45,609.75
710000,611,612.5,1.1,10.5,-3.5,204.30125,45,611.75
710100,611,612.5,1.1,10.5,-3.5,204.4169547,45,611.75
710200,613,614.5,1.1,10.5,-3.5,204.5921336,45,613.75
710300,615,616.5,1.1,10.5,-3.5,204.8750654,45,615.75
710400,611,612.5,1.1,10.5,-3.5,204.8449866,45,611.75
710500,610.5,612,1.1,10.5,-3.5,204.7908868,45,611.25
710600,609,610.5,1.1,10.5,-3.5,204.7798457,45,609.75
710700,610,611.5,1.1,10.5,-3.5,204.9143066,45,610.75
710800,614.5,616,1.1,10.5,-3.5,205.1625915,45,615.25
710900,615,616.5,1.1,10.5,-3.5,204.9177248,45,615.75
711000,615.5,617,1.1,10.5,-3.5,204.7849715,45,616.25
711100,616,617.5,1.1,10.5,-3.5,204.7932263,45,616.75
711200,615.5,617,1.1,10.5,-3.5,204.5168605,45,616.25
711300,611,612.5,1.1,10.5,-3.5,204.4316582,45,611.75
711400,610,611.5,1.1,10.5,-3.5,204.1751203,45,610.75
711500,607,608.5,1.1,10.5,-3.5,204.1512831,45,607.75
711600,607,608.5,1.1,10.5,-3.5,204.0387436,45,607.75
711700,607,609,1.1,10.5,-3.5,203.9151579,45,608
711800,608,609.5,1.1,10.5,-3.5,203.5395393,45,608.75
711900,610.5,612,1.1,10.5,-3.5,203.6467113,45,611.25
712000,608.5,610,1.1,10.5,-3.5,203.7768891,45,609.25
712100,611,612.5,1.1,10.5,-3.5,203.9498592,45,611.75
712200,613.5,615,1.1,10.5,-3.5,203.9707279,45,614.25
712300,613.5,615,1.1,10.5,-3.5,204.1007972,45,614.25
712400,612.5,614,1.1,10.5,-3.5,204.0822735,45,613.25
712500,614,615.5,1.1,10.5,-3.5,204.3130031,45,614.75
712600,614.5,616,1.1,10.5,-3.5,204.3576001,45,615.25
712700,611.5,613,1.1,10.5,-3.5,204.2335811,45,612.25
712800,607.5,609,1.1,10.5,-3.5,204.0872432,45,608.25
712900,609.5,611,1.1,10.5,-3.5,204.0406832,45,610.25
713000,607.5,609,1.1,10.5,-3.5,203.8851594,45,608.25
713100,607,608.5,1.1,10.5,-3.5,203.7622233,45,607.75
713200,604,605.5,1.1,10.5,-3.5,203.339054,45,604.75
713300,606.5,608,1.1,10.5,-3.5,203.4090013,45,607.25
713400,604.5,606,1.1,10.5,-3.5,203.4565608,45,605.25
713500,603,604.5,1.1,10.5,-3.5,203.3470443,45,603.75
713600,605.5,607,1.1,10.5,-3.5,203.5619474,45,606.25
713700,607,608.5,1.1,10.5,-3.5,203.3592357,45,607.75
713800,606.5,608.5,1.1,10.5,-3.5,203.214831,45,607.5
713900,610.5,612,1.1,10.5,-3.5,203.4530888,45,611.25
714000,607.5,609,1.1,10.5,-3.5,203.3568901,45,608.25
714100,604,605.5,1.1,10.5,-3.5,203.3039547,45,604.75
714200,605,606.5,1.1,10.5,-3.5,203.3689853,45,605.75
714300,608,609.5,1.1,10.5,-3.5,203.6030683,45,608.75
714400,608.5,610,1.1,10.5,-3.5,203.2949111,45,609.25
714500,610.5,612,1.1,10.5,-3.5,203.4940297,45,611.25
714600,612.5,614,1.1,10.5,-3.5,203.4991963,45,613.25
714700,613,614.5,1.1,10.5,-3.5,203.4267284,45,613.75
714800,613,614.5,1.1,10.5,-3.5,203.2264993,45,613.75
714900,615.5,617,1.1,10.5,-3.5,203.4455351,45,616.25
715000,617,618.5,1.1,10.5,-3.5,203.4217497,45,617.75
715100,615.5,617,1.1,10.5,-3.5,203.1749958,45,616.25
715200,614.5,616,1.1,10.5,-3.5,202.9424394,45,615.25
715300,611.5,613,1.1,10.5,-3.5,202.8539945,45,612.25
715400,616.5,618,1.1,10.5,-3.5,203.2871357,45,617.25
715500,618,619.5,1.1,10.5,-3.5,203.3229417,45,618.75
715600,612.5,614,1.1,10.5,-3.5,202.8629696,45,613.25
715700,610.5,612,1.1,10.5,-3.5,202.8538006,45,611.25
715800,612,613.5,1.1,10.5,-3.5,202.9111401,45,612.75
715900,614,615.5,1.1,10.5,-3.5,203.2111695,45,614.75
716000,613.5,615,1.1,10.5,-3.5,203.0296036,45,614.25
716100,614,615.5,1.1,10.5,-3.5,202.950243,45,614.75
716200,614,616,1.1,10.5,-3.5,202.9190931,45,615
716300,614.5,616,1.1,10.5,-3.5,203.2727538,45,615.25
716400,615.5,617,1.1,10.5,-3.5,203.1339112,45,616.25
716500,614.5,616,1.1,10.5,-3.5,203.1066247,45,615.25
716600,619,620.5,1.1,10.5,-3.5,203.4034142,45,619.75
716700,619,620.5,1.1,10.5,-3.5,203.5354704,45,619.75
716800,620.5,622,1.1,10.5,-3.5,203.5850717,45,621.25
716900,621,622.5,1.1,10.5,-3.5,203.4367195,45,621.75
717000,618.5,620,1.1,10.5,-3.5,203.3320137,45,619.25
717100,618,619.5,1.1,10.5,-3.5,203.4791892,45,618.75
717200,617.5,619,1.1,10.5,-3.5,203.2534613,45,618.25
717300,618.5,620,1.1,10.5,-3.5,203.4332025,45,619.25
717400,621.5,623,1.1,10.5,-3.5,203.5986791,45,622.25
717500,620.5,622,1.1,10.5,-3.5,203.4183171,45,621.25
717600,622,623.5,1.1,10.5,-3.5,203.6082384,45,622.75
717700,620,621.5,1.1,10.5,-3.5,203.5925711,45,620.75
717800,621.5,623,1.1,10.5,-3.5,203.764365,45,622.25
717900,619.5,621,1.1,10.5,-3.5,203.8128723,45,620.25
718000,621.5,623,1.1,10.5,-3.5,203.9466474,45,622.25
718100,623,624.5,1.1,10.5,-3.5,204.0637018,45,623.75
718200,620.5,622,1.1,10.5,-3.5,203.8957577,45,621.25
718300,624,625.5,1.1,10.5,-3.5,203.5672109,45,624.75
718400,620,621.5,1.1,10.5,-3.5,203.2479677,45,620.75
718500,619.5,621.5,1.1,10.5,-3.5,203.0552757,45,620.5
718600,620.5,622,1.1,10.5,-3.5,203.1162143,45,621.25
718700,621.5,623,1.1,10.5,-3.5,202.9140724,45,622.25
718800,624.5,626,1.1,10.5,-3.5,203.2243151,45,625.25
718900,622,623.5,1.1,10.5,-3.5,202.8758903,45,622.75
719000,622,623.5,1.1,10.5,-3.5,202.7741951,45,622.75
719100,622.5,624,1.1,10.5,-3.5,202.7371304,45,623.25
719200,623,624.5,1.1,10.5,-3.5,202.5013007,45,623.75
719300,626,627.5,1.1,10.5,-3.5,202.8435453,45,626.75
719400,626.5,628,1.1,10.5,-3.5,202.9434361,45,627.25
719500,629,630.5,1.1,10.5,-3.5,203.0600322,45,629.75
719600,630.5,632,1.1,10.5,-3.5,203.1119955,45,631.25
719700,629.5,631,1.1,10.5,-3.5,203.0329186,45,630.25
719800,631.5,633,1.1,10.5,-3.5,203.2352825,45,632.25
719900,629,630.5,1.1,10.5,-3.5,203.2706235,45,629.75
720000,631.5,633,1.1,10.5,-3.5,203.5335407,45,632.25
720100,630,631.5,1.1,10.5,-3.5,203.5019818,45,630.75
720200,627.5,629,1.1,10.5,-3.5,203.293775,45,628.25
720300,624.5,626,1.1,10.5,-3.5,203.2025362,45,625.25
720400,626.5,628,1.1,10.5,-3.5,203.3530713,45,627.25
720500,623.5,625,1.1,10.5,-3.5,203.090384,45,624.25
720600,622.5,624,1.1,10.5,-3.5,203.1374262,45,623.25
720700,621,622.5,1.1,10.5,-3.5,203.125525,45,621.75
720800,622,623.5,1.1,10.5,-3.5,203.1123957,45,622.75
720900,623,624.5,1.1,10.5,-3.5,203.4144543,45,623.75
721000,622.5,624,1.1,10.5,-3.5,203.2482823,45,623.25
721100,620.5,622,1.1,10.5,-3.5,203.0366587,45,621.25
721200,617.5,619,1.1,10.5,-3.5,202.9249525,45,618.25
721300,617,618.5,1.1,10.5,-3.5,203.0110854,45,617.75
721400,620.5,622,1.1,10.5,-3.5,203.0592221,45,621.25
721500,622.5,624,1.1,10.5,-3.5,203.0956693,45,623.25
721600,622,624,1.1,10.5,-3.5,203.1411225,45,623
721700,626.5,628,1.1,10.5,-3.5,203.201428,45,627.25
721800,626.5,628.5,1.1,10.5,-3.5,202.7998172,45,627.5
721900,626.5,628,1.1,10.5,-3.5,202.7030437,45,627.25
722000,625,626.5,1.1,10.5,-3.5,202.6531181,45,625.75
722100,623,624.5,1.1,10.5,-3.5,202.5129146,45,623.75
722200,623.5,625,1.1,10.5,-3.5,202.8266763,45,624.25
722300,625,626.5,1.1,10.5,-3.5,202.9764855,45,625.75
722400,622.5,624,1.1,10.5,-3.5,202.845556,45,623.25
722500,621.5,623,1.1,10.5,-3.5,202.9920693,45,622.25
722600,620,621.5,1.1,10.5,-3.5,202.9530904,45,620.75
722700,614,615.5,1.1,10.5,-3.5,202.7499713,45,614.75
722800,612.5,614,1.1,10.5,-3.5,202.6477136,45,613.25
722900,612,614,1.1,10.5,-3.5,202.5801452,45,613
723000,612,613.5,1.1,10.5,-3.5,202.7347886,45,612.75
723100,616.5,618,1.1,10.5,-3.5,202.8144773,45,617.25
723200,616.5,618.5,1.1,10.5,-3.5,202.968606,45,617.5
723300,615.5,617,1.1,10.5,-3.5,202.885319,45,616.25
723400,613,614.5,1.1,10.5,-3.5,202.7420886,45,613.75
723500,613.5,615,1.1,10.5,-3.5,202.9448035,45,614.25
723600,613.5,615.5,1.1,10.5,-3.5,202.8777911,45,614.5
723700,610,611.5,1.1,10.5,-3.5,202.5726725,45,610.75
723800,609,610.5,1.1,10.5,-3.5,202.5296674,45,609.75
723900,610,611.5,1.1,10.5,-3.5,202.7182866,45,610.75
724000,610,611.5,1.1,10.5,-3.5,202.99503,45,610.75
724100,607.5,609,1.1,10.5,-3.5,202.8517725,45,608.25
724200,608,609.5,1.1,10.5,-3.5,202.7744056,45,608.75
724300,605.5,607,1.1,10.5,-3.5,202.3860389,45,606.25
724400,607.5,609,1.1,10.5,-3.5,202.7305475,45,608.25
724500,605,606.5,1.1,10.5,-3.5,202.460349,45,605.75
724600,608,609.5,1.1,10.5,-3.5,202.5261331,45,608.75
724700,604.5,606,1.1,10.5,-3.5,202.3029307,45,605.25
724800,603,604.5,1.1,10.5,-3.5,202.2150117,45,603.75
724900,603.5,605,1.1,10.5,-3.5,202.3158342,45,604.25
725000,605,606.5,1.1,10.5,-3.5,202.3963213,45,605.75
725100,606.5,608,1.1,10.5,-3.5,202.3978963,45,607.25
725200,609,610.5,1.1,10.5,-3.5,202.4746037,45,609.75
725300,609,610.5,1.1,10.5,-3.5,202.5997551,45,609.75
725400,609,610.5,1.1,10.5,-3.5,202.9177498,45,609.75
725500,611.5,613,1.1,10.5,-3.5,202.9253867,45,612.25
725600,610,611.5,1.1,10.5,-3.5,203.0684707,45,610.75
725700,612.5,614,1.1,10.5,-3.5,203.2634752,45,613.25
725800,610,611.5,1.1,10.5,-3.5,203.2970908,45,610.75
725900,610.5,612,1.1,10.5,-3.5,203.428727,45,611.25
726000,604,605.5,1.1,10.5,-3.5,203.0850736,45,604.75
726100,605.5,607,1.1,10.5,-3.5,203.2058723,45,606.25
726200,606.5,608,1.1,10.5,-3.5,202.9539987,45,607.25
726300,604,605.5,1.1,10.5,-3.5,203.1026291,45,604.75
726400,606.5,608,1.1,10.5,-3.5,203.3647535,45,607.25
726500,607,608.5,1.1,10.5,-3.5,203.1836604,45,607.75
726600,606.5,608,1.1,10.5,-3.5,202.8821322,45,607.25
726700,609.5,611,1.1,10.5,-3.5,203.0854473,45,610.25
726800,607.5,609,1.1,10.5,-3.5,202.8361828,45,608.25
726900,612.5,614,1.1,10.5,-3.5,202.8940746,45,613.25
727000,609,610.5,1.1,10.5,-3.5,202.7143185,45,609.75
727100,605.5,607,1.1,10.5,-3.5,202.6540671,45,606.25
727200,608,609.5,1.1,10.5,-3.5,202.7434195,45,608.75
727300,609,610.5,1.1,10.5,-3.5,203.0950608,45,609.75
727400,608,609.5,1.1,10.5,-3.5,202.9727173,45,608.75
727500,608,609.5,1.1,10.5,-3.5,202.7181194,45,608.75
727600,607.5,609,1.1,10.5,-3.5,202.4599711,45,608.25
727700,607,608.5,1.1,10.5,-3.5,202.1104343,45,607.75
727800,608,609.5,1.1,10.5,-3.5,202.0975,45,608.75
727900,610,611.5,1.1,10.5,-3.5,202.0799421,45,610.75
728000,611.5,613,1.1,10.5,-3.5,202.4048699,45,612.25
728100,609.5,611,1.1,10.5,-3.5,202.3661119,45,610.25
728200,611.5,613,1.1,10.5,-3.5,202.5874463,45,612.25
728300,611.5,613.5,1.1,10.5,-3.5,202.602057,45,612.5
728400,611.5,613,1.1,10.5,-3.5,202.4859575,45,612.25
728500,613.5,615,1.1,10.5,-3.5,202.6011026,45,614.25
728600,613,614.5,1.1,10.5,-3.5,202.3861439,45,613.75
728700,611.5,613,1.1,10.5,-3.5,202.4937646,45,612.25
728800,612,613.5,1.1,10.5,-3.5,202.4131727,45,612.75
728900,612,613.5,1.1,10.5,-3.5,202.5693083,45,612.75
729000,616,617.5,1.1,10.5,-3.5,202.69321,45,616.75
729100,619,620.5,1.1,10.5,-3.5,202.7236111,45,619.75
729200,616.5,618,1.1,10.5,-3.5,202.6934491,45,617.25
729300,619.5,621,1.1,10.5,-3.5,202.6589775,45,620.25
729400,619.5,621,1.1,10.5,-3.5,202.4904497,45,620.25
729500,626,627.5,1.1,10.5,-3.5,202.8906212,45,626.75
729600,629,630.5,1.1,10.5,-3.5,202.8754697,45,629.75
729700,629,630.5,1.1,10.5,-3.5,202.9276289,45,629.75
729800,628,629.5,1.1,10.5,-3.5,202.7606868,45,628.75
729900,631,632.5,1.1,10.5,-3.5,202.8550878,45,631.75
730000,629,630.5,1.1,10.5,-3.5,202.7552288,45,629.75
730100,629.5,631,1.1,10.5,-3.5,202.8968856,45,630.25
730200,632.5,634,1.1,10.5,-3.5,202.9856131,45,633.25
730300,631,632.5,1.1,10.5,-3.5,203.0388297,45,631.75
730400,633,634.5,1.1,10.5,-3.5,203.1313758,45,633.75
730500,635.5,637,1.1,10.5,-3.5,203.3140285,45,636.25
730600,633,634.5,1.1,10.5,-3.5,203.3124379,45,633.75
730700,634,635.5,1.1,10.5,-3.5,203.6037053,45,634.75
730800,636,637.5,1.1,10.5,-3.5,203.7841745,45,636.75
730900,634,635.5,1.1,10.5,-3.5,203.7254593,45,634.75
731000,635.5,637,1.1,10.5,-3.5,203.9943969,45,636.25
731100,632,633.5,1.1,10.5,-3.5,203.8590761,45,632.75
731200,632.5,634,1.1,10.5,-3.5,204.0836773,45,633.25
731300,632.5,634,1.1,10.5,-3.5,204.0086046,45,633.25
731400,635,636.5,1.1,10.5,-3.5,204.3026621,45,635.75
731500,634.5,636,1.1,10.5,-3.5,204.4505707,45,635.25
731600,636.5,638,1.1,10.5,-3.5,204.7018361,45,637.25
731700,636,637.5,1.1,10.5,-3.5,204.7481482,45,636.75
731800,636,637.5,1.1,10.5,-3.5,204.7196179,45,636.75
731900,636,637.5,1.1,10.5,-3.5,204.8452008,45,636.75
732000,636,637.5,1.1,10.5,-3.5,204.6284264,45,636.75
732100,632.5,634,1.1,10.5,-3.5,204.1585889,45,633.25
732200,637.5,639,1.1,10.5,-3.5,204.2262889,45,638.25
732300,643,644.5,1.1,10.5,-3.5,204.7086261,45,643.75
732400,643,645,1.1,10.5,-3.5,204.7149363,45,644
732500,642.5,644,1.1,10.5,-3.5,204.686928,45,643.25
732600,639.5,641,1.1,10.5,-3.5,204.4600596,45,640.25
732700,635.5,637,1.1,10.5,-3.5,204.3043514,45,636.25
732800,635,636.5,1.1,10.5,-3.5,204.257136,45,635.75
732900,637,638.5,1.1,10.5,-3.5,204.2663185,45,637.75
733000,635.5,637,1.1,10.5,-3.5,204.189901,45,636.25
733100,633.5,635,1.1,10.5,-3.5,204.13103,45,634.25
733200,632.5,634,1.1,10.5,-3.5,203.9294032,45,633.25
733300,630,631.5,1.1,10.5,-3.5,203.9435094,45,630.75
733400,630,631.5,1.1,10.5,-3.5,203.9016193,45,630.75
733500,628,629.5,1.1,10.5,-3.5,204.110263,45,628.75
733600,627.5,629,1.1,10.5,-3.5,204.1559635,45,628.25
733700,630.5,632,1.1,10.5,-3.5,204.2672631,45,631.25
733800,632,633.5,1.1,10.5,-3.5,204.2717276,45,632.75
733900,628,629.5,1.1,10.5,-3.5,203.9865189,45,628.75
734000,633.5,635,1.1,10.5,-3.5,204.180106,45,634.25
734100,635.5,637,1.1,10.5,-3.5,204.2326017,45,636.25
734200,639.5,641,1.1,10.5,-3.5,204.1883228,45,640.25
734300,642,643.5,1.1,10.5,-3.5,204.2607302,45,642.75
734400,643,644.5,1.1,10.5,-3.5,204.3360253,45,643.75
734500,643,644.5,1.1,10.5,-3.5,204.3076774,45,643.75
734600,643,644.5,1.1,10.5,-3.5,204.4406671,45,643.75
734700,644,645.5,1.1,10.5,-3.5,204.4826926,45,644.75
734800,638.5,640,1.1,10.5,-3.5,204.253541,45,639.25
734900,636,637.5,1.1,10.5,-3.5,204.2198273,45,636.75
735000,636.5,638,1.1,10.5,-3.5,204.2027825,45,637.25
735100,635,636.5,1.1,10.5,-3.5,204.0668984,45,635.75
735200,632.5,634,1.1,10.5,-3.5,203.7690945,45,633.25
735300,630,631.5,1.1,10.5,-3.5,203.6759719,45,630.75
735400,629,630.5,1.1,10.5,-3.5,203.6880558,45,629.75
735500,633,634.5,1.1,10.5,-3.5,204.0303941,45,633.75
735600,635,636.5,1.1,10.5,-3.5,204.1267884,45,635.75
735700,638,639.5,1.1,10.5,-3.5,204.2464489,45,638.75
735800,643,644.5,1.1,10.5,-3.5,204.4761021,45,643.75
735900,644.5,646,1.1,10.5,-3.5,204.6482515,45,645.25
736000,645.5,647,1.1,10.5,-3.5,204.7980854,45,646.25
736100,645,646.5,1.1,10.5,-3.5,204.6175124,45,645.75
736200,647.5,649,1.1,10.5,-3.5,204.6333861,45,648.25
736300,651.5,653,1.1,10.5,-3.5,204.7126977,45,652.25
736400,655,656.5,1.1,10.5,-3.5,204.764914,45,655.75
736500,654,655.5,1.1,10.5,-3.5,204.7127113,45,654.75
736600,648.5,650,1.1,10.5,-3.5,204.475518,45,649.25
736700,647.5,649,1.1,10.5,-3.5,204.279802,45,648.25
736800,648.5,650,1.1,10.5,-3.5,204.5253953,45,649.25
736900,646.5,648,1.1,10.5,-3.5,204.3534525,45,647.25
737000,647.5,649,1.1,10.5,-3.5,204.4858374,45,648.25
737100,646,647.5,1.1,10.5,-3.5,204.8034898,45,646.75
737200,647.5,649,1.1,10.5,-3.5,205.2932674,45,648.25
737300,648.5,650,1.1,10.5,-3.5,205.3912473,45,649.25
737400,649.5,651,1.1,10.5,-3.5,205.594647,45,650.25
737500,652,653.5,1.1,10.5,-3.5,205.5999279,45,652.75
737600,653,654.5,1.1,10.5,-3.5,205.5539105,45,653.75
737700,653,654.5,1.1,10.5,-3.5,205.754589,45,653.75
737800,653,655,1.1,10.5,-3.5,205.8763484,45,654
737900,654.5,656,1.1,10.5,-3.5,205.8825746,45,655.25
738000,654,655.5,1.1,10.5,-3.5,205.7519131,45,654.75
738100,648.5,650,1.1,10.5,-3.5,205.5463242,45,649.25
738200,649.5,651,1.1,10.5,-3.5,205.5426325,45,650.25
738300,647,648.5,1.1,10.5,-3.5,205.3117569,45,647.75
738400,650,651.5,1.1,10.5,-3.5,205.3703207,45,650.75
738500,650.5,652,1.1,10.5,-3.5,205.5429867,45,651.25
738600,653.5,655,1.1,10.5,-3.5,205.7459192,45,654.25
738700,654.5,656,1.1,10.5,-3.5,205.8663157,45,655.25
738800,653.5,655,1.1,10.5,-3.5,205.8951072,45,654.25
738900,655.5,657,1.1,10.5,-3.5,205.7535814,45,656.25
739000,658.5,660,1.1,10.5,-3.5,205.8748269,45,659.25
739100,659.5,661,1.1,10.5,-3.5,205.8633956,45,660.25
739200,661,662.5,1.1,10.5,-3.5,206.0740821,45,661.75
739300,660.5,662,1.1,10.5,-3.5,205.8080404,45,661.25
739400,662,663.5,1.1,10.5,-3.5,205.5950858,45,662.75
739500,659,660.5,1.1,10.5,-3.5,205.5457317,45,659.75
739600,654,655.5,1.1,10.5,-3.5,205.3484446,45,654.75
739700,650.5,652,1.1,10.5,-3.5,205.1896965,45,651.25
739800,645.5,647,1.1,10.5,-3.5,204.7194434,45,646.25
739900,645.5,647,1.1,10.5,-3.5,204.670442,45,646.25
740000,640.5,642,1.1,10.5,-3.5,204.3468273,45,641.25
740100,637,638.5,1.1,10.5,-3.5,204.053202,45,637.75
740200,638,639.5,1.1,10.5,-3.5,204.1393568,45,638.75
740300,641,642.5,1.1,10.5,-3.5,204.2204424,45,641.75
740400,641,642.5,1.1,10.5,-3.5,204.3082882,45,641.75
740500,641,643,1.1,10.5,-3.5,204.5488271,45,642
740600,645.5,647,1.1,10.5,-3.5,204.723419,45,646.25
740700,643.5,645,1.1,10.5,-3.5,205.1198692,45,644.25
740800,646.5,648,1.1,10.5,-3.5,205.4134415,45,647.25
740900,646.5,648.5,1.1,10.5,-3.5,205.4265984,45,647.5
741000,644.5,646,1.1,10.5,-3.5,205.3786596,45,645.25
741100,647,648.5,1.1,10.5,-3.5,205.4367789,45,647.75
741200,648,649.5,1.1,10.5,-3.5,205.6420122,45,648.75
741300,649,650.5,1.1,10.5,-3.5,205.681924,45,649.75
741400,648,649.5,1.1,10.5,-3.5,205.5935993,45,648.75
741500,643.5,645,1.1,10.5,-3.5,205.4893725,45,644.25
741600,641,642.5,1.1,10.5,-3.5,205.3031084,45,641.75
741700,638.5,640,1.1,10.5,-3.5,205.1157227,45,639.25
741800,640,641.5,1.1,10.5,-3.5,205.140133,45,640.75
741900,636.5,638,1.1,10.5,-3.5,205.0113882,45,637.25
742000,635.5,637,1.1,10.5,-3.5,204.7634699,45,636.25
742100,637.5,639,1.1,10.5,-3.5,205.0538966,45,638.25
742200,635.5,637,1.1,10.5,-3.5,204.5989018,45,636.25
742300,637.5,639,1.1,10.5,-3.5,204.611698,45,638.25
742400,637.5,639,1.1,10.5,-3.5,204.6351374,45,638.25
742500,634.5,636,1.1,10.5,-3.5,204.4595418,45,635.25
742600,635,636.5,1.1,10.5,-3.5,204.7872704,45,635.75
742700,634,635.5,1.1,10.5,-3.5,204.715576,45,634.75
742800,633,634.5,1.1,10.5,-3.5,204.7879477,45,633.75
742900,631,632.5,1.1,10.5,-3.5,204.6726001,45,631.75
743000,632,633.5,1.1,10.5,-3.5,204.8844505,45,632.75
743100,635,636.5,1.1,10.5,-3.5,204.989874,45,635.75
743200,638,639.5,1.1,10.5,-3.5,205.2095534,45,638.75
743300,634.5,636,1.1,10.5,-3.5,205.1136766,45,635.25
743400,635.5,637,1.1,10.5,-3.5,205.3429075,45,636.25
743500,633.5,635,1.1,10.5,-3.5,205.1616387,45,634.25
743600,633.5,635,1.1,10.5,-3.5,205.2123175,45,634.25
743700,631,632.5,1.1,10.5,-3.5,205.0302371,45,631.75
743800,630,631.5,1.1,10.5,-3.5,204.8480066,45,630.75
743900,629.5,631,1.1,10.5,-3.5,204.7537054,45,630.25
744000,632,633.5,1.1,10.5,-3.5,204.902632,45,632.75
744100,632,633.5,1.1,10.5,-3.5,204.5455135,45,632.75
744200,635,636.5,1.1,10.5,-3.5,204.3334,45,635.75
744300,636.5,638,1.1,10.5,-3.5,204.5833514,45,637.25
744400,636,637.5,1.1,10.5,-3.5,204.4012305,45,636.75
744500,633.5,635,1.1,10.5,-3.5,204.1311524,45,634.25
744600,633,635,1.1,10.5,-3.5,203.7873617,45,634
744700,636.5,638,1.1,10.5,-3.5,203.9262594,45,637.25
744800,637,638.5,1.1,10.5,-3.5,204.237724,45,637.75
744900,637.5,639,1.1,10.5,-3.5,204.0224079,45,638.25
745000,638.5,640,1.1,10.5,-3.5,204.006593,45,639.25
745100,641.5,643,1.1,10.5,-3.5,204.116712,45,642.25
745200,646,647.5,1.1,10.5,-3.5,204.1600766,45,646.75
745300,646.5,648,1.1,10.5,-3.5,204.2248202,45,647.25
745400,648,649.5,1.1,10.5,-3.5,204.2280691,45,648.75
745500,647.5,649,1.1,10.5,-3.5,204.2121343,45,648.25
745600,649,650.5,1.1,10.5,-3.5,204.3935581,45,649.75
745700,644.5,646,1.1,10.5,-3.5,204.3350127,45,645.25
745800,649.5,651,1.1,10.5,-3.5,204.4377434,45,650.25
745900,649.5,651,1.1,10.5,-3.5,204.2848003,45,650.25
746000,650.5,652,1.1,10.5,-3.5,204.6471288,45,651.25
746100,650.5,652,1.1,10.5,-3.5,204.5476193,45,651.25
746200,651,652.5,1.1,10.5,-3.5,204.4968661,45,651.75
746300,649,650.5,1.1,10.5,-3.5,204.3344519,45,649.75
746400,648,649.5,1.1,10.5,-3.5,204.4994135,45,648.75
746500,647,648.5,1.1,10.5,-3.5,204.5610325,45,647.75
746600,648.5,650,1.1,10.5,-3.5,204.5916473,45,649.25
746700,645,646.5,1.1,10.5,-3.5,204.3311273,45,645.75
746800,647.5,649,1.1,10.5,-3.5,204.4181166,45,648.25
746900,649,650.5,1.1,10.5,-3.5,204.6518935,45,649.75
747000,648,649.5,1.1,10.5,-3.5,204.2860849,45,648.75
747100,643.5,645,1.1,10.5,-3.5,203.9622877,45,644.25
747200,646,647.5,1.1,10.5,-3.5,204.0895412,45,646.75
747300,647.5,649,1.1,10.5,-3.5,204.1275796,45,648.25
747400,648.5,650,1.1,10.5,-3.5,203.9993629,45,649.25
747500,648.5,650,1.1,10.5,-3.5,204.0660577,45,649.25
747600,649.5,651,1.1,10.5,-3.5,204.2057144,45,650.25
747700,648.5,650,1.1,10.5,-3.5,204.3620897,45,649.25
747800,651,652.5,1.1,10.5,-3.5,204.7293818,45,651.75
747900,654.5,656,1.1,10.5,-3.5,204.9403755,45,655.25
748000,654.5,656,1.1,10.5,-3.5,205.1322554,45,655.25
748100,657,658.5,1.1,10.5,-3.5,205.2076628,45,657.75
748200,657,659,1.1,10.5,-3.5,205.2115203,45,658
748300,659.5,661,1.1,10.5,-3.5,205.4003957,45,660.25
748400,658,659.5,1.1,10.5,-3.5,205.3594574,45,658.75
748500,656.5,658,1.1,10.5,-3.5,204.982374,45,657.25
748600,658.5,660,1.1,10.5,-3.5,205.0065597,45,659.25
748700,662,663.5,1.1,10.5,-3.5,205.1128149,45,662.75
748800,661,662.5,1.1,10.5,-3.5,205.0671041,45,661.75
748900,658.5,660,1.1,10.5,-3.5,204.9956794,45,659.25
749000,652.5,654,1.1,10.5,-3.5,204.8774188,45,653.25
749100,655,656.5,1.1,10.5,-3.5,204.9231283,45,655.75
749200,658.5,660,1.1,10.5,-3.5,205.5097581,45,659.25
749300,663,664.5,1.1,10.5,-3.5,205.4701239,45,663.75
749400,663,664.5,1.1,10.5,-3.5,205.4164537,45,663.75
749500,658.5,660,1.1,10.5,-3.5,205.2417843,45,659.25
749600,661.5,663,1.1,10.5,-3.5,205.3806673,45,662.25
749700,656.5,658,1.1,10.5,-3.5,205.0555474,45,657.25
749800,656.5,658,1.1,10.5,-3.5,205.0394886,45,657.25
749900,652,653.5,1.1,10.5,-3.5,205.0343573,45,652.75
750000,656,657.5,1.1,10.5,-3.5,205.3010239,45,656.75
750100,656,657.5,1.1,10.5,-3.5,205.2233625,45,656.75
750200,662,663.5,1.1,10.5,-3.5,205.7142865,45,662.75
750300,660,661.5,1.1,10.5,-3.5,205.770402,45,660.75
750400,664,665.5,1.1,10.5,-3.5,205.836074,45,664.75
750500,662.5,664,1.1,10.5,-3.5,205.7096316,45,663.25
750600,663,664.5,1.1,10.5,-3.5,205.6377817,45,663.75
750700,663.5,665,1.1,10.5,-3.5,205.6781677,45,664.25
750800,664,665.5,1.1,10.5,-3.5,205.7225347,45,664.75
750900,666,667.5,1.1,10.5,-3.5,205.9771493,45,666.75
751000,660,661.5,1.1,10.5,-3.5,205.6431791,45,660.75
751100,661.5,663,1.1,10.5,-3.5,205.8432685,45,662.25
751200,663,664.5,1.1,10.5,-3.5,206.4299811,45,663.75
751300,666.5,668,1.1,10.5,-3.5,206.5030308,45,667.25
751400,669.5,671,1.1,10.5,-3.5,206.6954152,45,670.25
751500,672,673.5,1.1,10.5,-3.5,206.0700695,45,672.75
751600,671.5,673.5,1.1,10.5,-3.5,206.0442644,45,672.5
751700,669,670.5,1.1,10.5,-3.5,205.754751,45,669.75
751800,665.5,667,1.1,10.5,-3.5,205.5394874,45,666.25
751900,668,669.5,1.1,10.5,-3.5,205.573134,45,668.75
752000,669.5,671,1.1,10.5,-3.5,205.7676547,45,670.25
752100,665.5,667,1.1,10.5,-3.5,205.5484668,45,666.25
752200,664.5,666,1.1,10.5,-3.5,205.6097768,45,665.25
752300,667,668.5,1.1,10.5,-3.5,205.4863525,45,667.75
752400,669.5,671,1.1,10.5,-3.5,205.8603473,45,670.25
752500,667,668.5,1.1,10.5,-3.5,205.6929256,45,667.75
752600,665.5,667,1.1,10.5,-3.5,205.578615,45,666.25
752700,670,671.5,1.1,10.5,-3.5,205.7423994,45,670.75
752800,668.5,670,1.1,10.5,-3.5,205.485065,45,669.25
752900,666,667.5,1.1,10.5,-3.5,205.3731688,45,666.75
753000,668,669.5,1.1,10.5,-3.5,205.5484654,45,668.75
753100,673,674.5,1.1,10.5,-3.5,205.5970376,45,673.75
753200,675,676.5,1.1,10.5,-3.5,205.8046811,45,675.75
753300,671,672.5,1.1,10.5,-3.5,205.3918961,45,671.75
753400,672,673.5,1.1,10.5,-3.5,205.3015823,45,672.75
753500,671,672.5,1.1,10.5,-3.5,205.3431166,45,671.75
753600,673,674.5,1.1,10.5,-3.5,205.4152169,45,673.75
753700,672,673.5,1.1,10.5,-3.5,205.5050336,45,672.75
753800,674,675.5,1.1,10.5,-3.5,205.7585383,45,674.75
753900,676.5,678,1.1,10.5,-3.5,205.878529,45,677.25
754000,676.5,678,1.1,10.5,-3.5,205.881046,45,677.25
754100,673,674.5,1.1,10.5,-3.5,205.7774504,45,673.75
754200,670.5,672,1.1,10.5,-3.5,205.6142801,45,671.25
754300,667.5,669,1.1,10.5,-3.5,205.4724161,45,668.25
754400,665,666.5,1.1,10.5,-3.5,205.4512182,45,665.75
754500,667,668.5,1.1,10.5,-3.5,205.4984771,45,667.75
754600,666,667.5,1.1,10.5,-3.5,205.3654385,45,666.75
754700,663,664.5,1.1,10.5,-3.5,205.4399054,45,663.75
754800,665,666.5,1.1,10.5,-3.5,205.6843201,45,665.75
754900,664,665.5,1.1,10.5,-3.5,205.7010882,45,664.75
755000,662.5,664,1.1,10.5,-3.5,205.631637,45,663.25
755100,663.5,665,1.1,10.5,-3.5,205.6411784,45,664.25
755200,664,665.5,1.1,10.5,-3.5,205.698334,45,664.75
755300,664,665.5,1.1,10.5,-3.5,205.7833399,45,664.75
755400,665.5,667,1.1,10.5,-3.5,205.953739,45,666.25
755500,668.5,670,1.1,10.5,-3.5,205.9878666,45,669.25
755600,671.5,673,1.1,10.5,-3.5,206.1951176,45,672.25
755700,667.5,669,1.1,10.5,-3.5,205.8297422,45,668.25
755800,665,666.5,1.1,10.5,-3.5,205.6104588,45,665.75
755900,660.5,662,1.1,10.5,-3.5,205.5194554,45,661.25
756000,659,660.5,1.1,10.5,-3.5,205.2805658,45,659.75
756100,659.5,661,1.1,10.5,-3.5,205.5935976,45,660.25
756200,658.5,660,1.1,10.5,-3.5,205.3171634,45,659.25
756300,659,660.5,1.1,10.5,-3.5,205.3441594,45,659.75
756400,656.5,658,1.1,10.5,-3.5,205.1099488,45,657.25
756500,660.5,662,1.1,10.5,-3.5,205.2385412,45,661.25
756600,663.5,665,1.1,10.5,-3.5,205.3029339,45,664.25
756700,666,667.5,1.1,10.5,-3.5,205.7228375,45,666.75
756800,666.5,668,1.1,10.5,-3.5,205.8060225,45,667.25
756900,666.5,668,1.1,10.5,-3.5,205.7930816,45,667.25
757000,669,670.5,1.1,10.5,-3.5,205.7772701,45,669.75
757100,668,669.5,1.1,10.5,-3.5,205.5644692,45,668.75
757200,668.5,670,1.1,10.5,-3.5,205.6987543,45,669.25
757300,669.5,671,1.1,10.5,-3.5,205.5171587,45,670.25
757400,668,669.5,1.1,10.5,-3.5,205.3972245,45,668.75
757500,671.5,673,1.1,10.5,-3.5,205.6251533,45,672.25
757600,671.5,673,1.1,10.5,-3.5,205.6288508,45,672.25
757700,671,672.5,1.1,10.5,-3.5,205.3751191,45,671.75
757800,668.5,670,1.1,10.5,-3.5,205.1316661,45,669.25
757900,670,671.5,1.1,10.5,-3.5,205.285059,45,670.75
758000,675.5,677,1.1,10.5,-3.5,205.5517289,45,676.25
758100,675,676.5,1.1,10.5,-3.5,205.6942505,45,675.75
758200,673,674.5,1.1,10.5,-3.5,205.5213724,45,673.75
758300,674.5,676,1.1,10.5,-3.5,205.6503454,45,675.25
758400,672.5,674,1.1,10.5,-3.5,205.8422906,45,673.25
758500,674.5,676,1.1,10.5,-3.5,206.0034357,45,675.25
758600,672,673.5,1.1,10.5,-3.5,205.923544,45,672.75
758700,669,670.5,1.1,10.5,-3.5,205.6007952,45,669.75
758800,668.5,670,1.1,10.5,-3.5,205.6045666,45,669.25
758900,665,666.5,1.1,10.5,-3.5,205.4015948,45,665.75
759000,667.5,669,1.1,10.5,-3.5,205.7128778,45,668.25
759100,665,666.5,1.1,10.5,-3.5,205.5493693,45,665.75
759200,664.5,666,1.1,10.5,-3.5,205.3980717,45,665.25
759300,662.5,664,1.1,10.5,-3.5,205.4904821,45,663.25
759400,661.5,663,1.1,10.5,-3.5,205.6382965,45,662.25
759500,663,664.5,1.1,10.5,-3.5,205.7952785,45,663.75
759600,660.5,662,1.1,10.5,-3.5,206.096798,45,661.25
759700,664,665.5,1.1,10.5,-3.5,206.4806093,45,664.75
759800,667,668.5,1.1,10.5,-3.5,206.4156287,45,667.75
759900,662.5,664,1.1,10.5,-3.5,206.2804893,45,663.25
760000,667,668.5,1.1,10.5,-3.5,206.3959021,45,667.75
760100,668,669.5,1.1,10.5,-3.5,206.3618618,45,668.75
760200,668,669.5,1.1,10.5,-3.5,206.3974617,45,668.75
760300,666.5,668,1.1,10.5,-3.5,206.4907253,45,667.25
760400,669.5,671,1.1,10.5,-3.5,206.7187772,45,670.25
760500,670,671.5,1.1,10.5,-3.5,206.6382906,45,670.75
760600,666.5,668,1.1,10.5,-3.5,206.6245218,45,667.25
760700,668.5,670,1.1,10.5,-3.5,206.8319359,45,669.25
760800,666.5,668,1.1,10.5,-3.5,206.7766163,45,667.25
760900,665,666.5,1.1,10.5,-3.5,206.7564423,45,665.75
761000,667,668.5,1.1,10.5,-3.5,206.8580483,45,667.75
761100,670.5,672,1.1,10.5,-3.5,207.0604693,45,671.25
761200,672,673.5,1.1,10.5,-3.5,206.9779286,45,672.75
761300,674.5,676,1.1,10.5,-3.5,207.0789367,45,675.25
761400,675,676.5,1.1,10.5,-3.5,207.11944,45,675.75
761500,674,675.5,1.1,10.5,-3.5,207.0027328,45,674.75
761600,674,675.5,1.1,10.5,-3.5,207.0849899,45,674.75
761700,671.5,673,1.1,10.5,-3.5,206.8505223,45,672.25
761800,672.5,674,1.1,10.5,-3.5,207.1217687,45,673.25
761900,672.5,674,1.1,10.5,-3.5,207.0556721,45,673.25
762000,668.5,670,1.1,10.5,-3.5,206.8826246,45,669.25
762100,669.5,671,1.1,10.5,-3.5,206.9037822,45,670.25
762200,672.5,674,1.1,10.5,-3.5,206.8809607,45,673.25
762300,672,673.5,1.1,10.5,-3.5,206.8443423,45,672.75
762400,672.5,674,1.1,10.5,-3.5,207.1905953,45,673.25
762500,665,666.5,1.1,10.5,-3.5,206.9378969,45,665.75
762600,666.5,668,1.1,10.5,-3,207.1503845,45,667.25
762700,663,664.5,1.1,10.5,-3,206.9737011,45,663.75
762800,664,665.5,1.1,10.5,-3,207.2853291,45,664.75
762900,661,662.5,1.1,10.5,-3,207.0278766,45,661.75
763000,659,660.5,1.1,10.5,-3,206.9975795,45,659.75
763100,655.5,657,1.1,10.5,-3,206.8396112,45,656.25
763200,656,657.5,1.1,10.5,-3,207.1241964,45,656.75
763300,653.5,655,1.1,10.5,-3,207.0671294,45,654.25
763400,656,657.5,1.1,10.5,-3,207.0836994,45,656.75
763500,656.5,658,1.1,10.5,-3,207.5451089,45,657.25
763600,654.5,656,1.1,10.5,-3,207.2627466,45,655.25
763700,651.5,653,1.1,10.5,-3,207.1219831,45,652.25
763800,646.5,648,1.1,10.5,-3,206.9837843,45,647.25
763900,647.5,649,1.1,10.5,-3,207.1621779,45,648.25
764000,647,648.5,1.1,10.5,-3,207.2129272,45,647.75
764100,643.5,645,1.1,10.5,-3,207.0875117,45,644.25
764200,644,645.5,1.1,10.5,-3,206.6868883,45,644.75
764300,644,646,1.1,10.5,-3,206.5414137,45,645
764400,646,647.5,1.1,10.5,-3,206.6929099,45,646.75
764500,647,648.5,1.1,10.5,-3,206.7275555,45,647.75
764600,646,647.5,1.1,10.5,-3,206.5070587,45,646.75
764700,650.5,652,1.1,10.5,-3,206.673705,45,651.25
764800,647,648.5,1.1,10.5,-3,206.5582998,45,647.75
764900,651,652.5,1.1,10.5,-3,206.7058225,45,651.75
765000,652,653.5,1.1,10.5,-3,207.0609825,45,652.75
765100,655,656.5,1.1,10.5,-3,207.406953,45,655.75
765200,653,654.5,1.1,10.5,-3,207.2597652,45,653.75
765300,652,653.5,1.1,10.5,-3,207.4274918,45,652.75
765400,651,652.5,1.1,10.5,-3,207.7961147,45,651.75
765500,655,656.5,1.1,10.5,-3,208.0693894,45,655.75
765600,653.5,655,1.1,10.5,-3,207.9927487,45,654.25
765700,649.5,651,1.1,10.5,-3,207.7435036,45,650.25
765800,650,651.5,1.1,10.5,-3,207.7804197,45,650.75
765900,648.5,650,1.1,10.5,-3,207.7755142,45,649.25
766000,648,649.5,1.1,10.5,-3,207.9612848,45,648.75
766100,649,650.5,1.1,10.5,-3,208.173095,45,649.75
766200,648,649.5,1.1,10.5,-3,208.3913924,45,648.75
766300,650,651.5,1.1,10.5,-3,208.8967214,45,650.75
766400,650.5,652,1.1,10.5,-3,208.9139897,45,651.25
766500,653,654.5,1.1,10.5,-3,208.9553705,45,653.75
766600,652,653.5,1.1,10.5,-3,208.7145944,45,652.75
766700,653,654.5,1.1,10.5,-3,208.7498252,45,653.75
766800,659,660.5,1.1,10.5,-3,208.9224168,45,659.75
766900,657,658.5,1.1,10.5,-3,208.5074942,45,657.75
767000,651.5,653,1.1,10.5,-3,208.3498516,45,652.25
767100,648.5,650,1.1,10.5,-3,207.9721247,45,649.25
767200,647.5,649,1.1,10.5,-3,208.0602766,45,648.25
767300,650,651.5,1.1,10.5,-3,208.3165532,45,650.75
767400,652.5,654,1.1,10.5,-3,208.371041,45,653.25
767500,654,655.5,1.1,10.5,-3,208.3890967,45,654.75
767600,655.5,657,1.1,10.5,-3,208.1560063,45,656.25
767700,658.5,660,1.1,10.5,-3,208.2494732,45,659.25
767800,656.5,658,1.1,10.5,-3,208.1745152,45,657.25
767900,658,659.5,1.1,10.5,-3,208.2315238,45,658.75
768000,658.5,660,1.1,10.5,-3,208.2898898,45,659.25
768100,661.5,663,1.1,10.5,-3,208.6573447,45,662.25
768200,662.5,664,1.1,10.5,-3,208.6256664,45,663.25
768300,663.5,665,1.1,10.5,-3,208.9377618,45,664.25
768400,665,666.5,1.1,10.5,-3,208.9759149,45,665.75
768500,663,664.5,1.1,10.5,-3,208.675156,45,663.75
768600,661.5,663,1.1,10.5,-3,208.6174719,45,662.25
768700,660.5,662,1.1,10.5,-3,208.4593634,45,661.25
768800,656.5,658,1.1,10.5,-3,208.1188413,45,657.25
768900,658.5,660,1.1,10.5,-3,208.2795093,45,659.25
769000,657.5,659,1.1,10.5,-3,207.9855139,45,658.25
769100,657.5,659,1.1,10.5,-3,208.1539321,45,658.25
769200,657,659,1.1,10.5,-3,208.3775885,45,658
769300,651.5,653,1.1,10.5,-3,208.2684503,45,652.25
769400,657,658.5,1.1,10.5,-3,208.6485993,45,657.75
769500,658,659.5,1.1,10.5,-3,208.5202569,45,658.75
769600,657.5,659,1.1,10.5,-3,208.5759376,45,658.25
769700,655,656.5,1.1,10.5,-3,208.3988376,45,655.75
769800,654.5,656,1.1,10.5,-3,208.306292,45,655.25
769900,657.5,659,1.1,10.5,-3,208.4804218,45,658.25
770000,661.5,663,1.1,10.5,-3,208.8850696,45,662.25
770100,665,666.5,1.1,10.5,-3,209.1475587,45,665.75
770200,665,666.5,1.1,10.5,-3,208.8443744,45,665.75
770300,664,665.5,1.1,10.5,-3,208.7923289,45,664.75
770400,662.5,664,1.1,10.5,-3,208.7767645,45,663.25
770500,660.5,662,1.1,10.5,-3,208.6781049,45,661.25
770600,659.5,661,1.1,10.5,-3,208.6865415,45,660.25
770700,657,658.5,1.1,10.5,-3,208.5581634,45,657.75
770800,657.5,659,1.1,10.5,-3,208.5604056,45,658.25
770900,661,662.5,1.1,10.5,-3,208.8480809,45,661.75
771000,664.5,666,1.1,10.5,-3,209.395741,45,665.25
771100,664.5,666,1.1,10.5,-3,209.5588635,45,665.25
771200,663,664.5,1.1,10.5,-3,209.4100674,45,663.75
771300,657.5,659,1.1,10.5,-3,209.2704904,45,658.25
771400,655,656.5,1.1,10.5,-3,209.0685407,45,655.75
771500,650,651.5,1.1,10.5,-3,208.9693986,45,650.75
771600,653.5,655,1.1,10.5,-3,209.2169961,45,654.25
771700,651,652.5,1.1,10.5,-3,209.0816957,45,651.75
771800,651.5,653,1.1,10.5,-3,209.3017326,45,652.25
771900,652.5,654,1.1,10.5,-3,209.6009601,45,653.25
772000,654.5,656,1.1,10.5,-3,209.5961644,45,655.25
772100,655,656.5,1.1,10.5,-3,209.800901,45,655.75
772200,656.5,658,1.1,10.5,-3,209.9474988,45,657.25
772300,657,658.5,1.1,10.5,-3,210.1070544,45,657.75
772400,659.5,661,1.1,10.5,-3,210.1994129,45,660.25
772500,657.5,659,1.1,10.5,-3,210.1929997,45,658.25
772600,658.5,660,1.1,10.5,-3,210.4370479,45,659.25
772700,660.5,662,1.1,10.5,-3,210.4241265,45,661.25
772800,659.5,661,1.1,10.5,-3,210.1598371,45,660.25
772900,661,662.5,1.1,10.5,-3,210.2247952,45,661.75
773000,657.5,659,1.1,10.5,-3,210.155655,45,658.25
773100,660,661.5,1.1,10.5,-3,210.3442198,45,660.75
773200,663.5,665,1.1,10.5,-3,210.4978257,45,664.25
773300,660,661.5,1.1,10.5,-3,210.4120318,45,660.75
773400,658,659.5,1.1,10.5,-3,210.2648842,45,658.75
773500,657,658.5,1.1,10.5,-3,210.1736257,45,657.75
773600,658,659.5,1.1,10.5,-3,210.4208888,45,658.75
773700,660.5,662,1.1,10.5,-3,210.4862359,45,661.25
773800,662.5,664,1.1,10.5,-3,210.8296876,45,663.25
773900,662,664,1.1,10.5,-3,210.9488961,45,663
774000,665,666.5,1.1,10.5,-3,211.2476707,45,665.75
774100,663,664.5,1.1,10.5,-3,210.9220035,45,663.75
774200,661.5,663,1.1,10.5,-3,210.8313596,45,662.25
774300,662,663.5,1.1,10.5,-3,210.9576811,45,662.75
774400,664.5,666,1.1,10.5,-3,210.9037948,45,665.25
774500,664.5,666,1.1,10.5,-3,210.9180948,45,665.25
774600,667.5,669,1.1,10.5,-3,210.9647688,45,668.25
774700,669,670.5,1.1,10.5,-3,210.9670537,45,669.75
774800,665.5,667,1.1,10.5,-3,210.8942463,45,666.25
774900,665.5,667,1.1,10.5,-3,210.9829283,45,666.25
775000,665.5,667,1.1,10.5,-3,210.5945048,45,666.25
775100,665,666.5,1.1,10.5,-3,210.3044537,45,665.75
775200,669,670.5,1.1,10.5,-3,210.4086054,45,669.75
775300,666,667.5,1.1,10.5,-3,210.1656723,45,666.75
775400,661,662.5,1.1,10.5,-3,209.9730962,45,661.75
775500,659.5,661,1.1,10.5,-3,209.9755793,45,660.25
775600,659,661,1.1,10.5,-3,209.9844784,45,660
775700,655.5,657,1.1,10.5,-3,209.9177032,45,656.25
775800,655.5,657,1.1,10.5,-3,209.8705239,45,656.25
775900,654,655.5,1.1,10.5,-3,209.7272677,45,654.75
776000,651.5,653,1.1,10.5,-3,209.4787259,45,652.25
776100,649,650.5,1.1,10.5,-3,209.2654159,45,649.75
776200,645.5,647,1.1,10.5,-3,209.1806919,45,646.25
776300,649.5,651,1.1,10.5,-3,209.3747827,45,650.25
776400,651.5,653,1.1,10.5,-3,209.536779,45,652.25
776500,653,654.5,1.1,10.5,-3,209.6749117,45,653.75
776600,651.5,653,1.1,10.5,-3,209.8442414,45,652.25
776700,651,653,1.1,10.5,-3,210.0467964,45,652
776800,647,648.5,1.1,10.5,-3,209.9396581,45,647.75
776900,645.5,647,1.1,10.5,-3,209.9537145,45,646.25
777000,646.5,648,1.1,10.5,-3,210.2307382,45,647.25
777100,648,649.5,1.1,10.5,-3,210.2456669,45,648.75
777200,643.5,645,1.1,10.5,-3,209.9447519,45,644.25
777300,646.5,648,1.1,10.5,-3,210.1452972,45,647.25
777400,640.5,642,1.1,10.5,-3,210.0693147,45,641.25
777500,638.5,640,1.1,10.5,-3,210.0042005,45,639.25
777600,635,636.5,1.1,10.5,-3,209.5562413,45,635.75
777700,630,631.5,1.1,10.5,-3,209.2525391,45,630.75
777800,631.5,633,1.1,10.5,-3,209.2993254,45,632.25
777900,632,633.5,1.1,10.5,-3,209.0780506,45,632.75
778000,633,634.5,1.1,10.5,-3,209.1497052,45,633.75
778100,631.5,633,1.1,10.5,-3,209.1006205,45,632.25
778200,635.5,637,1.1,10.5,-3,209.1286448,45,636.25
778300,632.5,634,1.1,10.5,-3,208.9950353,45,633.25
778400,632,633.5,1.1,10.5,-3,208.9693551,45,632.75
778500,630,631.5,1.1,10.5,-3,208.9485698,45,630.75
778600,634,635.5,1.1,10.5,-3,209.0942482,45,634.75
778700,632.5,634,1.1,10.5,-3,208.9885563,45,633.25
778800,626.5,628,1.1,10.5,-3,208.7931455,45,627.25
778900,626.5,628,1.1,10.5,-3,208.8394601,45,627.25
779000,627.5,629,1.1,10.5,-3,208.8748813,45,628.25
779100,625,626.5,1.1,10.5,-3,208.9604541,45,625.75
779200,625.5,627,1.1,10.5,-3,208.8650558,45,626.25
779300,621,622.5,1.1,10.5,-3,208.7594205,45,621.75
779400,616.5,618,1.1,10.5,-3,208.6795011,45,617.25
779500,614,615.5,1.1,10.5,-3,208.4432667,45,614.75
779600,617.5,619,1.1,10.5,-3,208.499479,45,618.25
779700,620.5,622,1.1,10.5,-3,208.5543104,45,621.25
779800,620,622,1.1,10.5,-3,208.693721,45,621
779900,616,617.5,1.1,10.5,-3,208.153894,45,616.75
780000,614.5,616,1.1,10.5,-3,208.0778013,45,615.25
780100,615,616.5,1.1,10.5,-3,208.0604356,45,615.75
780200,615,616.5,1.1,10.5,-3,207.9943705,45,615.75
780300,616.5,618,1.1,10.5,-3,207.9794872,45,617.25
780400,614.5,616,1.1,10.5,-3,207.6981963,45,615.25
780500,617.5,619,1.1,10.5,-3,207.5131967,45,618.25
780600,616.5,618,1.1,10.5,-3,207.521557,45,617.25
780700,617.5,619,1.1,10.5,-3,207.7779568,45,618.25
780800,618,619.5,1.1,10.5,-3,207.9712487,45,618.75
780900,618.5,620,1.1,10.5,-3,208.0329266,45,619.25
781000,619,620.5,1.1,10.5,-3,208.0701415,45,619.75
781100,619,621,1.1,10.5,-3,208.0708377,45,620
781200,621,622.5,1.1,10.5,-3,208.3473107,45,621.75
781300,623.5,625,1.1,10.5,-3,208.4065483,45,624.25
781400,627.5,629,1.1,10.5,-3,208.7165659,45,628.25
781500,625.5,627,1.1,10.5,-3,208.8149636,45,626.25
781600,628,629.5,1.1,10.5,-3,209.0607061,45,628.75
781700,624.5,626,1.1,10.5,-3,208.9986222,45,625.25
781800,628.5,630,1.1,10.5,-3,209.3905874,45,629.25
781900,625.5,627,1.1,10.5,-3,209.1480032,45,626.25
782000,627,628.5,1.1,10.5,-3,209.3156763,45,627.75
782100,628.5,630,1.1,10.5,-3,209.4005617,45,629.25
782200,628,630,1.1,10.5,-3,209.3498678,45,629
782300,625.5,627,1.1,10.5,-3,209.1654432,45,626.25
782400,624.5,626,1.1,10.5,-3,209.0733418,45,625.25
782500,629.5,631,1.1,10.5,-3,209.3728704,45,630.25
782600,633,634.5,1.1,10.5,-3,209.5729568,45,633.75
782700,638,639.5,1.1,10.5,-3,209.7894369,45,638.75
782800,638,639.5,1.1,10.5,-3,209.8061075,45,638.75
782900,642,643.5,1.1,10.5,-3,210.055614,45,642.75
783000,639.5,641,1.1,10.5,-3,209.9000133,45,640.25
783100,638.5,640,1.1,10.5,-3,209.6593958,45,639.25
783200,641,642.5,1.1,10.5,-3,209.7234262,45,641.75
783300,642.5,644,1.1,10.5,-3,209.8230809,45,643.25
783400,647.5,649,1.1,10.5,-3,210.0760898,45,648.25
783500,644,645.5,1.1,10.5,-3,210.0249445,45,644.75
783600,640.5,642,1.1,10.5,-3,209.6104466,45,641.25
783700,643,644.5,1.1,10.5,-3,209.6396124,45,643.75
783800,639.5,641,1.1,10.5,-3,209.3396207,45,640.25
783900,639.5,641.5,1.1,10.5,-3,209.0823932,45,640.5
784000,641,642.5,1.1,10.5,-3,208.7945182,45,641.75
784100,642,643.5,1.1,10.5,-3,208.9574818,45,642.75
784200,644,645.5,1.1,10.5,-3,209.1636339,45,644.75
784300,643,644.5,1.1,10.5,-3,209.2327748,45,643.75
784400,647.5,649,1.1,10.5,-3,209.2538152,45,648.25
784500,649.5,651,1.1,10.5,-3,209.4958517,45,650.25
784600,651,652.5,1.1,10.5,-3,209.5207688,45,651.75
784700,649.5,651,1.1,10.5,-3,209.5179396,45,650.25
784800,651.5,653,1.1,10.5,-3,209.6494611,45,652.25
784900,655,656.5,1.1,10.5,-3,209.9495793,45,655.75
785000,655.5,657,1.1,10.5,-3,210.0331727,45,656.25
785100,656.5,658,1.1,10.5,-3,209.9873093,45,657.25
785200,652.5,654,1.1,10.5,-3,209.9244791,45,653.25
785300,650.5,652,1.1,10.5,-3,209.7975812,45,651.25
785400,648,649.5,1.1,10.5,-3,209.2169383,45,648.75
785500,650,651.5,1.1,10.5,-3,209.2457408,45,650.75
785600,649,650.5,1.1,10.5,-3,209.1264809,45,649.75
785700,647.5,649,1.1,10.5,-3,209.3915859,45,648.25
785800,653,654.5,1.1,10.5,-3,209.7033574,45,653.75
785900,654,655.5,1.1,10.5,-3,209.8378629,45,654.75
786000,655,656.5,1.1,10.5,-3,209.8546487,45,655.75
786100,653.5,655,1.1,10.5,-3,209.7491168,45,654.25
786200,658,659.5,1.1,10.5,-3,210.1624552,45,658.75
786300,659.5,661,1.1,10.5,-3,210.2921142,45,660.25
786400,661,662.5,1.1,10.5,-3,209.9969273,45,661.75
786500,664,665.5,1.1,10.5,-3,210.1496203,45,664.75
786600,660.5,662,1.1,10.5,-3,209.9080672,45,661.25
786700,657.5,659,1.1,10.5,-3,209.7104986,45,658.25
786800,653.5,655,1.1,10.5,-3,209.4832427,45,654.25
786900,655.5,657,1.1,10.5,-3,209.5843856,45,656.25
787000,655.5,657,1.1,10.5,-3,209.6882183,45,656.25
787100,656.5,658,1.1,10.5,-3,209.370774,45,657.25
787200,659,660.5,1.1,10.5,-3,209.4423014,45,659.75
787300,659.5,661,1.1,10.5,-3,209.4396509,45,660.25
787400,662,663.5,1.1,10.5,-3,209.491687,45,662.75
787500,663,664.5,1.1,10.5,-3,209.6475003,45,663.75
787600,662.5,664,1.1,10.5,-3,209.4889687,45,663.25
787700,661,662.5,1.1,10.5,-3,209.2556149,45,661.75
787800,658,659.5,1.1,10.5,-3,209.2290114,45,658.75
787900,658.5,660,1.1,10.5,-3,208.9722989,45,659.25
788000,657,658.5,1.1,10.5,-3,208.8593742,45,657.75
788100,656,657.5,1.1,10.5,-3,208.7341637,45,656.75
788200,658.5,660,1.1,10.5,-3,209.0043128,45,659.25
788300,658.5,660,1.1,10.5,-3,208.9180836,45,659.25
788400,659,660.5,1.1,10.5,-3,208.9967834,45,659.75
788500,662,663.5,1.1,10.5,-3,209.0709853,45,662.75
788600,660,661.5,1.1,10.5,-3,208.9933566,45,660.75
788700,660,661.5,1.1,10.5,-3,209.2696827,45,660.75
788800,654.5,656,1.1,10.5,-3,208.9835345,45,655.25
788900,654,655.5,1.1,10.5,-3,208.8312311,45,654.75
789000,657,658.5,1.1,10.5,-3,208.7767817,45,657.75
789100,654,655.5,1.1,10.5,-3,208.7574269,45,654.75
789200,654,655.5,1.1,10.5,-3,208.8791456,45,654.75
789300,650.5,652,1.1,10.5,-3,208.69363,45,651.25
789400,651.5,653,1.1,10.5,-3,208.6417528,45,652.25
789500,652,653.5,1.1,10.5,-3,208.4918848,45,652.75
789600,654,655.5,1.1,10.5,-3,208.4942783,45,654.75
789700,652,653.5,1.1,10.5,-3,208.3563243,45,652.75
789800,651.5,653.5,1.1,10.5,-3,208.1391975,45,652.5
789900,654,655.5,1.1,10.5,-3,208.3016561,45,654.75
790000,657,658.5,1.1,10.5,-3,208.5232247,45,657.75
790100,653.5,655,1.1,10.5,-3,208.364798,45,654.25
790200,649,650.5,1.1,10.5,-3,208.2055922,45,649.75
790300,650.5,652,1.1,10.5,-3,208.3243575,45,651.25
790400,651.5,653,1.1,10.5,-3,208.38268,45,652.25
790500,655.5,657,1.1,10.5,-3,208.5343547,45,656.25
790600,653,654.5,1.1,10.5,-3,208.348145,45,653.75
790700,651,652.5,1.1,10.5,-3,208.4308767,45,651.75
790800,652.5,654,1.1,10.5,-3,208.6333929,45,653.25
790900,655.5,657,1.1,10.5,-3,209.0221184,45,656.25
791000,658.5,660,1.1,10.5,-3,209.206335,45,659.25
791100,654,655.5,1.1,10.5,-3,209.1555993,45,654.75
791200,650,651.5,1.1,10.5,-3,208.7273591,45,650.75
791300,650.5,652,1.1,10.5,-3,208.8884069,45,651.25
791400,650,651.5,1.1,10.5,-3,209.0834097,45,650.75
791500,651,652.5,1.1,10.5,-3,208.926567,45,651.75
791600,651.5,653,1.1,10.5,-3,208.945087,45,652.25
791700,652.5,654,1.1,10.5,-3,208.7808136,45,653.25
791800,648.5,650,1.1,10.5,-3,208.5330097,45,649.25
791900,647,648.5,1.1,10.5,-3,208.6774011,45,647.75
792000,650,651.5,1.1,10.5,-3,208.9502551,45,650.75
792100,646.5,648,1.1,10.5,-3,208.7823607,45,647.25
792200,648,649.5,1.1,10.5,-3,208.8964555,45,648.75
792300,646.5,648,1.1,10.5,-3,208.7506473,45,647.25
792400,644.5,646,1.1,10.5,-3,208.5968013,45,645.25
792500,646,647.5,1.1,10.5,-3,208.6062574,45,646.75
792600,644.5,646,1.1,10.5,-3,208.6505194,45,645.25
792700,641.5,643,1.1,10.5,-3,208.3639752,45,642.25
792800,639,640.5,1.1,10.5,-3,208.0978908,45,639.75
792900,640.5,642,1.1,10.5,-3,208.2351309,45,641.25
793000,640,641.5,1.1,10.5,-3,208.1561645,45,640.75
793100,639.5,641.5,1.1,10.5,-3,208.2110381,45,640.5
793200,641,642.5,1.1,10.5,-3,208.3453556,45,641.75
793300,641.5,643,1.1,10.5,-3,208.3855743,45,642.25
793400,641,642.5,1.1,10.5,-3,208.5174421,45,641.75
793500,638.5,640,1.1,10.5,-3,208.4606161,45,639.25
793600,637,638.5,1.1,10.5,-3,208.5085864,45,637.75
793700,639,640.5,1.1,10.5,-3,208.6592317,45,639.75
793800,641.5,643,1.1,10.5,-3,208.7318449,45,642.25
793900,642,643.5,1.1,10.5,-3,208.5471858,45,642.75
794000,640,641.5,1.1,10.5,-3,208.4167047,45,640.75
794100,639,640.5,1.1,10.5,-3,208.5919819,45,639.75
794200,638.5,640,1.1,10.5,-3,208.1666358,45,639.25
794300,640.5,642,1.1,10.5,-3,208.2793569,45,641.25
794400,639.5,641,1.1,10.5,-3,208.183127,45,640.25
794500,640.5,642,1.1,10.5,-3,208.2767672,45,641.25
794600,642.5,644,1.1,10.5,-3,208.4739121,45,643.25
794700,639,640.5,1.1,10.5,-3,208.4307374,45,639.75
794800,637.5,639,1.1,10.5,-3,208.165535,45,638.25
794900,640.5,642,1.1,10.5,-3,208.3368499,45,641.25
795000,641.5,643,1.1,10.5,-3,208.2084487,45,642.25
795100,639,640.5,1.1,10.5,-3,208.1214598,45,639.75
795200,635,636.5,1.1,10.5,-3,208.1052381,45,635.75
795300,632.5,634,1.1,10.5,-3,208.0634487,45,633.25
795400,633.5,635,1.1,10.5,-3,208.1874209,45,634.25
795500,633,635,1.1,10.5,-3,208.1348721,45,634
795600,630,631.5,1.1,10.5,-3,207.7927387,45,630.75
795700,630,631.5,1.1,10.5,-3,207.8336769,45,630.75
795800,630,631.5,1.1,10.5,-3,207.6433617,45,630.75
795900,628,629.5,1.1,10.5,-3,207.4699242,45,628.75
796000,629.5,631,1.1,10.5,-3,207.5526056,45,630.25
796100,628.5,630,1.1,10.5,-3,207.6219048,45,629.25
796200,627,628.5,1.1,10.5,-3,207.298742,45,627.75
796300,628,629.5,1.1,10.5,-3,207.5479612,45,628.75
796400,627,628.5,1.1,10.5,-3,207.5289983,45,627.75
796500,627,628.5,1.1,10.5,-3,207.315797,45,627.75
796600,627.5,629,1.1,10.5,-3,207.3429052,45,628.25
796700,627,628.5,1.1,10.5,-3,207.6087294,45,627.75
796800,626.5,628,1.1,10.5,-3,207.6746563,45,627.25
796900,628.5,630,1.1,10.5,-3,207.5236191,45,629.25
797000,628.5,630.5,1.1,10.5,-3,207.6167468,45,629.5
797100,626.5,628,1.1,10.5,-3,207.4570829,45,627.25
797200,624.5,626,1.1,10.5,-3,207.2780834,45,625.25
797300,617,618.5,1.1,10.5,-3,207.2040677,45,617.75
797400,619,620.5,1.1,10.5,-3,207.2866498,45,619.75
797500,620,621.5,1.1,10.5,-3,207.3200014,45,620.75
797600,617.5,619,1.1,10.5,-3,206.9789543,45,618.25
797700,619,620.5,1.1,10.5,-3,207.1806476,45,619.75
797800,614.5,616,1.1,10.5,-3,207.0966434,45,615.25
797900,616,617.5,1.1,10.5,-3,207.1316881,45,616.75
798000,617.5,619,1.1,10.5,-3,206.6463188,45,618.25
798100,618.5,620,1.1,10.5,-3,206.7563078,45,619.25
798200,617.5,619,1.1,10.5,-3,206.9141677,45,618.25
798300,618,619.5,1.1,10.5,-3,206.9971231,45,618.75
798400,619,620.5,1.1,10.5,-3,207.2955468,45,619.75
798500,618.5,620,1.1,10.5,-3,207.2768114,45,619.25
798600,619,620.5,1.1,10.5,-3,207.2153668,45,619.75
798700,618.5,620,1.1,10.5,-3,207.2390996,45,619.25
798800,616,617.5,1.1,10.5,-3,206.9069331,45,616.75
798900,613.5,615,1.1,10.5,-3,206.9022672,45,614.25
799000,609,610.5,1.1,10.5,-3,206.5960073,45,609.75
799100,609,611,1.1,10.5,-3,206.7373084,45,610
799200,611,612.5,1.2000000000000002,10.5,-3,206.9920527,45,611.75
799300,610.5,612.5,1.2000000000000002,10.5,-3,206.884163,45,611.5
799400,609.5,611,1.2000000000000002,10.5,-3,206.8125496,45,610.25
799500,610.5,612,1.2000000000000002,10.5,-3,206.7642793,45,611.25
799600,610.5,612,1.2000000000000002,10.5,-3,206.923753,45,611.25
799700,611,612.5,1.2000000000000002,10.5,-3,207.1378813,45,611.75
799800,607.5,609,1.2000000000000002,10.5,-3,206.9323093,45,608.25
799900,610.5,612,1.2000000000000002,10.5,-3,206.9552107,45,611.25
800000,612.5,614,1.2000000000000002,10.5,-3,207.1567971,45,613.25
800100,612,613.5,1.2000000000000002,10.5,-3,207.2871531,45,612.75
800200,610,611.5,1.2000000000000002,10.5,-3,207.1423281,45,610.75
800300,612.5,614,1.2000000000000002,10.5,-3,207.5298393,45,613.25
800400,609.5,611,1.2000000000000002,10.5,-3,207.35388,45,610.25
800500,608,609.5,1.2000000000000002,10.5,-3,206.9561992,45,608.75
800600,606.5,608,1.2000000000000002,10.5,-3,206.9867184,45,607.25
800700,606.5,608,1.2000000000000002,10.5,-3,206.9313699,45,607.25
800800,605,606.5,1.2000000000000002,10.5,-3,206.9295788,45,605.75
800900,599.5,601,1.2000000000000002,10.5,-3,206.8197401,45,600.25
801000,601,602.5,1.2000000000000002,10.5,-3,206.9273259,45,601.75
801100,603.5,605,1.2000000000000002,10.5,-3,207.2488669,45,604.25
801200,606.5,608,1.2000000000000002,10.5,-3,207.4560527,45,607.25
801300,609.5,611,1.2000000000000002,10.5,-3,207.615899,45,610.25
801400,610.5,612,1.2000000000000002,10.5,-3,208.0817707,45,611.25
801500,612,613.5,1.2000000000000002,10.5,-3,208.1572374,45,612.75
801600,610.5,612,1.2000000000000002,10.5,-3,208.0807582,45,611.25
801700,611.5,613,1.2000000000000002,10.5,-3,208.2311387,45,612.25
801800,609.5,611,1.2000000000000002,10.5,-3,208.1723287,45,610.25
801900,610.5,612,1.2000000000000002,10.5,-3,208.3601174,45,611.25
802000,610.5,612,1.2000000000000002,10.5,-3,208.4314474,45,611.25
802100,609.5,611,1.2000000000000002,10.5,-3,208.382982,45,610.25
802200,608.5,610,1.2000000000000002,10.5,-3,208.2583055,45,609.25
802300,605,606.5,1.2000000000000002,10.5,-3,207.9198955,45,605.75
802400,601,602.5,1.2000000000000002,10.5,-3,207.5368155,45,601.75
802500,600.5,602.5,1.2000000000000002,10.5,-3,207.4333932,45,601.5
802600,601.5,603,1.2000000000000002,10.5,-3,207.5659974,45,602.25
802700,604,605.5,1.2000000000000002,10.5,-3,207.7414833,45,604.75
802800,604,605.5,1.2000000000000002,10.5,-3,207.9140226,45,604.75
802900,601.5,603,1.2000000000000002,10.5,-3,207.9998773,45,602.25
803000,608,609.5,1.2000000000000002,10.5,-3,208.1744612,45,608.75
803100,612,613.5,1.2000000000000002,10.5,-3,208.2638888,45,612.75
803200,613,614.5,1.2000000000000002,10.5,-3,208.4364242,45,613.75
803300,616,617.5,1.2000000000000002,10.5,-3,208.5463931,45,616.75
803400,617,618.5,1.2000000000000002,10.5,-3,208.5575407,45,617.75
803500,615,616.5,1.2000000000000002,10.5,-3,208.2961951,45,615.75
803600,612,613.5,1.2000000000000002,10.5,-3,208.084021,45,612.75
803700,613.5,615,1.2000000000000002,10.5,-3,208.1209524,45,614.25
803800,610,611.5,1.2000000000000002,10.5,-3,208.0560974,45,610.75
803900,610.5,612,1.2000000000000002,10.5,-3,208.146166,45,611.25
804000,615,616.5,1.2000000000000002,10.5,-3,208.5447318,45,615.75
804100,616,617.5,1.2000000000000002,10.5,-3,208.54132,45,616.75
804200,615.5,617,1.2000000000000002,10.5,-3,208.4032328,45,616.25
804300,614.5,616,1.2000000000000002,10.5,-3,208.2434881,45,615.25
804400,614.5,616,1.2000000000000002,10.5,-3,208.0808024,45,615.25
804500,612,613.5,1.1,10.5,-3,207.9174345,45,612.75
804600,610.5,612,1.1,10.5,-3,208.2026995,45,611.25
804700,610.5,612,1.1,10.5,-3,208.2332695,45,611.25
804800,610,611.5,1.1,10.5,-3,208.2231503,45,610.75
804900,606.5,608,1.1,10.5,-3,208.035994,45,607.25
805000,610.5,612,1.1,10.5,-3,208.3363737,45,611.25
805100,610.5,612.5,1.1,10.5,-3,208.090163,45,611.5
805200,610.5,612.5,1.1,10.5,-3,207.966202,45,611.5
805300,612,613.5,1.1,10.5,-3,208.1215083,45,612.75
805400,609,610.5,1.1,10.5,-3,207.8167526,45,609.75
805500,612,613.5,1.1,10.5,-3,207.9990703,45,612.75
805600,615,616.5,1.1,10.5,-3,208.02785,45,615.75
805700,618.5,620,1.1,10.5,-3,208.1542534,45,619.25
805800,618.5,620,1.1,10.5,-3,207.8050421,45,619.25
805900,617,618.5,1.1,10.5,-3,207.5655475,45,617.75
806000,618,619.5,1.1,10.5,-3,207.9644375,45,618.75
806100,620.5,622,1.1,10.5,-3,208.3214542,45,621.25
806200,620.5,622,1.1,10.5,-3,208.2740877,45,621.25
806300,621,622.5,1.1,10.5,-3,208.1914132,45,621.75
806400,617,618.5,1.1,10.5,-3,208.0330299,45,617.75
806500,623,624.5,1.1,10.5,-3,208.1604166,45,623.75
806600,619,620.5,1.1,10.5,-3,208.1108297,45,619.75
806700,615.5,617,1.1,10.5,-3,208.0944737,45,616.25
806800,616.5,618,1.1,10.5,-3,208.2015939,45,617.25
806900,619.5,621,1.1,10.5,-3,208.2152107,45,620.25
807000,616.5,618,1.1,10.5,-3,208.0795377,45,617.25
807100,618,619.5,1.1,10.5,-3,208.2090808,45,618.75
807200,620,621.5,1.1,10.5,-3,208.0624096,45,620.75
807300,617.5,619,1.1,10.5,-3,207.6599488,45,618.25
807400,618.5,620,1.1,10.5,-3,207.7179549,45,619.25
807500,617.5,619,1.1,10.5,-3,207.7867425,45,618.25
807600,616.5,618,1.1,10.5,-3,207.7096051,45,617.25
807700,621,622.5,1.1,10.5,-3,207.7729253,45,621.75
807800,623,624.5,1.1,10.5,-3,207.9472272,45,623.75
807900,623.5,625,1.1,10.5,-3,208.1536131,45,624.25
808000,620,621.5,1.1,10.5,-3,208.1238274,45,620.75
808100,624.5,626,1.1,10.5,-3,208.182316,45,625.25
808200,627.5,629,1.1,10.5,-3,208.2099928,45,628.25
808300,630.5,632,1.1,10.5,-3,208.5016143,45,631.25
808400,627.5,629,1.1,10.5,-3,208.2624286,45,628.25
808500,627.5,629,1.1,10.5,-3,208.705413,45,628.25
808600,625.5,627,1.1,10.5,-3,208.4841094,45,626.25
808700,628,629.5,1.1,10.5,-3,208.6644294,45,628.75
808800,626.5,628,1.1,10.5,-3,208.7185785,45,627.25
808900,625.5,627,1.1,10.5,-3,208.3652854,45,626.25
809000,623.5,625,1.1,10.5,-3,208.1126658,45,624.25
809100,622.5,624,1.1,10.5,-3,207.917757,45,623.25
809200,622.5,624.5,1.1,10.5,-3,207.7527375,45,623.5
809300,624,625.5,1.1,10.5,-3,207.9018399,45,624.75
809400,626,627.5,1.1,10.5,-3,208.2239846,45,626.75
809500,623.5,625,1.1,10.5,-3,208.3089081,45,624.25
809600,621.5,623,1.1,10.5,-3,208.2256669,45,622.25
809700,625,626.5,1.1,10.5,-3,208.4681554,45,625.75
809800,621,622.5,1.1,10.5,-3,208.159296,45,621.75
809900,618.5,620,1.1,10.5,-3,208.1137167,45,619.25
810000,619,620.5,1.1,10.5,-3,208.4533865,45,619.75
810100,622.5,624,1.1,10.5,-3,208.8622718,45,623.25
810200,625,626.5,1.1,10.5,-3,209.2397268,45,625.75
810300,627.5,629,1.1,10.5,-3,209.3639804,45,628.25
810400,625,626.5,1.1,10.5,-3,209.3119449,45,625.75
810500,620,621.5,1.1,10.5,-3,209.0827946,45,620.75
810600,626.5,628,1.1,10.5,-3,209.4715178,45,627.25
810700,628,629.5,1.1,10.5,-3,209.6073685,45,628.75
810800,629.5,631,1.1,10.5,-3,209.7875166,45,630.25
810900,631.5,633,1.1,10.5,-3,210.4583944,45,632.25
811000,637,638.5,1.1,10.5,-3,210.7821747,45,637.75
811100,634,635.5,1.1,10.5,-3,210.4215282,45,634.75
811200,634,635.5,1.1,10.5,-3,210.1194671,45,634.75
811300,632.5,634,1.1,10.5,-3,209.8794859,45,633.25
811400,635,636.5,1.1,10.5,-3,210.0425435,45,635.75
811500,633.5,635,1.1,10.5,-3,209.7170179,45,634.25
811600,631,632.5,1.1,10.5,-3,209.6589531,45,631.75
811700,629.5,631,1.1,10.5,-3,209.5360885,45,630.25
811800,629,631,1.1,10.5,-3,209.4795313,45,630
811900,634.5,636,1.1,10.5,-3,209.625407,45,635.25
812000,633.5,635,1.1,10.5,-3,209.5245643,45,634.25
812100,633,634.5,1.1,10.5,-3,209.4748856,45,633.75
812200,634.5,636,1.1,10.5,-3,209.6121101,45,635.25
812300,636.5,638,1.1,10.5,-3,209.7899572,45,637.25
812400,638,639.5,1.1,10.5,-3,209.8250528,45,638.75
812500,637,638.5,1.1,10.5,-3,209.6181512,45,637.75
812600,637,638.5,1.1,10.5,-3,209.6971659,45,637.75
812700,636.5,638.5,1.1,10.5,-3,209.8916821,45,637.5
812800,638,639.5,1.1,10.5,-3,209.9714316,45,638.75
812900,634,635.5,1.1,10.5,-3,209.9269294,45,634.75
813000,637,638.5,1.1,10.5,-3,210.1684205,45,637.75
813100,638,639.5,1.1,10.5,-3,210.4555522,45,638.75
813200,638,639.5,1.1,10.5,-3,210.3390886,45,638.75
813300,640,641.5,1.1,10.5,-3,210.4046963,45,640.75
813400,639,640.5,1.1,10.5,-3,210.3324349,45,639.75
813500,636.5,638,1.1,10.5,-3,210.1359292,45,637.25
813600,632,633.5,1.1,10.5,-3,210.0156783,45,632.75
813700,633.5,635,1.1,10.5,-3,210.2477337,45,634.25
813800,630.5,632,1.1,10.5,-3,210.1986557,45,631.25
813900,633.5,635,1.1,10.5,-3,210.6591433,45,634.25
814000,631,632.5,1.1,10.5,-3,210.4505295,45,631.75
814100,629.5,631,1.1,10.5,-3,210.1850089,45,630.25
814200,634.5,636,1.1,10.5,-3,210.4593461,45,635.25
814300,636.5,638,1.1,10.5,-3,210.6655085,45,637.25
814400,630.5,632,1.1,10.5,-3,210.4223999,45,631.25
814500,632,633.5,1.1,10.5,-3,210.5148504,45,632.75
814600,633.5,635,1.1,10.5,-3,210.6206272,45,634.25
814700,634.5,636,1.1,10.5,-3,210.5015522,45,635.25
814800,637.5,639,1.1,10.5,-3,210.6150328,45,638.25
814900,635,636.5,1.1,10.5,-3,210.5109159,45,635.75
815000,638,639.5,1.1,10.5,-3,210.6454871,45,638.75
815100,639.5,641,1.1,10.5,-3,210.7536762,45,640.25
815200,638.5,640,1.1,10.5,-3,210.7704775,45,639.25
815300,642,643.5,1.1,10.5,-3,210.9375418,45,642.75
815400,643,644.5,1.1,10.5,-3,210.8804968,45,643.75
815500,644,645.5,1.1,10.5,-3,211.1582082,45,644.75
815600,650,651.5,1.1,10.5,-3,211.5071682,45,650.75
815700,651,652.5,1.1,10.5,-3,211.502743,45,651.75
815800,655,656.5,1.1,10.5,-3,211.8735374,45,655.75
815900,656.5,658,1.1,10.5,-3,212.2009469,45,657.25
816000,655.5,657,1.1,10.5,-3,212.1883485,45,656.25
816100,653,654.5,1.1,10.5,-3,212.0164534,45,653.75
816200,649.5,651,1.1,10.5,-3,211.5893109,45,650.25
816300,647,648.5,1.1,10.5,-3,211.3389331,45,647.75
816400,644,645.5,1.1,10.5,-3,211.0986754,45,644.75
816500,641.5,643,1.1,10.5,-3,210.9901417,45,642.25
816600,638.5,640,1.1,10.5,-3,210.861638,45,639.25
816700,637,638.5,1.1,10.5,-3,210.7474496,45,637.75
816800,635.5,637,1.1,10.5,-3,210.6417433,45,636.25
816900,634.5,636,1.1,10.5,-3,210.6357639,45,635.25
817000,636,637.5,1.1,10.5,-3,210.6969429,45,636.75
817100,639.5,641,1.1,10.5,-3,211.1180573,45,640.25
817200,639,640.5,1.1,10.5,-3,211.024464,45,639.75
817300,640,641.5,1.1,10.5,-3,211.0874873,45,640.75
817400,643.5,645,1.1,10.5,-3,211.3200806,45,644.25
817500,641,642.5,1.1,10.5,-3,211.2503319,45,641.75
817600,645,646.5,1.1,10.5,-3,211.297009,45,645.75
817700,647,648.5,1.1,10.5,-3,211.3359387,45,647.75
817800,649,650.5,1.1,10.5,-3,211.4229194,45,649.75
817900,650.5,652,1.1,10.5,-3,211.5695089,45,651.25
818000,651,652.5,1.1,10.5,-3,211.7547259,45,651.75
818100,646.5,648,1.1,10.5,-3,211.5276177,45,647.25
818200,651,652.5,1.1,10.5,-3,211.6324439,45,651.75
818300,649.5,651,1.1,10.5,-3,211.8614096,45,650.25
818400,650.5,652,1.1,10.5,-3,211.8126631,45,651.25
818500,653,654.5,1.1,10.5,-3,212.0161673,45,653.75
818600,656,657.5,1.1,10.5,-3,212.0490869,45,656.75
818700,655.5,657,1.1,10.5,-3,211.8419888,45,656.25
818800,652,653.5,1.1,10.5,-3,211.7283293,45,652.75
818900,653,654.5,1.1,10.5,-3,211.6839813,45,653.75
819000,653,654.5,1.1,10.5,-3,211.7214219,45,653.75
819100,652,653.5,1.1,10.5,-3,211.6389174,45,652.75
819200,647.5,649,1.1,10.5,-3,211.0642185,45,648.25
819300,644,645.5,1.1,10.5,-3,210.9248451,45,644.75
819400,644,645.5,1.1,10.5,-3,210.9617496,45,644.75
819500,643.5,645,1.1,10.5,-3,210.9964595,45,644.25
819600,648,649.5,1.1,10.5,-3,211.1068975,45,648.75
819700,645.5,647,1.1,10.5,-3,210.9317371,45,646.25
819800,644,645.5,1.1,10.5,-3,210.8274139,45,644.75
819900,647.5,649,1.1,10.5,-3,210.9106339,45,648.25
820000,647.5,649,1.1,10.5,-3,211.0178502,45,648.25
820100,644.5,646,1.1,10.5,-3,211.0244995,45,645.25
820200,642,643.5,1.1,10.5,-3,210.8953155,45,642.75
820300,642.5,644,1.1,10.5,-3,210.8196143,45,643.25
820400,639.5,641,1.1,10.5,-3,210.7509295,45,640.25
820500,641,642.5,1.1,10.5,-3,210.8672042,45,641.75
820600,642.5,644,1.1,10.5,-3,211.0200171,45,643.25
820700,641.5,643,1.1,10.5,-3,210.6929359,45,642.25
820800,640.5,642,1.1,10.5,-3,210.6752994,45,641.25
820900,640,641.5,1.1,10.5,-3,210.6423358,45,640.75
821000,640.5,642,1.1,10.5,-3,210.8447157,45,641.25
821100,640.5,642,1.1,10.5,-3,210.6931268,45,641.25
821200,641,642.5,1.1,10.5,-3,211.0674024,45,641.75
821300,644.5,646,1.1,10.5,-3,211.0921625,45,645.25
821400,646.5,648,1.1,10.5,-3,211.1352823,45,647.25
821500,645.5,647,1.1,10.5,-3,211.1103715,45,646.25
821600,649,650.5,1.1,10.5,-3,210.7728191,45,649.75
821700,647.5,649,1.1,10.5,-3,210.6042242,45,648.25
821800,647,648.5,1.1,10.5,-3,210.6810436,45,647.75
821900,643.5,645,1.1,10.5,-3,210.6765777,45,644.25
822000,643.5,645,1.1,10.5,-3,210.5568135,45,644.25
822100,645,646.5,1.1,10.5,-3,210.7694143,45,645.75
822200,645,646.5,1.1,10.5,-3,210.7903538,45,645.75
822300,643.5,645,1.1,10.5,-3,210.7155922,45,644.25
822400,645,646.5,1.1,10.5,-3,210.6383932,45,645.75
822500,648,649.5,1.1,10.5,-3,210.9632287,45,648.75
822600,650.5,652,1.1,10.5,-3,211.2535932,45,651.25
822700,652,653.5,1.1,10.5,-3,211.3696434,45,652.75
822800,650,651.5,1.1,10.5,-3,211.172901,45,650.75
822900,652.5,654,1.1,10.5,-3,211.3156307,45,653.25
823000,653.5,655,1.1,10.5,-3,211.2732465,45,654.25
823100,651,652.5,1.1,10.5,-3,211.1855248,45,651.75
823200,651,653,1.1,10.5,-3,211.1809364,45,652
823300,652.5,654,1.1,10.5,-3,211.5910348,45,653.25
823400,652,653.5,1.1,10.5,-3,211.5299529,45,652.75
823500,649.5,651,1.1,10.5,-3,211.4496544,45,650.25
823600,653,654.5,1.1,10.5,-3,211.5207993,45,653.75
823700,651.5,653,1.1,10.5,-3,211.6779762,45,652.25
823800,650,651.5,1.1,10.5,-3,211.4245912,45,650.75
823900,646,647.5,1.1,10.5,-3,211.1562338,45,646.75
824000,649.5,651,1.1,10.5,-3,211.2885103,45,650.25
824100,651,652.5,1.1,10.5,-3,211.2355727,45,651.75
824200,651.5,653,1.1,10.5,-3,211.2402237,45,652.25
824300,648.5,650,1.1,10.5,-3,211.2418145,45,649.25
824400,650,651.5,1.1,10.5,-3,211.5059963,45,650.75
824500,647,648.5,1.1,10.5,-3,211.1058178,45,647.75
824600,644.5,646,1.1,10.5,-3,210.8604912,45,645.25
824700,643.5,645,1.1,10.5,-3,210.988205,45,644.25
824800,642.5,644,1.1,10.5,-3,210.8607409,45,643.25
824900,641,642.5,1.1,10.5,-3,211.0763808,45,641.75
825000,640.5,642.5,1.1,10.5,-3,210.7061927,45,641.5
825100,640,641.5,1.1,10.5,-3,210.3639129,45,640.75
825200,640.5,642,1.1,10.5,-3,210.2959286,45,641.25
825300,640,641.5,1.1,10.5,-3,210.3053846,45,640.75
825400,644,645.5,1.1,10.5,-3,210.4071764,45,644.75
825500,643.5,645.5,1.1,10.5,-3,210.3914424,45,644.5
825600,643.5,645.5,1.1,10.5,-3,210.3507813,45,644.5
825700,641,642.5,1.1,10.5,-3,210.1588685,45,641.75
825800,641,642.5,1.1,10.5,-3,210.1902614,45,641.75
825900,641,642.5,1.1,10.5,-3,210.333277,45,641.75
826000,642,643.5,1.1,10.5,-3,210.5005545,45,642.75
826100,637,638.5,1.1,10.5,-3,210.180607,45,637.75
826200,636.5,638.5,1.1,10.5,-3,210.2472936,45,637.5
826300,639.5,641,1.1,10.5,-3,210.0373591,45,640.25
826400,643,644.5,1.1,10.5,-3,210.5528073,45,643.75
826500,641,642.5,1.1,10.5,-3,210.436366,45,641.75
826600,641,642.5,1.1,10.5,-3,210.6707019,45,641.75
826700,638,639.5,1.1,10.5,-3,210.4022499,45,638.75
826800,635,636.5,1.1,10.5,-3,210.4746414,45,635.75
826900,633.5,635,1.1,10.5,-3,210.3468299,45,634.25
827000,635,636.5,1.1,10.5,-3,210.3045001,45,635.75
827100,637,638.5,1.1,10.5,-3,210.5897889,45,637.75
827200,635,636.5,1.1,10.5,-3,210.541009,45,635.75
827300,629.5,631,1.1,10.5,-3,210.4241235,45,630.25
827400,628.5,630,1.1,10.5,-3,210.4010061,45,629.25
827500,631,632.5,1.1,10.5,-3,210.3572735,45,631.75
827600,636.5,638,1.1,10.5,-3,210.5569067,45,637.25
827700,634.5,636,1.1,10.5,-3,210.3829643,45,635.25
827800,631.5,633,1.1,10.5,-3,210.3718393,45,632.25
827900,635.5,637,1.1,10.5,-3,210.5737787,45,636.25
828000,636,637.5,1.1,10.5,-3,210.4455493,45,636.75
828100,639.5,641,1.1,10.5,-3,210.5418745,45,640.25
828200,639,641,1.1,10.5,-3,210.66142,45,640
828300,643.5,645,1.1,10.5,-3,210.9340106,45,644.25
828400,644,645.5,1.1,10.5,-3,211.1195709,45,644.75
828500,644,645.5,1.1,10.5,-3,210.9444626,45,644.75
828600,644,645.5,1.1,10.5,-3,211.2218258,45,644.75
828700,644,645.5,1.1,10.5,-3,211.4698615,45,644.75
828800,640,641.5,1.1,10.5,-3,211.3935062,45,640.75
828900,638.5,640,1.1,10.5,-3,211.1341323,45,639.25
829000,635,636.5,1.2000000000000002,10.5,-3,210.9749106,45,635.75
829100,634,635.5,1.2000000000000002,10.5,-3,210.6513244,45,634.75
829200,632.5,634,1.2000000000000002,10.5,-3,210.5202374,45,633.25
829300,632.5,634,1.2000000000000002,10.5,-3,210.5474515,45,633.25
829400,636,637.5,1.2000000000000002,10.5,-3,210.6626129,45,636.75
829500,640.5,642,1.2000000000000002,10.5,-3,210.6679853,45,641.25
829600,637.5,639,1.2000000000000002,10.5,-3,210.5950456,45,638.25
829700,639,640.5,1.2000000000000002,10.5,-3,210.6631115,45,639.75
829800,637,638.5,1.2000000000000002,10.5,-3,210.6296565,45,637.75
829900,635.5,637,1.2000000000000002,10.5,-3,210.7378995,45,636.25
830000,637.5,639,1.2000000000000002,10.5,-3,210.920444,45,638.25
830100,635,636.5,1.2000000000000002,10.5,-3,210.7896638,45,635.75
830200,637.5,639,1.2000000000000002,10.5,-3,211.242926,45,638.25
830300,636,637.5,1.2000000000000002,10.5,-3,211.2812524,45,636.75
830400,632.5,634,1.2000000000000002,10.5,-3,211.2576822,45,633.25
830500,632.5,634,1.2000000000000002,10.5,-3,211.1355379,45,633.25
830600,632.5,634,1.2000000000000002,10.5,-3,210.9139914,45,633.25
830700,635,636.5,1.2000000000000002,10.5,-3,211.0112103,45,635.75
830800,637,638.5,1.2000000000000002,10.5,-3,211.2367432,45,637.75
830900,637.5,639,1.2000000000000002,10.5,-3,211.7350389,45,638.25
831000,639,640.5,1.2000000000000002,10.5,-3,212.0029171,45,639.75
831100,638.5,640.5,1.2000000000000002,10.5,-3,211.8505576,45,639.5
831200,634.5,636,1.2000000000000002,10.5,-3,211.641935,45,635.25
831300,632.5,634,1.2000000000000002,10.5,-3,211.4748104,45,633.25
831400,629.5,631,1.2000000000000002,10.5,-3,211.2971041,45,630.25
831500,627.5,629,1.2000000000000002,10.5,-3,211.0505433,45,628.25
831600,631,632.5,1.2000000000000002,10.5,-3,211.2255905,45,631.75
831700,630.5,632.5,1.2000000000000002,10.5,-3,210.9633725,45,631.5
831800,634,635.5,1.2000000000000002,10.5,-3,211.212804,45,634.75
831900,637.5,639,1.2000000000000002,10.5,-3,211.1714866,45,638.25
832000,635.5,637,1.2000000000000002,10.5,-3,211.1271045,45,636.25
832100,635,636.5,1.2000000000000002,10.5,-3,211.0192353,45,635.75
832200,632.5,634,1.2000000000000002,10.5,-3,210.9060644,45,633.25
832300,631,632.5,1.2000000000000002,10.5,-3,210.7805983,45,631.75
832400,632,633.5,1.2000000000000002,10.5,-3,211.1453892,45,632.75
832500,634.5,636,1.2000000000000002,10.5,-3,211.1725523,45,635.25
832600,638.5,640,1.2000000000000002,10.5,-3,211.4163247,45,639.25
832700,641,642.5,1.2000000000000002,10.5,-3,211.4966174,45,641.75
832800,642.5,644,1.2000000000000002,10.5,-3,211.598066,45,643.25
832900,644,645.5,1.2000000000000002,10.5,-3,211.6197893,45,644.75
833000,647,648.5,1.2000000000000002,10.5,-3,211.9248736,45,647.75
833100,644.5,646,1.2000000000000002,10.5,-3,211.8753257,45,645.25
833200,643.5,645,1.2000000000000002,10.5,-3,211.759599,45,644.25
833300,641.5,643,1.2000000000000002,10.5,-3,211.5703069,45,642.25
833400,640.5,642,1.2000000000000002,10.5,-3,211.3593932,45,641.25
833500,638.5,640,1.2000000000000002,10.5,-3,211.1305924,45,639.25
833600,642,643.5,1.2000000000000002,10.5,-3,211.3139894,45,642.75
833700,639.5,641,1.2000000000000002,10.5,-3,211.3051225,45,640.25
833800,635,636.5,1.2000000000000002,10.5,-3,210.9523456,45,635.75
833900,638.5,640,1.2000000000000002,10.5,-3,211.009532,45,639.25
834000,638.5,640,1.2000000000000002,10.5,-3,211.0253411,45,639.25
834100,637,638.5,1.2000000000000002,10.5,-3,210.7726185,45,637.75
834200,642,643.5,1.2000000000000002,10.5,-3,210.8012662,45,642.75
834300,643.5,645,1.2000000000000002,10.5,-3,210.8197694,45,644.25
834400,644,645.5,1.2000000000000002,10.5,-3,210.9467159,45,644.75
834500,643,644.5,1.2000000000000002,10.5,-3,211.0131293,45,643.75
834600,640.5,642,1.2000000000000002,10.5,-3,210.8878895,45,641.25
834700,642.5,644,1.2000000000000002,10.5,-3,210.9768534,45,643.25
834800,641.5,643,1.2000000000000002,10.5,-3,210.8200209,45,642.25
834900,640,641.5,1.2000000000000002,10.5,-3,210.621463,45,640.75
835000,639,640.5,1.2000000000000002,10.5,-3,210.461309,45,639.75
835100,641,642.5,1.2000000000000002,10.5,-3,210.8364065,45,641.75
835200,645,646.5,1.2000000000000002,10.5,-3,211.2096378,45,645.75
835300,643.5,645,1.2000000000000002,10.5,-3,211.1866993,45,644.25
835400,647,648.5,1.2000000000000002,10.5,-3,211.2510962,45,647.75
835500,652.5,654,1.2000000000000002,10.5,-3,211.5384992,45,653.25
835600,655.5,657,1.2000000000000002,10.5,-3,211.7062918,45,656.25
835700,655.5,657,1.2000000000000002,10.5,-3,211.9767755,45,656.25
835800,651.5,653,1.2000000000000002,10.5,-3,211.87463,45,652.25
835900,651,652.5,1.2000000000000002,10.5,-3,211.8907354,45,651.75
836000,657.5,659,1.2000000000000002,10.5,-3,212.2574627,45,658.25
836100,655.5,657,1.2000000000000002,10.5,-3,212.2499261,45,656.25
836200,654.5,656,1.2000000000000002,10.5,-3,212.108377,45,655.25
836300,658,659.5,1.2000000000000002,10.5,-3,212.1537721,45,658.75
836400,655,656.5,1.2000000000000002,10.5,-3,212.0975476,45,655.75
836500,656,657.5,1.2000000000000002,10.5,-3,212.3439715,45,656.75
836600,656,657.5,1.2000000000000002,10.5,-3,212.6064548,45,656.75
836700,653,654.5,1.2000000000000002,10.5,-3,212.4796873,45,653.75
836800,655,656.5,1.2000000000000002,10.5,-3,212.6784007,45,655.75
836900,656.5,658,1.2000000000000002,10.5,-3,212.7684029,45,657.25
837000,657,658.5,1.2000000000000002,10.5,-3,212.909799,45,657.75
837100,655.5,657,1.2000000000000002,10.5,-3,212.6619064,45,656.25
837200,657,658.5,1.2000000000000002,10.5,-3,212.7374737,45,657.75
837300,658.5,660,1.2000000000000002,10.5,-3,212.7760061,45,659.25
837400,657.5,659,1.2000000000000002,10.5,-3,212.7192777,45,658.25
837500,659,660.5,1.2000000000000002,10.5,-3,212.6235912,45,659.75
837600,660.5,662,1.2000000000000002,10.5,-3,212.7829419,45,661.25
837700,658.5,660,1.2000000000000002,10.5,-3,212.7250824,45,659.25
837800,660,661.5,1.2000000000000002,10.5,-3,212.7384003,45,660.75
837900,666.5,668,1.2000000000000002,10.5,-3,213.072906,45,667.25
838000,668,669.5,1.2000000000000002,10.5,-3,213.3570092,45,668.75
838100,666.5,668,1.2000000000000002,10.5,-3,213.4026907,45,667.25
838200,662.5,664,1.2000000000000002,10.5,-3,213.3073852,45,663.25
838300,661,662.5,1.2000000000000002,10.5,-3,213.1135224,45,661.75
838400,662,663.5,1.2000000000000002,10.5,-3,212.7569603,45,662.75
838500,666,667.5,1.2000000000000002,10.5,-3,212.7437508,45,666.75
838600,664.5,666,1.2000000000000002,10.5,-3,212.7003341,45,665.25
838700,667,668.5,1.2000000000000002,10.5,-3,212.7468504,45,667.75
838800,666.5,668,1.2000000000000002,10.5,-3,212.9147117,45,667.25
838900,664.5,666,1.2000000000000002,10.5,-3,212.665606,45,665.25
839000,666.5,668,1.2000000000000002,10.5,-3,212.8997841,45,667.25
839100,664.5,666,1.2000000000000002,10.5,-3,212.8780385,45,665.25
839200,665.5,667,1.2000000000000002,10.5,-3,213.0739865,45,666.25
839300,663,664.5,1.2000000000000002,10.5,-3,212.9573063,45,663.75
839400,661,662.5,1.2000000000000002,10.5,-3,212.9385214,45,661.75
839500,663,664.5,1.2000000000000002,10.5,-3,213.2934746,45,663.75
839600,665,666.5,1.2000000000000002,10.5,-3,213.3465581,45,665.75
839700,666,667.5,1.2000000000000002,10.5,-3,213.6051168,45,666.75
839800,667.5,669,1.2000000000000002,10.5,-3,213.7088421,45,668.25
839900,663,664.5,1.2000000000000002,10.5,-3,213.6293112,45,663.75
840000,666,667.5,1.2000000000000002,10.5,-3,213.6967733,45,666.75
840100,669,670.5,1.2000000000000002,10.5,-3,214.073061,45,669.75
840200,668,669.5,1.2000000000000002,10.5,-3,214.0700164,45,668.75
840300,671,672.5,1.2000000000000002,10.5,-3,214.0750695,45,671.75
840400,670,671.5,1.2000000000000002,10.5,-3,213.8685014,45,670.75
840500,671,672.5,1.2000000000000002,10.5,-3,213.9065525,45,671.75
840600,670.5,672,1.2000000000000002,10.5,-3,213.828966,45,671.25
840700,669.5,671,1.2000000000000002,10.5,-3,213.799303,45,670.25
840800,671,672.5,1.2000000000000002,10.5,-3,213.9712528,45,671.75
840900,674,675.5,1.2000000000000002,10.5,-3,214.2253515,45,674.75
841000,671,672.5,1.2000000000000002,10.5,-3,213.9766053,45,671.75
841100,669,670.5,1.2000000000000002,10.5,-3,213.7915925,45,669.75
841200,672.5,674,1.2000000000000002,10.5,-3,213.9557487,45,673.25
841300,672.5,674,1.2000000000000002,10.5,-3,214.1006494,45,673.25
841400,673.5,675,1.2000000000000002,10.5,-3,213.984654,45,674.25
841500,675,676.5,1.2000000000000002,10.5,-3,214.0649615,45,675.75
841600,678,679.5,1.2000000000000002,10.5,-3,214.2753406,45,678.75
841700,673,674.5,1.2000000000000002,10.5,-3,214.1326471,45,673.75
841800,668,669.5,1.2000000000000002,10.5,-3,213.8185502,45,668.75
841900,668.5,670,1.2000000000000002,10.5,-3,213.8098955,45,669.25
842000,664.5,666,1.2000000000000002,10.5,-3,213.7143868,45,665.25
842100,662,663.5,1.2000000000000002,10.5,-3,213.6046572,45,662.75
842200,662,663.5,1.2000000000000002,10.5,-3,213.7007047,45,662.75
842300,663,664.5,1.2000000000000002,10.5,-3,213.7007734,45,663.75
842400,661,662.5,1.2000000000000002,10.5,-3,213.8392631,45,661.75
842500,662.5,664,1.2000000000000002,10.5,-3,213.9193194,45,663.25
842600,660,661.5,1.2000000000000002,10.5,-3,213.8332501,45,660.75
842700,661,662.5,1.2000000000000002,10.5,-3,213.8366933,45,661.75
842800,658,659.5,1.2000000000000002,10.5,-3,213.6125289,45,658.75
842900,661.5,663,1.2000000000000002,10.5,-3,213.6710805,45,662.25
843000,664,665.5,1.2000000000000002,10.5,-3,213.8460297,45,664.75
843100,667.5,669,1.2000000000000002,10.5,-3,214.1496138,45,668.25
843200,667.5,669,1.2000000000000002,10.5,-3,214.2502348,45,668.25
843300,665.5,667,1.2000000000000002,10.5,-3,214.1275146,45,666.25
843400,668.5,670,1.2000000000000002,10.5,-3,214.1595538,45,669.25
843500,670.5,672,1.2000000000000002,10.5,-3,214.2272977,45,671.25
843600,668,669.5,1.2000000000000002,10.5,-3,214.0175871,45,668.75
843700,672,673.5,1.2000000000000002,10.5,-3,214.4863387,45,672.75
843800,672,673.5,1.2000000000000002,10.5,-3,214.636695,45,672.75
843900,669,670.5,1.2000000000000002,10.5,-3,214.3449346,45,669.75
844000,665.5,667,1.2000000000000002,10.5,-3,214.153176,45,666.25
844100,664,665.5,1.2000000000000002,10.5,-3,213.9787891,45,664.75
844200,667,668.5,1.2000000000000002,10.5,-3,214.2197029,45,667.75
844300,671,672.5,1.2000000000000002,10.5,-3,214.5104122,45,671.75
844400,673.5,675,1.2000000000000002,10.5,-3,214.6199092,45,674.25
844500,675,676.5,1.2000000000000002,10.5,-3,214.5428016,45,675.75
844600,675,676.5,1.2000000000000002,10.5,-3,214.8394621,45,675.75
844700,675,676.5,1.2000000000000002,10.5,-3,214.5218604,45,675.75
844800,676.5,678,1.2000000000000002,10.5,-3,214.6938325,45,677.25
844900,676.5,678,1.2000000000000002,10.5,-3,214.7909583,45,677.25
845000,678.5,680,1.2000000000000002,10.5,-3,214.8008633,45,679.25
845100,674,675.5,1.2000000000000002,10.5,-3,214.5607566,45,674.75
845200,675.5,677,1.2000000000000002,10.5,-3,214.1805633,45,676.25
845300,673.5,675,1.2000000000000002,10.5,-3,213.9548297,45,674.25
845400,673.5,675,1.2000000000000002,10.5,-3,213.9596688,45,674.25
845500,673.5,675,1.2000000000000002,10.5,-3,213.9077054,45,674.25
845600,673.5,675,1.2000000000000002,10.5,-3,214.0776828,45,674.25
845700,675,676.5,1.2000000000000002,10.5,-3,213.9665734,45,675.75
845800,675,676.5,1.2000000000000002,10.5,-3,213.8171159,45,675.75
845900,675.5,677,1.2000000000000002,10.5,-3,213.8232752,45,676.25
846000,672.5,674,1.2000000000000002,10.5,-3,213.7721592,45,673.25
846100,675,676.5,1.2000000000000002,10.5,-3,213.8478932,45,675.75
846200,673,674.5,1.2000000000000002,10.5,-3,213.6233023,45,673.75
846300,674.5,676,1.2000000000000002,10.5,-3,213.6499349,45,675.25
846400,680,681.5,1.2000000000000002,10.5,-3,213.9323758,45,680.75
846500,676,677.5,1.2000000000000002,10.5,-3,213.8183794,45,676.75
846600,673.5,675,1.2000000000000002,10.5,-3,213.7541601,45,674.25
846700,673.5,675.5,1.2000000000000002,10.5,-3,213.6975412,45,674.5
846800,675.5,677,1.2000000000000002,10.5,-3,213.7465606,45,676.25
846900,674.5,676,1.2000000000000002,10.5,-3,213.7932102,45,675.25
847000,672,673.5,1.2000000000000002,10.5,-3,213.6334801,45,672.75
847100,671.5,673,1.2000000000000002,10.5,-3,213.6589028,45,672.25
847200,673,674.5,1.2000000000000002,10.5,-3,214.0040996,45,673.75
847300,674,675.5,1.2000000000000002,10.5,-3,214.1430522,45,674.75
847400,675,676.5,1.2000000000000002,10.5,-3,214.335598,45,675.75
847500,675.5,677,1.2000000000000002,10.5,-3,214.2424266,45,676.25
847600,672.5,674,1.2000000000000002,10.5,-3,213.8228853,45,673.25
847700,669,670.5,1.2000000000000002,10.5,-3,213.7579365,45,669.75
847800,671,672.5,1.2000000000000002,10.5,-3,213.8786312,45,671.75
847900,668.5,670,1.2000000000000002,10.5,-3,213.7301757,45,669.25
848000,665.5,667,1.2000000000000002,10.5,-3,213.5826831,45,666.25
848100,664,665.5,1.2000000000000002,10.5,-3,213.5345977,45,664.75
848200,663.5,665,1.2000000000000002,10.5,-3,213.8894632,45,664.25
848300,664.5,666,1.2000000000000002,10.5,-3,213.9418972,45,665.25
848400,666,667.5,1.2000000000000002,10.5,-3,214.0705482,45,666.75
848500,667.5,669,1.2000000000000002,10.5,-3,214.1406716,45,668.25
848600,669,670.5,1.2000000000000002,10.5,-3,214.4308359,45,669.75
848700,668,669.5,1.2000000000000002,10.5,-3,214.8881547,45,668.75
848800,668,669.5,1.2000000000000002,10.5,-3,214.7609907,45,668.75
848900,671,672.5,1.2000000000000002,10.5,-3,214.8703003,45,671.75
849000,676,677.5,1.2000000000000002,10.5,-3,214.968908,45,676.75
849100,675.5,677,1.2000000000000002,10.5,-3,215.0189092,45,676.25
849200,674,675.5,1.2000000000000002,10.5,-3,215.0044313,45,674.75
849300,669.5,671,1.2000000000000002,10.5,-3,214.9117462,45,670.25
849400,667.5,669,1.2000000000000002,10.5,-3,214.905179,45,668.25
849500,668.5,670,1.2000000000000002,10.5,-3,215.1583486,45,669.25
849600,667.5,669,1.2000000000000002,10.5,-3,215.3589258,45,668.25
849700,664,665.5,1.2000000000000002,10.5,-3,215.0118374,45,664.75
849800,665.5,667,1.2000000000000002,10.5,-3,215.2855468,45,666.25
849900,665.5,667.5,1.2000000000000002,10.5,-3,215.3136413,45,666.5
850000,664,665.5,1.2000000000000002,10.5,-3,215.0220431,45,664.75
850100,663.5,665,1.2000000000000002,10.5,-3,215.133866,45,664.25
850200,664,665.5,1.2000000000000002,10.5,-3,215.3113293,45,664.75
850300,665.5,667,1.2000000000000002,10.5,-3,215.3341507,45,666.25
850400,668,669.5,1.2000000000000002,10.5,-3,215.4618727,45,668.75
850500,669,670.5,1.2000000000000002,10.5,-3,215.3442998,45,669.75
850600,668,669.5,1.2000000000000002,10.5,-3,215.5597306,45,668.75
850700,668,669.5,1.2000000000000002,10.5,-3,215.7043637,45,668.75
850800,667,668.5,1.2000000000000002,10.5,-3,215.6422901,45,667.75
850900,666,667.5,1.2000000000000002,10.5,-3,215.5536633,45,666.75
851000,670,671.5,1.2000000000000002,10.5,-3,215.7307709,45,670.75
851100,671.5,673,1.2000000000000002,10.5,-3,215.8200406,45,672.25
851200,670.5,672,1.2000000000000002,10.5,-3,215.634914,45,671.25
851300,668.5,670,1.2000000000000002,10.5,-3,215.5000372,45,669.25
851400,667,668.5,1.2000000000000002,10.5,-3,215.2889152,45,667.75
851500,667,669,1.2000000000000002,10.5,-3,215.373428,45,668
851600,666.5,668,1.2000000000000002,10.5,-3,215.4960366,45,667.25
851700,668,669.5,1.2000000000000002,10.5,-3,215.7764749,45,668.75
851800,669,670.5,1.2000000000000002,10.5,-3,216.1610902,45,669.75
851900,668,669.5,1.2000000000000002,10.5,-3,216.0920624,45,668.75
852000,668.5,670,1.2000000000000002,10.5,-3,215.9619914,45,669.25
852100,664,665.5,1.2000000000000002,10.5,-3,215.8096625,45,664.75
852200,666.5,668,1.2000000000000002,10.5,-3,215.9441845,45,667.25
852300,662.5,664,1.2000000000000002,10.5,-3,215.9583388,45,663.25
852400,662.5,664,1.2000000000000002,10.5,-3,216.2023657,45,663.25
852500,662.5,664,1.2000000000000002,10.5,-3,216.3214068,45,663.25
852600,661.5,663,1.2000000000000002,10.5,-3,216.1575131,45,662.25
852700,662.5,664,1.2000000000000002,10.5,-3,216.2164653,45,663.25
852800,664,665.5,1.2000000000000002,10.5,-3,216.2111656,45,664.75
852900,658.5,660,1.2000000000000002,10.5,-3,216.2038108,45,659.25
853000,657.5,659,1.2000000000000002,10.5,-3,216.2101878,45,658.25
853100,655.5,657,1.2000000000000002,10.5,-3,216.0271753,45,656.25
853200,657.5,659,1.2000000000000002,10.5,-3,216.3069103,45,658.25
853300,658,659.5,1.2000000000000002,10.5,-3,216.386174,45,658.75
853400,657.5,659,1.2000000000000002,10.5,-3,216.5186959,45,658.25
853500,658.5,660,1.2000000000000002,10.5,-3,216.8605608,45,659.25
853600,654,655.5,1.2000000000000002,10.5,-3,216.6651279,45,654.75
853700,654,655.5,1.2000000000000002,10.5,-3,216.2565751,45,654.75
853800,652.5,654,1.2000000000000002,10.5,-3,215.9746309,45,653.25
853900,649,650.5,1.2000000000000002,10.5,-3,215.9710383,45,649.75
854000,647,648.5,1.2000000000000002,10.5,-3,215.984012,45,647.75
854100,650.5,652,1.2000000000000002,10.5,-3,215.9797221,45,651.25
854200,648.5,650,1.2000000000000002,10.5,-3,215.9245802,45,649.25
854300,647,648.5,1.2000000000000002,10.5,-3,215.347836,45,647.75
854400,645.5,647,1.2000000000000002,10.5,-3,215.409672,45,646.25
854500,645,646.5,1.2000000000000002,10.5,-3,215.2018977,45,645.75
854600,640.5,642,1.2000000000000002,10.5,-3,215.0184512,45,641.25
854700,644.5,646,1.2000000000000002,10.5,-3,215.0614626,45,645.25
854800,643,644.5,1.2000000000000002,10.5,-3,214.9872995,45,643.75
854900,638.5,640,1.2000000000000002,10.5,-3,214.922275,45,639.25
855000,637.5,639,1.2000000000000002,10.5,-3,215.1547359,45,638.25
855100,635,636.5,1.2000000000000002,10.5,-3,215.0045305,45,635.75
855200,637.5,639,1.2000000000000002,10.5,-3,215.2303349,45,638.25
855300,635.5,637,1.2000000000000002,10.5,-3,215.1890606,45,636.25
855400,634,635.5,1.2000000000000002,10.5,-3,215.1038647,45,634.75
855500,637,638.5,1.2000000000000002,10.5,-3,215.3779983,45,637.75
855600,634.5,636,1.2000000000000002,10.5,-3,215.3166149,45,635.25
855700,632,633.5,1.2000000000000002,10.5,-3,215.3491996,45,632.75
855800,628,629.5,1.2000000000000002,10.5,-3,215.2263866,45,628.75
855900,629.5,631,1.2000000000000002,10.5,-3,215.2108475,45,630.25
856000,627,628.5,1.2000000000000002,10.5,-3,215.0594471,45,627.75
856100,630,631.5,1.3000000000000005,10.5,-3,215.3284826,45,630.75
856200,629,630.5,1.3000000000000005,10.5,-3,215.0383854,45,629.75
856300,632,633.5,1.3000000000000005,10.5,-3,215.2716837,45,632.75
856400,632.5,634,1.3000000000000005,10.5,-3,215.4714936,45,633.25
856500,630.5,632,1.3000000000000005,10.5,-3,215.3854242,45,631.25
856600,632.5,634,1.3000000000000005,10.5,-3,215.432206,45,633.25
856700,632,633.5,1.3000000000000005,10.5,-3,215.5376535,45,632.75
856800,636,637.5,1.3000000000000005,10.5,-3,215.5884579,45,636.75
856900,634,635.5,1.3000000000000005,10.5,-3,215.5859816,45,634.75
857000,632.5,634,1.3000000000000005,10.5,-3,215.5390915,45,633.25
857100,635,636.5,1.3000000000000005,10.5,-3,215.5703355,45,635.75
857200,633,634.5,1.3000000000000005,10.5,-3,215.7629156,45,633.75
857300,632.5,634,1.3000000000000005,10.5,-3,215.8226006,45,633.25
857400,632.5,634,1.3000000000000005,10.5,-3,215.9491935,45,633.25
857500,632.5,634,1.3000000000000005,10.5,-3,215.4863029,45,633.25
857600,631,632.5,1.3000000000000005,10.5,-3,215.4231991,45,631.75
857700,631.5,633,1.3000000000000005,10.5,-3,215.5081743,45,632.25
857800,627,628.5,1.3000000000000005,10.5,-3,215.317548,45,627.75
857900,626.5,628,1.3000000000000005,10.5,-3,215.3419877,45,627.25
858000,631.5,633,1.3000000000000005,10.5,-3,215.4599936,45,632.25
858100,634,635.5,1.3000000000000005,10.5,-3,215.4899344,45,634.75
858200,638,639.5,1.3000000000000005,10.5,-3,215.6997569,45,638.75
858300,638,639.5,1.3000000000000005,10.5,-3,215.6720511,45,638.75
858400,637,638.5,1.3000000000000005,10.5,-3,215.5003356,45,637.75
858500,634,635.5,1.3000000000000005,10.5,-3,215.2617535,45,634.75
858600,633,634.5,1.3000000000000005,10.5,-3,215.0333463,45,633.75
858700,635,636.5,1.3000000000000005,10.5,-3,215.2919862,45,635.75
858800,636,637.5,1.3000000000000005,10.5,-3,215.4201963,45,636.75
858900,637,638.5,1.3000000000000005,10.5,-3,215.4872239,45,637.75
859000,633.5,635,1.3000000000000005,10.5,-3,215.4262505,45,634.25
859100,634.5,636,1.3000000000000005,10.5,-3,215.4661937,45,635.25
859200,629,630.5,1.3000000000000005,10.5,-3,215.3451249,45,629.75
859300,630.5,632,1.3000000000000005,10.5,-3,215.3727445,45,631.25
859400,631.5,633,1.3000000000000005,10.5,-3,215.7179263,45,632.25
859500,635,636.5,1.3000000000000005,10.5,-3,216.1374751,45,635.75
859600,631,632.5,1.3000000000000005,10.5,-3,216.0126051,45,631.75
859700,631.5,633,1.3000000000000005,10.5,-3,215.9925347,45,632.25
859800,635.5,637,1.3000000000000005,10.5,-3,216.3009195,45,636.25
859900,632,633.5,1.3000000000000005,10.5,-3,216.2801762,45,632.75
860000,637,638.5,1.3000000000000005,10.5,-3,216.5437146,45,637.75
860100,641,642.5,1.3000000000000005,10.5,-3,216.8877489,45,641.75
860200,644,645.5,1.3000000000000005,10.5,-3,216.9359268,45,644.75
860300,644.5,646,1.3000000000000005,10.5,-3,216.999378,45,645.25
860400,641,642.5,1.3000000000000005,10.5,-3,216.8865793,45,641.75
860500,635.5,637,1.3000000000000005,10.5,-3,216.4338468,45,636.25
860600,636.5,638,1.3000000000000005,10.5,-3,216.2447682,45,637.25
860700,641,642.5,1.3000000000000005,10.5,-3,216.5232247,45,641.75
860800,645,646.5,1.3000000000000005,10.5,-3,216.8327482,45,645.75
860900,644.5,646,1.3000000000000005,10.5,-3,216.494323,45,645.25
861000,646.5,648,1.3000000000000005,10.5,-3,216.5610896,45,647.25
861100,647,648.5,1.3000000000000005,10.5,-3,216.56594,45,647.75
861200,649,650.5,1.3000000000000005,10.5,-3,216.7618255,45,649.75
861300,651,652.5,1.3000000000000005,10.5,-3,216.819425,45,651.75
861400,646.5,648,1.3000000000000005,10.5,-3,216.7211392,45,647.25
861500,647.5,649,1.3000000000000005,10.5,-3,216.8978245,45,648.25
861600,649,650.5,1.3000000000000005,10.5,-3,216.9565028,45,649.75
861700,645,646.5,1.3000000000000005,10.5,-3,216.753469,45,645.75
861800,649,650.5,1.3000000000000005,10.5,-3,216.9262121,45,649.75
861900,652.5,654,1.3000000000000005,10.5,-3,217.0346083,45,653.25
862000,650.5,652,1.3000000000000005,10.5,-3,216.7718535,45,651.25
862100,651,652.5,1.3000000000000005,10.5,-3,216.9656565,45,651.75
862200,650,651.5,1.3000000000000005,10.5,-3,217.2046362,45,650.75
862300,650,651.5,1.3000000000000005,10.5,-3,217.1546771,45,650.75
862400,650,651.5,1.3000000000000005,10.5,-3,217.1162445,45,650.75
862500,648.5,650,1.3000000000000005,10.5,-3,217.0048078,45,649.25
862600,648,649.5,1.3000000000000005,10.5,-3,217.0035284,45,648.75
862700,646.5,648,1.3000000000000005,10.5,-3,217.048649,45,647.25
862800,644,645.5,1.3000000000000005,10.5,-3,216.681996,45,644.75
862900,645,646.5,1.3000000000000005,10.5,-3,216.7527259,45,645.75
863000,641,642.5,1.3000000000000005,10.5,-3,216.5620933,45,641.75
863100,641,642.5,1.3000000000000005,10.5,-3,216.5545039,45,641.75
863200,640,641.5,1.3000000000000005,10.5,-3,216.4905769,45,640.75
863300,642,643.5,1.3000000000000005,10.5,-3,216.7098814,45,642.75
863400,643.5,645,1.3000000000000005,10.5,-3,216.5781637,45,644.25
863500,640,641.5,1.3000000000000005,10.5,-3,216.5269402,45,640.75
863600,643,644.5,1.3000000000000005,10.5,-3,216.5394995,45,643.75
863700,646,647.5,1.3000000000000005,10.5,-3,216.569576,45,646.75
863800,645.5,647.5,1.3000000000000005,10.5,-3,216.5095103,45,646.5
863900,647,648.5,1.3000000000000005,10.5,-3,216.7366319,45,647.75
864000,643.5,645,1.3000000000000005,10.5,-3,216.4400623,45,644.25
864100,640.5,642,1.3000000000000005,10.5,-3,216.3300304,45,641.25
864200,642,643.5,1.3000000000000005,10.5,-3,216.6750875,45,642.75
864300,638.5,640,1.3000000000000005,10.5,-3,216.6293951,45,639.25
864400,639.5,641,1.3000000000000005,10.5,-3,216.179796,45,640.25
864500,644.5,646,1.3000000000000005,10.5,-3,216.3438234,45,645.25
864600,647,648.5,1.3000000000000005,10.5,-3,216.2216561,45,647.75
864700,646,647.5,1.3000000000000005,10.5,-3,216.0762405,45,646.75
864800,646,647.5,1.3000000000000005,10.5,-3,215.8305767,45,646.75
864900,642.5,644,1.3000000000000005,10.5,-3,215.65383,45,643.25
865000,645,646.5,1.3000000000000005,10.5,-3,215.6611794,45,645.75
865100,650.5,652,1.3000000000000005,10.5,-3,215.6963743,45,651.25
865200,653.5,655,1.3000000000000005,10.5,-3,215.9086039,45,654.25
865300,653,654.5,1.3000000000000005,10.5,-3,215.8784902,45,653.75
865400,654.5,656,1.3000000000000005,10.5,-3,215.5535541,45,655.25
865500,651,652.5,1.3000000000000005,10.5,-3,215.3349438,45,651.75
865600,650.5,652,1.3000000000000005,10.5,-3,215.4082371,45,651.25
865700,649.5,651,1.3000000000000005,10.5,-3,215.284338,45,650.25
865800,653,654.5,1.3000000000000005,10.5,-3,215.1983853,45,653.75
865900,651.5,653,1.3000000000000005,10.5,-3,215.1506611,45,652.25
866000,655,656.5,1.3000000000000005,10.5,-3,215.1847169,45,655.75
866100,655.5,657,1.3000000000000005,10.5,-3,215.246899,45,656.25
866200,658,659.5,1.3000000000000005,10.5,-3,215.3113235,45,658.75
866300,653,654.5,1.3000000000000005,10.5,-3,215.2242815,45,653.75
866400,653.5,655,1.3000000000000005,10.5,-3,215.281679,45,654.25
866500,658.5,660,1.3000000000000005,10.5,-3,215.3302613,45,659.25
866600,664,665.5,1.3000000000000005,10.5,-3,215.6529135,45,664.75
866700,665,666.5,1.3000000000000005,10.5,-3,215.63887,45,665.75
866800,661.5,663,1.3000000000000005,10.5,-3,215.423945,45,662.25
866900,659.5,661,1.3000000000000005,10.5,-3,215.3531153,45,660.25
867000,659,660.5,1.3000000000000005,10.5,-3,215.5273068,45,659.75
867100,658,659.5,1.3000000000000005,10.5,-3,215.3375554,45,658.75
867200,662.5,664,1.3000000000000005,10.5,-3,215.4884201,45,663.25
867300,665.5,667,1.3000000000000005,10.5,-3,215.6967767,45,666.25
867400,663,664.5,1.3000000000000005,10.5,-3,215.5928951,45,663.75
867500,661.5,663,1.3000000000000005,10.5,-3,215.3307294,45,662.25
867600,657.5,659,1.3000000000000005,10.5,-3,215.3223075,45,658.25
867700,658.5,660,1.3000000000000005,10.5,-3,215.3231689,45,659.25
867800,658.5,660,1.3000000000000005,10.5,-3,215.0723264,45,659.25
867900,656.5,658,1.3000000000000005,10.5,-3,214.9013186,45,657.25
868000,656,657.5,1.3000000000000005,10.5,-3,214.8586047,45,656.75
868100,657,658.5,1.3000000000000005,10.5,-3,214.9076881,45,657.75
868200,656,657.5,1.3000000000000005,10.5,-3,214.905691,45,656.75
868300,657,658.5,1.3000000000000005,10.5,-3,214.7147391,45,657.75
868400,656.5,658,1.3000000000000005,10.5,-3,214.3117675,45,657.25
868500,660,661.5,1.3000000000000005,10.5,-3,214.5202479,45,660.75
868600,659,660.5,1.3000000000000005,10.5,-3,214.3280725,45,659.75
868700,661.5,663,1.3000000000000005,10.5,-3,214.5165385,45,662.25
868800,665.5,667,1.3000000000000005,10.5,-3,214.5271511,45,666.25
868900,662.5,664,1.3000000000000005,10.5,-3,214.4575197,45,663.25
869000,664,665.5,1.3000000000000005,10.5,-3,214.5347456,45,664.75
869100,664.5,666,1.3000000000000005,10.5,-3,214.6760112,45,665.25
869200,671.5,673,1.3000000000000005,10.5,-3,215.0892692,45,672.25
869300,669,670.5,1.3000000000000005,10.5,-3,214.7422853,45,669.75
869400,666.5,668,1.3000000000000005,10.5,-3,214.5536359,45,667.25
869500,666,667.5,1.3000000000000005,10.5,-3,214.5189804,45,666.75
869600,669,670.5,1.3000000000000005,10.5,-3,214.5324314,45,669.75
869700,670,671.5,1.3000000000000005,10.5,-3,214.2026134,45,670.75
869800,668,669.5,1.3000000000000005,10.5,-3,214.0348901,45,668.75
869900,668,669.5,1.3000000000000005,10.5,-3,213.9515422,45,668.75
870000,662,663.5,1.3000000000000005,10.5,-3,213.5068213,45,662.75
870100,660,661.5,1.3000000000000005,10.5,-3,213.3087807,45,660.75
870200,658.5,660,1.3000000000000005,10.5,-3,213.0559509,45,659.25
870300,658.5,660,1.3000000000000005,10.5,-3,213.0224871,45,659.25
870400,660,661.5,1.3000000000000005,10.5,-3,212.7984287,45,660.75
870500,659.5,661,1.3000000000000005,10.5,-3,212.7407664,45,660.25
870600,661,662.5,1.3000000000000005,10.5,-3,212.9288271,45,661.75
870700,662.5,664,1.3000000000000005,10.5,-3,212.9596181,45,663.25
870800,662.5,664,1.3000000000000005,10.5,-3,213.0792478,45,663.25
870900,665,666.5,1.3000000000000005,10.5,-3,213.1746431,45,665.75
871000,664.5,666,1.3000000000000005,10.5,-3,213.21935,45,665.25
871100,664.5,666,1.3000000000000005,10.5,-3,213.1892167,45,665.25
871200,665.5,667,1.3000000000000005,10.5,-3,213.2913534,45,666.25
871300,662.5,664,1.3000000000000005,10.5,-3,213.2407906,45,663.25
871400,663.5,665,1.3000000000000005,10.5,-3,213.3542964,45,664.25
871500,661,662.5,1.3000000000000005,10.5,-3,213.4230537,45,661.75
871600,660.5,662,1.3000000000000005,10.5,-3,213.2797828,45,661.25
871700,661,662.5,1.3000000000000005,10.5,-3,213.4498684,45,661.75
871800,664,665.5,1.3000000000000005,10.5,-3,213.4860332,45,664.75
871900,663,664.5,1.3000000000000005,10.5,-3,213.4594639,45,663.75
872000,667,668.5,1.3000000000000005,10.5,-3,213.6326407,45,667.75
872100,669.5,671,1.3000000000000005,10.5,-3,213.7332774,45,670.25
872200,673,674.5,1.3000000000000005,10.5,-3,213.8229823,45,673.75
872300,677,678.5,1.3000000000000005,10.5,-3,213.8670173,45,677.75
872400,678,679.5,1.3000000000000005,10.5,-3,213.9665406,45,678.75
872500,681,682.5,1.3000000000000005,10.5,-3,214.3508655,45,681.75
872600,681,682.5,1.3000000000000005,10.5,-3,214.1964806,45,681.75
872700,686,687.5,1.3000000000000005,10.5,-3,214.2707066,45,686.75
872800,688.5,690,1.3000000000000005,10.5,-3,214.3173078,45,689.25
872900,690,691.5,1.3000000000000005,10.5,-3,214.4072028,45,690.75
873000,689,690.5,1.3000000000000005,10.5,-3,214.7357872,45,689.75
873100,689.5,691,1.3000000000000005,10.5,-3,214.798414,45,690.25
873200,685.5,687,1.3000000000000005,10.5,-3,214.7454037,45,686.25
873300,685,686.5,1.3000000000000005,10.5,-3,214.8085609,45,685.75
873400,682.5,684,1.3000000000000005,10.5,-3,214.7349407,45,683.25
873500,682.5,684,1.3000000000000005,10.5,-3,214.9790718,45,683.25
873600,685.5,687,1.3000000000000005,10.5,-3,215.2246334,45,686.25
873700,683.5,685,1.3000000000000005,10.5,-3,215.1340273,45,684.25
873800,682,683.5,1.3000000000000005,10.5,-3,215.0114107,45,682.75
873900,680,681.5,1.3000000000000005,10.5,-3,214.8921121,45,680.75
874000,680.5,682,1.3000000000000005,10.5,-3,214.5574591,45,681.25
874100,677.5,679,1.3000000000000005,10.5,-3,214.6226652,45,678.25
874200,677.5,679,1.3000000000000005,10.5,-3,214.627933,45,678.25
874300,675.5,677,1.3000000000000005,10.5,-3,214.6724357,45,676.25
874400,679,680.5,1.3000000000000005,10.5,-3,214.6289818,45,679.75
874500,678.5,680,1.3000000000000005,10.5,-3,214.4447597,45,679.25
874600,677,678.5,1.3000000000000005,10.5,-3,214.2545348,45,677.75
874700,681,682.5,1.3000000000000005,10.5,-3,214.5895209,45,681.75
874800,677,678.5,1.3000000000000005,10.5,-3,214.5478494,45,677.75
874900,678,679.5,1.3000000000000005,10.5,-3,214.5885728,45,678.75
875000,676.5,678,1.3000000000000005,10.5,-3,214.256279,45,677.25
875100,675,676.5,1.3000000000000005,10.5,-3,214.1420289,45,675.75
875200,675.5,677,1.3000000000000005,10.5,-3,213.9534286,45,676.25
875300,671.5,673,1.3000000000000005,10.5,-3,213.7824411,45,672.25
875400,666.5,668,1.3000000000000005,10.5,-3,213.4690064,45,667.25
875500,665,666.5,1.3000000000000005,10.5,-3,213.4659969,45,665.75
875600,667.5,669,1.3000000000000005,10.5,-3,213.5738111,45,668.25
875700,671,672.5,1.3000000000000005,10.5,-3,213.6437335,45,671.75
875800,671,672.5,1.3000000000000005,10.5,-3,213.8181192,45,671.75
875900,672,673.5,1.3000000000000005,10.5,-3,213.9334128,45,672.75
876000,674.5,676,1.3000000000000005,10.5,-3,213.9788839,45,675.25
876100,673.5,675,1.3000000000000005,10.5,-3,214.0153104,45,674.25
876200,674.5,676,1.3000000000000005,10.5,-3,214.3777077,45,675.25
876300,674,675.5,1.3000000000000005,10.5,-3,214.7347834,45,674.75
876400,673,674.5,1.3000000000000005,10.5,-3,214.6825613,45,673.75
876500,671.5,673,1.3000000000000005,10.5,-3,214.7281875,45,672.25
876600,672.5,674,1.3000000000000005,10.5,-3,214.6808406,45,673.25
876700,671,672.5,1.3000000000000005,10.5,-3,214.6447611,45,671.75
876800,675,676.5,1.3000000000000005,10.5,-3,215.0200715,45,675.75
876900,675.5,677,1.3000000000000005,10.5,-3,214.9932798,45,676.25
877000,672,673.5,1.3000000000000005,10.5,-3,214.8122878,45,672.75
877100,669.5,671,1.3000000000000005,10.5,-3,214.8484798,45,670.25
877200,668.5,670,1.3000000000000005,10.5,-3,215.0232415,45,669.25
877300,667.5,669,1.3000000000000005,10.5,-3,215.0594742,45,668.25
877400,668.5,670,1.3000000000000005,10.5,-3,215.067596,45,669.25
877500,664.5,666,1.3000000000000005,10.5,-3,214.6763488,45,665.25
877600,664,665.5,1.3000000000000005,10.5,-3,214.7450103,45,664.75
877700,663,664.5,1.3000000000000005,10.5,-3,214.6833096,45,663.75
877800,662,663.5,1.3000000000000005,10.5,-3,214.7351823,45,662.75
877900,662,663.5,1.3000000000000005,10.5,-3,214.2529992,45,662.75
878000,665.5,667,1.3000000000000005,10.5,-3,214.4057301,45,666.25
878100,661.5,663,1.3000000000000005,10.5,-3,214.110753,45,662.25
878200,661,663,1.3000000000000005,10.5,-3,214.2153317,45,662
878300,660.5,662,1.3000000000000005,10.5,-3,213.9062647,45,661.25
878400,658,659.5,1.3000000000000005,10.5,-3,213.6608481,45,658.75
878500,656,657.5,1.3000000000000005,10.5,-3,213.5759327,45,656.75
878600,653.5,655,1.3000000000000005,10.5,-3,213.4885222,45,654.25
878700,654,655.5,1.3000000000000005,10.5,-3,213.5138677,45,654.75
878800,655,656.5,1.3000000000000005,10.5,-3,213.6706885,45,655.75
878900,655.5,657,1.3000000000000005,10.5,-3,213.5963398,45,656.25
879000,657.5,659,1.3000000000000005,10.5,-3,213.6215617,45,658.25
879100,659.5,661,1.3000000000000005,10.5,-3,213.8734461,45,660.25
879200,657.5,659,1.3000000000000005,10.5,-3,213.8339284,45,658.25
879300,657.5,659,1.3000000000000005,10.5,-3,213.8779196,45,658.25
879400,660,661.5,1.3000000000000005,10.5,-3,214.170553,45,660.75
879500,665.5,667,1.3000000000000005,10.5,-3,214.3967704,45,666.25
879600,668,669.5,1.3000000000000005,10.5,-3,214.5882201,45,668.75
879700,668.5,670,1.3000000000000005,10.5,-3,214.502209,45,669.25
879800,667.5,669,1.3000000000000005,10.5,-3,214.4750749,45,668.25
879900,666.5,668,1.3000000000000005,10.5,-3,214.359001,45,667.25
880000,668.5,670,1.3000000000000005,10.5,-3,214.4715395,45,669.25
880100,669,670.5,1.3000000000000005,10.5,-3,214.5056023,45,669.75
880200,670,671.5,1.3000000000000005,10.5,-3,214.8474244,45,670.75
880300,667,668.5,1.3000000000000005,10.5,-3,214.9099226,45,667.75
880400,666.5,668,1.3000000000000005,10.5,-3,214.8315023,45,667.25
880500,665.5,667,1.3000000000000005,10.5,-3,215.0148854,45,666.25
880600,662,663.5,1.3000000000000005,10.5,-3,214.7788283,45,662.75
880700,661,662.5,1.3000000000000005,10.5,-3,214.7929233,45,661.75
880800,662,663.5,1.3000000000000005,10.5,-3,214.6919219,45,662.75
880900,660.5,662,1.3000000000000005,10.5,-3,214.6623681,45,661.25
881000,658,659.5,1.3000000000000005,10.5,-3,214.3558932,45,658.75
881100,659,660.5,1.3000000000000005,10.5,-3,214.4846561,45,659.75
881200,654.5,656,1.3000000000000005,10.5,-3,214.3905782,45,655.25
881300,657,658.5,1.3000000000000005,10.5,-3,214.6423808,45,657.75
881400,658.5,660,1.3000000000000005,10.5,-3,214.5070787,45,659.25
881500,660,661.5,1.3000000000000005,10.5,-3,214.5117366,45,660.75
881600,661.5,663,1.3000000000000005,10.5,-3,214.4946088,45,662.25
881700,661.5,663,1.3000000000000005,10.5,-3,214.4105088,45,662.25
881800,660.5,662,1.3000000000000005,10.5,-3,214.2249898,45,661.25
881900,661,662.5,1.3000000000000005,10.5,-3,214.1074524,45,661.75
882000,660,661.5,1.3000000000000005,10.5,-3,214.0383666,45,660.75
882100,662,663.5,1.3000000000000005,10.5,-3,214.1558584,45,662.75
882200,662,663.5,1.3000000000000005,10.5,-3,214.3761187,45,662.75
882300,662,663.5,1.3000000000000005,10.5,-3,214.5645133,45,662.75
882400,664,665.5,1.3000000000000005,10.5,-3,214.5822015,45,664.75
882500,663.5,665,1.3000000000000005,10.5,-3,214.5694067,45,664.25
882600,664.5,666,1.3000000000000005,10.5,-3,214.5866376,45,665.25
882700,669,670.5,1.3000000000000005,10.5,-3,214.5875096,45,669.75
882800,666.5,668,1.3000000000000005,10.5,-3,214.3443731,45,667.25
882900,665.5,667,1.3000000000000005,10.5,-3,214.3050385,45,666.25
883000,667,668.5,1.3000000000000005,10.5,-3,214.4491291,45,667.75
883100,667.5,669,1.3000000000000005,10.5,-3,214.7316396,45,668.25
883200,667.5,669,1.3000000000000005,10.5,-3,214.4618593,45,668.25
883300,669,670.5,1.3000000000000005,10.5,-3,214.4771032,45,669.75
883400,666.5,668,1.3000000000000005,10.5,-3,214.3713468,45,667.25
883500,663,664.5,1.3000000000000005,10.5,-3,214.1817186,45,663.75
883600,660,661.5,1.3000000000000005,10.5,-3,214.0681692,45,660.75
883700,662,663.5,1.3000000000000005,10.5,-3,214.0895354,45,662.75
883800,659.5,661,1.3000000000000005,10.5,-3,214.0818978,45,660.25
883900,659,660.5,1.3000000000000005,10.5,-3,214.055376,45,659.75
884000,657.5,659,1.3000000000000005,10.5,-3,213.9837364,45,658.25
884100,661.5,663,1.3000000000000005,10.5,-3,214.0077583,45,662.25
884200,663.5,665,1.3000000000000005,10.5,-3,214.402243,45,664.25
884300,665,666.5,1.3000000000000005,10.5,-3,214.4708254,45,665.75
884400,666.5,668,1.3000000000000005,10.5,-3,214.3302333,45,667.25
884500,662.5,664,1.3000000000000005,10.5,-3,214.0292856,45,663.25
884600,660.5,662,1.3000000000000005,10.5,-3,214.1872874,45,661.25
884700,665,666.5,1.3000000000000005,10.5,-3,214.4053012,45,665.75
884800,659.5,661,1.3000000000000005,10.5,-3,213.894932,45,660.25
884900,659,660.5,1.3000000000000005,10.5,-3,213.9124519,45,659.75
885000,656,657.5,1.3000000000000005,10.5,-3,213.7267382,45,656.75
885100,657.5,659,1.3000000000000005,10.5,-3,214.1086641,45,658.25
885200,656,657.5,1.3000000000000005,10.5,-3,213.770885,45,656.75
885300,656.5,658,1.3000000000000005,10.5,-3,213.8900124,45,657.25
885400,657.5,659,1.3000000000000005,10.5,-3,213.8790507,45,658.25
885500,657,658.5,1.3000000000000005,10.5,-3,213.8311205,45,657.75
885600,658,659.5,1.3000000000000005,10.5,-3,213.6699476,45,658.75
885700,657.5,659,1.3000000000000005,10.5,-3,213.4663997,45,658.25
885800,656.5,658,1.3000000000000005,10.5,-3,213.4841456,45,657.25
885900,656,657.5,1.3000000000000005,10.5,-3,213.609667,45,656.75
886000,653,654.5,1.3000000000000005,10.5,-3,213.317939,45,653.75
886100,651.5,653,1.3000000000000005,10.5,-3,213.2766139,45,652.25
886200,649.5,651,1.3000000000000005,10.5,-3,213.1133645,45,650.25
886300,649.5,651,1.3000000000000005,10.5,-3,213.1431221,45,650.25
886400,649,650.5,1.3000000000000005,10.5,-3,213.248057,45,649.75
886500,651.5,653,1.3000000000000005,10.5,-3,213.3761852,45,652.25
886600,649,650.5,1.3000000000000005,10.5,-3,213.1920335,45,649.75
886700,650,651.5,1.3000000000000005,10.5,-3,213.2453652,45,650.75
886800,646.5,648,1.3000000000000005,10.5,-3,213.0543206,45,647.25
886900,645.5,647,1.3000000000000005,10.5,-3,213.0615104,45,646.25
887000,650,651.5,1.3000000000000005,10.5,-3,213.118952,45,650.75
887100,650.5,652,1.3000000000000005,10.5,-3,213.1945476,45,651.25
887200,648.5,650,1.3000000000000005,10.5,-3,212.8031017,45,649.25
887300,650.5,652,1.3000000000000005,10.5,-3,212.8776779,45,651.25
887400,649.5,651,1.3000000000000005,10.5,-3,212.5665751,45,650.25
887500,652,653.5,1.3000000000000005,10.5,-3,212.6238031,45,652.75
887600,650,651.5,1.3000000000000005,10.5,-3,212.6188055,45,650.75
887700,652.5,654,1.3000000000000005,10.5,-3,212.7826834,45,653.25
887800,652.5,654,1.3000000000000005,10.5,-3,212.9081861,45,653.25
887900,656,657.5,1.3000000000000005,10.5,-3,212.9250449,45,656.75
888000,656,658,1.3000000000000005,10.5,-3,212.9018821,45,657
888100,655.5,657,1.3000000000000005,10.5,-3,212.8232122,45,656.25
888200,657,658.5,1.3000000000000005,10.5,-3,212.8291755,45,657.75
888300,658.5,660,1.3000000000000005,10.5,-3,212.6755436,45,659.25
888400,658,659.5,1.3000000000000005,10.5,-3,212.607734,45,658.75
888500,656.5,658,1.3000000000000005,10.5,-3,212.679933,45,657.25
888600,661,662.5,1.3000000000000005,10.5,-3,212.9655421,45,661.75
888700,662.5,664,1.3000000000000005,10.5,-3,213.4482039,45,663.25
888800,660.5,662,1.3000000000000005,10.5,-3,213.8359728,45,661.25
888900,657.5,659,1.3000000000000005,10.5,-3,213.5799164,45,658.25
889000,659.5,661,1.3000000000000005,10.5,-3,213.6309702,45,660.25
889100,659.5,661,1.3000000000000005,10.5,-3,213.8982118,45,660.25
889200,657.5,659,1.3000000000000005,10.5,-3,213.5382759,45,658.25
889300,659.5,661,1.3000000000000005,10.5,-3,213.5634398,45,660.25
889400,658,659.5,1.3000000000000005,10.5,-3,213.4825884,45,658.75
889500,659,660.5,1.3000000000000005,10.5,-3,213.4393209,45,659.75
889600,664,665.5,1.3000000000000005,10.5,-3,213.6797055,45,664.75
889700,664,665.5,1.3000000000000005,10.5,-3,213.9524259,45,664.75
889800,659.5,661,1.3000000000000005,10.5,-3,213.6662393,45,660.25
889900,660.5,662,1.3000000000000005,10.5,-3,214.2362834,45,661.25
890000,657.5,659,1.3000000000000005,10.5,-3,214.1473679,45,658.25
890100,658.5,660,1.3000000000000005,10.5,-3,214.1559119,45,659.25
890200,659,660.5,1.3000000000000005,10.5,-3,214.3238575,45,659.75
890300,659.5,661,1.3000000000000005,10.5,-3,214.3547813,45,660.25
890400,658.5,660,1.3000000000000005,10.5,-3,214.346969,45,659.25
890500,659.5,661,1.3000000000000005,10.5,-3,214.7061628,45,660.25
890600,658.5,660,1.3000000000000005,10.5,-3,214.6330428,45,659.25
890700,661.5,663,1.3000000000000005,10.5,-3,214.7790749,45,662.25
890800,661.5,663.5,1.3000000000000005,10.5,-3,214.9011257,45,662.5
890900,662.5,664,1.3000000000000005,10.5,-3,215.2700288,45,663.25
891000,664,665.5,1.3000000000000005,10.5,-3,215.2763591,45,664.75
891100,664,665.5,1.3000000000000005,10.5,-3,215.4677317,45,664.75
891200,667,668.5,1.3000000000000005,10.5,-3,215.6047145,45,667.75
891300,667,668.5,1.3000000000000005,10.5,-3,215.5437111,45,667.75
891400,665,666.5,1.3000000000000005,10.5,-3,215.7042998,45,665.75
891500,661,662.5,1.3000000000000005,10.5,-3,215.3364986,45,661.75
891600,662,663.5,1.3000000000000005,10.5,-3,215.3906364,45,662.75
891700,661,662.5,1.3000000000000005,10.5,-3,215.3792985,45,661.75
891800,657,658.5,1.3000000000000005,10.5,-3,215.3089971,45,657.75
891900,661.5,663,1.3000000000000005,10.5,-3,215.3475783,45,662.25
892000,665,666.5,1.3000000000000005,10.5,-3,215.7404765,45,665.75
892100,661,662.5,1.3000000000000005,10.5,-3,215.6440076,45,661.75
892200,657,658.5,1.3000000000000005,10.5,-3,215.4734519,45,657.75
892300,658,659.5,1.3000000000000005,10.5,-3.5,215.5104359,45,658.75
892400,656.5,658,1.3000000000000005,10.5,-3.5,215.4900183,45,657.25
892500,661.5,663,1.3000000000000005,10.5,-3.5,215.7662051,45,662.25
892600,666,667.5,1.3000000000000005,10.5,-3.5,216.158078,45,666.75
892700,664,665.5,1.3000000000000005,10.5,-3.5,215.9778527,45,664.75
892800,664.5,666,1.3000000000000005,10.5,-3.5,215.8725415,45,665.25
892900,665,666.5,1.3000000000000005,10.5,-3.5,215.7250537,45,665.75
893000,661.5,663,1.3000000000000005,10.5,-3.5,215.6921502,45,662.25
893100,658,659.5,1.3000000000000005,10.5,-3.5,215.2510214,45,658.75
893200,657,658.5,1.3000000000000005,10.5,-3.5,215.5318802,45,657.75
893300,654.5,656,1.3000000000000005,10.5,-3.5,215.2055129,45,655.25
893400,655,656.5,1.3000000000000005,10.5,-3.5,215.1987819,45,655.75
893500,657,658.5,1.3000000000000005,10.5,-3.5,215.0057163,45,657.75
893600,654.5,656,1.3000000000000005,10.5,-3.5,214.7918886,45,655.25
893700,657.5,659,1.3000000000000005,10.5,-3.5,214.9041111,45,658.25
893800,655.5,657,1.3000000000000005,10.5,-3.5,214.6012625,45,656.25
893900,656.5,658,1.3000000000000005,10.5,-3.5,214.8081028,45,657.25
894000,657.5,659,1.3000000000000005,10.5,-3.5,214.9524641,45,658.25
894100,659.5,661,1.3000000000000005,10.5,-3.5,215.3565164,45,660.25
894200,657.5,659,1.3000000000000005,10.5,-3.5,215.2848493,45,658.25
894300,656,657.5,1.3000000000000005,10.5,-3.5,215.1345973,45,656.75
894400,658.5,660,1.3000000000000005,10.5,-3.5,215.416449,45,659.25
894500,660,661.5,1.3000000000000005,10.5,-3.5,215.6347943,45,660.75
894600,660,661.5,1.3000000000000005,10.5,-3.5,215.6302174,45,660.75
894700,658,659.5,1.3000000000000005,10.5,-3.5,215.4795242,45,658.75
894800,656,657.5,1.3000000000000005,10.5,-3.5,215.4150364,45,656.75
894900,655.5,657.5,1.3000000000000005,10.5,-3.5,215.3111523,45,656.5
895000,658,659.5,1.3000000000000005,10.5,-3.5,215.4064809,45,658.75
895100,662.5,664,1.3000000000000005,10.5,-3.5,215.4440217,45,663.25
895200,667,668.5,1.3000000000000005,10.5,-3.5,215.7629707,45,667.75
895300,669,670.5,1.3000000000000005,10.5,-3.5,216.0291059,45,669.75
895400,669,670.5,1.3000000000000005,10.5,-3.5,216.0688166,45,669.75
895500,667.5,669,1.3000000000000005,10.5,-3.5,215.9074239,45,668.25
895600,667.5,669.5,1.3000000000000005,10.5,-3.5,215.8508916,45,668.5
895700,670.5,672,1.3000000000000005,10.5,-3.5,216.029765,45,671.25
895800,669.5,671,1.3000000000000005,10.5,-3.5,216.0028085,45,670.25
895900,674.5,676,1.3000000000000005,10.5,-3.5,216.3023806,45,675.25
896000,673.5,675,1.3000000000000005,10.5,-3.5,215.84984,45,674.25
896100,667.5,669,1.3000000000000005,10.5,-3.5,215.7422023,45,668.25
896200,668.5,670,1.3000000000000005,10.5,-3.5,215.7961417,45,669.25
896300,668,669.5,1.3000000000000005,10.5,-3.5,215.8500455,45,668.75
896400,669,670.5,1.3000000000000005,10.5,-3.5,215.9374201,45,669.75
896500,672,673.5,1.3000000000000005,10.5,-3.5,216.0319913,45,672.75
896600,673.5,675,1.3000000000000005,10.5,-3.5,216.2159941,45,674.25
896700,672.5,674,1.3000000000000005,10.5,-3.5,216.3261815,45,673.25
896800,668.5,670,1.3000000000000005,10.5,-3.5,216.0275984,45,669.25
896900,670,671.5,1.3000000000000005,10.5,-3.5,216.1445866,45,670.75
897000,668,669.5,1.3000000000000005,10.5,-3.5,216.1571271,45,668.75
897100,671,672.5,1.3000000000000005,10.5,-3.5,216.2245552,45,671.75
897200,671,672.5,1.3000000000000005,10.5,-3.5,216.0457783,45,671.75
897300,673.5,675,1.3000000000000005,10.5,-3.5,216.15227,45,674.25
897400,675.5,677,1.3000000000000005,10.5,-3.5,215.9873292,45,676.25
897500,674,675.5,1.3000000000000005,10.5,-3.5,215.6942167,45,674.75
897600,675,676.5,1.3000000000000005,10.5,-3.5,215.5925446,45,675.75
897700,676.5,678,1.3000000000000005,10.5,-3.5,215.6730728,45,677.25
897800,677,678.5,1.3000000000000005,10.5,-3.5,215.4662942,45,677.75
897900,675.5,677,1.3000000000000005,10.5,-3.5,215.5534373,45,676.25
898000,674.5,676,1.3000000000000005,10.5,-3.5,215.7668147,45,675.25
898100,674,675.5,1.3000000000000005,10.5,-3.5,215.3892297,45,674.75
898200,675,676.5,1.3000000000000005,10.5,-3.5,215.5785221,45,675.75
898300,675.5,677,1.3000000000000005,10.5,-3.5,215.5622051,45,676.25
898400,678.5,680,1.3000000000000005,10.5,-3.5,215.7049472,45,679.25
898500,678.5,680,1.3000000000000005,10.5,-3.5,215.8070602,45,679.25
898600,683,684.5,1.3000000000000005,10.5,-3.5,216.1393257,45,683.75
898700,689,690.5,1.3000000000000005,10.5,-3.5,216.1851981,45,689.75
898800,691.5,693,1.3000000000000005,10.5,-3.5,216.2381157,45,692.25
898900,692,693.5,1.3000000000000005,10.5,-3.5,216.2372021,45,692.75
899000,692,693.5,1.3000000000000005,10.5,-3.5,216.3821243,45,692.75
899100,692.5,694,1.3000000000000005,10.5,-3.5,216.1818865,45,693.25
899200,691.5,693,1.3000000000000005,10.5,-3.5,216.1035001,45,692.25
899300,693.5,695,1.3000000000000005,10.5,-3.5,216.2406667,45,694.25
899400,693.5,695,1.3000000000000005,10.5,-3.5,216.1861749,45,694.25
899500,693,695,1.3000000000000005,10.5,-3.5,215.7333881,45,694
899600,695.5,697,1.3000000000000005,10.5,-3.5,215.6918563,45,696.25
899700,695.5,697,1.3000000000000005,10.5,-3.5,215.2763393,45,696.25
899800,698,699.5,1.3000000000000005,10.5,-3.5,215.8087312,45,698.75
899900,699,700.5,1.3000000000000005,10.5,-3.5,215.8427666,45.02,699.75
900000,697,698.5,1.3000000000000005,10.5,-3.5,215.6758763,45.04,697.75
900100,694,695.5,1.3000000000000005,10.5,-3.5,215.2373497,45.06,694.75
900200,691,692.5,1.3000000000000005,10.5,-3.5,215.1816638,45.08,691.75
900300,689,690.5,1.3000000000000005,10.5,-3.5,215.1442577,45.1,689.75
900400,689,690.5,1.3000000000000005,10.5,-3.5,215.0023208,45.12,689.75
900500,688,689.5,1.3000000000000005,10.5,-3.5,215.0539943,45.14,688.75
900600,686,687.5,1.3000000000000005,10.5,-3.5,214.9385867,45.16,686.75
900700,685.5,687,1.3000000000000005,10.5,-3.5,214.8345863,45.18,686.25
900800,687.5,689,1.3000000000000005,10.5,-3.5,215.022152,45.2,688.25
900900,687,688.5,1.3000000000000005,10.5,-3.5,215.0970892,45.22,687.75
901000,690.5,692,1.3000000000000005,10.5,-3.5,215.0424245,45.24,691.25
901100,687,688.5,1.3000000000000005,10.5,-3.5,214.8191764,45.26,687.75
901200,685.5,687,1.3000000000000005,10.5,-3.5,214.7090096,45.28,686.25
901300,686.5,688,1.3000000000000005,10.5,-3.5,214.9068238,45.3,687.25
901400,689,690.5,1.3000000000000005,10.5,-3.5,215.0303622,45.32,689.75
901500,695,696.5,1.3000000000000005,10.5,-3.5,215.2510884,45.34,695.75
901600,695,696.5,1.3000000000000005,10.5,-3.5,215.4659568,45.36,695.75
901700,697.5,699,1.3000000000000005,10.5,-3.5,215.5430535,45.38,698.25
901800,693,694.5,1.3000000000000005,10.5,-3.5,215.4277607,45.4,693.75
901900,690.5,692,1.3000000000000005,10.5,-3.5,215.14184,45.42,691.25
902000,692.5,694,1.3000000000000005,10.5,-3.5,214.9054935,45.44,693.25
902100,695,696.5,1.3000000000000005,10.5,-3.5,215.1419359,45.46,695.75
902200,695,696.5,1.3000000000000005,10.5,-3.5,215.1189023,45.48,695.75
902300,698,699.5,1.3000000000000005,10.5,-3.5,215.2286211,45.5,698.75
902400,701,702.5,1.3000000000000005,10.5,-3.5,215.3261461,45.52,701.75
902500,704.5,706,1.3000000000000005,10.5,-3.5,215.407399,45.54,705.25
902600,703.5,705,1.3000000000000005,10.5,-3.5,215.4380185,45.56,704.25
902700,705.5,707,1.3000000000000005,10.5,-3.5,215.4439721,45.58,706.25
902800,707.5,709,1.3000000000000005,10.5,-3.5,215.5778945,45.6,708.25
902900,709.5,711,1.3000000000000005,10.5,-3.5,215.5898232,45.62,710.25
903000,708.5,710,1.3000000000000005,10.5,-3.5,215.2723252,45.64,709.25
903100,705,706.5,1.3000000000000005,10.5,-3.5,215.2016083,45.66,705.75
903200,701.5,703,1.3000000000000005,10.5,-3.5,215.1868236,45.68,702.25
903300,703.5,705,1.3000000000000005,10.5,-3.5,215.3218656,45.7,704.25
903400,705.5,707,1.3000000000000005,10.5,-3.5,215.6986488,45.72,706.25
903500,704.5,706,1.3000000000000005,10.5,-3.5,215.7764477,45.74,705.25
903600,705.5,707,1.3000000000000005,10.5,-3.5,215.5350943,45.76,706.25
903700,706.5,708,1.3000000000000005,10.5,-3.5,215.5512482,45.78,707.25
903800,706.5,708,1.3000000000000005,10.5,-3.5,215.4053418,45.8,707.25
903900,705.5,707,1.3000000000000005,10.5,-3.5,215.3007946,45.82,706.25
904000,702,703.5,1.3000000000000005,10.5,-3.5,215.0586739,45.84,702.75
904100,706,707.5,1.3000000000000005,10.5,-3.5,215.3057077,45.86,706.75
904200,707.5,709,1.3000000000000005,10.5,-3.5,215.1315549,45.88,708.25
904300,703.5,705,1.3000000000000005,10.5,-3.5,215.0366046,45.9,704.25
904400,706.5,708,1.3000000000000005,10.5,-3.5,215.1650511,45.92,707.25
904500,710,711.5,1.3000000000000005,10.5,-3.5,215.3466117,45.94,710.75
904600,705,706.5,1.3000000000000005,10.5,-3.5,215.1185078,45.96,705.75
904700,704.5,706,1.3000000000000005,10.5,-3.5,214.9993794,45.98,705.25
904800,700,701.5,1.3000000000000005,10.5,-3.5,214.7187072,46,700.75
904900,699,700.5,1.3000000000000005,10.5,-3.5,214.5212831,46.02,699.75
905000,697,698.5,1.3000000000000005,10.5,-3.5,214.412181,46.04,697.75
905100,698.5,700,1.3000000000000005,10.5,-3.5,214.6929235,46.06,699.25
905200,697,698.5,1.3000000000000005,10.5,-3.5,214.6956727,46.08,697.75
905300,698.5,700,1.3000000000000005,10.5,-3.5,214.7947923,46.1,699.25
905400,700,701.5,1.3000000000000005,10.5,-3.5,215.1085502,46.12,700.75
905500,699,700.5,1.3000000000000005,10.5,-3.5,215.0670573,46.14,699.75
905600,698,699.5,1.3000000000000005,10.5,-3.5,215.115228,46.16,698.75
905700,694,695.5,1.3000000000000005,10.5,-3.5,215.0222871,46.18,694.75
905800,696.5,698,1.3000000000000005,10.5,-3.5,215.1214614,46.2,697.25
905900,696.5,698,1.3000000000000005,10.5,-3.5,214.9421095,46.22,697.25
906000,692,693.5,1.3000000000000005,10.5,-3.5,214.6851575,46.24,692.75
906100,696,697.5,1.3000000000000005,10.5,-3.5,215.0079258,46.26,696.75
906200,697.5,699,1.3000000000000005,10.5,-3.5,215.2110011,46.28,698.25
906300,697.5,699,1.3000000000000005,10.5,-3.5,215.2192589,46.3,698.25
906400,702,703.5,1.3000000000000005,10.5,-3.5,215.2675184,46.32,702.75
906500,699,700.5,1.3000000000000005,10.5,-3.5,214.7215305,46.34,699.75
906600,702,703.5,1.3000000000000005,10.5,-3.5,214.9614187,46.36,702.75
906700,701,702.5,1.3000000000000005,10.5,-3.5,214.9095576,46.38,701.75
906800,700.5,702,1.3000000000000005,10.5,-3.5,214.9602997,46.4,701.25
906900,697,698.5,1.3000000000000005,10.5,-3.5,214.5075077,46.42,697.75
907000,696,697.5,1.3000000000000005,10.5,-3.5,214.2715598,46.44,696.75
907100,692.5,694,1.3000000000000005,10.5,-3.5,214.0937866,46.46,693.25
907200,689,690.5,1.3000000000000005,10.5,-3.5,213.6926288,46.48,689.75
907300,689,690.5,1.3000000000000005,10.5,-3.5,214.1774015,46.5,689.75
907400,684,685.5,1.3000000000000005,10.5,-3.5,214.0459669,46.52,684.75
907500,685.5,687,1.3000000000000005,10.5,-3.5,214.1211703,46.54,686.25
907600,683.5,685,1.3000000000000005,10.5,-3.5,213.9976214,46.56,684.25
907700,684,685.5,1.3000000000000005,10.5,-3.5,214.1111397,46.58,684.75
907800,685,686.5,1.3000000000000005,10.5,-3.5,214.1214521,46.6,685.75
907900,681,682.5,1.3000000000000005,10.5,-3.5,213.5232626,46.62,681.75
908000,680,681.5,1.3000000000000005,10.5,-3.5,213.5146885,46.64,680.75
908100,680,681.5,1.3000000000000005,10.5,-3.5,213.5011643,46.66,680.75
908200,680,682,1.3000000000000005,10.5,-3.5,213.3548708,46.68,681
908300,680,681.5,1.3000000000000005,10.5,-3.5,213.2604507,46.7,680.75
908400,678.5,680,1.3000000000000005,10.5,-3.5,212.9431852,46.72,679.25
908500,679.5,681,1.3000000000000005,10.5,-3.5,212.9894284,46.74,680.25
908600,676,677.5,1.3000000000000005,10.5,-3.5,212.7844968,46.76,676.75
908700,676,677.5,1.3000000000000005,10.5,-3.5,213.0072338,46.78,676.75
908800,672,673.5,1.3000000000000005,10.5,-3.5,212.8391769,46.8,672.75
908900,671.5,673,1.3000000000000005,10.5,-3.5,212.7854349,46.82,672.25
909000,673.5,675,1.3000000000000005,10.5,-3.5,213.1524175,46.84,674.25
909100,673.5,675.5,1.3000000000000005,10.5,-3.5,213.1721722,46.86,674.5
909200,669.5,671,1.3000000000000005,10.5,-3.5,212.9472682,46.88,670.25
909300,669.5,671,1.3000000000000005,10.5,-3.5,213.4087095,46.9,670.25
909400,668,669.5,1.3000000000000005,10.5,-3.5,213.6530479,46.92,668.75
909500,666.5,668,1.3000000000000005,10.5,-3.5,213.6484303,46.94,667.25
909600,665.5,667,1.3000000000000005,10.5,-3.5,213.826712,46.96,666.25
909700,666,667.5,1.3000000000000005,10.5,-3.5,213.8137205,46.98,666.75
909800,662.5,664,1.3000000000000005,10.5,-3.5,213.7813979,47,663.25
909900,664,665.5,1.3000000000000005,10.5,-3.5,213.8753586,47.02,664.75
910000,662.5,664,1.3000000000000005,10.5,-3.5,213.6032509,47.04,663.25
910100,662.5,664,1.3000000000000005,10.5,-3.5,213.6027532,47.06,663.25
910200,661,662.5,1.3000000000000005,10.5,-3.5,213.7342005,47.08,661.75
910300,663,664.5,1.3000000000000005,10.5,-3.5,213.8110594,47.1,663.75
910400,663.5,665,1.3000000000000005,10.5,-3.5,213.8269485,47.12,664.25
910500,665.5,667,1.3000000000000005,10.5,-3.5,213.8925631,47.14,666.25
910600,663,664.5,1.3000000000000005,10.5,-3.5,214.045215,47.16,663.75
910700,664,665.5,1.3000000000000005,10.5,-3.5,214.0855902,47.18,664.75
910800,665,666.5,1.3000000000000005,10.5,-3.5,214.1665356,47.2,665.75
910900,670.5,672,1.3000000000000005,10.5,-3.5,214.3363506,47.22,671.25
911000,670,672,1.3000000000000005,10.5,-3.5,214.353276,47.24,671
911100,669.5,671,1.3000000000000005,10.5,-3.5,213.9693293,47.26,670.25
911200,669.5,671,1.3000000000000005,10.5,-3.5,213.8697297,47.28,670.25
911300,673,674.5,1.3000000000000005,10.5,-3.5,214.2685336,47.3,673.75
911400,678,679.5,1.3000000000000005,10.5,-3.5,214.7059068,47.32,678.75
911500,675.5,677,1.3000000000000005,10.5,-3.5,214.6174178,47.34,676.25
911600,676.5,678,1.3000000000000005,10.5,-3.5,214.803685,47.36,677.25
911700,678,679.5,1.3000000000000005,10.5,-3.5,214.9131779,47.38,678.75
911800,677.5,679,1.3000000000000005,10.5,-3.5,214.818771,47.4,678.25
911900,682.5,684,1.3000000000000005,10.5,-3.5,215.0882528,47.42,683.25
912000,684,685.5,1.3000000000000005,10.5,-3.5,215.345313,47.44,684.75
912100,680.5,682,1.3000000000000005,10.5,-3.5,215.0152739,47.46,681.25
912200,681.5,683,1.3000000000000005,10.5,-3.5,215.0201758,47.48,682.25
912300,684,685.5,1.3000000000000005,10.5,-3.5,215.4505304,47.5,684.75
912400,685,686.5,1.3000000000000005,10.5,-3.5,215.517698,47.52,685.75
912500,681.5,683,1.3000000000000005,10.5,-3.5,215.4293334,47.54,682.25
912600,682,683.5,1.3000000000000005,10.5,-3.5,215.4055855,47.56,682.75
912700,679,680.5,1.3000000000000005,10.5,-3.5,215.3737934,47.58,679.75
912800,681,682.5,1.3000000000000005,10.5,-3.5,215.5302376,47.6,681.75
912900,677,678.5,1.3000000000000005,10.5,-3.5,215.4247413,47.62,677.75
913000,678,679.5,1.3000000000000005,10.5,-3.5,215.4165739,47.64,678.75
913100,680.5,682,1.3000000000000005,10.5,-3.5,215.6639178,47.66,681.25
913200,681.5,683,1.3000000000000005,10.5,-3.5,215.7718002,47.68,682.25
913300,685,686.5,1.3000000000000005,10.5,-3.5,216.0027388,47.7,685.75
913400,685.5,687,1.3000000000000005,10.5,-3.5,216.307248,47.72,686.25
913500,681.5,683,1.3000000000000005,10.5,-3.5,215.9671727,47.74,682.25
913600,679,680.5,1.3000000000000005,10.5,-3.5,215.8408859,47.76,679.75
913700,679.5,681,1.3000000000000005,10.5,-3.5,215.754339,47.78,680.25
913800,681,682.5,1.3000000000000005,10.5,-3.5,215.769722,47.8,681.75
913900,684,685.5,1.3000000000000005,10.5,-3.5,215.9157017,47.82,684.75
914000,682,683.5,1.3000000000000005,10.5,-3.5,215.6834282,47.84,682.75
914100,682,683.5,1.3000000000000005,10.5,-3.5,215.6460353,47.86,682.75
914200,683.5,685,1.3000000000000005,10.5,-3.5,215.6155345,47.88,684.25
914300,683.5,685,1.3000000000000005,10.5,-3.5,215.6133236,47.9,684.25
914400,682.5,684,1.3000000000000005,10.5,-3.5,215.4023165,47.92,683.25
914500,680.5,682,1.3000000000000005,10.5,-3.5,215.2855584,47.94,681.25
914600,681.5,683,1.3000000000000005,10.5,-3.5,215.3675817,47.96,682.25
914700,683,684.5,1.3000000000000005,10.5,-3.5,215.5231937,47.98,683.75
914800,684.5,686,1.3000000000000005,10.5,-3.5,215.5984108,48,685.25
914900,686.5,688,1.3000000000000005,10.5,-3.5,215.8321823,48.02,687.25
915000,688.5,690,1.3000000000000005,10.5,-3.5,215.9182887,48.04,689.25
915100,688.5,690,1.3000000000000005,10.5,-3.5,215.7183646,48.06,689.25
915200,690,691.5,1.3000000000000005,10.5,-3.5,215.6638589,48.08,690.75
915300,689,690.5,1.3000000000000005,10.5,-3.5,215.2528355,48.1,689.75
915400,687.5,689,1.3000000000000005,10.5,-3.5,215.1542725,48.12,688.25
915500,689.5,691,1.3000000000000005,10.5,-3.5,215.327634,48.14,690.25
915600,694,695.5,1.3000000000000005,10.5,-3.5,215.6538429,48.16,694.75
915700,693.5,695,1.3000000000000005,10.5,-3.5,215.503035,48.18,694.25
915800,693,694.5,1.3000000000000005,10.5,-3.5,215.3451241,48.2,693.75
915900,692,693.5,1.3000000000000005,10.5,-3.5,215.5895162,48.22,692.75
916000,693.5,695,1.3000000000000005,10.5,-3.5,215.6842995,48.24,694.25
916100,691,692.5,1.3000000000000005,10.5,-3.5,215.3213882,48.26,691.75
916200,689.5,691,1.3000000000000005,10.5,-3.5,215.3055958,48.28,690.25
916300,693,694.5,1.3000000000000005,10.5,-3.5,215.4157231,48.3,693.75
916400,691.5,693,1.3000000000000005,10.5,-3.5,215.5072999,48.32,692.25
916500,694.5,696,1.3000000000000005,10.5,-3.5,215.5982625,48.34,695.25
916600,693.5,695,1.3000000000000005,10.5,-3.5,215.2549168,48.36,694.25
916700,691,692.5,1.3000000000000005,10.5,-3.5,215.1112706,48.38,691.75
916800,686,687.5,1.3000000000000005,10.5,-3.5,215.0524996,48.4,686.75
916900,687,688.5,1.3000000000000005,10.5,-3.5,215.0869397,48.42,687.75
917000,686,687.5,1.3000000000000005,10.5,-3.5,215.0223172,48.44,686.75
917100,682,683.5,1.3000000000000005,10.5,-3.5,214.7982827,48.46,682.75
917200,683.5,685,1.3000000000000005,10.5,-3.5,215.0776495,48.48,684.25
917300,687,688.5,1.3000000000000005,10.5,-3.5,215.0994211,48.5,687.75
917400,688,689.5,1.3000000000000005,10.5,-3.5,215.1891099,48.52,688.75
917500,688.5,690,1.3000000000000005,10.5,-3.5,215.3872538,48.54,689.25
917600,687.5,689,1.3000000000000005,10.5,-3.5,215.6658121,48.56,688.25
917700,683.5,685,1.3000000000000005,10.5,-3.5,215.2661339,48.58,684.25
917800,685.5,687,1.3000000000000005,10.5,-3.5,215.2883243,48.6,686.25
917900,689.5,691,1.3000000000000005,10.5,-3.5,215.6298973,48.62,690.25
918000,691.5,693,1.3000000000000005,10.5,-3.5,215.8008562,48.64,692.25
918100,696.5,698,1.3000000000000005,10.5,-3.5,215.9484627,48.66,697.25
918200,698,699.5,1.3000000000000005,10.5,-3.5,215.9796269,48.68,698.75
918300,697,698.5,1.3000000000000005,10.5,-3.5,215.8211954,48.7,697.75
918400,695,696.5,1.3000000000000005,10.5,-3.5,215.7364285,48.72,695.75
918500,697,698.5,1.3000000000000005,10.5,-3.5,215.9274147,48.74,697.75
918600,697.5,699,1.3000000000000005,10.5,-3.5,215.704359,48.76,698.25
918700,700.5,702,1.3000000000000005,10.5,-3.5,215.8382765,48.78,701.25
918800,701.5,703,1.3000000000000005,10.5,-3.5,215.9523163,48.8,702.25
918900,704,705.5,1.3000000000000005,10.5,-3.5,216.179047,48.82,704.75
919000,706,707.5,1.3000000000000005,10.5,-3.5,216.3493839,48.84,706.75
919100,707,708.5,1.3000000000000005,10.5,-3.5,216.4354553,48.86,707.75
919200,711.5,713,1.3000000000000005,10.5,-3.5,216.6162276,48.88,712.25
919300,707.5,709,1.3000000000000005,10.5,-3.5,216.260758,48.9,708.25
919400,709.5,711,1.3000000000000005,10.5,-3.5,216.3991175,48.92,710.25
919500,708.5,710,1.3000000000000005,10.5,-3.5,216.3695825,48.94,709.25
919600,706.5,708,1.3000000000000005,10.5,-3.5,216.338488,48.96,707.25
919700,705,706.5,1.3000000000000005,10.5,-3.5,216.0149613,48.98,705.75
919800,701,702.5,1.3000000000000005,10.5,-3.5,215.7402907,49,701.75
919900,704.5,706,1.3000000000000005,10.5,-3.5,215.955904,49.02,705.25
920000,707.5,709,1.3000000000000005,10.5,-3.5,216.1693534,49.04,708.25
920100,709.5,711,1.3000000000000005,10.5,-3.5,216.3568966,49.06,710.25
920200,708,709.5,1.3000000000000005,10.5,-3.5,216.1968838,49.08,708.75
920300,708,709.5,1.3000000000000005,10.5,-3.5,216.400497,49.1,708.75
920400,708,709.5,1.3000000000000005,10.5,-3.5,216.2583146,49.12,708.75
920500,705,706.5,1.3000000000000005,10.5,-3.5,216.2280861,49.14,705.75
920600,703.5,705,1.3000000000000005,10.5,-3.5,216.0379852,49.16,704.25
920700,702.5,704,1.3000000000000005,10.5,-3.5,215.9673016,49.18,703.25
920800,703,704.5,1.3000000000000005,10.5,-3.5,215.7669739,49.2,703.75
920900,703.5,705,1.3000000000000005,10.5,-3.5,215.8761373,49.22,704.25
921000,703,704.5,1.3000000000000005,10.5,-3.5,215.9212692,49.24,703.75
921100,700,701.5,1.3000000000000005,10.5,-3.5,215.6614627,49.26,700.75
921200,696,697.5,1.3000000000000005,10.5,-3.5,215.595561,49.28,696.75
921300,693.5,695,1.3000000000000005,10.5,-3.5,215.4513559,49.3,694.25
921400,693,694.5,1.3000000000000005,10.5,-3.5,215.3340893,49.32,693.75
921500,692,693.5,1.3000000000000005,10.5,-3.5,215.1618973,49.34,692.75
921600,694.5,696,1.3000000000000005,10.5,-3.5,215.2289936,49.36,695.25
921700,699.5,701,1.3000000000000005,10.5,-3.5,215.598236,49.38,700.25
921800,699,700.5,1.3000000000000005,10.5,-3.5,215.7010046,49.4,699.75
921900,701,702.5,1.3000000000000005,10.5,-3.5,215.7748108,49.42,701.75
922000,706,707.5,1.3000000000000005,10.5,-3.5,216.1731073,49.44,706.75
922100,703,704.5,1.3000000000000005,10.5,-3.5,216.1058876,49.46,703.75
922200,702,703.5,1.3000000000000005,10.5,-3.5,216.1351533,49.48,702.75
922300,704.5,706,1.3000000000000005,10.5,-3.5,216.1827724,49.5,705.25
922400,707.5,709,1.3000000000000005,10.5,-3.5,216.3500602,49.52,708.25
922500,709.5,711,1.3000000000000005,10.5,-3.5,216.4661548,49.54,710.25
922600,708.5,710,1.3000000000000005,10.5,-3.5,216.7290022,49.56,709.25
922700,708.5,710,1.3000000000000005,10.5,-3.5,216.9366748,49.58,709.25
922800,709.5,711,1.3000000000000005,10.5,-3.5,217.2948192,49.6,710.25
922900,707,708.5,1.3000000000000005,10.5,-3.5,217.1376235,49.62,707.75
923000,708,709.5,1.3000000000000005,10.5,-3.5,216.9886185,49.64,708.75
923100,707,708.5,1.3000000000000005,10.5,-3.5,216.7363404,49.66,707.75
923200,711,712.5,1.3000000000000005,10.5,-3.5,216.8531351,49.68,711.75
923300,715,716.5,1.3000000000000005,10.5,-3.5,216.9571005,49.7,715.75
923400,717,718.5,1.3000000000000005,10.5,-3.5,217.049125,49.72,717.75
923500,716,717.5,1.3000000000000005,10.5,-3.5,216.8245847,49.74,716.75
923600,717,718.5,1.3000000000000005,10.5,-3.5,216.8483858,49.76,717.75
923700,721,722.5,1.3000000000000005,10.5,-3.5,216.8192267,49.78,721.75
923800,718.5,720,1.3000000000000005,10.5,-3.5,216.6423599,49.8,719.25
923900,717.5,719,1.3000000000000005,10.5,-3.5,216.705487,49.82,718.25
924000,720,721.5,1.3000000000000005,10.5,-3.5,217.0187923,49.84,720.75
924100,717.5,719,1.3000000000000005,10.5,-3.5,216.9572313,49.86,718.25
924200,716.5,718,1.3000000000000005,10.5,-3.5,216.8772529,49.88,717.25
924300,718.5,720,1.3000000000000005,10.5,-3.5,216.964006,49.9,719.25
924400,714.5,716,1.3000000000000005,10.5,-3.5,216.7186442,49.92,715.25
924500,719.5,721,1.3000000000000005,10.5,-3.5,216.7712541,49.94,720.25
924600,716.5,718,1.3000000000000005,10.5,-3.5,216.7397476,49.96,717.25
924700,719,720.5,1.3000000000000005,10.5,-3.5,216.7118238,49.98,719.75
924800,718.5,720,1.3000000000000005,10.5,-3.5,216.5105938,50,719.25
924900,718.5,720,1.3000000000000005,10.5,-3.5,216.4376891,50.02,719.25
925000,718.5,720,1.3000000000000005,10.5,-3.5,216.4918505,50.04,719.25
925100,718,719.5,1.3000000000000005,10.5,-3.5,216.5135282,50.06,718.75
925200,723.5,725,1.3000000000000005,10.5,-3.5,216.7386399,50.08,724.25
925300,724.5,726,1.3000000000000005,10.5,-3.5,216.9938016,50.1,725.25
925400,722,723.5,1.3000000000000005,10.5,-3.5,216.9124634,50.12,722.75
925500,716.5,718,1.3000000000000005,10.5,-3.5,216.8369861,50.14,717.25
925600,715.5,717,1.3000000000000005,10.5,-3.5,216.9336128,50.16,716.25
925700,717.5,719,1.3000000000000005,10.5,-3.5,217.0763714,50.18,718.25
925800,718,719.5,1.3000000000000005,10.5,-3.5,217.0007597,50.2,718.75
925900,719,720.5,1.3000000000000005,10.5,-3.5,217.1138724,50.22,719.75
926000,718.5,720,1.3000000000000005,10.5,-3.5,217.2361886,50.24,719.25
926100,718,719.5,1.3000000000000005,10.5,-3.5,217.0797666,50.26,718.75
926200,713.5,715,1.3000000000000005,10.5,-3.5,216.8625048,50.28,714.25
926300,706.5,708,1.3000000000000005,10.5,-3.5,216.7807744,50.3,707.25
926400,704.5,706,1.3000000000000005,10.5,-3.5,216.5634947,50.32,705.25
926500,705.5,707,1.3000000000000005,10.5,-3.5,216.4547867,50.34,706.25
926600,703.5,705,1.3000000000000005,10.5,-3.5,216.384887,50.36,704.25
926700,704,705.5,1.3000000000000005,10.5,-3.5,216.358785,50.38,704.75
926800,705.5,707,1.3000000000000005,10.5,-3.5,216.8505481,50.4,706.25
926900,712,713.5,1.3000000000000005,10.5,-3.5,216.995092,50.42,712.75
927000,713.5,715,1.3000000000000005,10.5,-3.5,216.7765283,50.44,714.25
927100,707.5,709,1.3000000000000005,10.5,-3.5,216.6104138,50.46,708.25
927200,709,710.5,1.3000000000000005,10.5,-3.5,216.697457,50.48,709.75
927300,710,711.5,1.3000000000000005,10.5,-3.5,216.9290967,50.5,710.75
927400,710,711.5,1.3000000000000005,10.5,-3.5,216.8198915,50.52,710.75
927500,708,709.5,1.3000000000000005,10.5,-3.5,216.7701632,50.54,708.75
927600,705.5,707,1.3000000000000005,10.5,-3.5,216.6042231,50.56,706.25
927700,707.5,709,1.3000000000000005,10.5,-3.5,216.6508613,50.58,708.25
927800,712,713.5,1.3000000000000005,10.5,-3.5,216.7942905,50.6,712.75
927900,710.5,712,1.3000000000000005,10.5,-3.5,216.6500166,50.62,711.25
928000,709,710.5,1.3000000000000005,10.5,-3.5,216.5717894,50.64,709.75
928100,707.5,709,1.3000000000000005,10.5,-3.5,216.7398057,50.66,708.25
928200,707.5,709,1.3000000000000005,10.5,-3.5,216.9363661,50.68,708.25
928300,703.5,705,1.3000000000000005,10.5,-3.5,216.8050925,50.7,704.25
928400,700.5,702,1.3000000000000005,10.5,-3.5,216.5956303,50.72,701.25
928500,702,703.5,1.3000000000000005,10.5,-3.5,216.6210272,50.74,702.75
928600,702,703.5,1.3000000000000005,10.5,-3.5,216.8419655,50.76,702.75
928700,704,705.5,1.3000000000000005,10.5,-3.5,217.1805391,50.78,704.75
928800,704,706,1.3000000000000005,10.5,-3.5,216.8050294,50.8,705
928900,705.5,707,1.3000000000000005,10.5,-3.5,216.6962418,50.82,706.25
929000,707.5,709,1.3000000000000005,10.5,-3.5,216.8178859,50.84,708.25
929100,706.5,708,1.3000000000000005,10.5,-3.5,216.7930763,50.86,707.25
929200,706,707.5,1.3000000000000005,10.5,-3.5,216.8011872,50.88,706.75
929300,708.5,710,1.3000000000000005,10.5,-3.5,217.0577087,50.9,709.25
929400,707.5,709,1.3000000000000005,10.5,-3.5,217.1849492,50.92,708.25
929500,708.5,710,1.3000000000000005,10.5,-3.5,217.3031821,50.94,709.25
929600,708.5,710,1.3000000000000005,10.5,-3.5,217.4841487,50.96,709.25
929700,709,710.5,1.3000000000000005,10.5,-3.5,217.4885894,50.98,709.75
929800,707.5,709,1.3000000000000005,10.5,-3.5,217.6010037,51,708.25
929900,707.5,709,1.3000000000000005,10.5,-3.5,217.6612054,51.02,708.25
930000,708,709.5,1.3000000000000005,10.5,-3.5,217.6489431,51.04,708.75
930100,709.5,711,1.3000000000000005,10.5,-3.5,217.3769329,51.06,710.25
930200,708.5,710,1.3000000000000005,10.5,-3.5,216.8185954,51.08,709.25
930300,709,710.5,1.3000000000000005,10.5,-3.5,216.8156969,51.1,709.75
930400,709,710.5,1.3000000000000005,10.5,-3.5,217.1520277,51.12,709.75
930500,712.5,714,1.3000000000000005,10.5,-3.5,217.1578006,51.14,713.25
930600,712,713.5,1.3000000000000005,10.5,-3.5,217.3173121,51.16,712.75
930700,714,715.5,1.3000000000000005,10.5,-3.5,217.4706166,51.18,714.75
930800,714.5,716,1.3000000000000005,10.5,-3.5,217.586047,51.2,715.25
930900,714.5,716,1.3000000000000005,10.5,-3.5,217.6418162,51.22,715.25
931000,715.5,717,1.3000000000000005,10.5,-3.5,217.9551073,51.24,716.25
931100,715.5,717.5,1.3000000000000005,10.5,-3.5,217.9116771,51.26,716.5
931200,712,713.5,1.3000000000000005,10.5,-3.5,217.8548384,51.28,712.75
931300,713,714.5,1.3000000000000005,10.5,-3.5,217.9086879,51.3,713.75
931400,710.5,712,1.3000000000000005,10.5,-3.5,218.1689717,51.32,711.25
931500,708.5,710,1.3000000000000005,10.5,-3.5,217.8502112,51.34,709.25
931600,708.5,710,1.3000000000000005,10.5,-3.5,217.588162,51.36,709.25
931700,711,712.5,1.3000000000000005,10.5,-3.5,217.5946169,51.38,711.75
931800,713.5,715,1.3000000000000005,10.5,-3.5,217.6349455,51.4,714.25
931900,714.5,716,1.3000000000000005,10.5,-3.5,217.8228325,51.42,715.25
932000,713,714.5,1.3000000000000005,10.5,-3.5,217.9599471,51.44,713.75
932100,713.5,715,1.3000000000000005,10.5,-3.5,217.6860871,51.46,714.25
932200,714.5,716,1.3000000000000005,10.5,-3.5,217.4988919,51.48,715.25
932300,712.5,714,1.3000000000000005,10.5,-3.5,217.2906876,51.5,713.25
932400,715,716.5,1.3000000000000005,10.5,-3.5,217.310057,51.52,715.75
932500,718,719.5,1.3000000000000005,10.5,-3.5,217.5182535,51.54,718.75
932600,717.5,719,1.3000000000000005,10.5,-3.5,217.5318751,51.56,718.25
932700,721.5,723,1.3000000000000005,10.5,-3.5,217.5713898,51.58,722.25
932800,720,721.5,1.3000000000000005,10.5,-3.5,217.5118429,51.6,720.75
932900,722.5,724,1.3000000000000005,10.5,-3.5,218.0596663,51.62,723.25
933000,724,725.5,1.3000000000000005,10.5,-3.5,218.1977989,51.64,724.75
933100,721,722.5,1.3000000000000005,10.5,-3.5,218.1801053,51.66,721.75
933200,719.5,721,1.3000000000000005,10.5,-3.5,217.9395182,51.68,720.25
933300,717.5,719,1.3000000000000005,10.5,-3.5,217.6089008,51.7,718.25
933400,719,720.5,1.3000000000000005,10.5,-3.5,217.701049,51.72,719.75
933500,716.5,718,1.3000000000000005,10.5,-3.5,217.5155779,51.74,717.25
933600,714,715.5,1.3000000000000005,10.5,-3.5,217.3717517,51.76,714.75
933700,712.5,714,1.3000000000000005,10.5,-3.5,217.271715,51.78,713.25
933800,714,715.5,1.3000000000000005,10.5,-3.5,217.4247558,51.8,714.75
933900,713,714.5,1.3000000000000005,10.5,-3.5,217.345612,51.82,713.75
934000,716,717.5,1.3000000000000005,10.5,-3.5,217.6452902,51.84,716.75
934100,713,714.5,1.3000000000000005,10.5,-3.5,217.2745659,51.86,713.75
934200,715,716.5,1.3000000000000005,10.5,-3.5,217.4251273,51.88,715.75
934300,718,719.5,1.3000000000000005,10.5,-3.5,217.6382104,51.9,718.75
934400,717,718.5,1.3000000000000005,10.5,-3.5,217.5775027,51.92,717.75
934500,716.5,718,1.3000000000000005,10.5,-3.5,217.5210515,51.94,717.25
934600,717,718.5,1.3000000000000005,10.5,-3.5,217.4067263,51.96,717.75
934700,718,719.5,1.3000000000000005,10.5,-3.5,217.7036758,51.98,718.75
934800,715.5,717,1.3000000000000005,10.5,-3.5,217.6854776,52,716.25
934900,718,719.5,1.3000000000000005,10.5,-3.5,217.9496064,52.02,718.75
935000,718.5,720,1.3000000000000005,10.5,-3.5,217.957436,52.04,719.25
935100,720.5,722,1.3000000000000005,10.5,-3.5,218.0481138,52.06,721.25
935200,721.5,723,1.3000000000000005,10.5,-3.5,218.1551673,52.08,722.25
935300,724.5,726,1.3000000000000005,10.5,-3.5,218.6205057,52.1,725.25
935400,723,724.5,1.3000000000000005,10.5,-3.5,218.3717949,52.12,723.75
935500,727,728.5,1.3000000000000005,10.5,-3.5,218.4906988,52.14,727.75
935600,723,724.5,1.3000000000000005,10.5,-3.5,218.1220849,52.16,723.75
935700,718.5,720,1.3000000000000005,10.5,-3.5,218.0050962,52.18,719.25
935800,718.5,720,1.3000000000000005,10.5,-3.5,217.8942446,52.2,719.25
935900,723,724.5,1.3000000000000005,10.5,-3.5,218.0156779,52.22,723.75
936000,722,723.5,1.3000000000000005,10.5,-3.5,218.0530751,52.24,722.75
936100,720,721.5,1.3000000000000005,10.5,-3.5,217.9739927,52.26,720.75
936200,720,721.5,1.3000000000000005,10.5,-3.5,217.8250782,52.28,720.75
936300,721.5,723,1.3000000000000005,10.5,-3.5,217.9287722,52.3,722.25
936400,723.5,725,1.3000000000000005,10.5,-3.5,218.1309289,52.32,724.25
936500,725,726.5,1.3000000000000005,10.5,-3.5,218.2456441,52.34,725.75
936600,729,730.5,1.3000000000000005,10.5,-3.5,218.5311881,52.36,729.75
936700,726.5,728,1.3000000000000005,10.5,-3.5,218.5650063,52.38,727.25
936800,724.5,726,1.3000000000000005,10.5,-3.5,218.5371487,52.4,725.25
936900,722,723.5,1.3000000000000005,10.5,-3.5,218.3819362,52.42,722.75
937000,721,722.5,1.3000000000000005,10.5,-3.5,218.4544827,52.44,721.75
937100,719,720.5,1.3000000000000005,10.5,-3.5,218.3667449,52.46,719.75
937200,721.5,723,1.3000000000000005,10.5,-3.5,218.5987551,52.48,722.25
937300,720,721.5,1.3000000000000005,10.5,-3.5,218.2683896,52.5,720.75
937400,719,720.5,1.3000000000000005,10.5,-3.5,218.1701254,52.52,719.75
937500,722,723.5,1.3000000000000005,10.5,-3.5,218.2848087,52.54,722.75
937600,719.5,721,1.3000000000000005,10.5,-3.5,218.0153406,52.56,720.25
937700,718.5,720,1.3000000000000005,10.5,-3.5,217.9809328,52.58,719.25
937800,715.5,717,1.3000000000000005,10.5,-3.5,217.9502584,52.6,716.25
937900,713,714.5,1.2000000000000002,10.5,-3.5,217.9688005,52.62,713.75
938000,713.5,715,1.2000000000000002,10.5,-3.5,217.7351678,52.64,714.25
938100,717.5,719,1.2000000000000002,10.5,-3.5,218.080164,52.66,718.25
938200,718.5,720,1.2000000000000002,10.5,-3.5,218.1438465,52.68,719.25
938300,719.5,721,1.2000000000000002,10.5,-3.5,218.1766891,52.7,720.25
938400,717.5,719,1.2000000000000002,10.5,-3.5,218.0025062,52.72,718.25
938500,715,716.5,1.2000000000000002,10.5,-3.5,217.8962557,52.74,715.75
938600,714,715.5,1.2000000000000002,10.5,-3.5,218.1090957,52.76,714.75
938700,712.5,714,1.2000000000000002,10.5,-3.5,218.0758371,52.78,713.25
938800,711,712.5,1.2000000000000002,10.5,-3.5,218.0406467,52.8,711.75
938900,707,708.5,1.2000000000000002,10.5,-3.5,217.9950318,52.82,707.75
939000,703.5,705,1.2000000000000002,10.5,-3.5,217.9629585,52.84,704.25
939100,702.5,704,1.2000000000000002,10.5,-3.5,217.8097191,52.86,703.25
939200,704,705.5,1.2000000000000002,10.5,-3.5,217.845781,52.88,704.75
939300,704.5,706,1.2000000000000002,10.5,-3.5,217.8777074,52.9,705.25
939400,706,707.5,1.2000000000000002,10.5,-3.5,217.933668,52.92,706.75
939500,709,710.5,1.2000000000000002,10.5,-3.5,218.111441,52.94,709.75
939600,710,711.5,1.2000000000000002,10.5,-3.5,218.1608803,52.96,710.75
939700,708,709.5,1.2000000000000002,10.5,-4,218.2792366,52.98,708.75
939800,707.5,709,1.2000000000000002,10.5,-4,218.5010246,53,708.25
939900,706.5,708,1.2000000000000002,10.5,-4,218.3079625,53.02,707.25
940000,705.5,707,1.2000000000000002,10.5,-4,218.4401271,53.04,706.25
940100,707.5,709,1.2000000000000002,10.5,-4,218.7435538,53.06,708.25
940200,710.5,712,1.2000000000000002,10.5,-4,218.8269172,53.08,711.25
940300,708.5,710,1.2000000000000002,10.5,-4,218.4990283,53.1,709.25
940400,710.5,712,1.2000000000000002,10.5,-4,218.5822326,53.12,711.25
940500,709,710.5,1.2000000000000002,10.5,-4,218.3864216,53.14,709.75
940600,704.5,706,1.2000000000000002,10.5,-4,218.0839826,53.16,705.25
940700,705.5,707,1.2000000000000002,10.5,-4,218.0120743,53.18,706.25
940800,703,704.5,1.2000000000000002,10.5,-4,217.7094471,53.2,703.75
940900,706.5,708,1.2000000000000002,10.5,-4,217.9693779,53.22,707.25
941000,704.5,706,1.2000000000000002,10.5,-4,217.7628928,53.24,705.25
941100,705,706.5,1.2000000000000002,10.5,-4,217.7893884,53.26,705.75
941200,701,702.5,1.2000000000000002,10.5,-4,217.546835,53.28,701.75
941300,702,703.5,1.2000000000000002,10.5,-4,217.411184,53.3,702.75
941400,701.5,703,1.2000000000000002,10.5,-4,217.1974277,53.32,702.25
941500,703,704.5,1.2000000000000002,10.5,-4,217.3224294,53.34,703.75
941600,702.5,704,1.2000000000000002,10.5,-4,217.5810436,53.36,703.25
941700,702.5,704,1.2000000000000002,10.5,-4,217.6069541,53.38,703.25
941800,700,701.5,1.2000000000000002,10.5,-4,217.3769135,53.4,700.75
941900,698.5,700,1.2000000000000002,10.5,-4,217.2447038,53.42,699.25
942000,699,700.5,1.2000000000000002,10.5,-4,217.2592958,53.44,699.75
942100,701,702.5,1.2000000000000002,10.5,-4,217.0501461,53.46,701.75
942200,698.5,700,1.2000000000000002,10.5,-4,217.0140218,53.48,699.25
942300,701,702.5,1.2000000000000002,10.5,-4,217.0804508,53.5,701.75
942400,697.5,699,1.2000000000000002,10.5,-4,217.0527,53.52,698.25
942500,698.5,700,1.2000000000000002,10.5,-4,216.970705,53.54,699.25
942600,698.5,700,1.2000000000000002,10.5,-4,216.9005597,53.56,699.25
942700,697.5,699,1.2000000000000002,10.5,-4,216.9750375,53.58,698.25
942800,697.5,699.5,1.2000000000000002,10.5,-4,217.0919382,53.6,698.5
942900,698.5,700,1.2000000000000002,10.5,-4,216.7329514,53.62,699.25
943000,695,696.5,1.2000000000000002,10.5,-4,216.6361263,53.64,695.75
943100,695,696.5,1.2000000000000002,10.5,-4,216.1854551,53.66,695.75
943200,693.5,695,1.2000000000000002,10.5,-4,216.27643,53.68,694.25
943300,694,695.5,1.2000000000000002,10.5,-4,216.2792292,53.7,694.75
943400,691.5,693,1.2000000000000002,10.5,-4,216.1061575,53.72,692.25
943500,690.5,692,1.2000000000000002,10.5,-4,215.7366448,53.74,691.25
943600,691.5,693,1.2000000000000002,10.5,-4,215.7335631,53.76,692.25
943700,696,697.5,1.2000000000000002,10.5,-4,215.981821,53.78,696.75
943800,693.5,695,1.2000000000000002,10.5,-4,215.9237146,53.8,694.25
943900,695.5,697,1.2000000000000002,10.5,-4,215.966058,53.82,696.25
944000,693.5,695,1.2000000000000002,10.5,-4,215.7425015,53.84,694.25
944100,697,698.5,1.2000000000000002,10.5,-4,215.9822313,53.86,697.75
944200,698.5,700,1.2000000000000002,10.5,-4,216.0225111,53.88,699.25
944300,701.5,703,1.2000000000000002,10.5,-4,216.2016426,53.9,702.25
944400,701,702.5,1.2000000000000002,10.5,-4,216.1969881,53.92,701.75
944500,699.5,701,1.2000000000000002,10.5,-4,216.267485,53.94,700.25
944600,699.5,701,1.2000000000000002,10.5,-4,216.6054896,53.96,700.25
944700,700.5,702,1.2000000000000002,10.5,-4,216.5505342,53.98,701.25
944800,701.5,703,1.2000000000000002,10.5,-4,216.6954156,54,702.25
944900,702,703.5,1.2000000000000002,10.5,-4,216.8708041,54.02,702.75
945000,702,703.5,1.2000000000000002,10.5,-4,216.7753929,54.04,702.75
945100,700,701.5,1.2000000000000002,10.5,-4,216.7434314,54.06,700.75
945200,702,703.5,1.2000000000000002,10.5,-4,217.0292631,54.08,702.75
945300,705.5,707,1.2000000000000002,10.5,-4,217.1668399,54.1,706.25
945400,704.5,706,1.2000000000000002,10.5,-4,217.1594393,54.12,705.25
945500,704.5,706,1.2000000000000002,10.5,-4,217.096825,54.14,705.25
945600,706.5,708,1.2000000000000002,10.5,-4,217.2050513,54.16,707.25
945700,709,710.5,1.2000000000000002,10.5,-4,217.2059853,54.18,709.75
945800,711.5,713,1.2000000000000002,10.5,-4,217.4387957,54.2,712.25
945900,712,713.5,1.2000000000000002,10.5,-4,217.4034105,54.22,712.75
946000,713,714.5,1.2000000000000002,10.5,-4,217.470812,54.24,713.75
946100,713.5,715,1.2000000000000002,10.5,-4,217.7661271,54.26,714.25
946200,716.5,718,1.2000000000000002,10.5,-4,217.8308812,54.28,717.25
946300,715,716.5,1.2000000000000002,10.5,-4,217.6963071,54.3,715.75
946400,714.5,716,1.2000000000000002,10.5,-4,217.747854,54.32,715.25
946500,717,718.5,1.2000000000000002,10.5,-4,217.8206273,54.34,717.75
946600,715.5,717,1.2000000000000002,10.5,-4,218.0029305,54.36,716.25
946700,716.5,718,1.2000000000000002,10.5,-4,218.3660966,54.38,717.25
946800,717,718.5,1.2000000000000002,10.5,-4,218.2370438,54.4,717.75
946900,712.5,714,1.2000000000000002,10.5,-4,218.179756,54.42,713.25
947000,707,708.5,1.2000000000000002,10.5,-4,217.9263247,54.44,707.75
947100,704.5,706,1.2000000000000002,10.5,-4,217.6693606,54.46,705.25
947200,706,707.5,1.2000000000000002,10.5,-4,217.8311109,54.48,706.75
947300,701,702.5,1.2000000000000002,10.5,-4,217.6648754,54.5,701.75
947400,701,703,1.2000000000000002,10.5,-4,217.7859439,54.52,702
947500,699.5,701,1.2000000000000002,10.5,-4,217.3654306,54.54,700.25
947600,697.5,699,1.2000000000000002,10.5,-4,217.3445144,54.56,698.25
947700,696.5,698,1.2000000000000002,10.5,-4,217.1568368,54.58,697.25
947800,697,698.5,1.2000000000000002,10.5,-4,217.3361174,54.6,697.75
947900,697.5,699,1.2000000000000002,10.5,-4,217.4152672,54.62,698.25
948000,701.5,703,1.2000000000000002,10.5,-4,217.5648329,54.64,702.25
948100,700,701.5,1.2000000000000002,10.5,-4,217.6616017,54.66,700.75
948200,695,696.5,1.2000000000000002,10.5,-4,217.5660443,54.68,695.75
948300,696,697.5,1.2000000000000002,10.5,-4,217.3214626,54.7,696.75
948400,696,697.5,1.2000000000000002,10.5,-4,217.2466683,54.72,696.75
948500,698,699.5,1.2000000000000002,10.5,-4,217.279476,54.74,698.75
948600,698.5,700,1.2000000000000002,10.5,-4,217.1121815,54.76,699.25
948700,695.5,697,1.2000000000000002,10.5,-4,216.9954745,54.78,696.25
948800,693,694.5,1.2000000000000002,10.5,-4,216.6023646,54.8,693.75
948900,690.5,692,1.2000000000000002,10.5,-4,216.6200157,54.82,691.25
949000,695.5,697,1.2000000000000002,10.5,-4,216.7844384,54.84,696.25
949100,693,694.5,1.2000000000000002,10.5,-4,216.4642751,54.86,693.75
949200,691.5,693,1.2000000000000002,10.5,-4,216.4996968,54.88,692.25
949300,693,694.5,1.2000000000000002,10.5,-4,216.4992228,54.9,693.75
949400,691.5,693,1.2000000000000002,10.5,-4,216.4160759,54.92,692.25
949500,694,695.5,1.2000000000000002,10.5,-4,216.5011936,54.94,694.75
949600,692,693.5,1.2000000000000002,10.5,-4,216.485884,54.96,692.75
949700,693.5,695,1.2000000000000002,10.5,-4,216.5038014,54.98,694.25
949800,696.5,698,1.2000000000000002,10.5,-4,216.6160741,55,697.25
949900,697,698.5,1.2000000000000002,10.5,-4,216.5047714,55.02,697.75
950000,692,693.5,1.2000000000000002,10.5,-4,216.4306664,55.04,692.75
950100,697,698.5,1.2000000000000002,10.5,-4,216.5623469,55.06,697.75
950200,694.5,696,1.2000000000000002,10.5,-4,216.4291676,55.08,695.25
950300,690.5,692,1.2000000000000002,10.5,-4,216.2778665,55.1,691.25
950400,688,689.5,1.3000000000000005,10.5,-4,215.8055422,55.12,688.75
950500,687,688.5,1.3000000000000005,10.5,-4,215.8958141,55.14,687.75
950600,687,688.5,1.3000000000000005,10.5,-4,215.7649145,55.16,687.75
950700,687,688.5,1.3000000000000005,10.5,-4,215.5871206,55.18,687.75
950800,687,688.5,1.3000000000000005,10.5,-4,215.5588183,55.2,687.75
950900,689,690.5,1.3000000000000005,10.5,-4,215.5739679,55.22,689.75
951000,686.5,688,1.3000000000000005,10.5,-4,215.473449,55.24,687.25
951100,685.5,687,1.3000000000000005,10.5,-4,215.4618677,55.26,686.25
951200,687,688.5,1.3000000000000005,10.5,-4,215.5556202,55.28,687.75
951300,689,690.5,1.3000000000000005,10.5,-4,215.6122544,55.3,689.75
951400,685.5,687,1.3000000000000005,10.5,-4,215.5326251,55.32,686.25
951500,688.5,690,1.3000000000000005,10.5,-4,215.5943807,55.34,689.25
951600,687.5,689,1.3000000000000005,10.5,-4,215.8210784,55.36,688.25
951700,687.5,689,1.3000000000000005,10.5,-4,215.8220645,55.38,688.25
951800,686.5,688,1.3000000000000005,10.5,-4,215.6904362,55.4,687.25
951900,688,689.5,1.3000000000000005,10.5,-4,215.9057559,55.42,688.75
952000,687.5,689,1.3000000000000005,10.5,-4,215.8406713,55.44,688.25
952100,684.5,686,1.3000000000000005,10.5,-4,215.7620968,55.46,685.25
952200,684,685.5,1.3000000000000005,10.5,-4,215.7932977,55.48,684.75
952300,683.5,685.5,1.3000000000000005,10.5,-4,215.7439181,55.5,684.5
952400,681,682.5,1.3000000000000005,10.5,-4,215.9247953,55.52,681.75
952500,680.5,682,1.3000000000000005,10.5,-4,215.7320353,55.54,681.25
952600,677.5,679,1.3000000000000005,10.5,-4,215.6035984,55.56,678.25
952700,679,680.5,1.3000000000000005,10.5,-4,215.8108068,55.58,679.75
952800,675,676.5,1.3000000000000005,10.5,-4,215.7649513,55.6,675.75
952900,676,677.5,1.3000000000000005,10.5,-4,215.8810744,55.62,676.75
953000,675.5,677,1.3000000000000005,10.5,-4,215.8690936,55.64,676.25
953100,677.5,679,1.3000000000000005,10.5,-4,215.9378217,55.66,678.25
953200,676.5,678,1.3000000000000005,10.5,-4,215.7297062,55.68,677.25
953300,674.5,676,1.3000000000000005,10.5,-4,215.5086846,55.7,675.25
953400,674.5,676,1.3000000000000005,10.5,-4,215.2864861,55.72,675.25
953500,676,677.5,1.3000000000000005,10.5,-4,215.3804871,55.74,676.75
953600,678.5,680,1.3000000000000005,10.5,-4,215.4273371,55.76,679.25
953700,680,681.5,1.3000000000000005,10.5,-4,215.3770621,55.78,680.75
953800,679.5,681,1.3000000000000005,10.5,-4,215.3226734,55.8,680.25
953900,679,680.5,1.3000000000000005,10.5,-4,215.2671192,55.82,679.75
954000,678,679.5,1.3000000000000005,10.5,-4,214.9764912,55.84,678.75
954100,673.5,675,1.3000000000000005,10.5,-4,214.9212446,55.86,674.25
954200,677.5,679,1.3000000000000005,10.5,-4,215.124027,55.88,678.25
954300,677,678.5,1.3000000000000005,10.5,-4,215.4159938,55.9,677.75
954400,678.5,680,1.3000000000000005,10.5,-4,215.2999817,55.92,679.25
954500,678,680,1.3000000000000005,10.5,-4,215.5583198,55.94,679
954600,683,684.5,1.3000000000000005,10.5,-4,215.7346658,55.96,683.75
954700,684.5,686,1.3000000000000005,10.5,-4,215.6439489,55.98,685.25
954800,684.5,686,1.3000000000000005,10.5,-4,215.7758582,56,685.25
954900,679.5,681,1.3000000000000005,10.5,-4,215.5896502,56.02,680.25
955000,678,679.5,1.3000000000000005,10.5,-4,215.5175117,56.04,678.75
955100,680.5,682,1.3000000000000005,10.5,-4,215.7835779,56.06,681.25
955200,677.5,679,1.3000000000000005,10.5,-4,215.7388117,56.08,678.25
955300,681,682.5,1.3000000000000005,10.5,-4,215.818895,56.1,681.75
955400,682.5,684,1.3000000000000005,10.5,-4,215.909212,56.12,683.25
955500,682.5,684,1.3000000000000005,10.5,-4,215.8837899,56.14,683.25
955600,685,686.5,1.3000000000000005,10.5,-4,215.6849984,56.16,685.75
955700,682,683.5,1.3000000000000005,10.5,-4,215.5263307,56.18,682.75
955800,686,687.5,1.3000000000000005,10.5,-4,215.6220372,56.2,686.75
955900,687,688.5,1.3000000000000005,10.5,-4,215.691682,56.22,687.75
956000,690.5,692,1.3000000000000005,10.5,-4,215.7338631,56.24,691.25
956100,694.5,696,1.3000000000000005,10.5,-4,215.8817289,56.26,695.25
956200,695.5,697,1.3000000000000005,10.5,-4,216.0330821,56.28,696.25
956300,697,698.5,1.3000000000000005,10.5,-4,216.0130971,56.3,697.75
956400,696,697.5,1.3000000000000005,10.5,-4,215.9848157,56.32,696.75
956500,695.5,697,1.3000000000000005,10.5,-4,215.7208711,56.34,696.25
956600,699,700.5,1.3000000000000005,10.5,-4,215.9095433,56.36,699.75
956700,699.5,701,1.3000000000000005,10.5,-4,215.7201068,56.38,700.25
956800,695.5,697,1.3000000000000005,10.5,-4,215.2741015,56.4,696.25
956900,690,691.5,1.3000000000000005,10.5,-4,215.0774989,56.42,690.75
957000,691.5,693,1.3000000000000005,10.5,-4,215.1572145,56.44,692.25
957100,689.5,691,1.3000000000000005,10.5,-4,214.9988514,56.46,690.25
957200,689.5,691,1.3000000000000005,10.5,-4,214.9863799,56.48,690.25
957300,688.5,690,1.3000000000000005,10.5,-4,214.7124724,56.5,689.25
957400,684.5,686,1.3000000000000005,10.5,-4,214.5332888,56.52,685.25
957500,684.5,686,1.3000000000000005,10.5,-4,214.6840871,56.54,685.25
957600,685,686.5,1.3000000000000005,10.5,-4,214.4914093,56.56,685.75
957700,680.5,682,1.3000000000000005,10.5,-4,214.3742689,56.58,681.25
957800,680.5,682,1.3000000000000005,10.5,-4,214.4862404,56.6,681.25
957900,682,683.5,1.3000000000000005,10.5,-4,214.4822462,56.62,682.75
958000,682,683.5,1.3000000000000005,10.5,-4,214.4936673,56.64,682.75
958100,686,687.5,1.3000000000000005,10.5,-4,214.6774065,56.66,686.75
958200,686.5,688,1.3000000000000005,10.5,-4,214.8221578,56.68,687.25
958300,685,686.5,1.3000000000000005,10.5,-4,214.875558,56.7,685.75
958400,682,683.5,1.3000000000000005,10.5,-4,214.763417,56.72,682.75
958500,684,685.5,1.3000000000000005,10.5,-4,215.090671,56.74,684.75
958600,685.5,687,1.3000000000000005,10.5,-4,215.4111408,56.76,686.25
958700,682,683.5,1.3000000000000005,10.5,-4,215.2824482,56.78,682.75
958800,682,683.5,1.3000000000000005,10.5,-4,215.4111994,56.8,682.75
958900,679,680.5,1.3000000000000005,10.5,-4,215.3334595,56.82,679.75
959000,682,683.5,1.3000000000000005,10.5,-4,215.3425938,56.84,682.75
959100,681,682.5,1.3000000000000005,10.5,-4,215.627086,56.86,681.75
959200,681,682.5,1.3000000000000005,10.5,-4,215.4030364,56.88,681.75
959300,679.5,681,1.3000000000000005,10.5,-4,215.1998182,56.9,680.25
959400,682.5,684,1.3000000000000005,10.5,-4,215.2445603,56.92,683.25
959500,682.5,684,1.3000000000000005,10.5,-4,215.3449505,56.94,683.25
959600,677,678.5,1.3000000000000005,10.5,-4,215.1060947,56.96,677.75
959700,676.5,678,1.3000000000000005,10.5,-4,215.1616784,56.98,677.25
959800,678,679.5,1.3000000000000005,10.5,-4,215.3033892,57,678.75
959900,675,676.5,1.3000000000000005,10.5,-4,215.0996875,57.02,675.75
960000,676,677.5,1.3000000000000005,10.5,-4,215.1595282,57.04,676.75
960100,675.5,677,1.3000000000000005,10.5,-4,215.0452587,57.06,676.25
960200,673,674.5,1.3000000000000005,10.5,-4,214.8851484,57.08,673.75
960300,673,675,1.3000000000000005,10.5,-4,215.1927889,57.1,674
960400,671.5,673,1.3000000000000005,10.5,-4,215.1680847,57.12,672.25
960500,671.5,673,1.3000000000000005,10.5,-4,215.0839869,57.14,672.25
960600,670,671.5,1.4000000000000004,10.5,-4,214.9675669,57.16,670.75
960700,670.5,672,1.4000000000000004,10.5,-4,214.8857445,57.18,671.25
960800,672.5,674,1.4000000000000004,10.5,-4,215.0145992,57.2,673.25
960900,675,676.5,1.4000000000000004,10.5,-4,215.2426868,57.22,675.75
961000,673,674.5,1.4000000000000004,10.5,-4,215.4093838,57.24,673.75
961100,675,676.5,1.4000000000000004,10.5,-4,215.5082385,57.26,675.75
961200,675,676.5,1.4000000000000004,10.5,-4,215.4395846,57.28,675.75
961300,677,678.5,1.4000000000000004,10.5,-4,215.4650342,57.3,677.75
961400,674.5,676,1.4000000000000004,10.5,-4,215.4794647,57.32,675.25
961500,673.5,675,1.4000000000000004,10.5,-4,215.4673249,57.34,674.25
961600,668.5,670,1.4000000000000004,10.5,-4,215.2813767,57.36,669.25
961700,667,668.5,1.4000000000000004,10.5,-4,215.0174526,57.38,667.75
961800,670.5,672,1.4000000000000004,10.5,-4,215.1168965,57.4,671.25
961900,674,675.5,1.4000000000000004,10.5,-4,215.1885598,57.42,674.75
962000,674,675.5,1.4000000000000004,10.5,-4,215.0495654,57.44,674.75
962100,672.5,674,1.4000000000000004,10.5,-4,215.3526355,57.46,673.25
962200,671.5,673,1.4000000000000004,10.5,-4,214.8534506,57.48,672.25
962300,673,674.5,1.4000000000000004,10.5,-4,214.7219047,57.5,673.75
962400,674.5,676,1.4000000000000004,10.5,-4,214.8066971,57.52,675.25
962500,670.5,672,1.4000000000000004,10.5,-4,214.6179006,57.54,671.25
962600,672.5,674,1.4000000000000004,10.5,-4,214.7027308,57.56,673.25
962700,672.5,674,1.4000000000000004,10.5,-4,214.4286487,57.58,673.25
962800,672.5,674,1.4000000000000004,10.5,-4,214.4468441,57.6,673.25
962900,675.5,677,1.4000000000000004,10.5,-4,214.6327722,57.62,676.25
963000,677.5,679,1.4000000000000004,10.5,-4,214.6763294,57.64,678.25
963100,680.5,682,1.4000000000000004,10.5,-4,214.3770486,57.66,681.25
963200,683.5,685,1.4000000000000004,10.5,-4,214.6859506,57.68,684.25
963300,681.5,683,1.4000000000000004,10.5,-4,214.4162162,57.7,682.25
963400,684.5,686,1.4000000000000004,10.5,-4,214.5352246,57.72,685.25
963500,686.5,688,1.4000000000000004,10.5,-4,214.5833133,57.74,687.25
963600,690,691.5,1.4000000000000004,10.5,-4,214.7445744,57.76,690.75
963700,694,695.5,1.4000000000000004,10.5,-4,214.9329527,57.78,694.75
963800,692,693.5,1.4000000000000004,10.5,-4,214.8413845,57.8,692.75
963900,691,692.5,1.4000000000000004,10.5,-4,214.8003337,57.82,691.75
964000,690,691.5,1.4000000000000004,10.5,-4,214.3337138,57.84,690.75
964100,687.5,689,1.4000000000000004,10.5,-4,214.3152706,57.86,688.25
964200,692,693.5,1.4000000000000004,10.5,-4,214.5373593,57.88,692.75
964300,695.5,697,1.4000000000000004,10.5,-4,214.749599,57.9,696.25
964400,693,694.5,1.4000000000000004,10.5,-4,214.4797845,57.92,693.75
964500,687.5,689,1.4000000000000004,10.5,-4,213.8549525,57.94,688.25
964600,685,686.5,1.4000000000000004,10.5,-4,213.7232376,57.96,685.75
964700,683,684.5,1.4000000000000004,10.5,-4,213.4913114,57.98,683.75
964800,682.5,684,1.4000000000000004,10.5,-4,213.2871715,58,683.25
964900,684.5,686,1.4000000000000004,10.5,-4,213.4705868,58.02,685.25
965000,685,686.5,1.4000000000000004,10.5,-4,213.4849577,58.04,685.75
965100,683.5,685,1.4000000000000004,10.5,-4,213.3321112,58.06,684.25
965200,688,689.5,1.4000000000000004,10.5,-4,213.5376646,58.08,688.75
965300,690,691.5,1.4000000000000004,10.5,-4,213.7426699,58.1,690.75
965400,687.5,689,1.4000000000000004,10.5,-4,213.2733009,58.12,688.25
965500,689.5,691,1.4000000000000004,10.5,-4,213.4349795,58.14,690.25
965600,688.5,690,1.4000000000000004,10.5,-4,213.4851967,58.16,689.25
965700,691,692.5,1.4000000000000004,10.5,-4,213.9571601,58.18,691.75
965800,690.5,692,1.4000000000000004,10.5,-4,214.0224169,58.2,691.25
965900,689,690.5,1.4000000000000004,10.5,-4,213.8713365,58.22,689.75
966000,686.5,688,1.4000000000000004,10.5,-4,213.6669745,58.24,687.25
966100,688,689.5,1.4000000000000004,10.5,-4,213.629625,58.26,688.75
966200,687,688.5,1.4000000000000004,10.5,-4,213.719987,58.28,687.75
966300,689.5,691,1.4000000000000004,10.5,-4,214.053593,58.3,690.25
966400,691,692.5,1.4000000000000004,10.5,-4,214.0761808,58.32,691.75
966500,693.5,695,1.4000000000000004,10.5,-4,214.0299779,58.34,694.25
966600,693.5,695,1.4000000000000004,10.5,-4,214.0013491,58.36,694.25
966700,696,697.5,1.4000000000000004,10.5,-4,214.0182832,58.38,696.75
966800,697.5,699,1.4000000000000004,10.5,-4,214.5223733,58.4,698.25
966900,696,697.5,1.4000000000000004,10.5,-4,214.3577471,58.42,696.75
967000,697,698.5,1.4000000000000004,10.5,-4,214.4818516,58.44,697.75
967100,695.5,697,1.4000000000000004,10.5,-4,214.6126474,58.46,696.25
967200,692.5,694,1.4000000000000004,10.5,-4,214.4518013,58.48,693.25
967300,692.5,694,1.4000000000000004,10.5,-4,214.4949812,58.5,693.25
967400,691.5,693,1.4000000000000004,10.5,-4,214.51384,58.52,692.25
967500,690.5,692,1.4000000000000004,10.5,-4,214.4280643,58.54,691.25
967600,689.5,691,1.4000000000000004,10.5,-4,214.0623886,58.56,690.25
967700,685.5,687,1.4000000000000004,10.5,-4,214.0837668,58.58,686.25
967800,684.5,686,1.4000000000000004,10.5,-4,213.9343964,58.6,685.25
967900,684.5,686,1.4000000000000004,10.5,-4,213.858706,58.62,685.25
968000,686.5,688,1.4000000000000004,10.5,-4,213.9091778,58.64,687.25
968100,688.5,690,1.4000000000000004,10.5,-4,213.7393881,58.66,689.25
968200,692,693.5,1.4000000000000004,10.5,-4,214.075228,58.68,692.75
968300,689,690.5,1.4000000000000004,10.5,-4,213.9686374,58.7,689.75
968400,689.5,691,1.4000000000000004,10.5,-4,214.167617,58.72,690.25
968500,689,691,1.4000000000000004,10.5,-4,213.976628,58.74,690
968600,691.5,693,1.4000000000000004,10.5,-4,214.0359416,58.76,692.25
968700,691.5,693.5,1.4000000000000004,10.5,-4,213.8347649,58.78,692.5
968800,688,689.5,1.4000000000000004,10.5,-4,213.5253871,58.8,688.75
968900,690.5,692,1.4000000000000004,10.5,-4,213.9381097,58.82,691.25
969000,693,694.5,1.4000000000000004,10.5,-4,214.2635712,58.84,693.75
969100,691,692.5,1.4000000000000004,10.5,-4,214.1058094,58.86,691.75
969200,689,690.5,1.4000000000000004,10.5,-4,213.9756487,58.88,689.75
969300,688,689.5,1.4000000000000004,10.5,-4,213.7761918,58.9,688.75
969400,687,688.5,1.4000000000000004,10.5,-4,213.7430181,58.92,687.75
969500,688.5,690,1.4000000000000004,10.5,-4,213.8601361,58.94,689.25
969600,687,688.5,1.4000000000000004,10.5,-4,213.776875,58.96,687.75
969700,682.5,684,1.4000000000000004,10.5,-4,213.6263791,58.98,683.25
969800,680.5,682,1.4000000000000004,10.5,-4,213.5944746,59,681.25
969900,684,685.5,1.4000000000000004,10.5,-4,213.7945663,59.02,684.75
970000,683,684.5,1.4000000000000004,10.5,-4,214.0023346,59.04,683.75
970100,684.5,686,1.4000000000000004,10.5,-4,213.9860736,59.06,685.25
970200,689,690.5,1.4000000000000004,10.5,-4,214.2055017,59.08,689.75
970300,691.5,693,1.4000000000000004,10.5,-4,214.296151,59.1,692.25
970400,693.5,695,1.4000000000000004,10.5,-4,214.4965914,59.12,694.25
970500,694.5,696,1.4000000000000004,10.5,-4,214.5618529,59.14,695.25
970600,693.5,695,1.4000000000000004,10.5,-4,214.3625289,59.16,694.25
970700,697,698.5,1.4000000000000004,10.5,-4,214.4100095,59.18,697.75
970800,696,697.5,1.4000000000000004,10.5,-4,214.5250801,59.2,696.75
970900,696,697.5,1.4000000000000004,10.5,-4,214.4558352,59.22,696.75
971000,696,697.5,1.4000000000000004,10.5,-4,214.5666101,59.24,696.75
971100,696,697.5,1.4000000000000004,10.5,-4,214.539211,59.26,696.75
971200,699.5,701,1.4000000000000004,10.5,-4,214.5653869,59.28,700.25
971300,697,698.5,1.4000000000000004,10.5,-4,214.5268445,59.3,697.75
971400,698.5,700,1.4000000000000004,10.5,-4,214.5254508,59.32,699.25
971500,700,701.5,1.4000000000000004,10.5,-4,214.6592639,59.34,700.75
971600,700.5,702,1.4000000000000004,10.5,-4,214.6543325,59.36,701.25
971700,700.5,702,1.4000000000000004,10.5,-4,214.6967454,59.38,701.25
971800,697.5,699,1.4000000000000004,10.5,-4,214.3861502,59.4,698.25
971900,696.5,698,1.4000000000000004,10.5,-4,214.343811,59.42,697.25
972000,696,697.5,1.4000000000000004,10.5,-4,214.3165275,59.44,696.75
972100,699,700.5,1.4000000000000004,10.5,-4,214.5859735,59.46,699.75
972200,696.5,698,1.4000000000000004,10.5,-4,214.4905772,59.48,697.25
972300,699,700.5,1.4000000000000004,10.5,-4,214.4915486,59.5,699.75
972400,696.5,698,1.4000000000000004,10.5,-4,214.3337808,59.52,697.25
972500,697,698.5,1.4000000000000004,10.5,-4,214.5021693,59.54,697.75
972600,696.5,698,1.4000000000000004,10.5,-4,214.5161467,59.56,697.25
972700,697.5,699,1.4000000000000004,10.5,-4,214.6990025,59.58,698.25
972800,697.5,699.5,1.4000000000000004,10.5,-4,214.7761739,59.6,698.5
972900,695.5,697,1.4000000000000004,10.5,-4,214.6168238,59.62,696.25
973000,693,694.5,1.4000000000000004,10.5,-4,214.60671,59.64,693.75
973100,691,692.5,1.4000000000000004,10.5,-4,214.5260861,59.66,691.75
973200,694,695.5,1.4000000000000004,10.5,-4,214.5802181,59.68,694.75
973300,693.5,695,1.4000000000000004,10.5,-4,214.2399459,59.7,694.25
973400,696.5,698,1.4000000000000004,10.5,-4,214.396607,59.72,697.25
973500,701.5,703,1.4000000000000004,10.5,-4,214.5814556,59.74,702.25
973600,700,701.5,1.4000000000000004,10.5,-4,214.2914609,59.76,700.75
973700,699,700.5,1.4000000000000004,10.5,-4,214.2938813,59.78,699.75
973800,699.5,701,1.4000000000000004,10.5,-4,214.2095373,59.8,700.25
973900,698,699.5,1.4000000000000004,10.5,-4,214.0602374,59.82,698.75
974000,696.5,698,1.4000000000000004,10.5,-4,213.9587013,59.84,697.25
974100,692.5,694,1.4000000000000004,10.5,-4,213.8138843,59.86,693.25
974200,688.5,690,1.4000000000000004,10.5,-4,213.8068143,59.88,689.25
974300,683,684.5,1.4000000000000004,10.5,-4,213.5415287,59.9,683.75
974400,684,685.5,1.4000000000000004,10.5,-4,213.5903467,59.92,684.75
974500,684.5,686,1.4000000000000004,10.5,-4,213.5136061,59.94,685.25
974600,685,686.5,1.4000000000000004,10.5,-4,213.626779,59.96,685.75
974700,685,686.5,1.4000000000000004,10.5,-4,213.6382084,59.98,685.75
974800,685.5,687,1.4000000000000004,10.5,-4,213.5889966,60,686.25
974900,686.5,688,1.4000000000000004,10.5,-4,213.4548143,60.02,687.25
975000,686.5,688,1.4000000000000004,10.5,-4,213.4953803,60.04,687.25
975100,684,685.5,1.4000000000000004,10.5,-4,213.4942123,60.06,684.75
975200,687.5,689,1.4000000000000004,10.5,-4,213.4973587,60.08,688.25
975300,686.5,688,1.4000000000000004,10.5,-4,213.2926461,60.1,687.25
975400,688.5,690,1.4000000000000004,10.5,-4,213.5756991,60.12,689.25
975500,688,689.5,1.4000000000000004,10.5,-4,213.7486636,60.14,688.75
975600,686,687.5,1.4000000000000004,10.5,-4,213.6423353,60.16,686.75
975700,690,691.5,1.4000000000000004,10.5,-4,213.7924613,60.18,690.75
975800,689.5,691.5,1.4000000000000004,10.5,-4,213.5326008,60.2,690.5
975900,689.5,691,1.4000000000000004,10.5,-4,213.2428262,60.22,690.25
976000,691,692.5,1.4000000000000004,10.5,-4,213.3754286,60.24,691.75
976100,693,694.5,1.4000000000000004,10.5,-4,213.4399964,60.26,693.75
976200,692.5,694,1.4000000000000004,10.5,-4,213.650267,60.28,693.25
976300,694,695.5,1.4000000000000004,10.5,-4,213.9018248,60.3,694.75
976400,695,696.5,1.4000000000000004,10.5,-4,213.8912408,60.32,695.75
976500,698.5,700,1.4000000000000004,10.5,-4,214.316565,60.34,699.25
976600,700,701.5,1.4000000000000004,10.5,-4,214.0263939,60.36,700.75
976700,703.5,705,1.4000000000000004,10.5,-4,214.0382819,60.38,704.25
976800,704,705.5,1.4000000000000004,10.5,-4,214.4098815,60.4,704.75
976900,704,705.5,1.4000000000000004,10.5,-4,214.3049515,60.42,704.75
977000,703.5,705,1.4000000000000004,10.5,-4,214.2911085,60.44,704.25
977100,703.5,705,1.4000000000000004,10.5,-4,214.5191226,60.46,704.25
977200,703.5,705,1.4000000000000004,10.5,-4,214.5882015,60.48,704.25
977300,701,702.5,1.4000000000000004,10.5,-4,214.3220504,60.5,701.75
977400,698.5,700,1.4000000000000004,10.5,-4,214.0596796,60.52,699.25
977500,697.5,699,1.4000000000000004,10.5,-4,214.2018204,60.54,698.25
977600,695,696.5,1.4000000000000004,10.5,-4,214.014418,60.56,695.75
977700,698.5,700,1.4000000000000004,10.5,-4,214.0328664,60.58,699.25
977800,701,702.5,1.4000000000000004,10.5,-4,214.2157724,60.6,701.75
977900,700.5,702,1.4000000000000004,10.5,-4,213.7907535,60.62,701.25
978000,697,698.5,1.4000000000000004,10.5,-4,213.6471586,60.64,697.75
978100,692.5,694,1.4000000000000004,10.5,-4,213.2278389,60.66,693.25
978200,690.5,692,1.4000000000000004,10.5,-4,213.1660988,60.68,691.25
978300,691.5,693,1.4000000000000004,10.5,-4,213.0787471,60.7,692.25
978400,691.5,693,1.4000000000000004,10.5,-4,213.0433501,60.72,692.25
978500,692,693.5,1.4000000000000004,10.5,-4,212.9343321,60.74,692.75
978600,691,692.5,1.4000000000000004,10.5,-4,212.7044804,60.76,691.75
978700,690,691.5,1.4000000000000004,10.5,-4,212.5718572,60.78,690.75
978800,695.5,697,1.4000000000000004,10.5,-4,212.8330654,60.8,696.25
978900,695,696.5,1.4000000000000004,10.5,-4,213.0293565,60.82,695.75
979000,693.5,695,1.4000000000000004,10.5,-4,212.8068066,60.84,694.25
979100,695,696.5,1.4000000000000004,10.5,-4,212.9538955,60.86,695.75
979200,693,694.5,1.4000000000000004,10.5,-4,212.9245039,60.88,693.75
979300,689,690.5,1.4000000000000004,10.5,-4,212.8815532,60.9,689.75
979400,690,691.5,1.4000000000000004,10.5,-4,212.9300347,60.92,690.75
979500,687.5,689,1.4000000000000004,10.5,-4,212.8206497,60.94,688.25
979600,688.5,690,1.4000000000000004,10.5,-4,212.8690088,60.96,689.25
979700,687,688.5,1.4000000000000004,10.5,-4,212.7296203,60.98,687.75
979800,684,685.5,1.4000000000000004,10.5,-4,212.6277654,61,684.75
979900,681.5,683,1.4000000000000004,10.5,-4,212.5732269,61.02,682.25
980000,681,683,1.4000000000000004,10.5,-4,212.6178396,61.04,682
980100,680,681.5,1.4000000000000004,10.5,-4,212.5425897,61.06,680.75
980200,685,686.5,1.4000000000000004,10.5,-4,212.853994,61.08,685.75
980300,683.5,685,1.4000000000000004,10.5,-4,212.6798173,61.1,684.25
980400,680.5,682,1.4000000000000004,10.5,-4,212.6057215,61.12,681.25
980500,681.5,683,1.4000000000000004,10.5,-4,212.7686719,61.14,682.25
980600,681,682.5,1.4000000000000004,10.5,-4,212.8639748,61.16,681.75
980700,685,686.5,1.4000000000000004,10.5,-4,213.0373442,61.18,685.75
980800,687,688.5,1.4000000000000004,10.5,-4,213.0324741,61.2,687.75
980900,692.5,694,1.4000000000000004,10.5,-4,213.204237,61.22,693.25
981000,692.5,694,1.4000000000000004,10.5,-4,213.5629901,61.24,693.25
981100,692,693.5,1.4000000000000004,10.5,-4,213.6917335,61.26,692.75
981200,693.5,695,1.4000000000000004,10.5,-4,213.6196196,61.28,694.25
981300,691,692.5,1.4000000000000004,10.5,-4,213.4599917,61.3,691.75
981400,692.5,694,1.4000000000000004,10.5,-4,213.2827295,61.32,693.25
981500,691,692.5,1.4000000000000004,10.5,-4,213.244105,61.34,691.75
981600,693,694.5,1.4000000000000004,10.5,-4,213.5388068,61.36,693.75
981700,694,695.5,1.4000000000000004,10.5,-4,213.4193804,61.38,694.75
981800,697.5,699,1.4000000000000004,10.5,-4,213.6841743,61.4,698.25
981900,695,696.5,1.4000000000000004,10.5,-4,213.8162399,61.42,695.75
982000,698.5,700,1.4000000000000004,10.5,-4,213.9376439,61.44,699.25
982100,698.5,700,1.4000000000000004,10.5,-4,213.8641802,61.46,699.25
982200,695,696.5,1.4000000000000004,10.5,-4,213.8384337,61.48,695.75
982300,696,697.5,1.4000000000000004,10.5,-4,213.9635096,61.5,696.75
982400,697.5,699,1.4000000000000004,10.5,-4,214.0888387,61.52,698.25
982500,696.5,698,1.4000000000000004,10.5,-4,213.7605708,61.54,697.25
982600,696,697.5,1.4000000000000004,10.5,-4,214.0231063,61.56,696.75
982700,700,701.5,1.4000000000000004,10.5,-4,214.0795666,61.58,700.75
982800,697.5,699,1.4000000000000004,10.5,-4,213.8760914,61.6,698.25
982900,702.5,704,1.4000000000000004,10.5,-4,214.2840392,61.62,703.25
983000,706.5,708,1.4000000000000004,10.5,-4,214.4463378,61.64,707.25
983100,708.5,710,1.4000000000000004,10.5,-4,214.1276775,61.66,709.25
983200,706.5,708,1.4000000000000004,10.5,-4,214.2643446,61.68,707.25
983300,704.5,706,1.4000000000000004,10.5,-4,214.2346896,61.7,705.25
983400,700.5,702,1.4000000000000004,10.5,-4,214.0788163,61.72,701.25
983500,700.5,702,1.4000000000000004,10.5,-4,213.9902592,61.74,701.25
983600,697,698.5,1.4000000000000004,10.5,-4,213.6642755,61.76,697.75
983700,693.5,695,1.4000000000000004,10.5,-4,213.6078538,61.78,694.25
983800,696.5,698,1.4000000000000004,10.5,-4,213.6981252,61.8,697.25
983900,697.5,699,1.4000000000000004,10.5,-4,213.5340543,61.82,698.25
984000,698.5,700,1.4000000000000004,10.5,-4,213.5009283,61.84,699.25
984100,698,699.5,1.4000000000000004,10.5,-4,213.4882439,61.86,698.75
984200,697,698.5,1.4000000000000004,10.5,-4,213.1594147,61.88,697.75
984300,698.5,700,1.4000000000000004,10.5,-4,213.4055249,61.9,699.25
984400,701.5,703,1.4000000000000004,10.5,-4,213.4269168,61.92,702.25
984500,700.5,702,1.4000000000000004,10.5,-4,213.2500633,61.94,701.25
984600,703,704.5,1.4000000000000004,10.5,-4,213.5122919,61.96,703.75
984700,704.5,706,1.4000000000000004,10.5,-4,213.6961512,61.98,705.25
984800,704.5,706,1.4000000000000004,10.5,-4,213.628658,62,705.25
984900,707,708.5,1.4000000000000004,10.5,-4,213.8037171,62.02,707.75
985000,706.5,708,1.4000000000000004,10.5,-4,213.7731663,62.04,707.25
985100,704.5,706,1.4000000000000004,10.5,-4,213.7505878,62.06,705.25
985200,704.5,706,1.4000000000000004,10.5,-4,213.7637895,62.08,705.25
985300,708,709.5,1.4000000000000004,10.5,-4,213.8428463,62.1,708.75
985400,709,710.5,1.4000000000000004,10.5,-4,213.9124365,62.12,709.75
985500,711.5,713,1.4000000000000004,10.5,-4,213.9634419,62.14,712.25
985600,710,711.5,1.4000000000000004,10.5,-4,213.7179252,62.16,710.75
985700,710.5,712,1.4000000000000004,10.5,-4,213.3563705,62.18,711.25
985800,712.5,714,1.4000000000000004,10.5,-4,213.6126347,62.2,713.25
985900,714.5,716,1.4000000000000004,10.5,-4,213.6344347,62.22,715.25
986000,717.5,719,1.4000000000000004,10.5,-4,213.6619038,62.24,718.25
986100,713.5,715,1.4000000000000004,10.5,-4,213.5867379,62.26,714.25
986200,710,711.5,1.4000000000000004,10.5,-4,213.3871279,62.28,710.75
986300,707.5,709,1.4000000000000004,10.5,-4,213.3767804,62.3,708.25
986400,707.5,709,1.4000000000000004,10.5,-4,213.2778419,62.32,708.25
986500,707,709,1.4000000000000004,10.5,-4,213.3169909,62.34,708
986600,706.5,708,1.4000000000000004,10.5,-4,213.0449329,62.36,707.25
986700,707.5,709,1.4000000000000004,10.5,-4,213.19849,62.38,708.25
986800,713,714.5,1.4000000000000004,10.5,-4,213.4747212,62.4,713.75
986900,713.5,715,1.4000000000000004,10.5,-4,213.7104304,62.42,714.25
987000,712.5,714,1.4000000000000004,10.5,-4,213.5739249,62.44,713.25
987100,709.5,711,1.4000000000000004,10.5,-4,213.5280107,62.46,710.25
987200,708.5,710,1.4000000000000004,10.5,-4,213.1997588,62.48,709.25
987300,707.5,709,1.4000000000000004,10.5,-4,213.5636909,62.5,708.25
987400,705.5,707,1.4000000000000004,10.5,-4,213.7484001,62.52,706.25
987500,707,708.5,1.4000000000000004,10.5,-4,213.8075462,62.54,707.75
987600,704.5,706,1.4000000000000004,10.5,-4,213.3765977,62.56,705.25
987700,708,709.5,1.4000000000000004,10.5,-4,213.6983765,62.58,708.75
987800,710.5,712,1.4000000000000004,10.5,-4,213.9889695,62.6,711.25
987900,712,713.5,1.4000000000000004,10.5,-4,214.0615448,62.62,712.75
988000,709,710.5,1.4000000000000004,10.5,-4,213.7587318,62.64,709.75
988100,706.5,708,1.4000000000000004,10.5,-4,213.6932995,62.66,707.25
988200,708.5,710,1.4000000000000004,10.5,-4,213.914293,62.68,709.25
988300,706.5,708,1.4000000000000004,10.5,-4,213.5174696,62.7,707.25
988400,703,704.5,1.4000000000000004,10.5,-4,213.3784721,62.72,703.75
988500,699,700.5,1.4000000000000004,10.5,-4,213.2962267,62.74,699.75
988600,695,696.5,1.4000000000000004,10.5,-4,213.4432743,62.76,695.75
988700,691,692.5,1.4000000000000004,10.5,-4,213.0456774,62.78,691.75
988800,691,692.5,1.4000000000000004,10.5,-4,213.100757,62.8,691.75
988900,691,692.5,1.4000000000000004,10.5,-4,212.8398486,62.82,691.75
989000,690,691.5,1.4000000000000004,10.5,-4,213.107979,62.84,690.75
989100,689,690.5,1.4000000000000004,10.5,-4,213.112006,62.86,689.75
989200,691.5,693,1.4000000000000004,10.5,-4,213.1801678,62.88,692.25
989300,696,697.5,1.4000000000000004,10.5,-4,213.2904315,62.9,696.75
989400,700,701.5,1.4000000000000004,10.5,-4,213.3238579,62.92,700.75
989500,698.5,700,1.4000000000000004,10.5,-4,212.7529229,62.94,699.25
989600,695.5,697,1.4000000000000004,10.5,-4,212.7121404,62.96,696.25
989700,696,697.5,1.4000000000000004,10.5,-4,212.6195205,62.98,696.75
989800,701,702.5,1.4000000000000004,10.5,-4,212.6334463,63,701.75
989900,695,696.5,1.4000000000000004,10.5,-4,211.9938509,63.02,695.75
990000,693,694.5,1.4000000000000004,10.5,-4,211.8951677,63.04,693.75
990100,690.5,692,1.4000000000000004,10.5,-4,211.7991926,63.06,691.25
990200,690.5,692,1.4000000000000004,10.5,-4,211.5706005,63.08,691.25
990300,687,688.5,1.4000000000000004,10.5,-4,211.3855311,63.1,687.75
990400,684,685.5,1.4000000000000004,10.5,-4,211.0449613,63.12,684.75
990500,683,684.5,1.4000000000000004,10.5,-4,211.0389918,63.14,683.75
990600,679.5,681,1.4000000000000004,10.5,-4,210.8913199,63.16,680.25
990700,679,680.5,1.4000000000000004,10.5,-4,210.6298841,63.18,679.75
990800,678.5,680,1.4000000000000004,10.5,-4,210.6781412,63.2,679.25
990900,683,684.5,1.4000000000000004,10.5,-4,210.88517,63.22,683.75
991000,681.5,683,1.4000000000000004,10.5,-4,210.4701355,63.24,682.25
991100,677,678.5,1.4000000000000004,10.5,-4,210.0782857,63.26,677.75
991200,676,677.5,1.4000000000000004,10.5,-4,209.8785454,63.28,676.75
991300,677,678.5,1.4000000000000004,10.5,-4,209.5691718,63.3,677.75
991400,676.5,678,1.4000000000000004,10.5,-4,209.5280271,63.32,677.25
991500,674.5,676,1.4000000000000004,10.5,-4,209.4250005,63.34,675.25
991600,669,670.5,1.4000000000000004,10.5,-4,209.2281642,63.36,669.75
991700,669,670.5,1.4000000000000004,10.5,-4,209.3112372,63.38,669.75
991800,664.5,666,1.4000000000000004,10.5,-4,209.1189439,63.4,665.25
991900,658,659.5,1.4000000000000004,10.5,-4,208.8461999,63.42,658.75
992000,659,660.5,1.4000000000000004,10.5,-4,208.952131,63.44,659.75
992100,661,662.5,1.4000000000000004,10.5,-4,209.1490212,63.46,661.75
992200,662.5,664,1.4000000000000004,10.5,-4,209.2197066,63.48,663.25
992300,663.5,665,1.4000000000000004,10.5,-4,209.1829084,63.5,664.25
992400,661.5,663,1.4000000000000004,10.5,-4,208.9395534,63.52,662.25
992500,659,660.5,1.4000000000000004,10.5,-4,209.0085693,63.54,659.75
992600,655.5,657,1.4000000000000004,10.5,-4,208.8747286,63.56,656.25
992700,657,658.5,1.4000000000000004,10.5,-4,208.7690578,63.58,657.75
992800,655,656.5,1.4000000000000004,10.5,-4,208.7520088,63.6,655.75
992900,653,654.5,1.4000000000000004,10.5,-4,208.6464549,63.62,653.75
993000,655,656.5,1.4000000000000004,10.5,-4,208.9580945,63.64,655.75
993100,656.5,658,1.4000000000000004,10.5,-4,208.7219075,63.66,657.25
993200,655.5,657,1.4000000000000004,10.5,-4,209.0055738,63.68,656.25
993300,655.5,657,1.4000000000000004,10.5,-4,208.978618,63.7,656.25
993400,657,658.5,1.4000000000000004,10.5,-4,209.2358767,63.72,657.75
993500,658.5,660,1.4000000000000004,10.5,-4,209.2502238,63.74,659.25
993600,656.5,658,1.4000000000000004,10.5,-4,209.207128,63.76,657.25
993700,654,655.5,1.4000000000000004,10.5,-4,209.1209709,63.78,654.75
993800,656.5,658,1.4000000000000004,10.5,-4,209.2791985,63.8,657.25
993900,655.5,657,1.4000000000000004,10.5,-4,209.0542552,63.82,656.25
994000,657.5,659,1.4000000000000004,10.5,-4,209.1111383,63.84,658.25
994100,656.5,658,1.4000000000000004,10.5,-4,209.0187843,63.86,657.25
994200,657,658.5,1.4000000000000004,10.5,-4,209.0943651,63.88,657.75
994300,659,660.5,1.4000000000000004,10.5,-4,209.1342161,63.9,659.75
994400,662,663.5,1.4000000000000004,10.5,-4,209.0339311,63.92,662.75
994500,661.5,663,1.4000000000000004,10.5,-4,208.9724219,63.94,662.25
994600,663,664.5,1.4000000000000004,10.5,-4,209.3225912,63.96,663.75
994700,664,665.5,1.4000000000000004,10.5,-4,209.4223884,63.98,664.75
994800,666.5,668,1.4000000000000004,10.5,-4,209.68219,64,667.25
994900,669,670.5,1.4000000000000004,10.5,-4,210.0158175,64.02,669.75
995000,668,669.5,1.4000000000000004,10.5,-4,209.8536882,64.04,668.75
995100,667.5,669.5,1.4000000000000004,10.5,-4,209.8809025,64.06,668.5
995200,664.5,666,1.4000000000000004,10.5,-4,209.6405697,64.08,665.25
995300,664,665.5,1.4000000000000004,10.5,-4,209.5474894,64.1,664.75
995400,663,664.5,1.4000000000000004,10.5,-4,209.54002,64.12,663.75
995500,666.5,668,1.4000000000000004,10.5,-4,209.7700866,64.14,667.25
995600,666.5,668,1.4000000000000004,10.5,-4,209.8434867,64.16,667.25
995700,670,671.5,1.4000000000000004,10.5,-4,210.0378066,64.18,670.75
995800,669.5,671,1.4000000000000004,10.5,-4,210.0081868,64.2,670.25
995900,672,673.5,1.4000000000000004,10.5,-4,210.2522628,64.22,672.75
996000,675,676.5,1.4000000000000004,10.5,-4,210.2518903,64.24,675.75
996100,677,678.5,1.4000000000000004,10.5,-4,210.3489178,64.26,677.75
996200,677.5,679,1.4000000000000004,10.5,-4,210.4684863,64.28,678.25
996300,677.5,679,1.4000000000000004,10.5,-4,210.3375446,64.3,678.25
996400,682.5,684,1.4000000000000004,10.5,-4,210.6231715,64.32,683.25
996500,682.5,684,1.4000000000000004,10.5,-4,211.0032334,64.34,683.25
996600,686.5,688,1.4000000000000004,10.5,-4,211.4386702,64.36,687.25
996700,683.5,685,1.4000000000000004,10.5,-4,211.3788095,64.38,684.25
996800,682,683.5,1.4000000000000004,10.5,-4,211.2348,64.4,682.75
996900,678,679.5,1.4000000000000004,10.5,-4,211.0858772,64.42,678.75
997000,673,674.5,1.4000000000000004,10.5,-4,210.8387344,64.44,673.75
997100,674,675.5,1.4000000000000004,10.5,-4,210.9299948,64.46,674.75
997200,673.5,675,1.4000000000000004,10.5,-4,211.0486407,64.48,674.25
997300,676.5,678,1.4000000000000004,10.5,-4,211.3309528,64.5,677.25
997400,672.5,674,1.4000000000000004,10.5,-4,211.0348792,64.52,673.25
997500,674,675.5,1.4000000000000004,10.5,-4,211.0286952,64.54,674.75
997600,674,675.5,1.4000000000000004,10.5,-4,210.8595903,64.56,674.75
997700,674,675.5,1.4000000000000004,10.5,-4,210.6163353,64.58,674.75
997800,672.5,674,1.4000000000000004,10.5,-4,210.5953144,64.6,673.25
997900,672,673.5,1.4000000000000004,10.5,-4,210.5192981,64.62,672.75
998000,671,672.5,1.4000000000000004,10.5,-4,210.0079931,64.64,671.75
998100,670.5,672,1.4000000000000004,10.5,-4,210.1652701,64.66,671.25
998200,667.5,669,1.4000000000000004,10.5,-4,209.9712345,64.68,668.25
998300,663,664.5,1.4000000000000004,10.5,-4,209.8453401,64.7,663.75
998400,662,663.5,1.4000000000000004,10.5,-4,209.796689,64.72,662.75
998500,666.5,668,1.4000000000000004,10.5,-4,209.8336174,64.74,667.25
998600,670.5,672,1.4000000000000004,10.5,-4,210.1451369,64.76,671.25
998700,670.5,672,1.4000000000000004,10.5,-4,210.2017162,64.78,671.25
998800,669,670.5,1.4000000000000004,10.5,-4,210.1665142,64.8,669.75
998900,667,668.5,1.4000000000000004,10.5,-4,209.8617138,64.82,667.75
999000,668,669.5,1.4000000000000004,10.5,-4,209.9146604,64.84,668.75
999100,669,670.5,1.4000000000000004,10.5,-4,210.0427664,64.86,669.75
999200,671.5,673,1.4000000000000004,10.5,-4,210.0988544,64.88,672.25
999300,668,669.5,1.4000000000000004,10.5,-4,210.0315267,64.9,668.75
999400,668,670,1.4000000000000004,10.5,-4,210.2060255,64.92,669
999500,661,662.5,1.4000000000000004,10.5,-4,209.9262792,64.94,661.75
999600,659.5,661,1.4000000000000004,10.5,-4,209.5650052,64.96,660.25
999700,658.5,660,1.4000000000000004,10.5,-4,209.5048578,64.98,659.25
999800,658,659.5,1.4000000000000004,10.5,-4,209.4828903,65,658.75
999900,658,659.5,1.4000000000000004,10.5,-4,209.4798,65.02,658.75