product,day,ema_window,horizon,n,alpha,beta,corr,t_beta,r2,rmse,mae,hit_rate,mean_abs_residual,mean_abs_future_change,mean_reversion_score
HYDROGEL_PACK,day_all,10,1,29997,0.0005291664016156403,-0.019387583335666918,-0.026562870523969842,-4.602064579122902,0.0007055860904733313,1.9549382928774084,1.530626289032351,0.409562231187277,2.141476790327229,1.5234190085675234,0.019387583335666918
HYDROGEL_PACK,day_all,10,5,29985,0.002186763907357179,-0.0374279578687956,-0.023670613588395544,-4.0998574753415395,0.0005602979476513337,4.2345382317209594,3.3672650531682122,0.4617257596477769,2.1410047936230376,3.36181424045356,0.0374279578687956
HYDROGEL_PACK,day_all,10,10,29970,0.005364129323685403,-0.06492956955513635,-0.029290784066877233,-5.072782695064477,0.0008579500312523303,5.936097263213929,4.73134113714783,0.47330307682039646,2.1412349599738842,4.725258591925258,0.06492956955513635
HYDROGEL_PACK,day_all,10,20,29940,0.009557996835178313,-0.07038109717971999,-0.0227702838922486,-3.940873135357615,0.0005184858285336436,8.277852623596383,6.646046171376042,0.47822020309994656,2.141109591334148,6.640430861723447,0.07038109717971999
HYDROGEL_PACK,day_all,10,30,29910,0.019747739467206125,-0.08839191631038149,-0.023462343459597634,-4.0586784211590565,0.0005504815606162117,10.087862681535269,8.131988769366222,0.48184310840633987,2.1407485688791175,8.128435305917753,0.08839191631038149
HYDROGEL_PACK,day_all,10,50,29850,0.040565331053640886,-0.1066115042680645,-0.02214659516814833,-3.8271115038935672,0.0004904716775421258,12.892600198254257,10.411308463655091,0.49356697714936676,2.141267262491921,10.412043551088777,0.1066115042680645
HYDROGEL_PACK,day_all,10,70,29790,0.0870074166581593,-0.1589890615630015,-0.028102202009098496,-4.852131698724588,0.0007897337577602581,15.141195870547325,12.167507749602379,0.49476264016652116,2.1404279882292725,12.169167505874455,0.1589890615630015
HYDROGEL_PACK,day_all,10,80,29760,0.11019735394189119,-0.18320389932024603,-0.03041938158699101,-5.249927165454945,0.0009253387761349874,16.120449084550344,12.954872055232045,0.4957655598870816,2.140977096463349,12.955208333333333,0.18320389932024603
HYDROGEL_PACK,day_all,10,90,29730,0.13729328285428183,-0.23026652382076296,-0.03621199441917968,-6.2477008236438385,0.0013113085398147595,17.015324811547597,13.660979417232392,0.5029940119760479,2.140878597350832,13.665539858728557,0.23026652382076296
HYDROGEL_PACK,day_all,10,100,29700,0.159349648902169,-0.27379248620087066,-0.041103795254580015,-7.08945271792856,0.0016895219843302556,17.821933280978367,14.276407870154735,0.5030980603448276,2.141175278817697,14.281195286195286,0.27379248620087066
HYDROGEL_PACK,day_all,10,110,29670,0.17842918237680205,-0.3229731859051873,-0.04656535781317496,-8.029313929967604,0.002168332548269092,18.553729884858292,14.836999552364993,0.5073147711184521,2.141348302328169,14.850235928547354,0.3229731859051873
HYDROGEL_PACK,day_all,10,120,29640,0.19655591889298654,-0.3388469035037821,-0.047170057966789296,-8.129700583427695,0.002225014368590239,19.22292078206989,15.376515960103438,0.5093467404508031,2.1424021052828097,15.395529689608637,0.3388469035037821
HYDROGEL_PACK,day_all,10,130,29610,0.21288616942202515,-0.33726045792539755,-0.04543429073613567,-7.8259488254355,0.002064274774695729,19.861222785443303,15.890329084824621,0.5037492400189151,2.142246019824195,15.898564674096589,0.33726045792539755
HYDROGEL_PACK,day_all,10,140,29580,0.22197054105234154,-0.3251739718785102,-0.04247080595609926,-7.3108343224690255,0.0018037693585605252,20.483231666748694,16.42623923259177,0.5058155261022451,2.1418758773604742,16.433603786342122,0.3251739718785102
HYDROGEL_PACK,day_all,10,150,29550,0.2245812325487137,-0.33696216022850634,-0.042746116633564216,-7.3545795966783105,0.0018272304872501977,21.09244230914753,16.940526253475852,0.5057537399309551,2.1422178943889074,16.95040609137056,0.33696216022850634
HYDROGEL_PACK,day_all,20,1,29997,0.0005608884541374285,-0.0114266339382544,-0.023103474367950672,-4.0023739770545195,0.000533770527870514,1.9551063486482059,1.5297581228149886,0.4088287267028973,3.1691383206568164,1.5234190085675234,0.0114266339382544
HYDROGEL_PACK,day_all,20,5,29985,0.0022885662455733743,-0.026419108200017947,-0.02465746089787851,-4.270885801448924,0.0006079903779304674,4.2344371961966,3.3674744356732598,0.4607918348287249,3.1685596008455783,3.36181424045356,0.026419108200017947
HYDROGEL_PACK,day_all,20,10,29970,0.005540360782159145,-0.04463589165061961,-0.029716852727388034,-5.146636995989097,0.0008830913360212689,5.936022578053153,4.731738134726223,0.4708669825802576,3.1690262804425164,4.725258591925258,0.04463589165061961
HYDROGEL_PACK,day_all,20,20,29940,0.009868591227247786,-0.05300888911043892,-0.025311101851058358,-4.380882487131155,0.0006406518769146441,8.277346709563222,6.645492370958469,0.47965660074826294,3.1690990240880073,6.640430861723447,0.05300888911043892
HYDROGEL_PACK,day_all,20,30,29910,0.02025409738824152,-0.07106931481851571,-0.027841019930953743,-4.816673496272571,0.0007751223907955795,10.086728920821328,8.131828405805722,0.48515348090684146,3.168605609440258,8.128435305917753,0.07106931481851571
HYDROGEL_PACK,day_all,20,50,29850,0.04151761734590489,-0.09435338397347506,-0.02892758865818179,-4.999788546921503,0.0008368053855770663,12.890366338160693,10.407489504296743,0.49829122830530054,3.16942980143421,10.412043551088777,0.09435338397347506
HYDROGEL_PACK,day_all,20,70,29790,0.0885842442896677,-0.14384767048738656,-0.037532680030737384,-6.482407978776594,0.001408702070289758,15.136505480245754,12.161338233701988,0.49919425233331094,3.168495538298776,12.169167505874455,0.14384767048738656
HYDROGEL_PACK,day_all,20,80,29760,0.11211779347386908,-0.175125770233452,-0.04292915753045666,-7.4123307158493335,0.0018429125662746682,16.113044683276794,12.948802818683978,0.5007393466863825,3.169859131049141,12.955208333333333,0.175125770233452
HYDROGEL_PACK,day_all,20,90,29730,0.1394089918858219,-0.2192529982791438,-0.050893986133605504,-8.786430887654522,0.002590197824567375,17.00442667694849,13.653728203170688,0.5077036937361232,3.169383055823092,13.665539858728557,0.2192529982791438
HYDROGEL_PACK,day_all,20,100,29700,0.16155702958516846,-0.25893015569624456,-0.05737082667307569,-9.903087333948816,0.0032914117531518405,17.807628996512026,14.263836296382282,0.5081492456896551,3.169558172727081,14.281195286195286,0.25893015569624456
HYDROGEL_PACK,day_all,20,110,29670,0.18076168785990107,-0.2940975300554187,-0.0625903257711551,-10.801988304998867,0.00391754888013951,18.537460245302817,14.82137899419868,0.5109553023663453,3.1705111281217615,14.850235928547354,0.2940975300554187
HYDROGEL_PACK,day_all,20,120,29640,0.1986975847752754,-0.3047117595208517,-0.06261464262460113,-10.800736534680505,0.003920593471006595,19.206580503829517,15.365573910549823,0.5105277365366446,3.1722266688964442,15.395529689608637,0.3047117595208517
HYDROGEL_PACK,day_all,20,130,29610,0.21469487303140283,-0.303568495620121,-0.0603734150421785,-10.407423211993146,0.0036449492438551667,19.845487017857774,15.882425835149206,0.5028034857799095,3.1723313123900327,15.898564674096589,0.303568495620121
HYDROGEL_PACK,day_all,20,140,29580,0.22367235566452076,-0.3023601002619435,-0.05829171559069007,-10.042234206910864,0.0033979241065057453,20.46686890779988,16.417009110509007,0.5047673789559102,3.1715609957457955,16.433603786342122,0.3023601002619435
HYDROGEL_PACK,day_all,20,150,29550,0.22656678197949665,-0.3235594587366278,-0.060586887986835584,-10.433769911510263,0.0036707709959293844,21.072955330625007,16.93160998897948,0.5042645366547079,3.172171077899717,16.95040609137056,0.3235594587366278
HYDROGEL_PACK,day_all,30,1,29997,0.0005895511317118391,-0.008483190439942747,-0.021219255075702114,-3.6758041237060537,0.0004502567859677731,1.9551880296652862,1.529277447619635,0.40941521637660866,3.9289080859091468,1.5234190085675234,0.008483190439942747
HYDROGEL_PACK,day_all,30,5,29985,0.002383737409727889,-0.021359411675255957,-0.024662103444174983,-4.271690420018038,0.0006082193462910723,4.234436711125583,3.3674659376549503,0.46010939897271697,3.9282608137984933,3.36181424045356,0.021359411675255957
HYDROGEL_PACK,day_all,30,10,29970,0.005716006399344303,-0.036203640029254934,-0.029817550559739513,-5.164092262815519,0.0008890863213824041,5.936004769115314,4.731887597099102,0.4700837588013482,3.9287047164683724,4.725258591925258,0.036203640029254934
HYDROGEL_PACK,day_all,30,20,29940,0.010192927538337388,-0.04663418948380338,-0.02754604152404826,-4.767990927188248,0.0007587844036447411,8.27685746974089,6.644896468277362,0.4818452082707018,3.9287552856231316,6.640430861723447,0.04663418948380338
HYDROGEL_PACK,day_all,30,30,29910,0.02078300326302411,-0.06464662363219925,-0.031329447076815516,-5.420753493127048,0.0009815342541390493,10.085687049221088,8.130913037105456,0.4883472096833517,3.9280511431714995,8.128435305917753,0.06464662363219925
HYDROGEL_PACK,day_all,30,50,29850,0.04255898888757994,-0.0931832010361319,-0.03534165955810252,-6.109644638284702,0.0012490329003209677,12.887706956840411,10.402951824867129,0.5007873488122759,3.9285744798007345,10.412043551088777,0.0931832010361319
HYDROGEL_PACK,day_all,30,70,29790,0.09023782585177739,-0.14476219992606068,-0.04672809310659386,-8.073714607517685,0.0021835146853784737,15.13063209077779,12.15419869168735,0.5035082418504717,3.927398057088637,12.169167505874455,0.14476219992606068
HYDROGEL_PACK,day_all,30,80,29760,0.11403417470159478,-0.17793976252305993,-0.053961110557254915,-9.322147298143006,0.0029118014525723046,16.104414945556137,12.941426803968866,0.5058977719528178,3.9288095855804204,12.955208333333333,0.17793976252305993
HYDROGEL_PACK,day_all,30,90,29730,0.14143472961000716,-0.21872512248370715,-0.06280169723304323,-10.849565864198492,0.003944053175350737,16.992882098435338,13.645748546635373,0.5107141655733844,3.927960321151032,13.665539858728557,0.21872512248370715
HYDROGEL_PACK,day_all,30,100,29700,0.1636221333670561,-0.25404410019945245,-0.06962276346688986,-12.02735146882294,0.004847329192766425,17.793724219123508,14.251703201432532,0.5124760076775432,3.9280548783032345,14.281195286195286,0.25404410019945245
HYDROGEL_PACK,day_all,30,110,29670,0.18282072816858294,-0.2825887838802071,-0.07439205072041395,-12.849189522494637,0.0055341772103888465,18.52241111320735,14.809399394973877,0.5139717531263693,3.9295256577472903,14.850235928547354,0.2825887838802071
HYDROGEL_PACK,day_all,30,120,29640,0.20059409550659543,-0.29243503690657074,-0.07433105726019601,-12.832103243320411,0.005525106073418606,19.19110502036231,15.356616826924139,0.5134460302999628,3.931697452648402,15.395529689608637,0.29243503690657074
HYDROGEL_PACK,day_all,30,130,29610,0.21647214724277225,-0.29531498026153574,-0.07265327967617895,-12.534557506288458,0.005278499047705054,19.829211750279256,15.87333509775767,0.50629918600331,3.9318641991601124,15.898564674096589,0.29531498026153574
HYDROGEL_PACK,day_all,30,140,29580,0.22551671067302312,-0.3023612843756563,-0.07210633383073854,-12.433396434399777,0.0051993233785098125,20.448363187574486,16.40538353654557,0.5081313182540488,3.9307499464109927,16.433603786342122,0.3023612843756563
HYDROGEL_PACK,day_all,30,150,29550,0.2286753077587394,-0.3292409092187625,-0.07626225412031705,-13.147412321033318,0.005815931403511665,21.050257397752414,16.919818861361676,0.5061765999932312,3.9314586725464093,16.95040609137056,0.3292409092187625
HYDROGEL_PACK,day_all,50,1,29997,0.0006457988053142016,-0.00601902943343466,-0.01947325561466861,-3.3732253645256103,0.00037920768423416185,1.9552575168947672,1.5287877512917298,0.4075284232987697,5.091020335873458,1.5234190085675234,0.00601902943343466
HYDROGEL_PACK,day_all,50,5,29985,0.0025859241204072183,-0.0169891340032788,-0.02537150617168092,-4.39464317092994,0.0006437133254195704,4.234361516219216,3.367528784212657,0.4592908842266769,5.090236048277411,3.36181424045356,0.0169891340032788
HYDROGEL_PACK,day_all,50,10,29970,0.0061022205477521555,-0.02955054045895695,-0.031477161069155594,-5.451797235083306,0.0009908116689734126,5.935702571676004,4.732026014969203,0.4681972902622973,5.090350324966758,4.725258591925258,0.02955054045895695
HYDROGEL_PACK,day_all,50,20,29940,0.010938353776485058,-0.043090200606503384,-0.032916515031211714,-5.698501237042292,0.0010834969618001011,8.275512540260388,6.643660079775364,0.4824959914484233,5.0899049759771575,6.640430861723447,0.043090200606503384
HYDROGEL_PACK,day_all,50,30,29910,0.0219982331577752,-0.0623424314825067,-0.03907615770124146,-6.762968508569773,0.0015269461006922613,10.082933544463426,8.128117068841982,0.49200829265030427,5.088981034052134,8.128435305917753,0.0623424314825067
HYDROGEL_PACK,day_all,50,50,29850,0.04488296489475648,-0.09872054472534265,-0.04842464602979419,-8.375946012882498,0.0023449463431109985,12.880634278890016,10.392886483396946,0.5037525966628694,5.088744662488324,10.412043551088777,0.09872054472534265
HYDROGEL_PACK,day_all,50,70,29790,0.09360509344966866,-0.1530403048899396,-0.06388624065847702,-11.048825008897355,0.004081451745472919,15.116235327250166,12.138609337625478,0.5094675350835963,5.086974097661586,12.169167505874455,0.1530403048899396
HYDROGEL_PACK,day_all,50,80,29760,0.11774190283812891,-0.18594729245162148,-0.07291599562807355,-12.611951034470207,0.005316742418433162,16.08498158477586,12.92464201242461,0.51122462696599,5.0880770623607665,12.955208333333333,0.18594729245162148
HYDROGEL_PACK,day_all,50,90,29730,0.14526249023947702,-0.22197017609939726,-0.08240537800820211,-14.256666865799984,0.006790646324674632,16.968583046044742,13.627931121338387,0.5160801991522573,5.0866321870692595,13.665539858728557,0.22197017609939726
HYDROGEL_PACK,day_all,50,100,29700,0.16750416899492793,-0.25267700834995893,-0.08953435015830119,-15.491770020914437,0.008016399858269185,17.765369507340417,14.228306108917078,0.5186557112068966,5.086439671007396,14.281195286195286,0.25267700834995893
HYDROGEL_PACK,day_all,50,110,29670,0.18672567851063565,-0.27731292177247796,-0.09439086763882117,-16.33117702457353,0.008909635893609491,18.490949611149485,14.786745324946223,0.520090339108744,5.0882096828963705,14.850235928547354,0.27731292177247796
HYDROGEL_PACK,day_all,50,120,29640,0.2044529440576577,-0.29050767472128597,-0.0954715940004997,-16.511516206040486,0.009114825260996273,19.1564369966484,15.335894152917506,0.5176811985423134,5.090314419467047,15.395529689608637,0.29050767472128597
HYDROGEL_PACK,day_all,50,130,29610,0.22041049036468943,-0.30173251801512685,-0.0959787243587874,-16.59163259101987,0.00921191552954026,19.789967697396797,15.847687918052053,0.5126325744781464,5.090264214268419,15.898564674096589,0.30173251801512685
HYDROGEL_PACK,day_all,50,140,29580,0.22978407556330863,-0.319404459807204,-0.09848545398738076,-17.020525675776486,0.009699384647100406,20.402060853293964,16.371803620385542,0.515722207195023,5.088583667355501,16.433603786342122,0.319404459807204
HYDROGEL_PACK,day_all,50,150,29550,0.23353496942098445,-0.3525719158889472,-0.10559148729937037,-18.252722334241355,0.01114956219009311,20.993715911644287,16.885220344342294,0.5161104718066744,5.089221907934166,16.95040609137056,0.3525719158889472
HYDROGEL_PACK,day_all,70,1,29997,0.0007012892430261889,-0.00500519719037951,-0.019049942095649922,-3.2998706017415413,0.00036290029384755673,1.95527346545138,1.5286292153658625,0.40772846997632783,5.9840860456050695,1.5234190085675234,0.00500519719037951
HYDROGEL_PACK,day_all,70,5,29985,0.0028065265675491073,-0.015401572119126627,-0.027058067887862643,-4.686982852655412,0.0007321390378240977,4.234174178268991,3.367665279004718,0.45939094760014676,5.9832299152747535,3.36181424045356,0.015401572119126627
HYDROGEL_PACK,day_all,70,10,29970,0.006533859622981161,-0.02750400683261871,-0.03446416013608727,-5.969729538521346,0.001187778333885836,5.935117395290205,4.732044518222826,0.46809717680037377,5.983164706649253,4.725258591925258,0.02750400683261871
HYDROGEL_PACK,day_all,70,20,29940,0.011798918333264147,-0.043525808855260646,-0.03911185565683186,-6.772550406463665,0.0015297372529210485,8.273663897441175,6.642077346520845,0.4831640833778728,5.9825127148244865,6.640430861723447,0.043525808855260646
HYDROGEL_PACK,day_all,70,30,29910,0.023376528030810226,-0.06437155796901424,-0.04746640566826454,-8.218069887498586,0.00225305966706435,10.079266602047047,8.124303529739569,0.49254330234735505,5.981879924221367,8.128435305917753,0.06437155796901424
HYDROGEL_PACK,day_all,70,50,29850,0.04736216814210148,-0.1058275013603276,-0.06106733866704144,-10.570071261432535,0.003729219851875354,12.87169506184734,10.381559884439108,0.5073711720163506,5.980926756308621,10.412043551088777,0.1058275013603276
HYDROGEL_PACK,day_all,70,70,29790,0.09696618906082326,-0.16166147608411774,-0.07937904776131383,-13.743556691429339,0.006301033223493069,15.099381323044936,12.122567248184371,0.5147720405559659,5.977678440374905,12.169167505874455,0.16166147608411774
HYDROGEL_PACK,day_all,70,80,29760,0.12138062058497918,-0.19402748618533552,-0.08948549665260526,-15.498881647832707,0.008007654111163443,16.06320953932413,12.90663294274405,0.5171730071246136,5.978408647104428,12.955208333333333,0.19402748618533552
HYDROGEL_PACK,day_all,70,90,29730,0.14905467457548358,-0.2279923312042443,-0.0995490030880103,-17.249734905743175,0.009910004015816654,16.941915604185628,13.607867213830136,0.5209244432483348,5.9763722433025634,13.665539858728557,0.2279923312042443
HYDROGEL_PACK,day_all,70,100,29700,0.17144149071948786,-0.25747960323986696,-0.10730616998622922,-18.5995813562734,0.011514614117113298,17.734017196728836,14.204125024703782,0.5239762931034483,5.975824897021193,14.281195286195286,0.25747960323986696
HYDROGEL_PACK,day_all,70,110,29670,0.19083466387960338,-0.2822215007203046,-0.11297917096527707,-19.585384018619905,0.012764293072001331,18.454956066459378,14.763025311427995,0.5258208049619093,5.9773641024561766,14.850235928547354,0.2822215007203046
HYDROGEL_PACK,day_all,70,120,29640,0.20874522074703203,-0.2991651329409603,-0.11562626548999937,-20.040274351792327,0.0133694332711638,19.115266329696485,15.310223210020682,0.5227088675934674,5.979281509225705,15.395529689608637,0.2991651329409603
HYDROGEL_PACK,day_all,70,130,29610,0.2249728324523143,-0.3159580793232274,-0.11819588796359914,-20.481506538559575,0.0139702679315038,19.7423889182698,15.815605405303542,0.5197595082077957,5.978775523848001,15.898564674096589,0.3159580793232274
HYDROGEL_PACK,day_all,70,140,29580,0.2347905315467212,-0.33900351539861334,-0.12292977815108437,-21.3033556470282,0.015111730356274777,20.34623220198379,16.330454751544263,0.5247836083310793,5.976503533026585,16.433603786342122,0.33900351539861334
HYDROGEL_PACK,day_all,70,150,29550,0.23917937738215483,-0.3743183967572708,-0.13183510228360687,-22.86137855944296,0.017380494194129015,20.92746871773935,16.840610732565118,0.5252487646381913,5.97679906126345,16.95040609137056,0.3743183967572708
HYDROGEL_PACK,day_all,100,1,29997,0.0007841296778452952,-0.0043364401573417755,-0.019451486671254445,-3.369453044005686,0.000378360333722072,1.9552583456030734,1.5286705220884198,0.4098956423165405,7.040698749803988,1.5234190085675234,0.0043364401573417755
HYDROGEL_PACK,day_all,100,5,29985,0.003163455367694263,-0.014677446681235398,-0.030389757195743432,-5.264600356557897,0.0009235373424162363,4.233768655085061,3.3678673063144267,0.46299322904506185,7.039815296613713,3.36181424045356,0.014677446681235398
HYDROGEL_PACK,day_all,100,10,29970,0.0072414909612142486,-0.026977316620308726,-0.039838508048011964,-6.902030202257769,0.0015871067234914937,5.933930837017763,4.731802216298484,0.47233531335513584,7.0396991221850005,4.725258591925258,0.026977316620308726
HYDROGEL_PACK,day_all,100,20,29940,0.013223405525092298,-0.04589063115340684,-0.04859672436286876,-8.418443846099187,0.0023616416188007028,8.270216458071319,6.638948542323931,0.4875066809192945,7.038855468465722,6.640430861723447,0.04589063115340684
HYDROGEL_PACK,day_all,100,30,29910,0.025607659665371076,-0.0688278365661588,-0.05981485787384105,-10.362894275752668,0.0035778172224677496,10.072573011112658,8.117489856400715,0.4947836554537551,7.038947047069771,8.128435305917753,0.0688278365661588
HYDROGEL_PACK,day_all,100,50,29850,0.05119357442122493,-0.11534842012859567,-0.07844122873003762,-13.593842887645625,0.0061530263646782934,12.856027887015777,10.363290824841917,0.5121289284996314,7.037185135799313,10.412043551088777,0.11534842012859567
HYDROGEL_PACK,day_all,100,70,29790,0.10205374842808408,-0.17287119946649337,-0.10001663872207495,-17.349064446542968,0.010003328021262026,15.071226655550996,12.09815279649149,0.5201101188477808,7.031216827641582,12.169167505874455,0.17287119946649337
HYDROGEL_PACK,day_all,100,80,29760,0.126928650129361,-0.20494038484310395,-0.11136020758625458,-19.330433871139647,0.012401095833653564,16.027598836852444,12.879143256243724,0.5217099072455975,7.030987377607057,12.955208333333333,0.20494038484310395
HYDROGEL_PACK,day_all,100,90,29730,0.15496482325626615,-0.2377377071442682,-0.12230429086839872,-21.246981550609405,0.014958339564821954,16.89866813246916,13.576460155132487,0.5254322815044069,7.0279255976515325,13.665539858728557,0.2377377071442682
HYDROGEL_PACK,day_all,100,100,29700,0.17773259673261183,-0.2669633429126327,-0.131088186278445,-22.787205659377623,0.017184112581772326,17.6830869721984,14.167312056504699,0.5298019935344828,7.026730043558277,14.281195286195286,0.2669633429126327
HYDROGEL_PACK,day_all,100,110,29670,0.19756631761628343,-0.29263155434237614,-0.13801940155047082,-24.002733136840906,0.019049355204350138,18.39611715745294,14.727100785365279,0.5308096811164296,7.027766625704114,14.850235928547354,0.29263155434237614
HYDROGEL_PACK,day_all,100,120,29640,0.21594783959502822,-0.31301361795821403,-0.14252545256494126,-24.789816658438337,0.020313504628841406,19.047879325321546,15.267805798944575,0.5316506951005534,7.029172692740072,15.395529689608637,0.31301361795821403
HYDROGEL_PACK,day_all,100,130,29610,0.2327377960589966,-0.33395663466357806,-0.14717522468772656,-25.603212441749456,0.02166054676188267,19.665250440895694,15.762341112016925,0.5306356819563602,7.02803084288386,15.898564674096589,0.33395663466357806
HYDROGEL_PACK,day_all,100,140,29580,0.2433119033381411,-0.36006096427816286,-0.15381760939967282,-26.772559142880166,0.02365985696143047,20.257744400448058,16.265664315903926,0.5369556397078713,7.024990388019098,16.433603786342122,0.36006096427816286
HYDROGEL_PACK,day_all,100,150,29550,0.24866790831002683,-0.3951614438102864,-0.16395425891970974,-28.569574440124327,0.0268809990179113,20.826053860510743,16.767678216164164,0.5379069924862926,7.0247904691239205,16.95040609137056,0.3951614438102864
HYDROGEL_PACK,day_all,120,1,29997,0.0008395753968090287,-0.004114749482389802,-0.019996541241189613,-3.4639065142512058,0.0003998616616106565,1.95523731720833,1.528777894625097,0.41019571233287766,7.625246154138416,1.5234190085675234,0.004114749482389802
HYDROGEL_PACK,day_all,120,5,29985,0.00341252403897522,-0.014581573760580675,-0.03270933202363316,-5.666849357630221,0.0010699004014323998,4.2334585236529785,3.3679792847889356,0.4652279777192222,7.624435291817595,3.36181424045356,0.014581573760580675
HYDROGEL_PACK,day_all,120,10,29970,0.007737345737434834,-0.02715156659951332,-0.0434393841063217,-7.5270132184920815,0.0018869800915364277,5.933039641866585,4.731486833288737,0.4742040979777081,7.624256611122959,4.725258591925258,0.02715156659951332
HYDROGEL_PACK,day_all,120,20,29940,0.01421899660091803,-0.04752813405800886,-0.054526917880390366,-9.448631737020223,0.0029731847735349204,8.267681286121,6.636587318742549,0.4897447888829503,7.623327181389685,6.640430861723447,0.04752813405800886
HYDROGEL_PACK,day_all,120,30,29910,0.027142274306939478,-0.07154659078280161,-0.0673624623879081,-11.676138337720229,0.004537701338962252,10.0677202325282,8.112692825335175,0.498060589848191,7.623878654568306,8.128435305917753,0.07154659078280161
HYDROGEL_PACK,day_all,120,50,29850,0.05376444934607284,-0.12034368492555575,-0.08865750965581677,-15.377534146093211,0.007860154018371368,12.844981763251738,10.351465973747493,0.5167861690008712,7.621762953378955,10.412043551088777,0.12034368492555575
HYDROGEL_PACK,day_all,120,70,29790,0.10546729233813554,-0.17857019453377715,-0.11191332969229813,-19.437452529397248,0.012524593362817082,15.052023164024575,12.082628614005458,0.523870274625663,7.614146474915896,12.169167505874455,0.17857019453377715
HYDROGEL_PACK,day_all,120,80,29760,0.1306910973979017,-0.2104720954668255,-0.12388126402768308,-21.536037471325965,0.015346567577096515,16.003680173381,12.86103853881996,0.5257763140207017,7.613266960189746,12.955208333333333,0.2104720954668255
HYDROGEL_PACK,day_all,120,90,29730,0.15904211625243267,-0.24279345282187356,-0.1353007547582253,-23.544803061792457,0.018306294238145338,16.86992613523954,13.556635775818405,0.5284599340644554,7.609651855960453,13.665539858728557,0.24279345282187356
HYDROGEL_PACK,day_all,120,100,29700,0.1821411776753304,-0.27189981699950055,-0.14462471702509902,-25.188146779780308,0.020916308774589942,17.64947969903505,14.144022175846104,0.5318561422413793,7.608033936863766,14.281195286195286,0.27189981699950055
HYDROGEL_PACK,day_all,120,110,29670,0.202340433359473,-0.29787171557951236,-0.1521805880786031,-26.521094204601752,0.023158931387949444,18.357542540475105,14.704390008405547,0.5341468347603316,7.608742001910304,14.850235928547354,0.29787171557951236
HYDROGEL_PACK,day_all,120,120,29640,0.22110379126868085,-0.31938237806437364,-0.15752089108550107,-27.46114349946742,0.024812831128370516,19.004089166381064,15.239987910708333,0.536172222972061,7.609855215697903,15.395529689608637,0.31938237806437364
HYDROGEL_PACK,day_all,120,130,29610,0.2383249103410934,-0.3414907353716701,-0.16301173432723629,-28.429660342981325,0.02657282552837359,19.61581833592141,15.72766909729763,0.5369857461325407,7.608449818943897,15.898564674096589,0.3414907353716701
HYDROGEL_PACK,day_all,120,140,29580,0.24942805681204322,-0.3680609643224061,-0.17031522912751923,-29.72554993055587,0.029007277272759313,20.202192342757492,16.22560954901072,0.5441236137408709,7.605052392746199,16.433603786342122,0.3680609643224061
HYDROGEL_PACK,day_all,120,150,29550,0.25541292726012355,-0.4021478220347881,-0.18073025553892963,-31.58683439762164,0.0326634252671667,20.764085822613378,16.720656491796937,0.5453530088675286,7.6046493697160225,16.95040609137056,0.4021478220347881
HYDROGEL_PACK,day_all,150,1,29997,0.0009228384470004951,-0.00391564659140594,-0.020906923812599964,-3.6216752519787696,0.0004370994633059455,1.9552008979368702,1.528970533760991,0.4105821164232847,8.37630508519748,1.5234190085675234,0.00391564659140594
HYDROGEL_PACK,day_all,150,5,29985,0.0037932499989096332,-0.014591595380327225,-0.035961848614678195,-6.231040287977646,0.001293254555785217,4.2329852105502415,3.3680986511216306,0.4662464145153759,8.375649756163044,3.36181424045356,0.014591595380327225
HYDROGEL_PACK,day_all,150,10,29970,0.008495257915577075,-0.027533768702190337,-0.04839693650543453,-8.387952541868344,0.0023422634631110606,5.931686326989427,4.730863162172525,0.4752227450195215,8.37538738207246,4.725258591925258,0.027533768702190337
HYDROGEL_PACK,day_all,150,20,29940,0.01573139303244657,-0.049524856006796486,-0.0624215228601318,-10.821650582638435,0.0038964465161780426,8.26385240125247,6.632974541949154,0.4916658315796506,8.374313970496024,6.640430861723447,0.049524856006796486
HYDROGEL_PACK,day_all,150,30,29910,0.029449103357608968,-0.07470178136435285,-0.07726973076002264,-13.403044906084915,0.005970611291726269,10.060471674909484,8.105870786953755,0.5019560637977731,8.375401072097032,8.128435305917753,0.07470178136435285
HYDROGEL_PACK,day_all,150,50,29850,0.05758158622492849,-0.12572071162770349,-0.10174469307090583,-17.66969302277792,0.010351982568092999,12.828841087645914,10.335188418687723,0.5230006365798908,8.372875092837043,10.412043551088777,0.12572071162770349
HYDROGEL_PACK,day_all,150,70,29790,0.11056847438435298,-0.18435739918130772,-0.12691378951357712,-22.0828729268175,0.016107109968696687,15.024694321163437,12.061294700446984,0.5303320240373317,8.363237212697602,12.169167505874455,0.18435739918130772
HYDROGEL_PACK,day_all,150,80,29760,0.13636545003822503,-0.21586550905583657,-0.13955871415225585,-24.31251325872292,0.019476634695831052,15.9700816878673,12.836179812395594,0.5312363477501092,8.361588979733174,12.955208333333333,0.21586550905583657
HYDROGEL_PACK,day_all,150,90,29730,0.16526451238530346,-0.2474744364910229,-0.15148609787742673,-26.42389252745306,0.022948037850129333,16.829995831961554,13.529532233546822,0.5324116123389511,8.357346518991934,13.665539858728557,0.2474744364910229
HYDROGEL_PACK,day_all,150,100,29700,0.18893215885430656,-0.276195761439201,-0.16137419256689634,-28.179123904405508,0.026041630026617857,17.603223209714972,14.112874491550713,0.5365525137219248,8.355274150447135,14.281195286195286,0.276195761439201
HYDROGEL_PACK,day_all,150,110,29670,0.20973501470590444,-0.3021487975503935,-0.16956013552111124,-29.634835254664345,0.028750639557937552,18.30492531074671,14.673910587183563,0.5394209053830856,8.355644444496765,14.850235928547354,0.3021487975503935
HYDROGEL_PACK,day_all,150,120,29640,0.22911665651498014,-0.32434752252504406,-0.17571091190089852,-30.727917607741766,0.03087432456104533,18.94493502344163,15.201981913905998,0.5422276208793063,8.356513626541947,15.395529689608637,0.32434752252504406
HYDROGEL_PACK,day_all,150,130,29610,0.24701718127787592,-0.3470264677242201,-0.18195592713304956,-31.8406372179803,0.03310795941884781,19.54986174302617,15.679470179266444,0.5446009389671361,8.354918493844004,15.898564674096589,0.3470264677242201
HYDROGEL_PACK,day_all,150,140,29580,0.2589081186845005,-0.37331459926738897,-0.18975370637675734,-33.2382086767673,0.03600646908371652,20.129249080919713,16.171176094539565,0.5516448591811205,8.351210134067632,16.433603786342122,0.37331459926738897
HYDROGEL_PACK,day_all,150,150,29550,0.26578314061340175,-0.4055502535852131,-0.20020220724251506,-35.12494034154593,0.0400809237847749,20.684323531264194,16.656389217072686,0.5537279588452296,8.350694259555999,16.95040609137056,0.4055502535852131
HYDROGEL_PACK,day_all,200,1,29997,0.001059701578992441,-0.00371981816924239,-0.022283057082729183,-3.860175534311764,0.0004965346329522946,1.9551427678159385,1.5292823529703117,0.4128630013669856,9.406119118631267,1.5234190085675234,0.00371981816924239
HYDROGEL_PACK,day_all,200,5,29985,0.004425326501297944,-0.014613016168841482,-0.04040541890512464,-7.002158866412399,0.0016325978768987337,4.23226600178058,3.368197685992501,0.4696641206097195,9.405433433906923,3.36181424045356,0.014613016168841482
HYDROGEL_PACK,day_all,200,10,29970,0.00975070704534332,-0.027926796333540803,-0.055070785896688776,-9.547940790829886,0.0030327914592790384,5.929633165705441,4.729681824133674,0.47784155376092907,9.404999758675132,4.725258591925258,0.027926796333540803
HYDROGEL_PACK,day_all,200,20,29940,0.018213805102342523,-0.051456459880040974,-0.07275763064468406,-12.622416301951283,0.005293672817028305,8.258054548329119,6.627356233892317,0.4972274184927846,9.40358136015473,6.640430861723447,0.051456459880040974
HYDROGEL_PACK,day_all,200,30,29910,0.033196661700668435,-0.07760266136612444,-0.09004681558994555,-15.636154218691885,0.00810842899788966,10.049647532800488,8.09597781861525,0.5106333177288839,9.405362775414156,8.128435305917753,0.07760266136612444
HYDROGEL_PACK,day_all,200,50,29850,0.06372558670242905,-0.13018232404864127,-0.11817390657558192,-20.560471087759645,0.013965072195334383,12.80540137197799,10.313452193686024,0.5295516987200964,9.40234895674894,10.412043551088777,0.13018232404864127
HYDROGEL_PACK,day_all,200,70,29790,0.11886466277247353,-0.18824580312892503,-0.14534898359969511,-25.355334692783643,0.02112632703346451,14.98632194055259,12.031343861470006,0.534815013764856,9.390410108777841,12.169167505874455,0.18824580312892503
HYDROGEL_PACK,day_all,200,80,29760,0.14568388472204666,-0.21876024115051856,-0.1586258788783545,-27.714670766962342,0.025162169449930216,15.923713358620967,12.803674161269882,0.5356230676166152,9.387962963171336,12.955208333333333,0.21876024115051856
HYDROGEL_PACK,day_all,200,90,29730,0.17559533597155438,-0.2490339150890702,-0.17098578979934823,-29.921686271896256,0.029236140313306902,16.775751244465855,13.493427239519802,0.5376438134966023,9.383132986689432,13.665539858728557,0.2490339150890702
HYDROGEL_PACK,day_all,200,100,29700,0.20028878274410541,-0.2767115493872775,-0.18134863009275431,-31.778935333845475,0.03288732563651853,17.54124992073091,14.07396022804718,0.5425983297413793,9.38071150536169,14.281195286195286,0.2767115493872775
HYDROGEL_PACK,day_all,200,110,29670,0.22213253591041077,-0.3019266629925293,-0.19005031547932574,-33.34272172283102,0.03611912241379134,18.235357016443363,14.63161640652081,0.5461133958066473,9.380886887117299,14.850235928547354,0.3019266629925293
HYDROGEL_PACK,day_all,200,120,29640,0.24255308073632992,-0.32398053082314493,-0.19686360987975832,-34.56789291087467,0.03875528089488989,18.86774741691359,15.14964219550002,0.5505803752193279,9.381739940213185,15.395529689608637,0.32398053082314493
HYDROGEL_PACK,day_all,200,130,29610,0.261561580198213,-0.34625562162902523,-0.20364492651699284,-35.79114238353375,0.041471256096111575,19.465128193509766,15.61642684774625,0.5550226305478619,9.380198403913658,15.898564674096589,0.34625562162902523
HYDROGEL_PACK,day_all,200,140,29580,0.2746617137889025,-0.3711612600199463,-0.2116344632573585,-37.24098583861307,0.04478914603823014,20.037343274867226,16.098835696675632,0.5625845279956722,9.376419315244586,16.433603786342122,0.3711612600199463
HYDROGEL_PACK,day_all,200,150,29550,0.2828258260477523,-0.40040040741524546,-0.22173510785401931,-39.08825292568944,0.0491664580550335,20.586203318852785,16.57472892637546,0.563764976646585,9.37609436683363,16.95040609137056,0.40040040741524546
HYDROGEL_PACK,day_0,10,1,9999,-0.004755927267641906,-0.03264801494910055,-0.043652121501566374,-4.368721620309632,0.0019055077115874841,1.9653612920878034,1.5392718077340761,0.41172351705511656,2.099181113451388,1.527952795279528,0.03264801494910055
HYDROGEL_PACK,day_0,10,5,9995,-0.02278113502418941,-0.07259615185767102,-0.04561067079627295,-4.564220448251207,0.0020803332904859584,4.178896230789344,3.3110368700359087,0.4665265685980186,2.097742282843305,3.3038519259629813,0.07259615185767102
HYDROGEL_PACK,day_0,10,10,9990,-0.04105645254523066,-0.121969163914386,-0.05513417573068448,-5.518502422549452,0.003039777333502025,5.804684780698556,4.599600332591166,0.4819783740488586,2.097344718262465,4.591891891891892,0.121969163914386
HYDROGEL_PACK,day_0,10,20,9980,-0.07512429355142888,-0.11731536236461436,-0.03853615846672777,-3.852235951545903,0.001485035509372512,7.988305060274314,6.416564434126093,0.481659651232712,2.095984418982043,6.411422845691383,0.11731536236461436
HYDROGEL_PACK,day_0,10,30,9970,-0.09307323266411584,-0.08347260833934025,-0.022559559090762103,-2.25291685299129,0.0005089337063695076,9.716151290092661,7.82471932300132,0.4798354735152488,2.096454270169267,7.822266800401204,0.08347260833934025
HYDROGEL_PACK,day_0,10,50,9950,-0.12901125297306668,-0.07598689995155392,-0.015951237976926484,-1.5911735137949201,0.0002544419929966235,12.515506723666434,10.218580806855833,0.4873341375150784,2.097289560090551,10.217989949748743,0.07598689995155392
HYDROGEL_PACK,day_0,10,70,9930,-0.15777335828720684,-0.07171786291894178,-0.012658662861553717,-1.2614020037263984,0.0001602417454423799,14.869389028603567,11.996153152732772,0.487812248186946,2.0957860724229542,11.994008056394764,0.07171786291894178
HYDROGEL_PACK,day_0,10,80,9920,-0.1746025744492736,-0.1281570212241378,-0.021118005864491418,-2.1035935034993813,0.00044597017169267783,15.925361873853383,12.852149604843408,0.48931236136317807,2.0959190554455707,12.851108870967742,0.1281570212241378
HYDROGEL_PACK,day_0,10,90,9910,-0.18753584508926407,-0.21457039419952306,-0.033443276578349515,-3.3307713802351087,0.0011184527482960283,16.83780089045548,13.58816324953111,0.4955591441259588,2.0971279301931958,13.587285570131181,0.21457039419952306
HYDROGEL_PACK,day_0,10,100,9900,-0.19928351077838138,-0.26163083024078104,-0.038928342869682706,-3.87586783522622,0.001515415878579618,17.641485925713198,14.256349681873314,0.49737320670842594,2.0981787561624468,14.25959595959596,0.26163083024078104
HYDROGEL_PACK,day_0,10,110,9890,-0.21026428435865574,-0.2747500233750789,-0.03927723866096127,-3.9086828074823576,0.0015427014768301106,18.36786277250948,14.8176225585125,0.49919093851132684,2.09919570060151,14.821739130434782,0.2747500233750789
HYDROGEL_PACK,day_0,10,120,9880,-0.2202805857979804,-0.30164407920240605,-0.041557295251549844,-4.133872942414427,0.0017270087886245289,19.06407245193324,15.39951378102477,0.5030370520348248,2.099982861007935,15.408906882591094,0.30164407920240605
HYDROGEL_PACK,day_0,10,130,9870,-0.2324990796378922,-0.31885792590801615,-0.042512989314940054,-4.226968691488866,0.0018073542604920556,19.706891514395284,15.935071861098317,0.5033441426834212,2.1013886763185843,15.936727456940224,0.31885792590801615
HYDROGEL_PACK,day_0,10,140,9860,-0.2491473344642926,-0.3423684198929638,-0.04430491545782534,-4.403246330466275,0.001962925533725013,20.31143613864026,16.487462768165564,0.5052749036315682,2.1026996303991505,16.486156186612575,0.3423684198929638
HYDROGEL_PACK,day_0,10,150,9850,-0.2710315399833198,-0.3804062600095372,-0.04789359776319754,-4.758281662470597,0.002293796706702933,20.881746732064776,16.985734890806217,0.5045694557270511,2.10372972532744,16.98228426395939,0.3804062600095372
HYDROGEL_PACK,day_0,20,1,9999,-0.0048353440092831846,-0.019493890931978643,-0.03815790572947471,-3.817998726206577,0.0014560257696594192,1.9658037827449486,1.538213295995016,0.4104231269380814,3.0857033620812286,1.527952795279528,0.019493890931978643
HYDROGEL_PACK,day_0,20,5,9995,-0.023108994972221457,-0.04813158338073836,-0.04426726525900377,-4.42951905096875,0.001959590773511044,4.17914903429864,3.3108213648821465,0.46332432702892024,3.0834030954506155,3.3038519259629813,0.04813158338073836
HYDROGEL_PACK,day_0,20,10,9990,-0.04143910756102987,-0.07639232965487022,-0.05055259840456034,-5.058693820036207,0.002555565205452859,5.806094243939039,4.6007681487879095,0.47266720064076895,3.0830252168698995,4.591891891891892,0.07639232965487022
HYDROGEL_PACK,day_0,20,20,9980,-0.07524155566083886,-0.06441788143965888,-0.030972175349897012,-3.095293695961105,0.0009592756459047003,7.990407871755852,6.4156736257201015,0.4781519342553618,3.0802380269658007,6.411422845691383,0.06441788143965888
HYDROGEL_PACK,day_0,20,30,9970,-0.0931491748437514,-0.04470920340735223,-0.017686729787591973,-1.7661170948062894,0.0003128204105791177,9.717104461689651,7.825560789279605,0.4730136436597111,3.0810040320813004,7.822266800401204,0.04470920340735223
HYDROGEL_PACK,day_0,20,50,9950,-0.1289435636897967,-0.03378157388365124,-0.010379616413530532,-1.0353151957111624,0.000107736436892103,12.516424970817226,10.217745236829236,0.48411741053478086,3.08213562514233,10.217989949748743,0.03378157388365124
HYDROGEL_PACK,day_0,20,70,9930,-0.15785056940891623,-0.052708892826817816,-0.013614634070835768,-1.3566790262908632,0.00018535826088261764,14.869202263883773,11.996282952806814,0.48761079774375504,3.079078091306716,11.994008056394764,0.052708892826817816
HYDROGEL_PACK,day_0,20,80,9920,-0.17486078628899693,-0.11915929950469263,-0.028740108336434787,-2.8633859474725583,0.0008259938271899525,15.922334228825273,12.850112710315573,0.49122807017543857,3.0800130145043885,12.851108870967742,0.11915929950469263
HYDROGEL_PACK,day_0,20,90,9910,-0.1878747884027158,-0.18605992756202194,-0.042448240565823324,-4.22906454233369,0.001801853127134101,16.83203998297902,13.586710187307046,0.4977795720629794,3.082071800031718,13.587285570131181,0.18605992756202194
HYDROGEL_PACK,day_0,20,100,9900,-0.19966545662678983,-0.22569812491323263,-0.0491577669502444,-4.89656179115426,0.002416486051534661,17.633523957655434,14.250962013095842,0.5011113356233583,3.084017543406049,14.25959595959596,0.22569812491323263
HYDROGEL_PACK,day_0,20,110,9890,-0.21066349469168505,-0.2403084056331739,-0.05029084147443235,-5.0071779832190755,0.0025291687362065662,18.35878688467935,14.814491578225995,0.5035396440129449,3.0860109375480955,14.821739130434782,0.2403084056331739
HYDROGEL_PACK,day_0,20,120,9880,-0.22081913081899565,-0.2695660428064299,-0.054370782100754696,-5.411815330233365,0.0029561819462476935,19.05233204421974,15.399964975392203,0.5059728690018223,3.0876804715886146,15.408906882591094,0.2695660428064299
HYDROGEL_PACK,day_0,20,130,9870,-0.2330769849492788,-0.29099898158718557,-0.05680368540844077,-5.651879276694206,0.0032266586759810423,19.692876169852536,15.93695807253676,0.5032428050263478,3.0899997198527966,15.936727456940224,0.29099898158718557
HYDROGEL_PACK,day_0,20,140,9860,-0.24965881876685414,-0.31761782925125054,-0.06017732466641689,-5.985701674280874,0.003621310404007483,20.294553908668266,16.489246170968297,0.5043619395414891,3.0920976443772994,16.486156186612575,0.31761782925125054
HYDROGEL_PACK,day_0,20,150,9850,-0.2714871043181834,-0.3586782989551791,-0.06611808840957496,-6.575755714736997,0.004371601614936327,20.85999142517658,16.984680136420103,0.5048740861088545,3.093917940290605,16.98228426395939,0.3586782989551791
HYDROGEL_PACK,day_0,30,1,9999,-0.004842072727754589,-0.01395987225163795,-0.033751428620632525,-3.376560320110534,0.0011391589339335706,1.9661156611560788,1.5372428639767401,0.40828165633126623,3.822700149040356,1.527952795279528,0.01395987225163795
HYDROGEL_PACK,day_0,30,5,9995,-0.023169288934115333,-0.03514495678246855,-0.03992258878347773,-3.9940454933749274,0.00159381309517459,4.179914784554196,3.3107736229085436,0.46177706623974385,3.819745180250027,3.3038519259629813,0.03514495678246855
HYDROGEL_PACK,day_0,30,10,9990,-0.04144983567537235,-0.05407991101091896,-0.04419872621460622,-4.421540813682153,0.001953527398993793,5.807846201656162,4.601239039867563,0.4686154770247272,3.8191640481284534,4.591891891891892,0.05407991101091896
HYDROGEL_PACK,day_0,30,20,9980,-0.07516497630210396,-0.04206204690077448,-0.024975018531428167,-2.4955315056782115,0.0006237515506452018,7.99174953343468,6.415512407330137,0.4747970738550957,3.815243813430964,6.411422845691383,0.04206204690077448
HYDROGEL_PACK,day_0,30,30,9970,-0.09308823998254542,-0.02879842086617755,-0.01406865470005385,-1.404751707635405,0.00019792704506926828,9.71766283573985,7.825279805046984,0.4720633965292406,3.815897045610538,7.822266800401204,0.02879842086617755
HYDROGEL_PACK,day_0,30,50,9950,-0.1289210597542838,-0.02329269551671583,-0.008836270160621438,-0.8813610002302765,7.807967035133867e-05,12.51661058778539,10.21748348404237,0.48577746507186653,3.815812772791011,10.217989949748743,0.02329269551671583
HYDROGEL_PACK,day_0,30,70,9930,-0.1580384120098748,-0.060605412122309854,-0.01932802481313923,-1.926191642291837,0.0003735725431772696,14.867802640475437,11.996137302100369,0.48887098398630274,3.8109104269208367,11.994008056394764,0.060605412122309854
HYDROGEL_PACK,day_0,30,80,9920,-0.17516090548043342,-0.1250690815613276,-0.03724761909086085,-3.7120348543449326,0.0013873851279376792,15.91786057569787,12.848529443630099,0.4954128440366973,3.8125238979922296,12.851108870967742,0.1250690815613276
HYDROGEL_PACK,day_0,30,90,9910,-0.18823101133421002,-0.18239567823034372,-0.051382674205497095,-5.121341874416897,0.00264017920850812,16.82497039359053,13.584653470393508,0.5014633161772126,3.815172179175316,13.587285570131181,0.18239567823034372
HYDROGEL_PACK,day_0,30,100,9900,-0.2000647944748744,-0.21835594252303164,-0.0587262702181399,-5.852700898783673,0.003448774813734179,17.624398105111982,14.24673923790271,0.5050005051015254,3.817837657001022,14.25959595959596,0.21835594252303164
HYDROGEL_PACK,day_0,30,110,9890,-0.2111030361682681,-0.23641187642120812,-0.061094658846286516,-6.0865263127370755,0.0037325573395442513,18.34770915607155,14.812071652127484,0.5068257660026292,3.8205700151937663,14.821739130434782,0.23641187642120812
HYDROGEL_PACK,day_0,30,120,9880,-0.2213315651056511,-0.2669901375077908,-0.0665002259196218,-6.623995780875896,0.004422280047360672,19.038319187805683,15.401580286683922,0.5102743192630833,3.822958739888758,15.408906882591094,0.2669901375077908
HYDROGEL_PACK,day_0,30,130,9870,-0.23357765453705073,-0.2928423870284337,-0.07059153497058719,-7.0299458773106025,0.00498316480950356,19.675517203359227,15.935250163179889,0.506636943965954,3.8261384814435835,15.936727456940224,0.2928423870284337
HYDROGEL_PACK,day_0,30,140,9860,-0.25006310532040266,-0.32476643694290686,-0.07598550185622312,-7.566282293675587,0.005773796492342109,20.272620800538135,16.483693614069107,0.5099908712851202,3.828650334978056,16.486156186612575,0.32476643694290686
HYDROGEL_PACK,day_0,30,150,9850,-0.2717356476733271,-0.3705369007286687,-0.08434844719301042,-8.40043088103001,0.007114660543872109,20.831235891438705,16.977657079623835,0.509594882729211,3.830853061625132,16.98228426395939,0.3705369007286687
HYDROGEL_PACK,day_0,50,1,9999,-0.004809054410548146,-0.00896571225369006,-0.028105536231028606,-2.81124255779161,0.0007899211668336292,1.9664593435825681,1.535908336479879,0.4050215064519356,4.987615380346114,1.527952795279528,0.00896571225369006
HYDROGEL_PACK,day_0,50,5,9995,-0.023130315349466836,-0.022923078226899173,-0.03375969095069407,-3.376712095261481,0.0011397167330864377,4.180865233554419,3.310728424414838,0.45882117482237567,4.9836223372909885,3.3038519259629813,0.022923078226899173
HYDROGEL_PACK,day_0,50,10,9990,-0.0413463318142664,-0.03468932620917575,-0.0367524161361776,-3.6755189809459297,0.0013507400918469914,5.809599811142955,4.601380850963474,0.45875050060072087,4.982019102195979,4.591891891891892,0.03468932620917575
HYDROGEL_PACK,day_0,50,20,9980,-0.07512176256935198,-0.027027873040418662,-0.020801125157722665,-2.078272801409494,0.00043268680782715396,7.992513444222494,6.415544829515655,0.46632591701743836,4.976235946664081,6.411422845691383,0.027027873040418662
HYDROGEL_PACK,day_0,50,30,9970,-0.09322085086429145,-0.022619017473480038,-0.014320411713638818,-1.4298946943052133,0.00020507419164794705,9.7176281020227,7.825646357233479,0.47020465489566615,4.975776558506792,7.822266800401204,0.022619017473480038
HYDROGEL_PACK,day_0,50,50,9950,-0.12939844048884422,-0.03307187578574164,-0.016253618075467928,-1.6213445364216141,0.00026418010054318763,12.515445769333459,10.217821208488362,0.4827100924809007,4.972872209385084,10.217989949748743,0.03307187578574164
HYDROGEL_PACK,day_0,50,70,9930,-0.15862953742892819,-0.08867561759854138,-0.03664316898810937,-3.653555205434471,0.0013427218334910451,14.860593640129126,11.995491597333947,0.4888195004029009,4.9660577948580515,11.994008056394764,0.08867561759854138
HYDROGEL_PACK,day_0,50,80,9920,-0.1758630819705591,-0.14696660463054378,-0.05671630147682489,-5.657435172602816,0.003216738853210166,15.90327396560537,12.844826956089515,0.4971768501714055,4.968791305922838,12.851108870967742,0.14696660463054378
HYDROGEL_PACK,day_0,50,90,9910,-0.18897261067478813,-0.1959438130585657,-0.07152833475058942,-7.138138268338191,0.005116302672192319,16.80407192105516,13.577357375954922,0.5066612838110618,4.972245216559859,13.587285570131181,0.1959438130585657
HYDROGEL_PACK,day_0,50,100,9900,-0.20083373293573367,-0.23067786477736768,-0.08039404297175408,-8.024271526308885,0.006463202145344238,17.597722254104387,14.235268367774834,0.5100020206102243,4.976040910491319,14.25959595959596,0.23067786477736768
HYDROGEL_PACK,day_0,50,110,9890,-0.21185842716102482,-0.25517238094536054,-0.08545234923879999,-8.52844169879173,0.0073021039904298535,18.31481047327677,14.803389017619313,0.5105177993527508,4.979660548160682,14.821739130434782,0.25517238094536054
HYDROGEL_PACK,day_0,50,120,9880,-0.22203044940965072,-0.28975297006485096,-0.09352444323169845,-9.336139792542639,0.008746821481799172,18.996925331429814,15.39269030004997,0.512856853614092,4.983223181080133,15.408906882591094,0.28975297006485096
HYDROGEL_PACK,day_0,50,130,9870,-0.23402557797123588,-0.32310654346483464,-0.10093273731070085,-10.07790213826512,0.010187417461030912,19.62399515791066,15.914570516302097,0.5107417916497771,4.987096742297114,15.936727456940224,0.32310654346483464
HYDROGEL_PACK,day_0,50,140,9860,-0.24998965119745756,-0.3628129739722769,-0.10999822432223288,-10.988122761973388,0.012099609354044305,20.208025117448113,16.448336928627427,0.5183607222560357,4.989449027416596,16.486156186612575,0.3628129739722769
HYDROGEL_PACK,day_0,50,150,9850,-0.27083928442317673,-0.41388885703481815,-0.12207858929798736,-12.206019625467022,0.014903181964986634,20.74937147590866,16.94307009152762,0.5179731925264013,4.991252419610899,16.98228426395939,0.41388885703481815
HYDROGEL_PACK,day_0,70,1,9999,-0.004781846996132835,-0.006860739119717435,-0.025375134232914192,-2.5379499890464983,0.0006438974373383921,1.9666030266994343,1.535227379276079,0.40122036610983297,5.907802959453291,1.527952795279528,0.006860739119717435
HYDROGEL_PACK,day_0,70,5,9995,-0.02312189587095504,-0.018186576583767867,-0.031600168505407776,-3.1604890309459632,0.0009985706495703184,4.181160616160974,3.3106452993455813,0.4548183728610027,5.902973281145159,3.3038519259629813,0.018186576583767867
HYDROGEL_PACK,day_0,70,10,9990,-0.04136879381151861,-0.028117116636575807,-0.03514229425058615,-3.5142909658799155,0.0012349808451950217,5.809936513645443,4.6013743012378745,0.4549459351221466,5.900480583700913,4.591891891891892,0.028117116636575807
HYDROGEL_PACK,day_0,70,20,9980,-0.0753682360242309,-0.025783026250439572,-0.02340614565676832,-2.3386791797391573,0.0005478476545056621,7.992053019438993,6.416054625578732,0.46141511324914813,5.893116435545828,6.411422845691383,0.025783026250439572
HYDROGEL_PACK,day_0,70,30,9970,-0.09372817525113344,-0.028186059126919672,-0.02104642263753825,-2.101737673783077,0.0004429519058378739,9.716471992597109,7.827255134063342,0.4652889245585875,5.89148523143491,7.822266800401204,0.028186059126919672
HYDROGEL_PACK,day_0,70,50,9950,-0.1302268431549429,-0.05166014982242709,-0.02993687347997375,-2.987232519266916,0.000896216393755922,12.511488990749555,10.217436293310609,0.4801970245275432,5.886277954445202,10.217989949748743,0.05166014982242709
HYDROGEL_PACK,day_0,70,70,9930,-0.15927171421853706,-0.11603806547354431,-0.056545145208971366,-5.643150290719861,0.003197353446703577,14.846788235974138,11.99358725114138,0.4932514101531023,5.8783310580769115,11.994008056394764,0.11603806547354431
HYDROGEL_PACK,day_0,70,80,9920,-0.17647011022441755,-0.17085873091704468,-0.07775709566808821,-7.767280266465825,0.0060461659267361245,15.880686742871353,12.83967978381729,0.5036297640653358,5.8818693554889,12.851108870967742,0.17085873091704468
HYDROGEL_PACK,day_0,70,90,9910,-0.18946812326344156,-0.2172548166947316,-0.09352432547513222,-9.350294338983911,0.008746799455578436,16.773383466060928,13.56548399952468,0.5135244247073072,5.885568077604189,13.587285570131181,0.2172548166947316
HYDROGEL_PACK,day_0,70,100,9900,-0.20118498419032055,-0.253258715145903,-0.10408534182280976,-10.411868020039527,0.010833758382371106,17.558973510710643,14.216692727463299,0.5198019801980198,5.89003518802118,14.25959595959596,0.253258715145903
HYDROGEL_PACK,day_0,70,110,9890,-0.21197462747560553,-0.2825283990206486,-0.11157169395661391,-11.164218372724214,0.01244824289234836,18.267276865502733,14.787477124655416,0.5215412621359223,5.8938965162402885,14.821739130434782,0.2825283990206486
HYDROGEL_PACK,day_0,70,120,9880,-0.22177535464494544,-0.3202707462190942,-0.12190281368966904,-12.206729742956062,0.014860295985458127,18.938253721463692,15.367167508982739,0.5243976513464264,5.898136411891148,15.408906882591094,0.3202707462190942
HYDROGEL_PACK,day_0,70,130,9870,-0.23315850024666374,-0.357909871045689,-0.13183793299595362,-13.211813370363563,0.017381240576645474,19.552552850165604,15.874897353818417,0.5229023104985813,5.9016400750694045,15.936727456940224,0.357909871045689
HYDROGEL_PACK,day_0,70,140,9860,-0.24817889421593461,-0.4010452534666055,-0.14336280517747926,-14.382699390109243,0.020552893908356018,20.121381166306552,16.3892933632694,0.5338811117873808,5.90310117924301,16.486156186612575,0.4010452534666055
HYDROGEL_PACK,day_0,70,150,9850,-0.2677375955271067,-0.45305604328524357,-0.15754260668946318,-15.831773985779078,0.02481967292251075,20.644670395984967,16.88147802767306,0.5308692120227457,5.903825936431636,16.98228426395939,0.45305604328524357
HYDROGEL_PACK,day_0,100,1,9999,-0.004766595373715453,-0.005510547633260347,-0.02406402154919072,-2.4067381119335174,0.0005790771331199984,1.9666668046356082,1.5348603997041323,0.40242072621786534,6.992474141949591,1.527952795279528,0.005510547633260347
HYDROGEL_PACK,day_0,100,5,9995,-0.02320063406366324,-0.015828957350243037,-0.03247174739200297,-3.2477507182004035,0.0010544143786901383,4.181043752031902,3.3107581512857154,0.45381767237065945,6.986604774805571,3.3038519259629813,0.015828957350243037
HYDROGEL_PACK,day_0,100,10,9990,-0.04158553747865295,-0.02581095784507452,-0.03808269896320392,-3.808747148282763,0.001450291960322203,5.809310234534922,4.601557977658414,0.4512414897877453,6.982962155931571,4.591891891891892,0.02581095784507452
HYDROGEL_PACK,day_0,100,20,9980,-0.07599782088119232,-0.030412855280436846,-0.03258784664803718,-3.2569278634915695,0.00106196774915579,7.98999719136138,6.416774689755232,0.4606133493686109,6.97354484679939,6.411422845691383,0.030412855280436846
HYDROGEL_PACK,day_0,100,30,9970,-0.09471934357846395,-0.04037879000234777,-0.03558159429877355,-3.5547127474936455,0.0012660498528423991,9.712470592539091,7.828533775972391,0.46207865168539325,6.970260550477089,7.822266800401204,0.04037879000234777
HYDROGEL_PACK,day_0,100,50,9950,-0.1314215800738275,-0.07757002782117374,-0.05303424402345661,-5.29707212675765,0.002812631039139535,12.49948387674601,10.213561792050742,0.47738238841978287,6.962068300159954,10.217989949748743,0.07757002782117374
HYDROGEL_PACK,day_0,100,70,9930,-0.15975941086215006,-0.14939314716729166,-0.08588913096733365,-8.58967858306679,0.007376942818323684,14.81562927850479,11.987208273733469,0.4927477840451249,6.952374494827225,11.994008056394764,0.14939314716729166
HYDROGEL_PACK,day_0,100,80,9920,-0.17659144835394971,-0.2018096751551137,-0.10835555595907477,-10.854950105148335,0.011740926507200267,15.835127977855283,12.828673881240677,0.5025206694898164,6.955980495692943,12.851108870967742,0.2018096751551137
HYDROGEL_PACK,day_0,100,90,9910,-0.18909270604010103,-0.24715729207709422,-0.12552114001097292,-12.593846282165503,0.015755556589654107,16.71397931236165,13.53972730014436,0.5148364957610012,6.959325646729795,13.587285570131181,0.24715729207709422
HYDROGEL_PACK,day_0,100,100,9900,-0.20023000034148272,-0.28499152277544165,-0.13817552284095194,-13.88004289379476,0.019092475112370333,17.485518443069985,14.180839387019144,0.525863810870883,6.9636877381176845,14.25959595959596,0.28499152277544165
HYDROGEL_PACK,day_0,100,110,9890,-0.21026533628766386,-0.31833087582866676,-0.1482934592210059,-14.910931947971063,0.021990950047732327,18.178804321704085,14.75158762666484,0.5283171521035599,6.967100561084494,14.821739130434782,0.31833087582866676
HYDROGEL_PACK,day_0,100,120,9880,-0.21904529882984483,-0.3583012158141772,-0.1608692260951676,-16.199477610920614,0.025878907904458237,18.832045410715192,15.305864101318262,0.5332051022474185,6.970783741284027,15.408906882591094,0.3583012158141772
HYDROGEL_PACK,day_0,100,130,9870,-0.2290655520077272,-0.3983697825651225,-0.17307671694422208,-17.456509187923356,0.029955549948190385,19.427045642967407,15.791547395545647,0.5368869071747061,6.973007345116443,15.936727456940224,0.3983697825651225
HYDROGEL_PACK,day_0,100,140,9860,-0.2422968797389376,-0.4424886125102347,-0.18653849525648233,-18.85182748371617,0.03479661021255265,19.974536646003447,16.282048694989967,0.548995739500913,6.973001260943204,16.486156186612575,0.4424886125102347
HYDROGEL_PACK,day_0,100,150,9850,-0.25967320873030847,-0.4927814854142971,-0.20204828538837347,-20.472926462902198,0.04082350962838144,20.474568159688012,16.762318674659348,0.5476238830219334,6.972170287509792,16.98228426395939,0.4927814854142971
HYDROGEL_PACK,day_0,120,1,9999,-0.004763942591936736,-0.005091398356356218,-0.02408010242225178,-2.408347356555231,0.000579851332666137,1.9666660428980822,1.5348511344071258,0.40392117635290586,7.585742991463237,1.527952795279528,0.005091398356356218
HYDROGEL_PACK,day_0,120,5,9995,-0.023272011399501722,-0.015423575656469894,-0.03426670635033617,-3.4274839695280597,0.001174207164100216,4.180793050742093,3.3109142740422346,0.45421795256679676,7.57927202942009,3.3038519259629813,0.015423575656469894
HYDROGEL_PACK,day_0,120,10,9990,-0.04175738798006695,-0.02595822154636042,-0.04147668203079926,-4.148748969077988,0.001720315152284213,5.808524718029833,4.601633165286029,0.4527432919503404,7.574947541572298,4.591891891891892,0.02595822154636042
HYDROGEL_PACK,day_0,120,20,9980,-0.076415322028393,-0.03423271833835389,-0.039719722160766066,-3.970734104212825,0.001577656328528243,7.98793455980958,6.416600470843334,0.4622168771296853,7.564297825203074,6.411422845691383,0.03423271833835389
HYDROGEL_PACK,day_0,120,30,9970,-0.09530301957425685,-0.0479072747619585,-0.04570838279488674,-4.568293741509695,0.002089256257723826,9.708467015699345,7.82798023313943,0.46458667736757625,7.5599722383599754,7.822266800401204,0.0479072747619585
HYDROGEL_PACK,day_0,120,50,9950,-0.13192239328945035,-0.09147140944751922,-0.06770174321269208,-6.768077569447317,0.004583526034037222,12.488380091081648,10.209120353033642,0.47858866103739445,7.549920227519908,10.217989949748743,0.09147140944751922
HYDROGEL_PACK,day_0,120,70,9930,-0.15953843187418643,-0.16628929549069257,-0.1034900693113542,-10.367350827754244,0.01071019444606891,14.790732743938806,11.982277611627607,0.495668815471394,7.538943621947725,11.994008056394764,0.16628929549069257
HYDROGEL_PACK,day_0,120,80,9920,-0.17594144974054804,-0.21775376521562947,-0.12655842718345633,-12.706014046333667,0.0160170354911503,15.80083224485203,12.818658333893598,0.505646299657189,7.542154945207788,12.851108870967742,0.21775376521562947
HYDROGEL_PACK,day_0,120,90,9910,-0.18793191581480032,-0.26275382313125606,-0.14444171618083562,-14.529945941368089,0.02086340937326503,16.67055331316033,13.51992846225183,0.5181671376665321,7.545037869826985,13.587285570131181,0.26275382313125606
HYDROGEL_PACK,day_0,120,100,9900,-0.19849978919826888,-0.3012425614598187,-0.1580887794192562,-15.928346527355215,0.024992062178270213,17.4328565397583,14.153371393894977,0.5271772075166701,7.548855978503335,14.25959595959596,0.3012425614598187
HYDROGEL_PACK,day_0,120,110,9890,-0.20785629646038242,-0.33590075453192403,-0.16936368996818424,-17.08811971871222,0.02868405947963948,18.116493235662897,14.72326916859142,0.5315533980582524,7.551636079475506,14.821739130434782,0.33590075453192403
HYDROGEL_PACK,day_0,120,120,9880,-0.21578749890916463,-0.3762508825972861,-0.18283013792308367,-18.482679660628772,0.033426859332973735,18.75894372669666,15.262010435989671,0.5368495646892083,7.554598768401028,15.408906882591094,0.3762508825972861
HYDROGEL_PACK,day_0,120,130,9870,-0.224781000800762,-0.41655469918945454,-0.1958578293453723,-19.840349253041268,0.03836028931588098,19.342701842934627,15.732465364391143,0.5445885691122822,7.55599896871311,15.936727456940224,0.41655469918945454
HYDROGEL_PACK,day_0,120,140,9860,-0.23678252439264244,-0.46012282804996196,-0.20990446307163355,-21.31575579450997,0.04405988361739077,19.878455508156982,16.20884069501198,0.5564008926759992,7.555130882349003,16.486156186612575,0.46012282804996196
HYDROGEL_PACK,day_0,120,150,9850,-0.2527639816438512,-0.5086259511599953,-0.22565538544362884,-22.986264125362496,0.050920352979712535,20.36651952231013,16.6810801066437,0.5564581640942323,7.553450413471465,16.98228426395939,0.5086259511599953
HYDROGEL_PACK,day_0,150,1,9999,-0.004758574081480004,-0.004750731139153818,-0.024637233004016205,-2.4641016742463266,0.0006069932500942787,1.9666393376881492,1.5349740223921333,0.40438087617523505,8.33329634699912,1.527952795279528,0.004750731139153818
HYDROGEL_PACK,day_0,150,5,9995,-0.023355750844548568,-0.015384167372954078,-0.03747579459972863,-3.748901046761196,0.0014044351808810696,4.180311189354581,3.3111394009406196,0.45507304382629576,8.326017600691232,3.3038519259629813,0.015384167372954078
HYDROGEL_PACK,day_0,150,10,9990,-0.04195634374910909,-0.02682626057387927,-0.046993854274523454,-4.70175955477221,0.0022084223395753,5.8071045101689105,4.601565084228127,0.45429972970267296,8.320763774766375,4.591891891891892,0.02682626057387927
HYDROGEL_PACK,day_0,150,20,9980,-0.0768773609859206,-0.03936273111937824,-0.05006635585684895,-5.007405072867801,0.0025066399887844204,7.984217501754335,6.415206782997966,0.4656779236396433,8.308417506693884,6.411422845691383,0.03936273111937824
HYDROGEL_PACK,day_0,150,30,9970,-0.09587249324959449,-0.057152217827272526,-0.05976727263476332,-5.977843196351882,0.0035721268781978566,9.701251063396697,7.825640281071939,0.4713612197813221,8.302619646622295,7.822266800401204,0.057152217827272526
HYDROGEL_PACK,day_0,150,50,9950,-0.13205956207004366,-0.10744180470855394,-0.08714173415202073,-8.72467636918393,0.007593681831021493,12.469483260736775,10.200369512512234,0.48477233892853555,8.289936080317956,10.217989949748743,0.10744180470855394
HYDROGEL_PACK,day_0,150,70,9930,-0.15831131191493483,-0.18492267513410743,-0.12609910686741246,-12.665533740817333,0.015900984752758807,14.751878321841572,11.972458641898282,0.5018632289253702,8.276998415744345,11.994008056394764,0.18492267513410743
HYDROGEL_PACK,day_0,150,80,9920,-0.1738832173374285,-0.23519606929664963,-0.14976936143412783,-15.08555486964793,0.022430861624386234,15.749251333202173,12.800801795635719,0.5106361528379877,8.27948856705583,12.851108870967742,0.23519606929664963
HYDROGEL_PACK,day_0,150,90,9910,-0.1849460025539615,-0.2796030063551261,-0.16839430085951598,-17.00462052450873,0.028356640561965185,16.606641789981037,13.4904660779518,0.5226561711575336,8.281586510356844,13.587285570131181,0.2796030063551261
HYDROGEL_PACK,day_0,150,100,9900,-0.1945154245908211,-0.3183813935674913,-0.18304177391184287,-18.52353949397873,0.03350429099679442,17.356591638844336,14.112316001128944,0.5305586422870997,8.284547104720358,14.25959595959596,0.3183813935674913
HYDROGEL_PACK,day_0,150,110,9890,-0.20274580228590636,-0.35383434496165045,-0.19543302103876545,-19.815655721968216,0.03819406571233852,18.027587172841223,14.679563444941124,0.535140054606128,8.286397929202286,14.821739130434782,0.35383434496165045
HYDROGEL_PACK,day_0,150,120,9880,-0.2093400846128979,-0.39389611178916034,-0.20965746911585975,-21.311104930914684,0.04395625435606765,18.656488364598115,15.198660324891579,0.5421601376657557,8.288369234665451,15.408906882591094,0.39389611178916034
HYDROGEL_PACK,day_0,150,130,9870,-0.2168127870509653,-0.43363119747380213,-0.2233111659298392,-22.757943177567594,0.049867876828944224,19.22662003354563,15.645276972575775,0.552842233255649,8.288711579656534,15.936727456940224,0.43363119747380213
HYDROGEL_PACK,day_0,150,140,9860,-0.2270985348030832,-0.4757283159848744,-0.23767723080247552,-24.29454888492401,0.056490466041933196,19.748787689112998,16.109641492069937,0.5640531494066335,8.286794176293066,16.486156186612575,0.4757283159848744
HYDROGEL_PACK,day_0,150,150,9850,-0.24122782396709186,-0.5214451260854828,-0.25333738199054273,-25.988253670110588,0.06417982911382203,20.223750032967917,16.57124286510807,0.5644227840389887,8.284131513187486,16.98228426395939,0.5214451260854828
HYDROGEL_PACK,day_0,200,1,9999,-0.004730204255275646,-0.004480719788344103,-0.02593122515859928,-2.5936056720511598,0.0006724284382260137,1.9665749538468082,1.5353016684158145,0.4061218365509653,9.322464817908651,1.527952795279528,0.004480719788344103
HYDROGEL_PACK,day_0,200,5,9995,-0.023373776216346856,-0.01566642208273856,-0.04258539912124551,-4.260914534308818,0.001813516218315936,4.179454856084543,3.3113372974761672,0.45972180526368456,9.31405748022695,3.3038519259629813,0.01566642208273856
HYDROGEL_PACK,day_0,200,10,9990,-0.04202750785003075,-0.028305597247196956,-0.055324408704010064,-5.537601622603276,0.0030607901984485153,5.804623607896827,4.600894111618435,0.4622547056467761,9.307490010803804,4.591891891891892,0.028305597247196956
HYDROGEL_PACK,day_0,200,20,9980,-0.07707780704117438,-0.04550820920207595,-0.06457073861656878,-6.463455545868886,0.004169380285489077,7.977560205728201,6.4113832900307814,0.4777510523150932,9.29273014872395,6.411422845691383,0.04550820920207595
HYDROGEL_PACK,day_0,200,30,9970,-0.09591165693665116,-0.06755922013525925,-0.07879856096108238,-7.891777239016703,0.00620921320953749,9.688405183461256,7.819658930489746,0.4865569823434992,9.284803068188221,7.822266800401204,0.06755922013525925
HYDROGEL_PACK,day_0,200,50,9950,-0.1307761344612734,-0.12422579290366063,-0.11234026616684818,-11.276160467193058,0.012620335402438232,12.437863478016677,10.184301276268888,0.4954764776839566,9.26834351797882,10.217989949748743,0.12422579290366063
HYDROGEL_PACK,day_0,200,70,9930,-0.1543659180405573,-0.20317150595639386,-0.15444593261608205,-15.575782328123765,0.023853546101651135,14.69215202102309,11.950871825340684,0.5048348106365834,9.25249926526038,11.994008056394764,0.20317150595639386
HYDROGEL_PACK,day_0,200,80,9920,-0.1683383895449089,-0.25153835653715034,-0.17854858085202513,-18.07189804949029,0.031879595724272125,15.672954008507984,12.770292585168635,0.5136116152450091,9.253850053344946,12.851108870967742,0.25153835653715034
HYDROGEL_PACK,day_0,200,90,9910,-0.1777246979916099,-0.2946099814556948,-0.19776750404940663,-20.082211810388106,0.03911198565793206,16.51447464574869,13.445905082633047,0.525333064190553,9.25477986983015,13.587285570131181,0.2946099814556948
HYDROGEL_PACK,day_0,200,100,9900,-0.18556647823047073,-0.3328006995004612,-0.21324224174902573,-21.714642598309428,0.04547225366615015,17.248794934894665,14.050701962780975,0.5339462517680339,9.256543011357156,14.25959595959596,0.3328006995004612
HYDROGEL_PACK,day_0,200,110,9890,-0.19196232936459884,-0.3680064280823664,-0.22651714980124382,-23.12560803063646,0.05131001915407907,17.904245950359087,14.610297351345423,0.5394417475728155,9.257177845560824,14.821739130434782,0.3680064280823664
HYDROGEL_PACK,day_0,200,120,9880,-0.19649787428389556,-0.4065994577391842,-0.2411596784278059,-24.697339865014325,0.05815799049940262,18.517401707956655,15.108462262672539,0.5495039481676453,9.25793460704906,15.408906882591094,0.4065994577391842
HYDROGEL_PACK,day_0,200,130,9870,-0.20178084705389243,-0.444470114388908,-0.25503539305892486,-26.201081521513053,0.0650430517127204,19.072461620799483,15.528450542495241,0.5630320226996351,9.257071072469387,15.936727456940224,0.444470114388908
HYDROGEL_PACK,day_0,200,140,9860,-0.20975882745800115,-0.48371594358326764,-0.2692461115492998,-27.75782021611554,0.07249346858441796,19.58059040302399,15.987741180674329,0.5732400081152363,9.254041874454552,16.486156186612575,0.48371594358326764
HYDROGEL_PACK,day_0,200,150,9850,-0.22154155554508662,-0.5252354006578523,-0.28427968325929626,-29.42512822208982,0.08081493831400566,20.043195688657466,16.434840182223965,0.5730097481722177,9.250426293565607,16.98228426395939,0.5252354006578523
HYDROGEL_PACK,day_1,10,1,9999,0.0060240488575707945,-0.012463769435287809,-0.017304758790120032,-1.7304754070362673,0.00029945467678416104,1.9365224769839793,1.5212136525745337,0.4095819163832767,2.159939193540045,1.5163516351635165,0.012463769435287809
HYDROGEL_PACK,day_1,10,5,9995,0.028397409849771058,-0.007185020544003063,-0.004576808061959835,-0.45752538182758595,2.094717203615648e-05,4.2214916483991685,3.374109423263699,0.46207724634780867,2.1598174691166903,3.3718859429714856,0.007185020544003063
HYDROGEL_PACK,day_1,10,10,9990,0.054051790766870784,-0.003801611265687097,-0.0017148665284901282,-0.1713839819715534,2.940767210746209e-06,5.962637040218502,4.773201136124769,0.4718190009009911,2.1605381656413356,4.770970970970971,0.003801611265687097
HYDROGEL_PACK,day_1,10,20,9980,0.10782012713315706,-0.0287908034626499,-0.009191341208862917,-0.9181613009629365,8.448075321787485e-05,8.427665601801166,6.730968965050296,0.4804088586030664,2.1613972643360975,6.728206412825651,0.0287908034626499
HYDROGEL_PACK,day_1,10,30,9970,0.16538798975608796,-0.0421946355816393,-0.011018369126951998,-1.100139343960061,0.00012140445821762214,10.306008635169608,8.273794864892368,0.47978734075634466,2.1619971849155126,8.271063189568705,0.0421946355816393
HYDROGEL_PACK,day_1,10,50,9950,0.27779557198863813,-0.12746642262517177,-0.025975923935908623,-2.5917043726287052,0.0006747486243241507,13.19690350979589,10.79743023936752,0.4927128354608503,2.1614844060748073,10.805025125628141,0.12746642262517177
HYDROGEL_PACK,day_1,10,70,9930,0.43820759013878496,-0.1690369123327077,-0.029611318496646107,-2.951746891664291,0.0008768301831099112,15.355356193814067,12.524124474703724,0.49864034645986505,2.162210473282886,12.529003021148036,0.1690369123327077
HYDROGEL_PACK,day_1,10,80,9920,0.521402972153166,-0.16344409011398608,-0.02694184528459202,-2.6840899516164036,0.0007258630273389022,16.323361557140192,13.25106964946119,0.5004536747656013,2.1626108978621734,13.257610887096774,0.16344409011398608
HYDROGEL_PACK,day_1,10,90,9910,0.61014867456407,-0.2035016924162516,-0.031794623844829506,-3.166403923711491,0.0010108981054343102,17.22359441239762,13.888032369397074,0.5074174992431123,2.163107143895467,13.908022199798184,0.2035016924162516
HYDROGEL_PACK,day_1,10,100,9900,0.6952605532417475,-0.22911359007382942,-0.03416627860415942,-3.4011441132766698,0.0011673345936569213,18.050972652294437,14.435193795337184,0.502373977169411,2.1643643459050796,14.45479797979798,0.22911359007382942
HYDROGEL_PACK,day_1,10,110,9890,0.7815297221181811,-0.2697701347002565,-0.0385818018319141,-3.839372160075301,0.0014885554325971828,18.825168979971284,14.99067444675555,0.506724643543331,2.165154294390221,15.027401415571283,0.2697701347002565
HYDROGEL_PACK,day_1,10,120,9880,0.866391764044113,-0.31210124757054697,-0.04303964113941531,-4.281596841500275,0.0018524107094097797,19.52730533431846,15.522650598527504,0.505516752707764,2.166237822843886,15.566447368421052,0.31210124757054697
HYDROGEL_PACK,day_1,10,130,9870,0.9433104764279294,-0.3436542272918012,-0.04588022176585404,-4.562445129295787,0.0021049947492839394,20.17323707623462,16.00615886090987,0.5053196879116425,2.1668052222787564,16.060688956433637,0.3436542272918012
HYDROGEL_PACK,day_1,10,140,9860,1.009932011234308,-0.30708370592800704,-0.039727611843117794,-3.9475701509836583,0.0015782831427574306,20.794758644382146,16.504452035658534,0.5061365250025358,2.163918360855885,16.5565415821501,0.30708370592800704
HYDROGEL_PACK,day_1,10,150,9850,1.0695120359706602,-0.3251956516270841,-0.040845329521748915,-4.056757074881967,0.001668340943740243,21.419743640598103,17.022460061696055,0.5029952279419231,2.1639902656561487,17.080507614213197,0.3251956516270841
HYDROGEL_PACK,day_1,20,1,9999,0.006054127059337809,-0.006432704569065165,-0.013284441032991234,-1.3283620391658681,0.000176476373558887,1.9366415841135693,1.5201947393696709,0.40748149629925984,3.208423450057167,1.5163516351635165,0.006432704569065165
HYDROGEL_PACK,day_1,20,5,9995,0.02850907091036649,-0.0054057253126231445,-0.00512236076034333,-0.5120634799755747,2.6238579759252367e-05,4.221480479333678,3.3741841855799213,0.46337802681608964,3.2087179674006325,3.3718859429714856,0.0054057253126231445
HYDROGEL_PACK,day_1,20,10,9990,0.054411972659824275,-0.008285790938076082,-0.00555995256782653,-0.555670148291526,3.091307255664866e-05,5.962553645038086,4.773345279293282,0.47061767944739213,3.2096387181074744,4.770970970970971,0.008285790938076082
HYDROGEL_PACK,day_1,20,20,9980,0.10866471141926398,-0.02827947747480751,-0.013430279337733842,-1.3416707952688312,0.00018037240308954594,8.427261486593597,6.730647857204241,0.48411664495440426,3.2112681617934418,6.728206412825651,0.02827947747480751
HYDROGEL_PACK,day_1,20,30,9970,0.1672300534991854,-0.051093095519214524,-0.019848125530581275,-1.9820247542279976,0.00039394808707771123,10.30460395042238,8.273624183434533,0.4847025779917745,3.212465757833579,8.271063189568705,0.051093095519214524
HYDROGEL_PACK,day_1,20,50,9950,0.28242567180958017,-0.12918912067987956,-0.03916131519785397,-3.9089348449324963,0.0015336086080257605,13.191231318159323,10.788571472999873,0.5042717861091567,3.2104998256372537,10.805025125628141,0.12918912067987956
HYDROGEL_PACK,day_1,20,70,9930,0.4434250782597141,-0.15786129723782988,-0.04114696865116895,-4.103332288878342,0.0016930730291805363,15.349082562620627,12.513847987919192,0.5054889716990634,3.212765295011891,12.529003021148036,0.15786129723782988
HYDROGEL_PACK,day_1,20,80,9920,0.5275210015309318,-0.1691447802268425,-0.04149056426206876,-4.135571436305883,0.0017214669227850754,16.315227826991798,13.23784710894296,0.5067043048694425,3.2139638514328017,13.257610887096774,0.1691447802268425
HYDROGEL_PACK,day_1,20,90,9910,0.6171809008768719,-0.20280649959378308,-0.047157550473708405,-4.699240525600134,0.002223834566680405,17.213135103691485,13.872216327970742,0.5104450499545867,3.2153737647920932,13.908022199798184,0.20280649959378308
HYDROGEL_PACK,day_1,20,100,9900,0.7031753169331356,-0.2295958966375428,-0.050957678043319805,-5.076307848132325,0.002596684951566619,18.038052369334917,14.421422681325154,0.5051015254066067,3.217424958865761,14.45479797979798,0.2295958966375428
HYDROGEL_PACK,day_1,20,110,9890,0.7907494168991143,-0.2693114981145991,-0.05732889245188074,-5.710085778741266,0.003286601909759268,18.80821184809492,14.968702702135902,0.5066235210840327,3.219146917522834,15.027401415571283,0.2693114981145991
HYDROGEL_PACK,day_1,20,120,9880,0.876443421872712,-0.3020790337075851,-0.06200904455364954,-6.17484581157614,0.0038451216064566696,19.507803351263977,15.503123803743325,0.5051118534264601,3.22134927817606,15.566447368421052,0.3020790337075851
HYDROGEL_PACK,day_1,20,130,9870,0.9525206366298875,-0.3157514952225657,-0.06274792488772372,-6.245548716302927,0.003937302077715477,20.15470779539513,15.9856100714231,0.5047117235788834,3.2222278321358266,16.060688956433637,0.3157514952225657
HYDROGEL_PACK,day_1,20,140,9860,1.0184229884110292,-0.3025802427158523,-0.0582416493828454,-5.7924981997607095,0.003392089722834224,20.775861411290837,16.47931216366942,0.5075565473171721,3.216824809597497,16.5565415821501,0.3025802427158523
HYDROGEL_PACK,day_1,20,150,9850,1.0789545333027055,-0.3363008636432215,-0.06284807360505629,-6.249213961687446,0.003949880355866409,21.395253811940155,17.001223678720383,0.5028936947913494,3.2170335307802507,17.080507614213197,0.3363008636432215
HYDROGEL_PACK,day_1,30,1,9999,0.006104406047847427,-0.004766258149233707,-0.012215991068760895,-1.22150699967775,0.00014923043779191403,1.9366679713966681,1.519892954986898,0.4095819163832767,3.9766726158696537,1.5163516351635165,0.004766258149233707
HYDROGEL_PACK,day_1,30,5,9995,0.02874339138645389,-0.00625758468839806,-0.007359378462235383,-0.7357001460811355,5.416045135053782e-05,4.221421541557883,3.3745394507437747,0.4588753251951171,3.9773991129640063,3.3718859429714856,0.00625758468839806
HYDROGEL_PACK,day_1,30,10,9990,0.05496261361652275,-0.011756519602152467,-0.009790921311898884,-0.9785514037087746,9.586214013579397e-05,5.962360004758011,4.77379681607373,0.466913604965462,3.978219213792563,4.770970970970971,0.011756519602152467
HYDROGEL_PACK,day_1,30,20,9980,0.10994540570440693,-0.032693467322903666,-0.019269417074404157,-1.9251783570689203,0.0003713104343874285,8.426456760669478,6.730154134857096,0.48341517186090793,3.97995707755548,6.728206412825651,0.032693467322903666
HYDROGEL_PACK,day_1,30,30,9970,0.1695903825140878,-0.05863092015051753,-0.028265325888329394,-2.8231344797709426,0.0007989286475733604,10.302516334485931,8.272464723386406,0.48420102317183267,3.980958698412344,8.271063189568705,0.05863092015051753
HYDROGEL_PACK,day_1,30,50,9950,0.2870787611891956,-0.13005866722602438,-0.04892852809018506,-4.885966819647931,0.0023940008610721097,13.18554656030466,10.779738914438383,0.5053774248668208,3.9780149403638023,10.805025125628141,0.13005866722602438
HYDROGEL_PACK,day_1,30,70,9930,0.4490009963050295,-0.15838940323026648,-0.05124251714374314,-5.112487668684404,0.0026257955632268404,15.34191052948317,12.504523784325484,0.5099204350891329,3.9816709705536284,12.529003021148036,0.15838940323026648
HYDROGEL_PACK,day_1,30,80,9920,0.5340392310925657,-0.17560177052133558,-0.05346670723475869,-5.332331442427002,0.0028586887825273744,16.30593216438957,13.225257236274132,0.510938602681722,3.9835689595046686,13.257610887096774,0.17560177052133558
HYDROGEL_PACK,day_1,30,90,9910,0.6245901295741789,-0.2074608068280781,-0.059880365794742034,-5.971142816869559,0.0035856582077120613,17.201384342800996,13.859363883708529,0.5137753557372086,3.985489111985119,13.908022199798184,0.2074608068280781
HYDROGEL_PACK,day_1,30,100,9900,0.7114557484441486,-0.23501265409562147,-0.06474639093753351,-6.455078160112452,0.0041920951394357475,18.023620088332553,14.40821889712193,0.5097484594403475,3.987885066216462,14.45479797979798,0.23501265409562147
HYDROGEL_PACK,day_1,30,110,9890,0.7998853012606786,-0.27146686871251,-0.07173320044084201,-7.151459531443086,0.005145652045485893,18.790663308927954,14.948819273773708,0.5137020932349075,3.990248658002991,15.027401415571283,0.27146686871251
HYDROGEL_PACK,day_1,30,120,9880,0.8858989157080225,-0.2997638782712031,-0.07638594673637493,-7.614102184848587,0.005834812858812488,19.48831144912645,15.484134521049494,0.5116914667476465,3.9935971243450803,15.566447368421052,0.2997638782712031
HYDROGEL_PACK,day_1,30,130,9870,0.9616145532496473,-0.3129015433467322,-0.07717398709745021,-7.689226712097425,0.005955824284517464,20.134275669410776,15.964044285411974,0.5107913669064749,3.993356387443623,16.060688956433637,0.3129015433467322
HYDROGEL_PACK,day_1,30,140,9860,1.0277186501238988,-0.31485968589940766,-0.07521202890464987,-7.4888230318970646,0.00565684929195398,20.752241744971972,16.452080333896564,0.5138452175677046,3.9864078161781866,16.5565415821501,0.31485968589940766
HYDROGEL_PACK,day_1,30,150,9850,1.089338794650156,-0.3558228685968466,-0.08252147526935573,-8.217217629542487,0.0068097938806309655,21.364516121286158,16.97564854944678,0.5070565539648695,3.986357968908286,17.080507614213197,0.3558228685968466
HYDROGEL_PACK,day_1,50,1,9999,0.00624459909331008,-0.0037084397262276254,-0.012311122255407423,-1.2310208374455436,0.00015156373118740962,1.9366657116508337,1.5198719106224203,0.40838167633526706,5.1596481088301145,1.5163516351635165,0.0037084397262276254
HYDROGEL_PACK,day_1,50,5,9995,0.029403043820167063,-0.008078519317740715,-0.012306301610117532,-1.2302925294429121,0.00015144505931929952,4.22121618577124,3.3754476024534252,0.4575745447268361,5.160937620529469,3.3718859429714856,0.008078519317740715
HYDROGEL_PACK,day_1,50,10,9990,0.056384174713430914,-0.016276318757529062,-0.017556654095553802,-1.7548821739659297,0.00030823610303110094,5.961726785423432,4.774690191508109,0.4670137150865953,5.161456720041948,4.770970970970971,0.016276318757529062
HYDROGEL_PACK,day_1,50,20,9980,0.1130877756918944,-0.03925275386910555,-0.029962919955535548,-2.9943386849815656,0.0008977765722618658,8.424237522442876,6.727950682465528,0.48391622407054813,5.162630393829397,6.728206412825651,0.03925275386910555
HYDROGEL_PACK,day_1,50,30,9970,0.1748236802532948,-0.06682274605497128,-0.041718156262565725,-4.16876462102934,0.0017404045619479058,10.29766152740802,8.267788990374429,0.4869094191995185,5.163076867422821,8.271063189568705,0.06682274605497128
HYDROGEL_PACK,day_1,50,50,9950,0.29628228925403477,-0.13104101153623704,-0.06385936825983858,-6.382338693020052,0.0040780189145457335,13.174412867694093,10.763630052191825,0.511609206955473,5.160312185425002,10.805025125628141,0.13104101153623704
HYDROGEL_PACK,day_1,50,70,9930,0.4607631855743058,-0.1642395356218253,-0.06883482393430686,-6.874964020639022,0.004738232986067126,15.325654843073208,12.484998268538048,0.5170712055594723,5.1660420793509605,12.529003021148036,0.1642395356218253
HYDROGEL_PACK,day_1,50,80,9920,0.5476141056339667,-0.1864585800836324,-0.07354884114421313,-7.344558900512965,0.005409432033656847,16.285063066473434,13.199807736403294,0.515878616796048,5.168985497631787,13.257610887096774,0.1864585800836324
HYDROGEL_PACK,day_1,50,90,9910,0.6398261658118403,-0.21737828916058127,-0.08128282515221041,-8.117666757375769,0.006606897664724887,17.175286286460793,13.834852626637783,0.5174084165909779,5.171206854679914,13.908022199798184,0.21737828916058127
HYDROGEL_PACK,day_1,50,100,9900,0.7282251577284867,-0.24585454051181113,-0.08774235603088532,-8.763170083441842,0.0076987210418505425,17.99185802322924,14.379301347046487,0.5157086574401455,5.173074050655773,14.45479797979798,0.24585454051181113
HYDROGEL_PACK,day_1,50,110,9890,0.8179845657570736,-0.2797496529659773,-0.0957526067415555,-9.56543986567287,0.009168561697803002,18.752632759442818,14.90714628180415,0.5259379108099909,5.1751294482711785,15.027401415571283,0.2797496529659773
HYDROGEL_PACK,day_1,50,120,9880,0.904786864661807,-0.3073993774562971,-0.10145419521925936,-10.135640308088297,0.010292953727587761,19.444566577135856,15.440094295758039,0.5232310962648041,5.17712586581226,15.566447368421052,0.3073993774562971
HYDROGEL_PACK,day_1,50,130,9870,0.9809066036798306,-0.32637759966118174,-0.10422302265090294,-10.409979821411,0.01086243845049073,20.08452268308187,15.914092492973772,0.522545344006485,5.174398625773535,16.060688956433637,0.32637759966118174
HYDROGEL_PACK,day_1,50,140,9860,1.0480874655164587,-0.34408815724644526,-0.10642500338163467,-10.627022123569532,0.011326281344780975,20.692995794539165,16.38802543019523,0.5288568820367178,5.165503744153905,16.5565415821501,0.34408815724644526
HYDROGEL_PACK,day_1,50,150,9850,1.111635748355213,-0.3896016782834097,-0.11698704852332592,-11.689722419963484,0.013685969522199137,21.29043095706685,16.915846358754127,0.5255355873692761,5.164833702041865,17.080507614213197,0.3896016782834097
HYDROGEL_PACK,day_1,70,1,9999,0.006412499212177921,-0.003384052371756904,-0.013211508404334075,-1.3210679501854676,0.00017454395431770742,1.9366434556446763,1.5200436707048908,0.40938187637527507,6.06906130369369,1.5163516351635165,0.003384052371756904
HYDROGEL_PACK,day_1,70,5,9995,0.030198073099104654,-0.009388600569299927,-0.016819125125096777,-1.681561599469593,0.0002828829699738078,4.2209387207149325,3.3762456980711817,0.45787472483490094,6.070635553713218,3.3718859429714856,0.009388600569299927
HYDROGEL_PACK,day_1,70,10,9990,0.058037860675775044,-0.019077447601955844,-0.02419935168152265,-2.4191912245552336,0.0005856086218061218,5.960899663528041,4.77515329482553,0.46741415557112825,6.071026286432007,4.770970970970971,0.019077447601955844
HYDROGEL_PACK,day_1,70,20,9980,0.11659968965275179,-0.04348384580140621,-0.039032807506689575,-3.9019583447393855,0.0015235600618542788,8.42159886627068,6.7246142100118735,0.4855195911413969,6.07210410404973,6.728206412825651,0.04348384580140621
HYDROGEL_PACK,day_1,70,30,9970,0.18037213688584197,-0.07168740954209141,-0.05263038823863627,-5.261903893638364,0.0027699577661493002,10.292349920354011,8.261943519224019,0.49072123583107635,6.072707777640445,8.271063189568705,0.07168740954209141
HYDROGEL_PACK,day_1,70,50,9950,0.3056249117034442,-0.1335282595387043,-0.07654647534137723,-7.657185582428577,0.005859362887188135,13.162625466267114,10.748395124128136,0.5172379133581264,6.0717911473126565,10.805025125628141,0.1335282595387043
HYDROGEL_PACK,day_1,70,70,9930,0.4730922607479948,-0.17172113648161844,-0.08466029165203647,-8.465890022275719,0.00716736498260806,15.306940780536202,12.463758517403196,0.5215026689495418,6.078301322846542,12.529003021148036,0.17172113648161844
HYDROGEL_PACK,day_1,70,80,9920,0.5616588830014208,-0.1964848215362242,-0.09116701674012037,-9.117213830470055,0.008311424941293555,16.26128762443435,13.172805713501406,0.5234398628894041,6.081457689848799,13.257610887096774,0.1964848215362242
HYDROGEL_PACK,day_1,70,90,9910,0.6554198661059099,-0.22753212936120934,-0.1000720437170691,-10.011319750418522,0.010014413933711053,17.14580382808881,13.809825842695162,0.5225552528004844,6.08327739211733,13.908022199798184,0.22753212936120934
HYDROGEL_PACK,day_1,70,100,9900,0.745219450154974,-0.2569007585735397,-0.10782977991049049,-10.790760771784948,0.0116272614355446,17.956207642175492,14.34782563733215,0.5225780381856753,6.084029045960414,14.45479797979798,0.2569007585735397
HYDROGEL_PACK,day_1,70,110,9890,0.8361917436670909,-0.2902672438858977,-0.11683424344739249,-11.69792703105248,0.013650240441924422,18.71017421251157,14.863612491871836,0.5335220952573566,6.08473222543771,15.027401415571283,0.2902672438858977
HYDROGEL_PACK,day_1,70,120,9880,0.9239300430011044,-0.31885633708434347,-0.12373296237876853,-12.392819492054613,0.015309845979025738,19.395221049274166,15.393497688703034,0.5292033606640348,6.085062222758408,15.566447368421052,0.31885633708434347
HYDROGEL_PACK,day_1,70,130,9870,1.0008050428261683,-0.34157779296979895,-0.1282224057101351,-12.843348870163346,0.016440985326094615,20.027806167008844,15.86124023933774,0.5319687911642517,6.080419780464214,16.060688956433637,0.34157779296979895
HYDROGEL_PACK,day_1,70,140,9860,1.0689802762786864,-0.3651145314545105,-0.13276085997167672,-13.299212074995587,0.01762544594041926,20.626969525463466,16.32890361487126,0.5402170605538087,6.070212825605419,16.5565415821501,0.3651145314545105
HYDROGEL_PACK,day_1,70,150,9850,1.1338462660424735,-0.4094248815102257,-0.1445243425408514,-14.494347766870009,0.020887285586865256,21.212565288015274,16.853163611953825,0.5396486952990152,6.0689560634059125,17.080507614213197,0.4094248815102257
HYDROGEL_PACK,day_1,100,1,9999,0.006688806743659099,-0.0032360829261653353,-0.014877053310208561,-1.4876467955814765,0.00022132671519448088,1.936598146442456,1.520366872187434,0.41398279655931186,7.1398228659873135,1.5163516351635165,0.0032360829261653353
HYDROGEL_PACK,day_1,100,5,9995,0.03151749600185945,-0.010773147178501046,-0.022726208838518905,-2.2724122314669213,0.0005164805681718843,4.220445551829754,3.3771222407420565,0.4640784470682409,7.141551209325211,3.3718859429714856,0.010773147178501046
HYDROGEL_PACK,day_1,100,10,9990,0.06073528900629246,-0.021892716538210052,-0.03270165741203789,-3.2699519611643995,0.0010693983974944254,5.959456732839927,4.775180758983275,0.475022524777255,7.142157756913189,4.770970970970971,0.021892716538210052
HYDROGEL_PACK,day_1,100,20,9980,0.12217339994913587,-0.04790226628985611,-0.050636326940528206,-5.0645566554048465,0.00256403760602808,8.417209795023723,6.71930065398419,0.4916324280990079,7.1439588972186145,6.728206412825651,0.04790226628985611
HYDROGEL_PACK,day_1,100,30,9970,0.18892752674720215,-0.07686550047113569,-0.06646081692937794,-6.650142669471743,0.004417040186920129,10.283846689625468,8.253292363405286,0.49714113752633166,7.145716689249618,8.271063189568705,0.07686550047113569
HYDROGEL_PACK,day_1,100,50,9950,0.31968268266236133,-0.13791445321971074,-0.09314735634377884,-9.331054063198508,0.008676429993834889,13.143962963567509,10.726897233235784,0.5263845612624385,7.148952856813152,10.805025125628141,0.13791445321971074
HYDROGEL_PACK,day_1,100,70,9930,0.49162923549396875,-0.1811211271888292,-0.1051922358819391,-10.539761559208872,0.011065406489841778,15.27686231130561,12.433180532765958,0.5273441434182697,7.153851128584197,12.529003021148036,0.1811211271888292
HYDROGEL_PACK,day_1,100,80,9920,0.582479768570592,-0.20766566077779852,-0.1135003898164623,-11.376926278468934,0.012882338488488965,16.223768392394735,13.134384134772134,0.5306986591390261,7.155915311262226,13.257610887096774,0.20766566077779852
HYDROGEL_PACK,day_1,100,90,9910,0.6782651229519324,-0.2385876958992472,-0.12359175355492681,-12.397239573368546,0.015274921546781783,17.100189138916342,13.773159047035707,0.5297204561509739,7.1561470031709264,13.908022199798184,0.2385876958992472
HYDROGEL_PACK,day_1,100,100,9900,0.7698515500404702,-0.26817854053400314,-0.13255700283809593,-13.305337436469284,0.017571359001418818,17.90213168240586,14.304324099972872,0.5289423174057986,7.155185190534796,14.45479797979798,0.26817854053400314
HYDROGEL_PACK,day_1,100,110,9890,0.8623535104433345,-0.3004837028384676,-0.14240621866208417,-14.306456962428188,0.020279531113633342,18.64719234594844,14.806524025108596,0.5407017898675296,7.15407108212637,15.027401415571283,0.3004837028384676
HYDROGEL_PACK,day_1,100,120,9880,0.9513183477894483,-0.32895713496449813,-0.15027527169406787,-15.10713160064627,0.022582657282725904,19.32346283787997,15.333942836308353,0.5409454398218443,7.152482338774289,15.566447368421052,0.32895713496449813
HYDROGEL_PACK,day_1,100,130,9870,1.0292022102212506,-0.35309049049666275,-0.15601147187656508,-15.689957271535985,0.0243395793570923,19.94722615922703,15.795785325961305,0.5434187860978823,7.145954012191343,16.060688956433637,0.35309049049666275
HYDROGEL_PACK,day_1,100,140,9860,1.0985111129885288,-0.37821082540196344,-0.16189777838743197,-16.289315671068714,0.026210890646786167,20.53663721378355,16.264553833864024,0.5532001217161984,7.134562563914037,16.5565415821501,0.37821082540196344
HYDROGEL_PACK,day_1,100,150,9850,1.1646773426637755,-0.41785019081062014,-0.1736395378717756,-17.497278744760884,0.03015068911232377,21.111980577634853,16.77459390168767,0.5524418722712966,7.132834328779945,17.080507614213197,0.41785019081062014
HYDROGEL_PACK,day_1,120,1,9999,0.006877039920419149,-0.0032037396847580924,-0.015952822554576345,-1.5952459471886058,0.0002544925474574633,1.936566024622057,1.5205799231472132,0.4156831366273255,7.721460722640124,1.5163516351635165,0.0032037396847580924
HYDROGEL_PACK,day_1,120,5,9995,0.032420117220788774,-0.01141403980808097,-0.026080077103030945,-2.6079818347284713,0.0006801704217000992,4.220099937125389,3.377544457512306,0.46728036822093255,7.723421058873384,3.3718859429714856,0.01141403980808097
HYDROGEL_PACK,day_1,120,10,9990,0.0625623199579805,-0.0231643640802527,-0.03747861330174128,-3.7482453431985054,0.0014046464550216964,5.95845663135865,4.774964997236081,0.4778256081689859,7.724344422825744,4.770970970970971,0.0231643640802527
HYDROGEL_PACK,day_1,120,20,9980,0.12588122102481408,-0.04989600737989814,-0.05713245480791876,-5.716294403889649,0.0032641173923789735,8.414255343302171,6.715955444973602,0.4954404248922738,7.726951470766021,6.728206412825651,0.04989600737989814
HYDROGEL_PACK,day_1,120,30,9970,0.1945197349987862,-0.07916601240193706,-0.07414952847809819,-7.423515355620501,0.005498152573524151,10.278261512694447,8.247961900563054,0.5023573076537265,7.729756593514661,8.271063189568705,0.07916601240193706
HYDROGEL_PACK,day_1,120,50,9950,0.32869337899528717,-0.1399217189306667,-0.10238929600492487,-10.266228822494474,0.010483567936384053,13.131977074235401,10.713842295142596,0.5307066036787617,7.7359745049963475,10.805025125628141,0.1399217189306667
HYDROGEL_PACK,day_1,120,70,9930,0.5033989066470487,-0.18492515069457865,-0.11635332759291231,-11.672651883743974,0.013538096841943736,15.257751546759117,12.414735271195454,0.5328834726558566,7.739291726429134,12.529003021148036,0.18492515069457865
HYDROGEL_PACK,day_1,120,80,9920,0.5955708020264001,-0.2118145275227757,-0.12541003239613635,-12.588868447194306,0.015727676225600007,16.20036924987035,13.112245061163646,0.5375541889303357,7.740460379335679,13.257610887096774,0.2118145275227757
HYDROGEL_PACK,day_1,120,90,9910,0.6925211394677455,-0.24227107827085964,-0.1359430199109847,-13.65841949573719,0.018480504662518493,17.072333262012883,13.7531097691645,0.5342617822181854,7.739765812062758,13.908022199798184,0.24227107827085964
HYDROGEL_PACK,day_1,120,100,9900,0.7851274770365058,-0.2714278951984715,-0.1453163727834102,-14.61244356554639,0.021116848198927007,17.86979896056422,14.280566335900497,0.5330841499141328,7.737880155465567,14.45479797979798,0.2714278951984715
HYDROGEL_PACK,day_1,120,110,9890,0.8785089984674719,-0.30270128615443886,-0.1553720170809979,-15.639878595380125,0.02414046369181788,18.610413169766147,14.778473445735678,0.5454545454545454,7.735867647650954,15.027401415571283,0.30270128615443886
HYDROGEL_PACK,day_1,120,120,9880,0.9681977819417089,-0.33042349870007987,-0.1634706154683392,-16.468570321006293,0.026722642121597695,19.282495826617865,15.30249202724804,0.5465128049397713,7.733423846989758,15.566447368421052,0.33042349870007987
HYDROGEL_PACK,day_1,120,130,9870,1.0467028176845485,-0.3542237519210515,-0.169496821176274,-17.084644866300298,0.028729172388861746,19.902303299396745,15.763855179555504,0.5498024115918533,7.726154954331214,16.060688956433637,0.3542237519210515
HYDROGEL_PACK,day_1,120,140,9860,1.1166895018806011,-0.37875947570812807,-0.17560644764710015,-17.710735275042918,0.030837624455233636,20.487791583245674,16.234898596139853,0.5593873618013997,7.714399228580588,16.5565415821501,0.37875947570812807
HYDROGEL_PACK,day_1,120,150,9850,1.1835816457532469,-0.4152481707144374,-0.1869024939020238,-18.880360421587692,0.03493254222679609,21.0598698343164,16.736059681937572,0.558330795004569,7.712664852486515,17.080507614213197,0.4152481707144374
HYDROGEL_PACK,day_1,150,1,9999,0.007152405588499451,-0.0031738673185497802,-0.01736809505760452,-1.7368109396906521,0.00030165072592991393,1.9365203499966095,1.520850221441801,0.41528305661132225,8.467979117566772,1.5163516351635165,0.0031738673185497802
HYDROGEL_PACK,day_1,150,5,9995,0.03374182870046623,-0.012053243267799146,-0.030266360912115577,-3.026963329607633,0.0009160526028623162,4.219601845774988,3.3779808779466776,0.4719831899139484,8.470376640135777,3.3718859429714856,0.012053243267799146
HYDROGEL_PACK,day_1,150,10,9990,0.06522069211181582,-0.02440958376966728,-0.04340324820783081,-4.341811415292145,0.0018838419549906948,5.957026818864864,4.774408487519216,0.48313144458904794,8.471883984260232,4.770970970970971,0.02440958376966728
HYDROGEL_PACK,day_1,150,20,9980,0.13121380738357782,-0.05176311633347386,-0.0651418332084488,-6.5208639902424,0.004243458433757397,8.410120621715938,6.711617565649398,0.5018538931756689,8.475863392253464,6.728206412825651,0.05176311633347386
HYDROGEL_PACK,day_1,150,30,9970,0.20247662173049946,-0.08116595893436232,-0.08355908394532045,-8.371805901815552,0.006982120509780865,10.27059018222183,8.241159593721912,0.5088775203129702,8.480316686915486,8.271063189568705,0.08116595893436232
HYDROGEL_PACK,day_1,150,50,9950,0.3413513438373139,-0.14120739836374657,-0.11359069617981327,-11.403303933005498,0.012902846258614709,13.115914000977032,10.697901927871698,0.5389486380540758,8.490449932318812,10.805025125628141,0.14120739836374657
HYDROGEL_PACK,day_1,150,70,9930,0.5198357733901666,-0.18741356769387718,-0.12961225647864694,-13.024344482281867,0.01679933702948677,15.232509625902972,12.392259043525781,0.5395306677409608,8.4916905317825,12.529003021148036,0.18741356769387718
HYDROGEL_PACK,day_1,150,80,9920,0.6137766020193518,-0.21416734351416145,-0.13936791016719008,-14.01632246061764,0.019423414384370008,16.16992613510853,13.086862087532756,0.5428974695029741,8.491779953933591,13.257610887096774,0.21416734351416145
HYDROGEL_PACK,day_1,150,90,9910,0.7123059077011014,-0.2436316438746395,-0.15024186002354914,-15.126613122947594,0.022572616503335863,17.036707446137914,13.7304082456665,0.5378948430719548,8.49003215725567,13.908022199798184,0.2436316438746395
HYDROGEL_PACK,day_1,150,100,9900,0.8063108674683904,-0.27176926953923053,-0.15989429605064437,-16.11500790938862,0.02556618590953108,17.82914072450318,14.255770754622391,0.5377310839478735,8.48716180410371,14.45479797979798,0.27176926953923053
HYDROGEL_PACK,day_1,150,110,9890,0.9009326374793993,-0.30137654215075665,-0.16998713060854348,-17.152890550429703,0.028895624572526035,18.56501545938882,14.749761383060331,0.5527353625240166,8.484264420323901,15.027401415571283,0.30137654215075665
HYDROGEL_PACK,day_1,150,120,9880,0.9916815705060404,-0.3276822238969549,-0.17813547554502843,-17.9923211497013,0.0317322476476537,19.232806846117906,15.268540410509058,0.554003441643891,8.481061623275137,15.566447368421052,0.3276822238969549
HYDROGEL_PACK,day_1,150,130,9870,1.0711431726449838,-0.35041747594800904,-0.1842534236461045,-18.622165515354826,0.03394932412531104,19.848748198506794,15.730109489872621,0.5583139122504813,8.473238143639719,16.060688956433637,0.35041747594800904
HYDROGEL_PACK,day_1,150,140,9860,1.1421689825971013,-0.37351650939651515,-0.1903365741542702,-19.249945546059905,0.03622801146078414,20.43073658555463,16.202769689513502,0.5681103560198804,8.461390194560298,16.5565415821501,0.37351650939651515
HYDROGEL_PACK,day_1,150,150,9850,1.2101471637715187,-0.4060145948417586,-0.20086654266170784,-20.34813428668443,0.0403473679608678,21.00070509255601,16.695531783651752,0.5678749111584932,8.459990680176954,17.080507614213197,0.4060145948417586
HYDROGEL_PACK,day_1,200,1,9999,0.007578810406530027,-0.003117511986655971,-0.019169383212116847,-1.917003007254717,0.00036746525273301245,1.9364566041335156,1.5211857514684073,0.4171834366873375,9.49545444408723,1.5163516351635165,0.003117511986655971
HYDROGEL_PACK,day_1,200,5,9995,0.03578670409663555,-0.012550722797106124,-0.035413282153560134,-3.5423104370783287,0.0012541005528876603,4.2188879175616485,3.378446973009883,0.47268361016609967,9.498462534212772,3.3718859429714856,0.012550722797106124
HYDROGEL_PACK,day_1,200,10,9990,0.06930876852112319,-0.025341836140623138,-0.05063552213364081,-5.067013138759425,0.002563956101746645,5.9549969205517455,4.773506102651379,0.4838322154369807,9.50097020214689,4.770970970970971,0.025341836140623138
HYDROGEL_PACK,day_1,200,20,9980,0.13933019092792276,-0.0529095956481858,-0.07482632120679807,-7.495409464808283,0.005598978345343064,8.40439433830587,6.7061234082309955,0.5036576811303738,9.507171215725892,6.728206412825651,0.0529095956481858
HYDROGEL_PACK,day_1,200,30,9970,0.21448131357646683,-0.08195231919662585,-0.09481701921448861,-9.509361400424204,0.008990267132720553,10.26019999227242,8.232610246695518,0.5138930685123884,9.514003255584727,8.271063189568705,0.08195231919662585
HYDROGEL_PACK,day_1,200,50,9950,0.3602841782673844,-0.14020970886411455,-0.1267691266849691,-12.746747306864023,0.016070411480469726,13.094852803481926,10.680124784199844,0.5451804201427279,9.529000859680204,10.805025125628141,0.14020970886411455
HYDROGEL_PACK,day_1,200,70,9930,0.544406494623223,-0.18642311123887934,-0.14489013858095234,-14.590724165444339,0.020993152258007686,15.199987984594204,12.366607429313643,0.5439621311310303,9.52788099967251,12.529003021148036,0.18642311123887934
HYDROGEL_PACK,day_1,200,80,9920,0.6409851430259185,-0.21226741217539935,-0.15522476638055338,-15.648374630758983,0.024094728097897367,16.13136465366926,13.060299178881177,0.5483415666901905,9.526874477674967,13.257610887096774,0.21226741217539935
HYDROGEL_PACK,day_1,200,90,9910,0.741941611427783,-0.23993910885753775,-0.16626683082436547,-16.783638463481946,0.027644659032378116,16.99244671724515,13.707116414647551,0.5443536179231002,9.524153171323357,13.908022199798184,0.23993910885753775
HYDROGEL_PACK,day_1,200,100,9900,0.8381564678603498,-0.26623189683113174,-0.17600587853777686,-17.7882856580279,0.03097806927985447,17.77956138191412,14.233961706175505,0.5464188301848671,9.520481434155931,14.45479797979798,0.26623189683113174
HYDROGEL_PACK,day_1,200,110,9890,0.9348232651711422,-0.2933357219303744,-0.18590956780310644,-18.814550990598594,0.034562367400737926,18.51076944069415,14.722473562606094,0.5633532207503287,9.516990943521252,15.027401415571283,0.2933357219303744
HYDROGEL_PACK,day_1,200,120,9880,1.0274016098180923,-0.31741181543695507,-0.19389026869827727,-19.643154624179033,0.03759343629589029,19.174507775872307,15.234059318588471,0.56675776900496,9.513432921428999,15.566447368421052,0.31741181543695507
HYDROGEL_PACK,day_1,200,130,9870,1.1085862380078655,-0.33827108000688033,-0.19988826690655523,-20.265445253436276,0.03995531924690643,19.786951570084923,15.696329984978826,0.5731077110142871,9.50557205618224,16.060688956433637,0.33827108000688033
HYDROGEL_PACK,day_1,200,140,9860,1.1814548791512218,-0.35908576648363916,-0.20570253806757544,-20.869996787714904,0.042313534167442435,20.366131782147296,16.16587908632796,0.5850491936301856,9.494251760250252,16.5565415821501,0.35908576648363916
HYDROGEL_PACK,day_1,200,150,9850,1.2513303158597335,-0.38683830481176623,-0.21516228386332217,-21.864174864118777,0.04629480839728073,20.935528091064967,16.65444715025296,0.5851355467560159,9.493886126535793,17.080507614213197,0.38683830481176623
HYDROGEL_PACK,day_2,10,1,9999,-9.001602753041396e-05,-0.013777477311379788,-0.0190788923182893,-1.9079503094813675,0.00036400413209281,1.9623284664876801,1.5312394264873093,0.40738147629525906,2.1653100639902543,1.5259525952595259,0.013777477311379788
HYDROGEL_PACK,day_2,10,5,9995,-0.0003505613991195047,-0.03428874334615715,-0.02166780579226727,-2.166530719349401,0.0004694938078513289,4.300373735207277,3.4149055872303644,0.45657394436661997,2.165454628909118,3.4097048524262132,0.03428874334615715
HYDROGEL_PACK,day_2,10,10,9990,0.0007334580405916378,-0.07172786220908488,-0.03229853832662321,-3.2296003305904994,0.0010431955780364488,6.034059599609313,4.819558533395362,0.46611272399639603,2.165821996017851,4.812912912912913,0.07172786220908488
HYDROGEL_PACK,day_2,10,20,9980,-0.0056241713739433805,-0.06780659820408572,-0.02192265470916048,-2.1903790655175945,0.00048060278949701996,8.407438304174299,6.787929546536878,0.47259244413267865,2.1659470906843032,6.781663326653306,0.06780659820408572
HYDROGEL_PACK,day_2,10,30,9970,-0.01406923795342294,-0.13901158523070384,-0.03689409160463824,-3.6860108811304024,0.0013611739953315327,10.227780959928424,8.289984444938684,0.4859063095596349,2.163794251552573,8.29197592778335,0.13901158523070384
HYDROGEL_PACK,day_2,10,50,9950,-0.026157860043537557,-0.11594585462342856,-0.02432168169432878,-2.426554103193984,0.0005915442004401639,12.952286456442712,10.205450597714467,0.5006533319931652,2.165027821310405,10.213115577889447,0.11594585462342856
HYDROGEL_PACK,day_2,10,70,9930,-0.018550914549218128,-0.2322023497157114,-0.04148401097231142,-4.13700113780396,0.0017209231663508628,15.185343272313112,11.975760839321056,0.49783462584348875,2.163287418981977,11.984491440080564,0.2322023497157114
HYDROGEL_PACK,day_2,10,80,9920,-0.016357424329813103,-0.2558054192856885,-0.04311706245525486,-4.297988874123346,0.0018590810747705078,16.099933454126102,12.757834520901975,0.497529992942837,2.1644013360823036,12.756905241935485,0.2558054192856885
HYDROGEL_PACK,day_2,10,90,9910,-0.01152997301134696,-0.27340952851344463,-0.04367668987495494,-4.35168401991515,0.0019076532384331157,16.971370270609068,13.497324160806079,0.5060046422444242,2.1624007179638336,13.501311806256307,0.27340952851344463
HYDROGEL_PACK,day_2,10,100,9900,-0.019466714528459512,-0.33169566493069996,-0.05059974298611743,-5.040559180061729,0.002560333990261121,17.75710760784591,14.122577450016209,0.5095464188301849,2.160982734385565,14.12919191919192,0.33169566493069996
HYDROGEL_PACK,day_2,10,110,9890,-0.03800473299774147,-0.42361410924604975,-0.06213009066646484,-6.1900771057854715,0.003860148166223265,18.446755090330534,14.671301365516848,0.5160279097987663,2.159694911992776,14.701567239635995,0.42361410924604975
HYDROGEL_PACK,day_2,10,120,9880,-0.05751742041118445,-0.4033646246124741,-0.057314166914701245,-5.705726880197497,0.0032849137291262043,19.054504432257705,15.170159972935977,0.5194857779127442,2.160985631996608,15.211234817813764,0.4033646246124741
HYDROGEL_PACK,day_2,10,130,9870,-0.07203982978568838,-0.3519874632334148,-0.04838533049545989,-4.812128881788688,0.0023411402071549237,19.67908749172304,15.691497549855173,0.5025838484142263,2.1585441608752443,15.698277608915907,0.3519874632334148
HYDROGEL_PACK,day_2,10,140,9860,-0.09544551533066654,-0.3302565449963108,-0.043993760003840116,-4.372261948642172,0.0019354509192753833,20.31656964896367,16.257140154604883,0.5060350948372045,2.159009640826387,16.25811359026369,0.3302565449963108
HYDROGEL_PACK,day_2,10,150,9850,-0.12491793075676715,-0.3109755660527915,-0.04018945423461269,-3.991509310640588,0.0016151922316760547,20.945627438273355,16.777811702541424,0.5096964158797848,2.1589336921831337,16.788426395939087,0.3109755660527915
HYDROGEL_PACK,day_2,20,1,9999,-7.90463938604261e-05,-0.008985116070063382,-0.018354130321609773,-1.8354468828540695,0.0003368740998626052,1.962355095017239,1.5309406865275865,0.4085817163432687,3.213288149832055,1.5259525952595259,0.008985116070063382
HYDROGEL_PACK,day_2,20,5,9995,-0.0003081284949610187,-0.027480367495190307,-0.025616655783000347,-2.5616094571014143,0.0006562130535046062,4.299972046595404,3.415770561542258,0.45567340404242546,3.213557739685487,3.4097048524262132,0.027480367495190307
HYDROGEL_PACK,day_2,20,10,9990,0.0007927114158741245,-0.05184664253329999,-0.03444090578536349,-3.4440667446137208,0.0011861759913164294,6.033627757509097,4.820127345027213,0.4693162478726599,3.2144149063501746,4.812912912912913,0.05184664253329999
HYDROGEL_PACK,day_2,20,20,9980,-0.005423308165286941,-0.0676150372673926,-0.03225724006610981,-3.223851449354306,0.001040529536682655,8.405083067714017,6.788546214668189,0.47670107225172864,3.215790883504779,6.781663326653306,0.0676150372673926
HYDROGEL_PACK,day_2,20,30,9970,-0.013548336439367434,-0.11592033049705494,-0.04539320890136958,-4.536728630479357,0.0020605434143634582,10.224198959193075,8.28389831713708,0.49774300331026183,3.212347038405895,8.29197592778335,0.11592033049705494
HYDROGEL_PACK,day_2,20,50,9950,-0.025464456626646294,-0.11647905213762601,-0.03605746454599951,-3.5986994633976708,0.001300140749485923,12.947693953329262,10.197106339182062,0.5064830636244849,3.2156539535230473,10.213115577889447,0.11647905213762601
HYDROGEL_PACK,day_2,20,70,9930,-0.01785045043129616,-0.21504312309350193,-0.056719039618189776,-5.6605607073097834,0.0032170494552099527,15.173959827276981,11.961668509554949,0.5044818209285931,3.2136432285777206,11.984491440080564,0.21504312309350193
HYDROGEL_PACK,day_2,20,80,9920,-0.01605413925435947,-0.23422222701479437,-0.05828834825019297,-5.814773752030613,0.003397531541735832,16.087521127756467,12.753093282612184,0.5042847061195685,3.215600527210233,12.756905241935485,0.23422222701479437
HYDROGEL_PACK,day_2,20,90,9910,-0.012128000460615058,-0.26839678286857643,-0.06325636553971097,-6.309106571001117,0.004001367781293674,16.95356036600491,13.490022375313282,0.5148854576647492,3.210703602645465,13.501311806256307,0.26839678286857643
HYDROGEL_PACK,day_2,20,100,9900,-0.021150547503340222,-0.3215155682702135,-0.07232968765449686,-7.214883458804252,0.00523158371619703,17.733313953377095,14.100406642183009,0.5182341650671785,3.207232015909432,14.12919191919192,0.3215155682702135
HYDROGEL_PACK,day_2,20,110,9890,-0.04006060945976632,-0.3715291520919846,-0.08038586732663723,-8.019396102486883,0.006461887665855648,18.422649524242516,14.648508076924884,0.5227019921124482,3.2063755292943554,14.701567239635995,0.3715291520919846
HYDROGEL_PACK,day_2,20,120,9880,-0.06005348327478606,-0.34299544891211337,-0.0718883328942226,-7.163380746239429,0.005167932406310527,19.03649680370339,15.155070291250702,0.5204980261160036,3.207650256924657,15.211234817813764,0.34299544891211337
HYDROGEL_PACK,day_2,20,130,9870,-0.07457207693704981,-0.3063859994141271,-0.06214423974306355,-6.185227463727176,0.0038619065332434754,19.66408301058318,15.68477426546294,0.5004559732495694,3.2047663851814754,15.698277608915907,0.3063859994141271
HYDROGEL_PACK,day_2,20,140,9860,-0.09760213813455836,-0.2912007518944071,-0.05723948736059307,-5.69249637583204,0.0032763589133033566,20.302917322061468,16.25462688995345,0.5023836088852824,3.2057605332625907,16.25811359026369,0.2912007518944071
HYDROGEL_PACK,day_2,20,150,9850,-0.12660575558191348,-0.2813390971239563,-0.05364939092376281,-5.331687940611053,0.0028782571464908147,20.93237400154509,16.771891778746138,0.5050258909533963,3.2055617626282955,16.788426395939087,0.2813390971239563
HYDROGEL_PACK,day_2,30,1,9999,-6.63624977260681e-05,-0.00719516547264708,-0.018150256642014174,-1.8150523825575526,0.0003294318161709553,1.9623623996660557,1.5308656654356594,0.41038207641528307,3.98735149281743,1.5259525952595259,0.00719516547264708
HYDROGEL_PACK,day_2,30,5,9995,-0.00025660528539542824,-0.02398299739974421,-0.027607928748087634,-2.7608787964866357,0.0007621977297594951,4.299744025350405,3.415979540395654,0.45967580548328996,3.987638148181447,3.4097048524262132,0.02398299739974421
HYDROGEL_PACK,day_2,30,10,9990,0.0008955784327343954,-0.04458046923223704,-0.03657068025831239,-3.6573196210451746,0.0013374146545557242,6.033170939471453,4.820176850269254,0.4747221944138552,3.988730887484101,4.812912912912913,0.04458046923223704
HYDROGEL_PACK,day_2,30,20,9980,-0.005157222912475751,-0.06531165447706336,-0.038479022071382325,-3.8465158823166314,0.0014806351395699746,8.40323137514027,6.7870545570718654,0.4873233790961018,3.9910649658829507,6.781663326653306,0.06531165447706336
HYDROGEL_PACK,day_2,30,30,9970,-0.013107006231494574,-0.10434969792960272,-0.05047110518131526,-5.045458999038547,0.0025473324582234724,10.221705002725015,8.278318378058438,0.5087772093489819,3.9872976854916176,8.29197592778335,0.10434969792960272
HYDROGEL_PACK,day_2,30,50,9950,-0.024841650125208524,-0.12143870755547995,-0.04643622479378521,-4.636534955705297,0.0021563229730988676,12.94214275482593,10.186667271680735,0.5112071564981405,3.991895726247391,10.213115577889447,0.12143870755547995
HYDROGEL_PACK,day_2,30,70,9930,-0.017633857960898794,-0.2097501548730738,-0.06833791238261318,-6.825100646628687,0.00467007026881372,15.162896174838025,11.945571401012984,0.5117333064759795,3.989612773791446,11.984491440080564,0.2097501548730738
HYDROGEL_PACK,day_2,30,80,9920,-0.016368083895083606,-0.23059577403746528,-0.07087226166214729,-7.075901790385272,0.005022877473108034,16.074397310807356,12.741920254773893,0.5113418691400343,3.990335899244364,12.756905241935485,0.23059577403746528
HYDROGEL_PACK,day_2,30,90,9910,-0.013256056490448913,-0.26574377757212087,-0.07731739382463229,-7.7191983908118305,0.00597797938783351,16.936729395803933,13.478114749954324,0.5169038248057322,3.9832196722926616,13.501311806256307,0.26574377757212087
HYDROGEL_PACK,day_2,30,100,9900,-0.023006803960561963,-0.30882483410244205,-0.08575319704996173,-8.563016119050731,0.007353610804289645,17.714389617999114,14.07886799974227,0.5226790584907567,3.9784419116922205,14.12919191919192,0.30882483410244205
HYDROGEL_PACK,day_2,30,110,9890,-0.0421883644169946,-0.3394077479399966,-0.09065255333555194,-9.051616258197683,0.008217885426255012,18.40636205745826,14.634472021126104,0.5213874001415715,3.977758300045113,14.701567239635995,0.3394077479399966
HYDROGEL_PACK,day_2,30,120,9880,-0.062325155274605526,-0.3116348196752551,-0.08062231749592166,-8.039070621426289,0.006499958078413082,19.023748121334837,15.148685369353968,0.5183723048891589,3.978536493711367,15.211234817813764,0.3116348196752551
HYDROGEL_PACK,day_2,30,130,9870,-0.07661298743100017,-0.28300929490377136,-0.07088228414007203,-7.059046405124275,0.005024298204914013,19.65260667089681,15.679478143329638,0.5014692471375013,3.9760977285931305,15.698277608915907,0.28300929490377136
HYDROGEL_PACK,day_2,30,140,9860,-0.09941976665288488,-0.2720391174978873,-0.06602938491527337,-6.570228356915764,0.004359879672289235,20.29187884895174,16.25205700178422,0.5005578659093214,3.977191688076735,16.25811359026369,0.2720391174978873
HYDROGEL_PACK,day_2,30,150,9850,-0.1283055821531876,-0.2670669252390469,-0.06289087929515577,-6.2534871840738635,0.0039552626985176476,20.921066268026372,16.76764956159754,0.5018783632856127,3.977164987105809,16.788426395939087,0.2670669252390469
HYDROGEL_PACK,day_2,50,1,9999,-4.1077985534719595e-05,-0.005642637726492482,-0.018340735429026277,-1.8341069179859641,0.00033638257607759847,1.9623555774518013,1.530855844565382,0.40918183636727345,5.1257975184441475,1.5259525952595259,0.005642637726492482
HYDROGEL_PACK,day_2,50,5,9995,-0.00014934624595163549,-0.020648259732636006,-0.030627179024242248,-3.063082723255666,0.0009380240949830032,4.299365716192426,3.4159281749619983,0.46147688613167903,5.12614818701178,3.4097048524262132,0.020648259732636006
HYDROGEL_PACK,day_2,50,10,9990,0.001107376573553988,-0.038504312460268746,-0.04069985802397586,-4.070916167758356,0.0016564784431719604,6.0322070903283445,4.819743146963182,0.47882670938031835,5.127575152662347,4.812912912912913,0.038504312460268746
HYDROGEL_PACK,day_2,50,20,9980,-0.004701201958942783,-0.06238677351797709,-0.04736136632507016,-4.736238922275098,0.002243099020177497,8.400022431871493,6.782896292831318,0.4972442128469787,5.130848587437992,6.781663326653306,0.06238677351797709
HYDROGEL_PACK,day_2,50,30,9970,-0.012496649312878501,-0.09540686396232205,-0.059489048089577834,-5.94991648475684,0.0035389468426042514,10.216622801603119,8.268168992615536,0.5189086167118065,5.128089676226793,8.29197592778335,0.09540686396232205
HYDROGEL_PACK,day_2,50,50,9950,-0.024221410911280654,-0.12796101702123913,-0.06307738408799424,-6.303870194111663,0.0039787563833842965,12.930318772254955,10.164061451947946,0.5169363755151272,5.133049592654888,10.213115577889447,0.12796101702123913
HYDROGEL_PACK,day_2,50,70,9930,-0.018379256952201807,-0.20291547617155842,-0.08518868441014639,-8.519113480394992,0.0072571119515315585,15.143177805089424,11.91395553055844,0.5225098197200121,5.128822418775746,11.984491440080564,0.20291547617155842
HYDROGEL_PACK,day_2,50,80,9920,-0.018110317362130205,-0.22348871308507834,-0.08846872223569811,-8.84520783839283,0.00782671481401731,16.0517325726302,12.715621993537663,0.5206169976812178,5.126454383527678,12.756905241935485,0.22348871308507834
HYDROGEL_PACK,day_2,50,90,9910,-0.016138227787250367,-0.25316038894516135,-0.09484214270475946,-9.483233417347565,0.00899503203283003,16.91100670757278,13.45222596513133,0.5241699465132708,5.116444489968006,13.501311806256307,0.25316038894516135
HYDROGEL_PACK,day_2,50,100,9900,-0.026667692195664602,-0.282787071355838,-0.10110840967061577,-10.110957984896126,0.010222910506121008,17.68876887490354,14.048732481075561,0.5302555813718557,5.110204051875094,14.12919191919192,0.282787071355838
HYDROGEL_PACK,day_2,50,110,9890,-0.0460888798639872,-0.2983384993110193,-0.10261258910630772,-10.2577808150317,0.010529343443099859,18.384900513278794,14.618755300183711,0.5238143391647285,5.109839052257253,14.701567239635995,0.2983384993110193
HYDROGEL_PACK,day_2,50,120,9880,-0.0662203453986759,-0.2768782754972523,-0.09224227417529061,-9.207040317760413,0.008508637145029474,19.004507085946432,15.143566711908827,0.5169551574045956,5.110594211508746,15.211234817813764,0.2768782754972523
HYDROGEL_PACK,day_2,50,130,9870,-0.08025706089035782,-0.2594960584580337,-0.08373034253723395,-8.346899208462332,0.007010770261402621,19.63297862423101,15.671285939072375,0.5046103961900902,5.109297274734611,15.698277608915907,0.2594960584580337
HYDROGEL_PACK,day_2,50,140,9860,-0.10303305648616072,-0.25644076616527617,-0.08018916755278836,-7.987501324325954,0.006430302592808967,20.270769497175753,16.2439369961655,0.4999492849173344,5.110798230496002,16.25811359026369,0.25644076616527617
HYDROGEL_PACK,day_2,50,150,9850,-0.1321022579682196,-0.26015419657012345,-0.07893671381017896,-7.857969538395033,0.006231004787149996,20.897152594524467,16.755252702871598,0.5048228246522489,5.111579602149734,16.788426395939087,0.26015419657012345
HYDROGEL_PACK,day_2,70,1,9999,-2.6111950086451374e-05,-0.0049368437624826515,-0.018830300007464114,-1.8830814063478898,0.00035458019837109056,1.9623377162595472,1.5309217203136718,0.41258251650330063,5.975393873668226,1.5259525952595259,0.0049368437624826515
HYDROGEL_PACK,day_2,70,5,9995,-8.239270561636713e-05,-0.019054355191771757,-0.0331666844098961,-3.3173324867612908,0.001100028954745591,4.29901711600779,3.4156985056634825,0.46547928757254353,5.976080910965886,3.4097048524262132,0.019054355191771757
HYDROGEL_PACK,day_2,70,10,9990,0.0012300587984767804,-0.03578573704459258,-0.04438994119975413,-4.440707214639044,0.0019704668797176916,6.031258422770862,4.818991338083171,0.481930123135449,5.9779872498148405,4.812912912912913,0.03578573704459258
HYDROGEL_PACK,day_2,70,20,9980,-0.004476222129814896,-0.06071306530981816,-0.0540902700569583,-5.410995227645448,0.002925757314834798,8.397148321871269,6.77913454998297,0.5025553662691652,5.9823176048779025,6.781663326653306,0.06071306530981816
HYDROGEL_PACK,day_2,70,30,9970,-0.012312551367900399,-0.09157349810142612,-0.06703394336794863,-6.707748079473987,0.0044935495634573774,10.211727902401943,8.259456030772721,0.5216170127394925,5.981446763588744,8.29197592778335,0.09157349810142612
HYDROGEL_PACK,day_2,70,50,9950,-0.02441805375466073,-0.12946790389000093,-0.07491044437455419,-7.492594538579641,0.005611574676393061,12.91971582525225,10.143501025798704,0.5246758468187758,5.984711167168006,10.213115577889447,0.12946790389000093
HYDROGEL_PACK,day_2,70,70,9930,-0.019989878592066666,-0.19574711833548175,-0.09641708056127489,-9.651903224669768,0.009296253423959455,15.127617404031193,11.888968706098813,0.5295598751133045,5.976402940201263,11.984491440080564,0.19574711833548175
HYDROGEL_PACK,day_2,70,80,9920,-0.02046563464443075,-0.21517505596596273,-0.0999073388236694,-9.999718692346605,0.0099814763508278,16.034292849197552,12.692004047983653,0.524448029035185,5.971898895975586,12.756905241935485,0.21517505596596273
HYDROGEL_PACK,day_2,70,90,9910,-0.0191776790648561,-0.2408250837172848,-0.10582872972607266,-10.593568810081063,0.011199720035434235,16.892185281826237,13.430202854957336,0.5266929054394994,5.960271260186172,13.501311806256307,0.2408250837172848
HYDROGEL_PACK,day_2,70,100,9900,-0.03011105200774222,-0.2645887137018748,-0.11098073211619007,-11.10995909317777,0.012316722901045463,17.67004921973421,14.028024632707892,0.5295484392362865,5.953410457081983,14.12919191919192,0.2645887137018748
HYDROGEL_PACK,day_2,70,110,9890,-0.049682078238323865,-0.27639354999067134,-0.11153197570403703,-11.160193968092235,0.012439381604445798,18.36714716995737,14.608280152608431,0.5223986247345536,5.9534635656905275,14.701567239635995,0.27639354999067134
HYDROGEL_PACK,day_2,70,120,9880,-0.06986649187204842,-0.26183280672825626,-0.10234399080610214,-10.225470921066675,0.010474292454119571,18.98565929514835,15.138211689168521,0.514525761716773,5.954645893027555,15.211234817813764,0.26183280672825626
HYDROGEL_PACK,day_2,70,130,9870,-0.08396248021037929,-0.25286161178699645,-0.0957461336666909,-9.555109216500439,0.009167322112119791,19.61164780405194,15.662816230370169,0.5044077414125038,5.954266716010386,15.698277608915907,0.25286161178699645
HYDROGEL_PACK,day_2,70,140,9860,-0.10694730849635371,-0.2564017700965942,-0.09409013223798902,-9.383598996086812,0.008852952984562124,20.246041005395696,16.231643635573498,0.5002535754133279,5.956196594231321,16.25811359026369,0.2564017700965942
HYDROGEL_PACK,day_2,70,150,9850,-0.13634728793789735,-0.2666912850995656,-0.09496844712562656,-9.467181298678007,0.009019005949452819,20.867818712016145,16.737065202512387,0.5052289572545436,5.957615183952799,16.788426395939087,0.2666912850995656
HYDROGEL_PACK,day_2,100,1,9999,-2.5819389356006832e-05,-0.004375543666509594,-0.019649018658803575,-1.964986469965434,0.000386083934253878,1.9623067945672255,1.5310668391181923,0.41328265653130625,6.989799241475062,1.5259525952595259,0.004375543666509594
HYDROGEL_PACK,day_2,100,5,9995,-7.649915021862958e-05,-0.017718410357209106,-0.03631200308099343,-3.6323246772810602,0.0013185615677541174,4.298546835269171,3.4153192153217877,0.4710826495897539,6.99128990571036,3.4097048524262132,0.017718410357209106
HYDROGEL_PACK,day_2,100,10,9990,0.001223079959018756,-0.033541847985392066,-0.04898768699231311,-4.90171363877863,0.0023997934768569262,6.029961037222542,4.81776255886774,0.4907398137951747,6.993977453710243,4.812912912912913,0.033541847985392066
HYDROGEL_PACK,day_2,100,20,9980,-0.004539100084001885,-0.05894986340372895,-0.06183802740034004,-6.188841028876827,0.0038239416327652265,8.39336531057754,6.773893528576394,0.510271570297625,6.999062661379164,6.781663326653306,0.05894986340372895
HYDROGEL_PACK,day_2,100,30,9970,-0.012644365110138297,-0.08817376584504898,-0.0760199273006385,-7.611846205775554,0.005779029346794418,10.205132661276377,8.248749224586044,0.5251278964790852,7.000863901482606,8.29197592778335,0.08817376584504898
HYDROGEL_PACK,day_2,100,50,9950,-0.02560208937725066,-0.12903428757485827,-0.0879020918786598,-8.801394002072952,0.00772677775664421,12.90596749008754,10.117670555569319,0.5326163433510905,7.000534250424836,10.213115577889447,0.12903428757485827
HYDROGEL_PACK,day_2,100,70,9930,-0.022976737297815016,-0.1882129536908241,-0.10910890341997302,-10.93683525084043,0.011904752805509067,15.107688949338504,11.858545581571711,0.5402356732802901,6.987424859513321,11.984491440080564,0.1882129536908241
HYDROGEL_PACK,day_2,100,80,9920,-0.02426542702796772,-0.20707410572319696,-0.11313963260871832,-11.340295454072407,0.012800576466835856,16.01144756889558,12.661673519902562,0.5319084585139631,6.981066325866001,12.756905241935485,0.20707410572319696
HYDROGEL_PACK,day_2,100,90,9910,-0.0236925523431242,-0.23020189612463965,-0.11907088146448531,-11.937112507845072,0.014177874812729585,16.86672742110948,13.40149441048005,0.5317388232919568,6.968304143053876,13.501311806256307,0.23020189612463965
HYDROGEL_PACK,day_2,100,100,9900,-0.035096574458855175,-0.25111904869131013,-0.12400622105131902,-12.433183098190995,0.015377542859428606,17.64264832730707,14.001107109064382,0.5345994544903525,6.961317202022349,14.12919191919192,0.25111904869131013
HYDROGEL_PACK,day_2,100,110,9890,-0.054955653989674544,-0.2628693497456742,-0.12489295218094483,-12.517164843478492,0.01559824950447164,18.337748538158856,14.590613800895737,0.5234098493275356,6.962128233901476,14.701567239635995,0.2628693497456742
HYDROGEL_PACK,day_2,100,120,9880,-0.0753989163523899,-0.2564808006120441,-0.11804440504870625,-11.814817902867777,0.013934481563303014,18.952435548871552,15.122763376000801,0.5208017005769815,6.964251998161898,15.211234817813764,0.2564808006120441
HYDROGEL_PACK,day_2,100,130,9870,-0.08983191399501066,-0.25606166046664014,-0.11418447708193814,-11.41751110577799,0.013038094806475886,19.573303027438833,15.643779220244038,0.5116019860168204,6.965131171343795,15.698277608915907,0.25606166046664014
HYDROGEL_PACK,day_2,100,140,9860,-0.11320810038203985,-0.2661168833219718,-0.11500715635825329,-11.495042079057708,0.013226646013611454,20.201321166787043,16.204169783788043,0.508672279135815,6.967407339200047,16.25811359026369,0.2661168833219718
HYDROGEL_PACK,day_2,100,150,9850,-0.14307685744902293,-0.28221120132395083,-0.11835598928525004,-11.828443372454998,0.0140081401996901,20.81522248662915,16.70082832720022,0.5136562087521576,6.969366791082022,16.788426395939087,0.28221120132395083
HYDROGEL_PACK,day_2,120,1,9999,-3.648290370145138e-05,-0.004148965533499367,-0.0201949452685545,-2.0196034552623305,0.0004078358143998484,1.9622854442770161,1.5311877079547047,0.41098219643928785,7.5685347483118885,1.5259525952595259,0.004148965533499367
HYDROGEL_PACK,day_2,120,5,9995,-0.00012097298142418748,-0.017163595188927884,-0.03812716112047088,-3.8141547170390226,0.0014536804151062954,4.298256034660336,3.415147257030162,0.47418451070642387,7.570612787159309,3.4097048524262132,0.017163595188927884
HYDROGEL_PACK,day_2,120,10,9990,0.0011243360306458158,-0.03261985672779635,-0.05163970115715887,-5.167765737074019,0.002666658735600791,6.029154454217857,4.81697248177805,0.4920412453699069,7.573477868970835,4.812912912912913,0.03261985672779635
HYDROGEL_PACK,day_2,120,20,9980,-0.00476383271275123,-0.05815664614223776,-0.06612584886006333,-6.619795845466027,0.0043726278874639535,8.3910534910668,6.770715082145082,0.5115743060426896,7.578732248199958,6.781663326653306,0.05815664614223776
HYDROGEL_PACK,day_2,120,30,9970,-0.013114309905656037,-0.08676540421596375,-0.08109075939256705,-8.122841801524103,0.006575711258863359,10.201043090541337,8.242903043949495,0.5272344267228408,7.581907131830282,8.29197592778335,0.08676540421596375
HYDROGEL_PACK,day_2,120,50,9950,-0.02669476485475628,-0.12868280769480503,-0.09501029595036456,-9.519357535097576,0.009026956336575798,12.89750935453912,10.102911618258734,0.5410594029550708,7.57939412762061,10.213115577889447,0.12868280769480503
HYDROGEL_PACK,day_2,120,70,9930,-0.025096686625182166,-0.18532684035256364,-0.11642974251782601,-11.680423198002398,0.013555884942767382,15.095061006650466,11.840470313868705,0.543055695437607,7.564204076370826,11.984491440080564,0.18532684035256364
HYDROGEL_PACK,day_2,120,80,9920,-0.026826824559198492,-0.2042545196549413,-0.12093963121450399,-12.133336141359663,0.014626394398300269,15.996634190307883,12.642813561218757,0.5341264240346809,7.557185556025773,12.756905241935485,0.2042545196549413
HYDROGEL_PACK,day_2,120,90,9910,-0.02665429195386932,-0.22676131810757563,-0.12713192067270684,-12.7580977910731,0.01616252525393147,16.849740876665535,13.384057029746582,0.5329498435765466,7.544151885991617,13.501311806256307,0.22676131810757563
HYDROGEL_PACK,day_2,120,100,9900,-0.038355300289854094,-0.24715461015029827,-0.13230532911668594,-13.279625311739167,0.017504700112674576,17.623580623716446,13.983688769798075,0.5353065966259218,7.537365676622398,14.12919191919192,0.24715461015029827
HYDROGEL_PACK,day_2,120,110,9890,-0.05843513834244653,-0.2596551516885852,-0.13373971603943313,-13.419419936465228,0.01788631164630805,18.316424765915713,14.57756010192271,0.5254322985134998,7.538722278604452,14.701567239635995,0.2596551516885852
HYDROGEL_PACK,day_2,120,120,9880,-0.07909715980329066,-0.2571204682063611,-0.12829399926965418,-12.857149605550866,0.01645935024860201,18.928155680283393,15.109236164912394,0.5251543678509971,7.541543031702925,15.211234817813764,0.2571204682063611
HYDROGEL_PACK,day_2,120,130,9870,-0.0937867512944111,-0.26036774886277897,-0.12588023500870074,-12.604933178824822,0.01584583356584579,19.54544183918215,15.627621386985899,0.5165670280676867,7.543195533787366,15.698277608915907,0.26036774886277897
HYDROGEL_PACK,day_2,120,140,9860,-0.11740291132738374,-0.27299699636976854,-0.12791439068344637,-12.805489502259094,0.016362091343917307,20.169201058685104,16.182186722826433,0.5165838320316463,7.545627067309006,16.25811359026369,0.27299699636976854
HYDROGEL_PACK,day_2,120,150,9850,-0.147529755863344,-0.2910959108946929,-0.13236277176212588,-13.251895191471503,0.017519903348552468,20.77812109766123,16.67377973391198,0.5212711950451823,7.547832843190089,16.788426395939087,0.2910959108946929
HYDROGEL_PACK,day_2,150,1,9999,-6.27387197404935e-05,-0.003916183470818123,-0.02097399749429147,-2.0975465309665497,0.0004399085708904904,1.9622539632338865,1.5313725666398839,0.41208241648329663,8.327639791026547,1.5259525952595259,0.003916183470818123
HYDROGEL_PACK,day_2,150,5,9995,-0.00023539553769686582,-0.01658237083930905,-0.04053151746537474,-4.055065102586068,0.0016428039080458312,4.297848973078336,3.414920764479264,0.4716830098058835,8.330555027662124,3.4097048524262132,0.01658237083930905
HYDROGEL_PACK,day_2,150,10,9990,0.0008855489288944125,-0.031659633675274135,-0.05514740826082345,-5.519830935795897,0.0030412366378859135,6.028022134648549,4.815818182039361,0.48823706076684353,8.333514387190776,4.812912912912913,0.031659633675274135
HYDROGEL_PACK,day_2,150,20,9980,-0.005269567165328028,-0.05728840645442134,-0.07167131829348246,-7.177702510431618,0.005136777865925701,8.387832781033579,6.7662309792413255,0.5074656779236396,8.338661012540722,6.781663326653306,0.05728840645442134
HYDROGEL_PACK,day_2,150,30,9970,-0.014031717582640145,-0.08528754802432537,-0.0877083247538053,-8.79066537382252,0.00769275023111915,10.195306283097159,8.235063815760611,0.5256294512990269,8.343266882753312,8.29197592778335,0.08528754802432537
HYDROGEL_PACK,day_2,150,50,9950,-0.028556188287181976,-0.12822512600049618,-0.1041522987616265,-10.444921149890325,0.01084770133733115,12.885655413459125,10.083886983381493,0.545280932757061,8.338239265874362,10.213115577889447,0.12822512600049618
HYDROGEL_PACK,day_2,150,70,9930,-0.028313322461646584,-0.18248953285498623,-0.1261254463078364,-12.668222063716836,0.015907628206350943,15.07705649371208,11.816439553516236,0.5496021754456643,8.32102269056596,11.984491440080564,0.18248953285498623
HYDROGEL_PACK,day_2,150,80,9920,-0.03061726164495546,-0.20162792630903795,-0.13134096770692272,-13.194436182603235,0.017250449798191014,15.975320428209582,12.617378976433029,0.5401754209093659,8.313498418210104,12.756905241935485,0.20162792630903795
HYDROGEL_PACK,day_2,150,90,9910,-0.030971886452432058,-0.223669237719821,-0.13799209093938516,-13.868259107720865,0.019041817161823626,16.825066643374743,13.359125342026497,0.536683822787365,8.300420889363291,13.501311806256307,0.223669237719821
HYDROGEL_PACK,day_2,150,100,9900,-0.043085270972028994,-0.24376851557459142,-0.14362099305289877,-14.43835062924297,0.020626989645500804,17.595555193015482,13.958477365161038,0.5413678149308011,8.294113542517334,14.12919191919192,0.24376851557459142
HYDROGEL_PACK,day_2,150,110,9890,-0.06349114374511257,-0.25727914858727907,-0.14585579690294473,-14.660451357729599,0.02127391349019303,18.28480808361519,14.557291475047345,0.5303872990191122,8.296270983964114,14.701567239635995,0.25727914858727907
HYDROGEL_PACK,day_2,150,120,9880,-0.08447258207682123,-0.2587115188705819,-0.14208762672416891,-14.26657067805309,0.02018889366810661,18.892234222731805,15.086939419222569,0.5305192833282721,8.300110021685255,15.211234817813764,0.2587115188705819
HYDROGEL_PACK,day_2,150,130,9870,-0.09951120829028341,-0.2654652407197822,-0.14127875892876995,-14.176514667772281,0.019959687724453556,19.504548195041956,15.60150354522964,0.5226466713952781,8.302805758235758,15.698277608915907,0.2654652407197822
HYDROGEL_PACK,day_2,150,140,9860,-0.12343969920803574,-0.28027548666401175,-0.14455951609855072,-14.505309597004011,0.020897453694646906,20.12264921220184,16.14684993728142,0.5227710721168476,8.305446031349529,16.25811359026369,0.28027548666401175
HYDROGEL_PACK,day_2,150,150,9850,-0.1538880026335614,-0.299771091101822,-0.1500458041725497,-15.060609410241623,0.022513743349787174,20.725247353785313,16.631516394591277,0.528886181338207,8.307960585303558,16.788426395939087,0.299771091101822
HYDROGEL_PACK,day_2,200,1,9999,-0.00012198628558800239,-0.0036600015492814354,-0.022061968268105334,-2.2064028995492055,0.00048673044386282616,1.962208004275266,1.5316794165834968,0.41528305661132225,9.400438093897918,1.5259525952595259,0.0036600015492814354
HYDROGEL_PACK,day_2,200,5,9995,-0.00050119288168551,-0.01589167982028716,-0.04371810911644955,-4.374462905902005,0.0019112730647178333,4.297271064953723,3.414648862086953,0.4765859515709426,9.403780287281045,3.4097048524262132,0.01589167982028716
HYDROGEL_PACK,day_2,200,10,9990,0.00034729068787839025,-0.030496947126508505,-0.05978791139304733,-5.985910967467338,0.0035745943487428544,6.026409469046794,4.8141753252806225,0.48743617979777754,9.406539063074698,4.812912912912913,0.030496947126508505
HYDROGEL_PACK,day_2,200,20,9980,-0.006363869758414791,-0.05601665706475714,-0.07887017940364408,-7.902955977755833,0.006220505199163062,8.383263006858376,6.759754218672997,0.510271570297625,9.410842716014347,6.781663326653306,0.05601665706475714
HYDROGEL_PACK,day_2,200,30,9970,-0.015854698394306824,-0.08322698826533308,-0.09632578096992803,-9.662083663723399,0.009278656079466652,10.187155954015418,8.224285318193045,0.5314474872103521,9.417282002469523,8.29197592778335,0.08322698826533308
HYDROGEL_PACK,day_2,200,50,9950,-0.0318918377607331,-0.1267695913045924,-0.11586773822072204,-11.63497455709481,0.013425332760385711,12.868855100212384,10.061368042700673,0.5479947733440547,9.409702492587796,10.213115577889447,0.1267695913045924
HYDROGEL_PACK,day_2,200,70,9930,-0.03351994757378813,-0.17833815695758382,-0.1387118720537906,-13.956077179601566,0.019240983448667426,15.051500043302429,11.784665921973435,0.5556450800684862,9.390850061400641,11.984491440080564,0.17833815695758382
HYDROGEL_PACK,day_2,200,80,9920,-0.036595860321766,-0.1975485646453687,-0.14483369004752125,-14.57757066889908,0.020976797772781608,15.94500439265255,12.582605622650467,0.5449138017945357,9.383164358494094,12.756905241935485,0.1975485646453687
HYDROGEL_PACK,day_2,200,90,9910,-0.03764403438599484,-0.21894956883490896,-0.15208327069670258,-15.316371995644204,0.023129321225806576,16.78997629991761,13.323657535483008,0.5432435159955596,9.370465918914794,13.501311806256307,0.21894956883490896
HYDROGEL_PACK,day_2,200,100,9900,-0.05031740578556894,-0.23860805117604275,-0.15830622317872423,-15.950817994318625,0.025060860297112075,17.55568023453332,13.92282770304828,0.5474290332356804,9.36511007057198,14.12919191919192,0.23860805117604275
HYDROGEL_PACK,day_2,200,110,9890,-0.07118937797767369,-0.25295926621014303,-0.16149860592184445,-16.272780475844733,0.02608179971469915,18.239841719799507,14.524947771166705,0.5355445444433209,9.368491872269818,14.701567239635995,0.25295926621014303
HYDROGEL_PACK,day_2,200,120,9880,-0.09260929608238919,-0.2579888358915995,-0.15957170493691344,-16.06538947515168,0.025463129016473296,18.84131800932587,15.049805775752844,0.5354792995242433,9.3738522921615,15.211234817813764,0.2579888358915995
HYDROGEL_PACK,day_2,200,130,9870,-0.10809720777160348,-0.2675526970661701,-0.16036851685385958,-16.13954760812059,0.02571806119790665,19.447162831337415,15.559279534599812,0.528928969500456,9.377952083089344,15.698277608915907,0.2675526970661701
HYDROGEL_PACK,day_2,200,140,9860,-0.13245345654993057,-0.28358395173823675,-0.16473507808104096,-16.58268281594767,0.027137645950366607,20.0584220710166,16.090843192240516,0.5294654630287048,9.380964311028958,16.25811359026369,0.28358395173823675
HYDROGEL_PACK,day_2,200,150,9850,-0.1633331226630529,-0.30329134954466813,-0.17097881236559173,-17.221024415947966,0.029233754277948276,20.653883647269218,16.56629316359938,0.5331505736623008,9.38397068039949,16.788426395939087,0.30329134954466813
