product,ema_window,horizon,bucket,residual_mean,future_change_mean,future_change_median,count
VEV_5000,15,1,0,-0.47554082243442825,0.47750882405280193,0.45992566555969455,6000
VEV_5000,15,1,1,-0.17860822189591996,0.19210407573007887,0.04821278585995971,6000
VEV_5000,15,1,2,-0.025279637910130204,0.04008839753143862,0.0003721271614267885,5999
VEV_5000,15,1,3,0.13328956638213355,-0.14000874541645042,-0.04871653793406951,6000
VEV_5000,15,1,4,0.5458506242808653,-0.5697807895631918,-0.4784168073692854,6000
VEV_5000,20,1,0,-0.48545983282484867,0.48315473440679896,0.46201252751507127,6000
VEV_5000,20,1,1,-0.18347500329242866,0.19130601459222424,0.048966200197355654,6000
VEV_5000,20,1,2,-0.026590762610194475,0.04011086286921452,0.0003721271614267885,5999
VEV_5000,20,1,3,0.13599303963916054,-0.13750625777464556,-0.04893573051276691,6000
VEV_5000,20,1,4,0.5591604429514275,-0.577153588014692,-0.4834192221455851,6000
VEV_5000,25,1,0,-0.491898876160254,0.4877939812537619,0.46310359655581135,6000
VEV_5000,25,1,1,-0.1861567646016266,0.19062394249710496,0.04914182698576042,6000
VEV_5000,25,1,2,-0.027430275978757943,0.03688760566614591,0.00036271620047050035,5999
VEV_5000,25,1,3,0.13755756806716843,-0.1362655628699114,-0.048923394042503815,6000
VEV_5000,25,1,4,0.5674553207612768,-0.579128737677735,-0.4968140972409856,6000
VEV_5000,30,1,0,-0.4965185668719445,0.4914871625250892,0.46363312263474643,6000
VEV_5000,30,1,1,-0.18784745483182894,0.18887038998423245,0.04914182698576042,6000
VEV_5000,30,1,2,-0.028052132416460422,0.036199584252286365,0.0003721271614267885,5999
VEV_5000,30,1,3,0.1386590986782988,-0.13619990273178972,-0.0490661618491685,6000
VEV_5000,30,1,4,0.5731678401910786,-0.5804461198306876,-0.4979112559881286,6000
VEV_5000,35,1,0,-0.5000036493138497,0.4942510903229739,0.46397607637982213,6000
VEV_5000,35,1,1,-0.18909192071705605,0.18643599353898935,0.0491760789968794,6000
VEV_5000,35,1,2,-0.02856677947304968,0.03485790838420301,0.0003245905600124388,5999
VEV_5000,35,1,3,0.1395425321566913,-0.13478974763775733,-0.04905638533091402,6000
VEV_5000,35,1,4,0.5773951718583358,-0.5808443540219229,-0.4979342577271382,6000
VEV_5000,40,1,0,-0.502710717832627,0.49560682713993326,0.4643796993868819,6000
VEV_5000,40,1,1,-0.19015550366686967,0.18723064903343872,0.04952667909765295,6000
VEV_5000,40,1,2,-0.0290508202611264,0.03341138778769295,0.0002711102679313626,5999
VEV_5000,40,1,3,0.14031212458244663,-0.1332192842244732,-0.04883549300666343,6000
VEV_5000,40,1,4,0.5807338653957433,-0.5831189302368718,-0.4981441873933363,6000
VEV_5000,45,1,0,-0.5049829570473885,0.4945685076576007,0.4644813762247395,6000
VEV_5000,45,1,1,-0.1910255420551473,0.18860787878207824,0.04938105795281446,6000
VEV_5000,45,1,2,-0.02948947012547939,0.03138702121196287,0.00021844509410581803,5999
VEV_5000,45,1,3,0.14097956568192727,-0.1324712147392315,-0.048975991775932926,6000
VEV_5000,45,1,4,0.5834899653911696,-0.5821818808071196,-0.4982103425418245,6000
VEV_5000,50,1,0,-0.5069384784864669,0.49384988782208633,0.4643249467039822,6000
VEV_5000,50,1,1,-0.1917779861889696,0.19250375342361697,0.050152531925050384,6000
VEV_5000,50,1,2,-0.029865991842947116,0.02939727051256302,0.00019301663087389898,5999
VEV_5000,50,1,3,0.14154134093623208,-0.13286881842143322,-0.04938177246913254,6000
VEV_5000,50,1,4,0.5858459457720251,-0.5829721128566591,-0.49834909273886296,6000
VEV_5000,55,1,0,-0.5086616011492819,0.4934728746637005,0.464255825784221,6000
VEV_5000,55,1,1,-0.1924197436075007,0.191650346387739,0.05005808761507072,6000
VEV_5000,55,1,2,-0.030198666993492985,0.031155499699229264,0.00019579965010052547,5999
VEV_5000,55,1,3,0.14201589547210489,-0.13275649058605388,-0.04950233341241981,6000
VEV_5000,55,1,4,0.5878941947574093,-0.583611956646243,-0.4983812847131047,6000
VEV_5000,60,1,0,-0.5102077080126232,0.49331430210122,0.4644993299057206,6000
VEV_5000,60,1,1,-0.1930290782939949,0.1921190759852616,0.050172187170574034,6000
VEV_5000,60,1,2,-0.030464506272773206,0.03250950365151843,0.0001931686419993084,5999
VEV_5000,60,1,3,0.14243872793265888,-0.13434981263361212,-0.049873474207743095,6000
VEV_5000,60,1,4,0.5897109812881393,-0.5836825699186906,-0.4984369062153746,6000
VEV_5000,65,1,0,-0.5116208950707245,0.49313669478960614,0.46457830842700787,6000
VEV_5000,65,1,1,-0.19361330752269593,0.1910411908426848,0.05022261093154155,6000
VEV_5000,65,1,2,-0.030691712064563132,0.03329113197229926,0.00019187610269000288,5999
VEV_5000,65,1,3,0.14283033643331824,-0.1350788454970637,-0.04984252361737159,6000
VEV_5000,65,1,4,0.5913563715801498,-0.5824795426504424,-0.49841035694544183,6000
VEV_5000,15,2,0,-0.4755349010431898,0.4733868354456084,0.45468035753219727,6000
VEV_5000,15,2,1,-0.1785932332709344,0.1887166993742431,0.0657205239940594,5999
VEV_5000,15,2,2,-0.025267452879582274,0.043103703428378444,0.0008864757328410581,6000
VEV_5000,15,2,3,0.13330381192655838,-0.13853815970198866,-0.0710606679131161,5999
VEV_5000,15,2,4,0.5458506242808653,-0.5669367296566611,-0.4826616532577644,6000
VEV_5000,20,2,0,-0.48545295678910877,0.4802092206371907,0.45600337335827135,6000
VEV_5000,20,2,1,-0.1834598728472489,0.1873863785109063,0.0675352459847999,5999
VEV_5000,20,2,2,-0.026578241231615715,0.04567881542374425,0.00075946752713206,6000
VEV_5000,20,2,3,0.13600761799068192,-0.13982224520137598,-0.0724294606998227,5999
VEV_5000,20,2,4,0.5591604429514275,-0.5737202562152788,-0.49586097471092216,6000
VEV_5000,25,2,0,-0.4918929069952216,0.48499656742215774,0.45862332031447295,6000
VEV_5000,25,2,1,-0.18614150862659876,0.18616453858739024,0.0660006267089557,5999
VEV_5000,25,2,2,-0.027417518470586173,0.04493088961367327,0.0007014532607173014,6000
VEV_5000,25,2,3,0.13757231099015815,-0.1399694385894297,-0.07215764779539313,5999
VEV_5000,25,2,4,0.5674553207612768,-0.5763908720508237,-0.4967890652001187,6000
VEV_5000,30,2,0,-0.4965142490512689,0.4876028335138726,0.4596956548102753,6000
VEV_5000,30,2,1,-0.18783224231203702,0.18668437470331226,0.0667885907150776,5999
VEV_5000,30,2,2,-0.028039257953874165,0.043533237906345675,0.0005955636852377532,6000
VEV_5000,30,2,3,0.13867401190643303,-0.14015048809404437,-0.0727763454515298,5999
VEV_5000,30,2,4,0.5731678401910786,-0.5779382165820831,-0.4969366806762991,6000
VEV_5000,35,2,0,-0.5000016824748693,0.48897612823419406,0.46048708053558585,6000
VEV_5000,35,2,1,-0.18907645969662587,0.18693629722177924,0.06666160393797321,5999
VEV_5000,35,2,2,-0.02855376830739043,0.042945954231033735,0.000547806900158293,6000
VEV_5000,35,2,3,0.13955754171122944,-0.14030694362194435,-0.0734804987841926,5999
VEV_5000,35,2,4,0.5773951718583358,-0.5788196787064945,-0.496894557433734,6000
VEV_5000,40,2,0,-0.502710717832627,0.49015264766432753,0.46075072610801726,6000
VEV_5000,40,2,1,-0.1901403280046452,0.18773253083826383,0.06677644982391931,5999
VEV_5000,40,2,2,-0.02903773278482994,0.04195302313579138,0.0004909085610051989,6000
VEV_5000,40,2,3,0.14032726678732493,-0.140565466241399,-0.073078390784758,5999
VEV_5000,40,2,4,0.5807338653957433,-0.5795408884199161,-0.4971682006071205,6000
VEV_5000,45,2,0,-0.5049829570473885,0.4907664206943599,0.4610065988540555,6000
VEV_5000,45,2,1,-0.19101261453322718,0.18730023160644507,0.0667575666211633,5999
VEV_5000,45,2,2,-0.029476352831559624,0.04185266829821831,0.0004885311673206074,6000
VEV_5000,45,2,3,0.14099486244343562,-0.13963114499328802,-0.07339669125121867,5999
VEV_5000,45,2,4,0.5834899653911696,-0.5805562449583316,-0.49755642932586847,6000
VEV_5000,50,2,0,-0.5069384784864669,0.490602766323279,0.461011314739153,6000
VEV_5000,50,2,1,-0.19176723992538208,0.18680412689313342,0.0667067837030118,5999
VEV_5000,50,2,2,-0.029852852206067718,0.04251971871032447,0.0004976786017322973,6000
VEV_5000,50,2,3,0.14155677175995315,-0.13902137832902858,-0.07335961699027399,5999
VEV_5000,50,2,4,0.5858459457720251,-0.5811732840066461,-0.49762085118709365,6000
VEV_5000,55,2,0,-0.5086616011492819,0.491470132398465,0.46151937986405756,6000
VEV_5000,55,2,1,-0.1924110768014197,0.1850139229186397,0.0654612613780045,5999
VEV_5000,55,2,2,-0.030185415550039726,0.04459202542390934,0.0005461023051793537,6000
VEV_5000,55,2,3,0.14203134903132242,-0.14141751568433059,-0.07396035791225586,5999
VEV_5000,55,2,4,0.5878941947574093,-0.5799273131891762,-0.4975344797894649,6000
VEV_5000,60,2,0,-0.5102077080126232,0.49077472792072935,0.461011314739153,6000
VEV_5000,60,2,1,-0.19302238588038212,0.18568350932812025,0.06571862287819386,5999
VEV_5000,60,2,2,-0.030451154429334062,0.044695546257522895,0.0005511042168108993,6000
VEV_5000,60,2,3,0.1424541958729107,-0.1408699117247417,-0.0742556589921151,5999
VEV_5000,60,2,4,0.5897109812881393,-0.5805524170490621,-0.49762085118709365,6000
VEV_5000,65,2,0,-0.5116208950707245,0.49108626417485207,0.46151937986405756,6000
VEV_5000,65,2,1,-0.19360847921608051,0.185639400262853,0.0657205239940594,5999
VEV_5000,65,2,2,-0.030678364776880875,0.04521785203596331,0.0005642552914650462,6000
VEV_5000,65,2,3,0.1428459120829939,-0.14241495598464027,-0.07439257738496963,5999
VEV_5000,65,2,4,0.5913563715801498,-0.5797973706153469,-0.4975200679132285,6000
VEV_5000,15,3,0,-0.4755251199446406,0.4795102378689263,0.4411866061791443,6000
VEV_5000,15,3,1,-0.1785646974316695,0.1819826960968663,0.0771963073921142,5999
VEV_5000,15,3,2,-0.025255443977962144,0.046809724320081375,0.0016295601035381108,5999
VEV_5000,15,3,3,0.13330381192655838,-0.14134675012881673,-0.0834763449856837,5999
VEV_5000,15,3,4,0.5458506242808653,-0.5672284205845841,-0.479791156860756,6000
VEV_5000,20,3,0,-0.48544392994323415,0.48617344097114135,0.44758044700165556,6000
VEV_5000,20,3,1,-0.18343100848445296,0.18397680292544427,0.0770732774290081,5999
VEV_5000,20,3,2,-0.02656582167016707,0.043956725481996334,0.0013305489064805026,5999
VEV_5000,20,3,3,0.13600761799068192,-0.14187033977349126,-0.08468079013528038,5999
VEV_5000,20,3,4,0.5591604429514275,-0.5725093724462266,-0.49253511660208454,6000
VEV_5000,25,3,0,-0.49188596660303974,0.4894855912244743,0.4501730406936985,6000
VEV_5000,25,3,1,-0.18611249988211934,0.18592461683204428,0.07843439351290729,5999
VEV_5000,25,3,2,-0.02740481205189115,0.04242471559468071,0.0013186857195250923,5999
VEV_5000,25,3,3,0.13757231099015815,-0.14076370478138717,-0.0849001573706119,5999
VEV_5000,25,3,4,0.5674553207612768,-0.5773437079711128,-0.4956184856850996,6000
VEV_5000,30,3,0,-0.4965098072002276,0.49316095271855814,0.45243297259412435,6000
VEV_5000,30,3,1,-0.18780330133260492,0.1857409401607918,0.07739301396850351,5999
VEV_5000,30,3,2,-0.028026349989666327,0.041276808738993774,0.0012754346489600998,5999
VEV_5000,30,3,3,0.13867401190643303,-0.14178139239682855,-0.08620380819229462,5999
VEV_5000,30,3,4,0.5731678401910786,-0.5786701898680062,-0.4963361733075544,6000
VEV_5000,35,3,0,-0.5000002118034387,0.4961819132195498,0.45361060916275164,6000
VEV_5000,35,3,1,-0.18904721763579474,0.18666314696192193,0.0773025372782285,5999
VEV_5000,35,3,2,-0.02854079809997681,0.03750416351160342,0.0009424465624761069,5999
VEV_5000,35,3,3,0.13955754171122944,-0.14162991383071413,-0.08620380819229462,5999
VEV_5000,35,3,4,0.5773951718583358,-0.5789926403354954,-0.4969254221700794,6000
VEV_5000,40,3,0,-0.502710717832627,0.4964545765860806,0.4540686692780582,6000
VEV_5000,40,3,1,-0.1901123450931294,0.18850896292690658,0.0784477711049476,5999
VEV_5000,40,3,2,-0.029024663985528974,0.03585713879420761,0.0009003109225886874,5999
VEV_5000,40,3,3,0.14032726678732493,-0.1424130029986294,-0.087109957008579,5999
VEV_5000,40,3,4,0.5807338653957433,-0.5786811031646865,-0.49700557927917544,6000
VEV_5000,45,3,0,-0.5049829570473885,0.4973769131537815,0.45481192181250657,6000
VEV_5000,45,3,1,-0.19098717241246707,0.18807171961993024,0.07861388223773247,5999
VEV_5000,45,3,2,-0.02946328821842585,0.03613671421815926,0.0008796991924100023,5999
VEV_5000,45,3,3,0.14099486244343562,-0.14373503306163077,-0.08747102679353691,5999
VEV_5000,45,3,4,0.5834899653911696,-0.5781239884026858,-0.497240949056959,6000
VEV_5000,50,3,0,-0.5069384784864669,0.49624353487897677,0.45451705830555517,6000
VEV_5000,50,3,1,-0.1917441678052717,0.18993942634561975,0.07861388223773247,5999
VEV_5000,50,3,2,-0.029839827749150324,0.037464942183254975,0.0009112329671552011,5999
VEV_5000,50,3,3,0.14155677175995315,-0.14516252117286055,-0.08822072151178872,5999
VEV_5000,50,3,4,0.5858459457720251,-0.5787587619663398,-0.49743646408842324,6000
VEV_5000,55,3,0,-0.5086616011492819,0.496917619393718,0.45490124562547857,6000
VEV_5000,55,3,1,-0.19239018266372984,0.18790219064783104,0.07743526423837471,5999
VEV_5000,55,3,2,-0.030172475512889877,0.040017827252860697,0.0010472266512805972,5999
VEV_5000,55,3,3,0.14203134903132242,-0.1470833556849094,-0.08887740161026161,5999
VEV_5000,55,3,4,0.5878941947574093,-0.5780278955383725,-0.4974000211964267,6000
VEV_5000,60,3,0,-0.5102077080126232,0.4963599016701672,0.45480257483040987,6000
VEV_5000,60,3,1,-0.19300364409643184,0.18885050576494766,0.0775466027662332,5999
VEV_5000,60,3,2,-0.030438170519374717,0.038279858033167795,0.0008705534164619028,5999
VEV_5000,60,3,3,0.1424541958729107,-0.14663731311236214,-0.0893681767447561,5999
VEV_5000,60,3,4,0.5897109812881393,-0.5771266235533811,-0.4974000211964267,6000
VEV_5000,65,3,0,-0.5116208950707245,0.49471337872440063,0.4541499529200337,6000
VEV_5000,65,3,1,-0.19359173386383718,0.1898401547601812,0.07806817221626261,5999
VEV_5000,65,3,2,-0.03066534717685906,0.038964975241838964,0.0008614845683041217,5999
VEV_5000,65,3,3,0.1428459120829939,-0.14637076176116742,-0.08930640973449049,5999
VEV_5000,65,3,4,0.5913563715801498,-0.5774210946097881,-0.4975362506093005,6000
VEV_5000,15,4,0,-0.47550281476997447,0.4809324502091786,0.4310705804837198,6000
VEV_5000,15,4,1,-0.17853616541423672,0.18517708681913098,0.0836000930721638,5999
VEV_5000,15,4,2,-0.02523124285855754,0.041836029835434455,0.0018167469224863037,5999
VEV_5000,15,4,3,0.13333392175931275,-0.13281001973186043,-0.0919239660297535,5999
VEV_5000,15,4,4,0.5459035227936423,-0.575602030023764,-0.4844981815003847,5999
VEV_5000,20,4,0,-0.48542440156661004,0.48581974593386634,0.43458622179650763,6000
VEV_5000,20,4,1,-0.18340215309023583,0.1827669519188806,0.08187784746860399,5999
VEV_5000,20,4,2,-0.026540882158852672,0.04458498601232923,0.0021162752136660856,5999
VEV_5000,20,4,3,0.13603840165074876,-0.13281930986214327,-0.0925582642930748,5999
VEV_5000,20,4,4,0.559214776154836,-0.5808196715798816,-0.4943778017586736,5999
VEV_5000,25,4,0,-0.4918698605229614,0.4880273159812982,0.4356819524646197,6000
VEV_5000,25,4,1,-0.186083491254608,0.18264997584172685,0.0827095166896469,5999
VEV_5000,25,4,2,-0.02737934592266537,0.047148060585858464,0.0022371293189280966,5999
VEV_5000,25,4,3,0.13760347182093352,-0.1369189242795543,-0.093936443048733,5999
VEV_5000,25,4,4,0.5675105600569512,-0.5813740936959507,-0.4943778017586736,5999
VEV_5000,30,4,0,-0.4964971203511346,0.4894295206138322,0.43712982322267635,6000
VEV_5000,30,4,1,-0.1877743543107672,0.1843186571347831,0.08374192496648897,5999
VEV_5000,30,4,2,-0.028000573461714574,0.04667126429101381,0.002023472127802989,5999
VEV_5000,30,4,3,0.1387055978754367,-0.13729152425221405,-0.09506928915470779,5999
VEV_5000,30,4,4,0.5732235953403965,-0.5835958170937653,-0.49510053204085114,5999
VEV_5000,35,4,0,-0.49999116210904565,0.4910505813566512,0.44008011740379516,6000
VEV_5000,35,4,1,-0.18901797612534016,0.18469509201505277,0.08320393310896179,5999
VEV_5000,35,4,2,-0.02851481566056233,0.046206702797205665,0.001913588705065198,5999
VEV_5000,35,4,3,0.13958946443564016,-0.13810243067042227,-0.09457084996029161,5999
VEV_5000,35,4,4,0.5774512444225876,-0.5843181150266651,-0.49561628793617274,5999
VEV_5000,40,4,0,-0.5027049497280606,0.4921325478942111,0.44082516936350646,6000
VEV_5000,40,4,1,-0.19008304638134568,0.18515980376693375,0.0836000930721638,5999
VEV_5000,40,4,2,-0.028998492309300874,0.04685169510602601,0.0020879228404736966,5999
VEV_5000,40,4,3,0.14035938923113686,-0.1415550659206879,-0.0962081293573647,5999
VEV_5000,40,4,4,0.5807902835395449,-0.5830573307324766,-0.4957089503723182,5999
VEV_5000,45,4,0,-0.5049802277296107,0.49442687387219575,0.44179754430069806,6000
VEV_5000,45,4,1,-0.19095774949669034,0.18455798113174285,0.08396727102899612,5999
VEV_5000,45,4,2,-0.029437113614531826,0.043992039769315844,0.0017797230329961167,5999
VEV_5000,45,4,3,0.14102727714283644,-0.14054478496709188,-0.09627153399742369,5999
VEV_5000,45,4,4,0.5835466112121876,-0.5829008421435611,-0.49561628793617274,5999
VEV_5000,50,4,0,-0.5069384784864669,0.4945994478373935,0.4434240473833596,6000
VEV_5000,50,4,1,-0.1917146864809891,0.1850950394003414,0.08371983727010956,5999
VEV_5000,50,4,2,-0.02981366589934914,0.04182992714513149,0.0016197179684241114,5999
VEV_5000,50,4,3,0.14158936341371042,-0.1390336697072485,-0.0962081293573647,5999
VEV_5000,50,4,4,0.5859028468844961,-0.5829595057801384,-0.4961901603937804,5999
VEV_5000,55,4,0,-0.5086616011492819,0.49534480467556025,0.443927927252389,6000
VEV_5000,55,4,1,-0.19236311582149307,0.18361824705935526,0.08341301346536062,5999
VEV_5000,55,4,2,-0.03014628450737568,0.0428170229947234,0.0016266271541099109,5999
VEV_5000,55,4,3,0.1420640068054717,-0.1400151180423645,-0.09630669278067211,5999
VEV_5000,55,4,4,0.5879513125760506,-0.5822338420386425,-0.4956617180469038,5999
VEV_5000,60,4,0,-0.5102077080126232,0.4969060325388552,0.4442381716139607,6000
VEV_5000,60,4,1,-0.19297892469072464,0.18149899407384082,0.0820217386508375,5999
VEV_5000,60,4,2,-0.0304118328595515,0.043985062906773155,0.001300701295804202,5999
VEV_5000,60,4,3,0.14248692888501086,-0.14074955188233476,-0.09677456901135881,5999
VEV_5000,60,4,4,0.5897682713535235,-0.582109683236521,-0.4957089503723182,5999
VEV_5000,65,4,0,-0.5116208950707245,0.495740214337402,0.443927927252389,6000
VEV_5000,65,4,1,-0.19356916864512144,0.18129367926310958,0.08207329889683018,5999
VEV_5000,65,4,2,-0.030638982631628283,0.046022300281760756,0.0016952857604338178,5999
VEV_5000,65,4,3,0.1428787630232522,-0.14171341466962273,-0.0978295381637509,5999
VEV_5000,65,4,4,0.5914138628151404,-0.5818117304766134,-0.49563098656108195,5999
VEV_5000,15,5,0,-0.47553732723643893,0.46627737784105683,0.4183496630521404,5999
VEV_5000,15,5,1,-0.1785646974316695,0.18135464544132157,0.0941856869758339,5999
VEV_5000,15,5,2,-0.025255443977962144,0.042448059851675296,0.0018091790534526808,5999
VEV_5000,15,5,3,0.13330381192655838,-0.11807902004891867,-0.09310493427801701,5999
VEV_5000,15,5,4,0.5458561165942347,-0.5722411001032809,-0.4828361902455071,5999
VEV_5000,20,5,0,-0.48545961629277207,0.4736051999259202,0.4238561785841739,5999
VEV_5000,20,5,1,-0.18343100848445296,0.1825244717422816,0.09749618626028678,5999
VEV_5000,20,5,2,-0.02656582167016707,0.04143868953926179,0.0014073576185182901,5999
VEV_5000,20,5,3,0.13600761799068192,-0.12169276260582367,-0.09502274665283031,5999
VEV_5000,20,5,4,0.5591636150605096,-0.5761156356197858,-0.4944104716041692,5999
VEV_5000,25,5,0,-0.49190556926725976,0.4787731390879203,0.4274939404467659,5999
VEV_5000,25,5,1,-0.18611249988211934,0.1821722284237151,0.09821852550430782,5999
VEV_5000,25,5,2,-0.02740481205189115,0.039464831599597495,0.0013553470616898822,5999
VEV_5000,25,5,3,0.13757231099015815,-0.12371208138177439,-0.0977143542149861,5999
VEV_5000,25,5,4,0.567455365665365,-0.5769381547476043,-0.49565442402490595,5999
VEV_5000,30,5,0,-0.4965333628943158,0.48195732317602563,0.4292629824440155,5999
VEV_5000,30,5,1,-0.18780330133260492,0.18196224691703333,0.09612579579879821,5999
VEV_5000,30,5,2,-0.028026349989666327,0.03856510158005489,0.0012425043078110043,5999
VEV_5000,30,5,3,0.13867401190643303,-0.1236323302745445,-0.09866567932385811,5999
VEV_5000,30,5,4,0.5731645391761178,-0.5790923784167152,-0.49646262501119054,5999
VEV_5000,35,5,0,-0.5000275371918955,0.4830670090562807,0.43008835760065267,5999
VEV_5000,35,5,1,-0.18904721763579474,0.18168439140765077,0.0951424623353886,5999
VEV_5000,35,5,2,-0.02854079809997681,0.04029260836988565,0.0011071929311583795,5999
VEV_5000,35,5,3,0.13955754171122944,-0.1259249739837524,-0.10167040918986453,5999
VEV_5000,35,5,4,0.5773885996270229,-0.5793590718682106,-0.49646262501119054,5999
VEV_5000,40,5,0,-0.5027415419888287,0.4858235343830569,0.431975235246682,5999
VEV_5000,40,5,1,-0.1901123450931294,0.18133277108755655,0.0955741292636958,5999
VEV_5000,40,5,2,-0.029024663985528974,0.03889685129592722,0.0010127025198015949,5999
VEV_5000,40,5,3,0.14032726678732493,-0.12610359504190438,-0.1002231458705864,5999
VEV_5000,40,5,4,0.5807242240235501,-0.5801895987427822,-0.4969302092822545,5999
VEV_5000,45,5,0,-0.5050170116286977,0.4876482096550755,0.4334360391740119,5999
VEV_5000,45,5,1,-0.19098717241246707,0.18099406142065624,0.0948882566472094,5999
VEV_5000,45,5,2,-0.02946328821842585,0.03828489445294966,0.0009165572146229983,5999
VEV_5000,45,5,3,0.14099486244343562,-0.12798805912580127,-0.1004754459800096,5999
VEV_5000,45,5,4,0.5834774934576882,-0.5791791434210259,-0.49681147658702685,5999
VEV_5000,50,5,0,-0.5069754138910673,0.48643218651377573,0.4336218647622445,5999
VEV_5000,50,5,1,-0.19174425755791863,0.18399786758144893,0.09431723169473105,5999
VEV_5000,50,5,2,-0.029839827749150324,0.03650645989370273,0.0009593727372703698,5999
VEV_5000,50,5,3,0.14155677175995315,-0.12816380612026965,-0.10327052718639601,5999
VEV_5000,50,5,4,0.5858308815403928,-0.5790127448868037,-0.49680090372930863,5999
VEV_5000,55,5,0,-0.5086986642282366,0.48662318403736654,0.4332600498901229,5999
VEV_5000,55,5,1,-0.19239287590851215,0.18240642479820562,0.09360486058812971,5999
VEV_5000,55,5,2,-0.030172475512889877,0.03775284110857902,0.001119179618399399,5999
VEV_5000,55,5,3,0.14203134903132242,-0.12718876386480552,-0.10327052718639601,5999
VEV_5000,55,5,4,0.5878767580743742,-0.5798337230974916,-0.4969024359061222,5999
VEV_5000,60,5,0,-0.5102449656727986,0.4868926877823316,0.4331027837233705,5999
VEV_5000,60,5,1,-0.1930086566331816,0.18107730956732268,0.09300633628572538,5999
VEV_5000,60,5,2,-0.030438170519374717,0.04012615252228976,0.001119179618399399,5999
VEV_5000,60,5,3,0.1424541958729107,-0.12836130130387255,-0.1019494356205542,5999
VEV_5000,60,5,4,0.5896913734760778,-0.5799748855862173,-0.4970473779039822,5999
VEV_5000,65,5,0,-0.5116582867959201,0.48703907093492005,0.4331027837233705,5999
VEV_5000,65,5,1,-0.19359893038725243,0.18171244152006236,0.09261387525020841,5999
VEV_5000,65,5,2,-0.03066534717685906,0.038189057429862554,0.0009526998055661984,5999
VEV_5000,65,5,3,0.1428459120829939,-0.12741353685351614,-0.10056825133870001,5999
VEV_5000,65,5,4,0.591334777195957,-0.5797670700494747,-0.4971695862168416,5999
VEV_5100,15,1,0,-0.4205821905385714,0.4141206265807648,0.3644907596676603,6000
VEV_5100,15,1,1,-0.1617188723127785,0.1695575154336663,0.12905376704088667,6000
VEV_5100,15,1,2,-0.020851161667319262,0.026313045868507686,0.00033437485308240866,5999
VEV_5100,15,1,3,0.121998393166407,-0.11167377600282627,-0.10599413005502356,6000
VEV_5100,15,1,4,0.4794358383267599,-0.49856745898660887,-0.4155121987560051,6000
VEV_5100,20,1,0,-0.4308684045403112,0.41944532368522586,0.3805683273217255,6000
VEV_5100,20,1,1,-0.16603137182744482,0.16657861914556973,0.1281423955115315,6000
VEV_5100,20,1,2,-0.021562008225045025,0.02657244735416837,0.00031272720252678576,5999
VEV_5100,20,1,3,0.124428267296432,-0.10793456615277644,-0.10457370713447744,6000
VEV_5100,20,1,4,0.4917232901424701,-0.5049118279051029,-0.4184871307934373,6000
VEV_5100,25,1,0,-0.43767159769445313,0.4208378114103039,0.38230958938993365,6000
VEV_5100,25,1,1,-0.168776363722559,0.16928292174584725,0.13057970835461674,6000
VEV_5100,25,1,2,-0.021905914316793656,0.023002449701683015,0.00033281444393645776,5999
VEV_5100,25,1,3,0.1260530058272005,-0.10654560167282034,-0.10395883247701931,6000
VEV_5100,25,1,4,0.4993872626090016,-0.506828180057538,-0.4188146503875032,6000
VEV_5100,30,1,0,-0.44255913504408023,0.42153612320058503,0.38435581639646443,6000
VEV_5100,30,1,1,-0.17092965929331516,0.17053377055660363,0.13581930853752058,6000
VEV_5100,30,1,2,-0.022163824377287773,0.022863898433212036,0.0002953871071440517,5999
VEV_5100,30,1,3,0.1273392321222676,-0.10726052532684957,-0.10411498439566458,6000
VEV_5100,30,1,4,0.5047854827222177,-0.5079238888279534,-0.4194755676962814,6000
VEV_5100,35,1,0,-0.4463975460043848,0.4210223129968446,0.38435581639646443,6000
VEV_5100,35,1,1,-0.17270379123793703,0.17258714307855097,0.1408021702472979,6000
VEV_5100,35,1,2,-0.022346632289704512,0.020906662751993703,0.00024231271981989266,5999
VEV_5100,35,1,3,0.1283952099951791,-0.1063851898665849,-0.10457370713447744,6000
VEV_5100,35,1,4,0.5089013141880065,-0.5083818771311535,-0.4194436123673313,6000
VEV_5100,40,1,0,-0.44961471171092476,0.4214048281989146,0.38552463738983545,6000
VEV_5100,40,1,1,-0.17422718026437667,0.1739368006157431,0.14265728703412614,6000
VEV_5100,40,1,2,-0.022449103788003695,0.019640025980157662,0.00023876229170127772,5999
VEV_5100,40,1,3,0.129243631909774,-0.10927437739221417,-0.10602426705713697,6000
VEV_5100,40,1,4,0.512264826193144,-0.5059584366790789,-0.41833079250500305,6000
VEV_5100,45,1,0,-0.4523728115671204,0.42395052179305626,0.3870352309345434,6000
VEV_5100,45,1,1,-0.17557001834775746,0.17221177927015385,0.14042969091042323,6000
VEV_5100,45,1,2,-0.022550262703975178,0.017043541060332065,0.00020860652966803173,5999
VEV_5100,45,1,3,0.12991683683993716,-0.10756747924184114,-0.10748949756043658,6000
VEV_5100,45,1,4,0.515156456523164,-0.5058899549056655,-0.4184871307934373,6000
VEV_5100,50,1,0,-0.45483324191430446,0.4227243953166927,0.3862304969777597,6000
VEV_5100,50,1,1,-0.176772201397067,0.17488166597988486,0.14113621540900567,6000
VEV_5100,50,1,2,-0.022672984345867658,0.014603239097868601,0.00013034970834263637,5999
VEV_5100,50,1,3,0.13051815088743957,-0.10757280069893135,-0.10604007138454108,6000
VEV_5100,50,1,4,0.5176981455374507,-0.5048884984364729,-0.41801245313490654,6000
VEV_5100,55,1,0,-0.4570653622269336,0.4217835355158871,0.3861917849455949,6000
VEV_5100,55,1,1,-0.17785335882006784,0.17531852723860333,0.13916194219655154,6000
VEV_5100,55,1,2,-0.022812451296648956,0.015299582243613554,0.0001670714455030975,5999
VEV_5100,55,1,3,0.13104867401844256,-0.10872622925622046,-0.10633401395352851,6000
VEV_5100,55,1,4,0.5199738591722268,-0.5039272984256508,-0.41728803585147034,6000
VEV_5100,60,1,0,-0.45912634008452946,0.42206837887168286,0.38617064426330217,6000
VEV_5100,60,1,1,-0.1788315766956323,0.17383890370261346,0.13581930853752058,6000
VEV_5100,60,1,2,-0.022981482367387222,0.01671546575196331,0.00019352246908965753,5999
VEV_5100,60,1,3,0.13155330143957872,-0.10902275710410603,-0.10676187495619163,6000
VEV_5100,60,1,4,0.522027536256409,-0.503851637925336,-0.4166776491806558,6000
VEV_5100,65,1,0,-0.46106084486749976,0.42053006793113284,0.38598593416077165,6000
VEV_5100,65,1,1,-0.17973851281473974,0.17444477938903916,0.13713784543870133,6000
VEV_5100,65,1,2,-0.02314629642765407,0.017843646524710845,0.00020906556437694235,5999
VEV_5100,65,1,3,0.13200807726613625,-0.11089854957123217,-0.10821695035906487,6000
VEV_5100,65,1,4,0.5239263732613423,-0.5021714029467044,-0.41699127100991973,6000
VEV_5100,15,2,0,-0.4205821905385714,0.4213219573664979,0.36631356705629514,6000
VEV_5100,15,2,1,-0.16173116476114222,0.17178750054618908,0.1580711792976217,5999
VEV_5100,15,2,2,-0.02085874619302196,0.02698811124896497,0.0006103425680521468,6000
VEV_5100,15,2,3,0.12201069615585278,-0.1186846792104893,-0.1453352440248637,5999
VEV_5100,15,2,4,0.4794358383267599,-0.5019155017803311,-0.4172432321802262,6000
VEV_5100,20,2,0,-0.4308684045403112,0.4261285651945485,0.37689715301735305,6000
VEV_5100,20,2,1,-0.16604390574449288,0.17276405115891133,0.1571715846666848,5999
VEV_5100,20,2,2,-0.021567808077803032,0.025535879201886474,0.0005761374591202323,6000
VEV_5100,20,2,3,0.12444095940376851,-0.1190597826906769,-0.1442064895682051,5999
VEV_5100,20,2,4,0.4917232901424701,-0.505871224452649,-0.41926085267050445,6000
VEV_5100,25,2,0,-0.43767159769445313,0.42714850127019394,0.37755038594968937,6000
VEV_5100,25,2,1,-0.16878917777096594,0.17507453017733282,0.15884367663511512,5999
VEV_5100,25,2,2,-0.021911424965041875,0.02455755010849892,0.0006173021931772382,6000
VEV_5100,25,2,3,0.126065866617103,-0.12020487489749987,-0.1458018129105767,5999
VEV_5100,25,2,4,0.4993872626090016,-0.5070780240153702,-0.41983461521385834,6000
VEV_5100,30,2,0,-0.44255913504408023,0.4288538433543955,0.37800939950102475,6000
VEV_5100,30,2,1,-0.17094272651538397,0.1745598953614046,0.15988268107321346,5999
VEV_5100,30,2,2,-0.022169955390182034,0.023276817084581503,0.0005935172125646482,6000
VEV_5100,30,2,3,0.12735231231905403,-0.12021387646128001,-0.14715504612922814,5999
VEV_5100,30,2,4,0.5047854827222177,-0.506979083968676,-0.41963154194399976,6000
VEV_5100,35,2,0,-0.4463975460043848,0.4296449104882425,0.3800704847585621,6000
VEV_5100,35,2,1,-0.17271701417370552,0.1759944947894582,0.15855601978546474,5999
VEV_5100,35,2,2,-0.022353693850619104,0.022610243059601166,0.000597201930304464,6000
VEV_5100,35,2,3,0.1284083525894085,-0.12221423253400869,-0.15035217563672632,5999
VEV_5100,35,2,4,0.5089013141880065,-0.5065379147256416,-0.4191067720457797,6000
VEV_5100,40,2,0,-0.44961471171092476,0.43077026170312405,0.38154868130368413,6000
VEV_5100,40,2,1,-0.17424055268082117,0.17571409561527945,0.15844657452817046,5999
VEV_5100,40,2,2,-0.022457266408296046,0.02178332047165592,0.0005470039627653023,6000
VEV_5100,40,2,3,0.12925684672931792,-0.12404834200017922,-0.1505599986476227,5999
VEV_5100,40,2,4,0.512264826193144,-0.5047221871303353,-0.41837234258719036,6000
VEV_5100,45,2,0,-0.4523728115671204,0.4303137483876056,0.3812391373887749,6000
VEV_5100,45,2,1,-0.17558353663966642,0.17495234711083013,0.15820600072493074,5999
VEV_5100,45,2,2,-0.022559592292868164,0.022896866895708096,0.0005019154727960995,6000
VEV_5100,45,2,3,0.12993015254291593,-0.12394583727367586,-0.1505599986476227,5999
VEV_5100,45,2,4,0.515156456523164,-0.5047200863348861,-0.41837234258719036,6000
VEV_5100,50,2,0,-0.45483324191430446,0.4301151295383298,0.3810805574094047,6000
VEV_5100,50,2,1,-0.17678582078793265,0.1727025743534466,0.15844657452817046,5999
VEV_5100,50,2,2,-0.02268343509419459,0.02551803105208387,0.000597201930304464,6000
VEV_5100,50,2,3,0.13053151313492928,-0.125252926559635,-0.1505599986476227,5999
VEV_5100,50,2,4,0.5176981455374507,-0.5035863624089839,-0.4179205279942835,6000
VEV_5100,55,2,0,-0.4570653622269336,0.43000564609827835,0.3813400864639788,6000
VEV_5100,55,2,1,-0.17786711312768838,0.17282106960370114,0.15807445768587047,5999
VEV_5100,55,2,2,-0.022823946722662764,0.02539078501557045,0.0006324666715045169,6000
VEV_5100,55,2,3,0.13106209971125776,-0.12476069961438065,-0.1494322102807928,5999
VEV_5100,55,2,4,0.5199738591722268,-0.5039602533408953,-0.4181900915564257,6000
VEV_5100,60,2,0,-0.45912634008452946,0.42934414514626135,0.38118455859989814,6000
VEV_5100,60,2,1,-0.17884546997592127,0.17344394163631657,0.15978969837487966,5999
VEV_5100,60,2,2,-0.022993566418366355,0.024248143448190984,0.0005064616757408658,6000
VEV_5100,60,2,3,0.1315664182724817,-0.12449182172199476,-0.15007936637448432,5999
VEV_5100,60,2,4,0.522027536256409,-0.5030477121215127,-0.4179205279942835,6000
VEV_5100,65,2,0,-0.46106084486749976,0.4281169316104739,0.37999988129195117,6000
VEV_5100,65,2,1,-0.1797524947117955,0.17415440621178402,0.16046811494288704,5999
VEV_5100,65,2,2,-0.023158415563645663,0.024159830031126907,0.0005384275445976527,6000
VEV_5100,65,2,3,0.13202035311871005,-0.12452242047009754,-0.15035217563672632,5999
VEV_5100,65,2,4,0.5239263732613423,-0.5024119376850547,-0.4181900915564257,6000
VEV_5100,15,3,0,-0.4205580772196547,0.4298238772843259,0.36880791141084046,6000
VEV_5100,15,3,1,-0.16170528119474614,0.16872255599479632,0.16067550521256635,5999
VEV_5100,15,3,2,-0.020847558040265547,0.022024372578446593,0.0006837238315711147,5999
VEV_5100,15,3,3,0.12201069615585278,-0.12537015191602416,-0.16157727854078988,5999
VEV_5100,15,3,4,0.4794358383267599,-0.49602802082767083,-0.41758397183230045,6000
VEV_5100,20,3,0,-0.43084265745071887,0.43365721909033983,0.3719826382859992,6000
VEV_5100,20,3,1,-0.1660176151436105,0.1733709956764804,0.16163676135602167,5999
VEV_5100,20,3,2,-0.021556260720680422,0.01841465172461125,0.00043904901212948877,5999
VEV_5100,20,3,3,0.12444095940376851,-0.12607057426236912,-0.16033147142752568,5999
VEV_5100,20,3,4,0.4917232901424701,-0.5001996027324416,-0.41864700888527284,6000
VEV_5100,25,3,0,-0.4376463509316619,0.43639551118013614,0.37655677604334414,6000
VEV_5100,25,3,1,-0.16876218090529607,0.17541091058577943,0.16335269951377995,5999
VEV_5100,25,3,2,-0.02189975744339424,0.01662825984985308,0.00025565159376128577,5999
VEV_5100,25,3,3,0.126065866617103,-0.13029537643111605,-0.1624482986599105,5999
VEV_5100,25,3,4,0.4993872626090016,-0.49896727756788756,-0.4185230859006878,6000
VEV_5100,30,3,0,-0.442534868265997,0.43778313043900735,0.37876547551354633,6000
VEV_5100,30,3,1,-0.17091541741933156,0.17389797856928615,0.1629153123731158,5999
VEV_5100,30,3,2,-0.02215822519536419,0.017376945980234343,0.00020570537981257075,5999
VEV_5100,30,3,3,0.12735231231905403,-0.13048101476507376,-0.16275381311970705,5999
VEV_5100,30,3,4,0.5047854827222177,-0.4994051709207257,-0.41869329323503734,6000
VEV_5100,35,3,0,-0.4463747675752108,0.4379793831458755,0.3792663229937716,6000
VEV_5100,35,3,1,-0.17268932043678217,0.1756873486619821,0.1648004483904515,5999
VEV_5100,35,3,2,-0.02234185425973528,0.01637327976818414,0.00026980174425261794,5999
VEV_5100,35,3,3,0.1284083525894085,-0.13256273178623493,-0.16321469886725032,5999
VEV_5100,35,3,4,0.5089013141880065,-0.4983056264892685,-0.41864700888527284,6000
VEV_5100,40,3,0,-0.4495934203879998,0.4378609511755062,0.37942838207322893,6000
VEV_5100,40,3,1,-0.17421258839736506,0.17544923386015485,0.16384759170250618,5999
VEV_5100,40,3,2,-0.022445339622564175,0.01775855799148093,0.00043904901212948877,5999
VEV_5100,40,3,3,0.12925684672931792,-0.13350636967324178,-0.16338201748476422,5999
VEV_5100,40,3,4,0.512264826193144,-0.49839068613243953,-0.41827816283102964,6000
VEV_5100,45,3,0,-0.4523529311406179,0.43752132716948927,0.3792663229937716,6000
VEV_5100,45,3,1,-0.17555538077327376,0.17419411771081336,0.16275161610519695,5999
VEV_5100,45,3,2,-0.02254760459610317,0.01845515454108133,0.0005504053706317791,5999
VEV_5100,45,3,3,0.12993015254291593,-0.13218889479960633,-0.16338201748476422,5999
VEV_5100,45,3,4,0.515156456523164,-0.4988098909077713,-0.41858056218643463,6000
VEV_5100,50,3,0,-0.45481461520933486,0.4365717143027628,0.3791256770457493,6000
VEV_5100,50,3,1,-0.17675762487110294,0.17352159377462187,0.1622592679495939,5999
VEV_5100,50,3,2,-0.02267136874305274,0.019264782231880117,0.0005837637913828075,5999
VEV_5100,50,3,3,0.13053151313492928,-0.13248237885456002,-0.16321469886725032,5999
VEV_5100,50,3,4,0.5176981455374507,-0.49770392380408185,-0.41831392776748555,6000
VEV_5100,55,3,0,-0.4570480187951516,0.4362947756470829,0.3791256770457493,6000
VEV_5100,55,3,1,-0.17783874000164912,0.17324923826642147,0.1620071103252485,5999
VEV_5100,55,3,2,-0.02281185848784337,0.019336111096129822,0.0006791014939153683,5999
VEV_5100,55,3,3,0.13106209971125776,-0.13180652553581693,-0.16321469886725032,5999
VEV_5100,55,3,4,0.5199738591722268,-0.49790173268541515,-0.4184192449265538,6000
VEV_5100,60,3,0,-0.4591101997134839,0.43679863055155554,0.38030136132738335,6000
VEV_5100,60,3,1,-0.17881691231769803,0.17361200442530278,0.161217328350176,5999
VEV_5100,60,3,2,-0.022981482367387222,0.01848749877350602,0.0006124727688074927,5999
VEV_5100,60,3,3,0.1315664182724817,-0.1309889394811756,-0.16275381311970705,5999
VEV_5100,60,3,4,0.522027536256409,-0.4987372721908049,-0.41850297850078283,6000
VEV_5100,65,3,0,-0.46104576842382844,0.4361416862522741,0.37942838207322893,6000
VEV_5100,65,3,1,-0.1797238576140363,0.1735773084053658,0.161217328350176,5999
VEV_5100,65,3,2,-0.02314629642765407,0.016932387012196296,0.0005837637913828075,5999
VEV_5100,65,3,3,0.13202035311871005,-0.12893388453422633,-0.1609446564712016,5999
VEV_5100,65,3,4,0.5239263732613423,-0.4985454975160318,-0.41827816283102964,6000
VEV_5100,15,4,0,-0.4205580772196547,0.4114762159138029,0.35673687555208744,6000
VEV_5100,15,4,1,-0.16170528119474614,0.17133955480151125,0.1529496437515261,5999
VEV_5100,15,4,2,-0.020834017612605386,0.025263375518241548,0.001078170148502977,5999
VEV_5100,15,4,3,0.12203727621875807,-0.11220163445171218,-0.14820530997167225,5999
VEV_5100,15,4,4,0.4794811421140836,-0.49704301529508027,-0.4120999370688878,5999
VEV_5100,20,4,0,-0.43084265745071887,0.41670885435312016,0.3639317799043056,6000
VEV_5100,20,4,1,-0.1660176151436105,0.17117103782015408,0.1527693498055669,5999
VEV_5100,20,4,2,-0.021542349742988638,0.02531998968528988,0.0013004307456866981,5999
VEV_5100,20,4,3,0.1244680351091272,-0.11444915911572175,-0.15144455258268885,5999
VEV_5100,20,4,4,0.49177012851267715,-0.499917098507861,-0.4132790883350026,5999
VEV_5100,25,4,0,-0.4376463509316619,0.4180873443542281,0.36523788330578094,6000
VEV_5100,25,4,1,-0.16876218090529607,0.17130994570056174,0.15286099238028328,5999
VEV_5100,25,4,2,-0.0218868058318058,0.026100512818624338,0.0013690644123016682,5999
VEV_5100,25,4,3,0.12609326535846158,-0.11533234234022859,-0.15237193155189743,5999
VEV_5100,25,4,4,0.49943495674472155,-0.5013320660848355,-0.4134343321966298,5999
VEV_5100,30,4,0,-0.442534868265997,0.419434142418028,0.3668115949303684,6000
VEV_5100,30,4,1,-0.17091541741933156,0.1723945986934536,0.15403901303761813,5999
VEV_5100,30,4,2,-0.02214685078201583,0.025156124492979083,0.0013417986847343855,5999
VEV_5100,30,4,3,0.1273799549462149,-0.11642772942915879,-0.1535414874533672,5999
VEV_5100,30,4,4,0.5048338383031336,-0.501723966230713,-0.41387031999511237,5999
VEV_5100,35,4,0,-0.4463747675752108,0.42014687736027984,0.3687661920580469,6000
VEV_5100,35,4,1,-0.17268932043678217,0.1729073941655272,0.15547842657815636,5999
VEV_5100,35,4,2,-0.022332065451302098,0.023651261721764915,0.001356235511138948,5999
VEV_5100,35,4,3,0.1284361733476464,-0.11488103650526181,-0.15237193155189743,5999
VEV_5100,35,4,4,0.5089500631240299,-0.5029914456066799,-0.41573695217175566,5999
VEV_5100,40,4,0,-0.4495934203879998,0.4204740496556343,0.3700462401739058,6000
VEV_5100,40,4,1,-0.17421258839736506,0.17316698298298816,0.15589108294716436,5999
VEV_5100,40,4,2,-0.022437149156499272,0.023858430600878843,0.0014935080275790998,5999
VEV_5100,40,4,3,0.12928483003385569,-0.116390178259409,-0.15361277833017084,5999
VEV_5100,40,4,4,0.5123139041600295,-0.5022762883822675,-0.41613511724335717,5999
VEV_5100,45,4,0,-0.4523529311406179,0.42013027596609875,0.3692015433985035,6000
VEV_5100,45,4,1,-0.17555538077327376,0.17201511335776665,0.15483403709095,5999
VEV_5100,45,4,2,-0.02254096847661359,0.024572169005794127,0.001397745118538296,5999
VEV_5100,45,4,3,0.12995834952633964,-0.11640274324582428,-0.15370559590246557,5999
VEV_5100,45,4,4,0.5152057853292504,-0.5014817611808446,-0.41635110504239486,5999
VEV_5100,50,4,0,-0.45481461520933486,0.42115459267153776,0.37113439960057804,6000
VEV_5100,50,4,1,-0.17675762487110294,0.1710649297192596,0.1537835352064576,5999
VEV_5100,50,4,2,-0.0226661393174413,0.024747555461460163,0.0013054419755462732,5999
VEV_5100,50,4,3,0.13055987462084595,-0.11782758050639192,-0.15444904000833048,5999
VEV_5100,50,4,4,0.517747684283367,-0.5003066141907839,-0.41573695217175566,5999
VEV_5100,55,4,0,-0.4570480187951516,0.42171918929563246,0.3727378876608327,6000
VEV_5100,55,4,1,-0.17783874000164912,0.17097437231998097,0.15464286210954015,5999
VEV_5100,55,4,2,-0.022807941520199482,0.023194373761165083,0.001098081273085083,5999
VEV_5100,55,4,3,0.13109056024309912,-0.11771001932066433,-0.15387045494117046,5999
VEV_5100,55,4,4,0.5200236535515907,-0.4993451270161557,-0.41573695217175566,5999
VEV_5100,60,4,0,-0.4591101997134839,0.4219087397741957,0.3727378876608327,6000
VEV_5100,60,4,1,-0.17881691231769803,0.17023155973367293,0.15403901303761813,5999
VEV_5100,60,4,2,-0.022978736015972476,0.023588485197934043,0.001397745118538296,5999
VEV_5100,60,4,3,0.1315949568871541,-0.11763449716295254,-0.15419955292964005,5999
VEV_5100,60,4,4,0.5220775437663921,-0.4992615300999042,-0.4151018015791124,5999
VEV_5100,65,4,0,-0.46104576842382844,0.42072698947887127,0.37095000208432793,6000
VEV_5100,65,4,1,-0.1797238576140363,0.17126349708446514,0.1533334279306473,5999
VEV_5100,65,4,2,-0.02314453555202026,0.022956558968941873,0.0012553896804092801,5999
VEV_5100,65,4,3,0.13204892768482485,-0.11880454938661324,-0.15419955292964005,5999
VEV_5100,65,4,4,0.5239765353707798,-0.4973095417115047,-0.41362188979110215,5999
VEV_5100,15,5,0,-0.42058763316028325,0.42928406150999554,0.3749552680646957,5999
VEV_5100,15,5,1,-0.16172475926484914,0.1699576351471511,0.1583038173866953,5999
VEV_5100,15,5,2,-0.020834017612605386,0.018958635348807287,0.0016051135817181095,5999
VEV_5100,15,5,3,0.12203727621875807,-0.12048278826606056,-0.15248306966532257,5999
VEV_5100,15,5,4,0.4794811421140836,-0.499087799583885,-0.41980322488416283,5999
VEV_5100,20,5,0,-0.43087304333825033,0.4371488022674378,0.3858781805429317,5999
VEV_5100,20,5,1,-0.16603779497027804,0.16879120916595886,0.15395551884830644,5999
VEV_5100,20,5,2,-0.021542349742988638,0.01623593046531344,0.0010053958103526384,5999
VEV_5100,20,5,3,0.1244680351091272,-0.12042694881900806,-0.1525859005159873,5999
VEV_5100,20,5,4,0.49177012851267715,-0.5031192489236938,-0.42497780437497573,5999
VEV_5100,25,5,0,-0.4376769872487895,0.4403793911358423,0.3864968871180281,5999
VEV_5100,25,5,1,-0.16878451917625742,0.16898963516597634,0.15642697706698527,5999
VEV_5100,25,5,2,-0.0218868058318058,0.016775119486934307,0.0009792043815650686,5999
VEV_5100,25,5,3,0.12609326535846158,-0.12355301563296306,-0.15300393877805618,5999
VEV_5100,25,5,4,0.49943495674472155,-0.5039613859997815,-0.4255624360139337,5999
VEV_5100,30,5,0,-0.4425659014726889,0.4409460206055677,0.388015152348089,5999
VEV_5100,30,5,1,-0.17093992276147887,0.16872244011898177,0.1568348546870766,5999
VEV_5100,30,5,2,-0.02214685078201583,0.017867554193362143,0.0011755646019082633,5999
VEV_5100,30,5,3,0.1273799549462149,-0.1243450683602214,-0.15524241321054433,5999
VEV_5100,30,5,4,0.5048338383031336,-0.5045612024016819,-0.4255630422012473,5999
VEV_5100,35,5,0,-0.44640591620668424,0.4402938834725993,0.386519584314101,5999
VEV_5100,35,5,1,-0.17271618339622188,0.1716634525118227,0.1603021949476897,5999
VEV_5100,35,5,2,-0.022332065451302098,0.01586480076871249,0.0005332279670255957,5999
VEV_5100,35,5,3,0.1284361733476464,-0.12388905631916647,-0.15538184114302567,5999
VEV_5100,35,5,4,0.5089500631240299,-0.5053033362779596,-0.4269368160753402,5999
VEV_5100,40,5,0,-0.4496247305446794,0.44042737909795887,0.3877369379652009,5999
VEV_5100,40,5,1,-0.17424055268082117,0.17004873433831103,0.158311089048766,5999
VEV_5100,40,5,2,-0.02243818731221464,0.01872265034526889,0.0009792043815650686,5999
VEV_5100,40,5,3,0.12928483003385569,-0.12516406023386506,-0.15700522713905235,5999
VEV_5100,40,5,4,0.5123139041600295,-0.5054049593916653,-0.42588855326039265,5999
VEV_5100,45,5,0,-0.4523844317412955,0.44104259607789037,0.38872025157706963,5999
VEV_5100,45,5,1,-0.17558353663966642,0.16722429394515595,0.15474561701648792,5999
VEV_5100,45,5,2,-0.02254372707968334,0.0189528288881315,0.001089337751182029,5999
VEV_5100,45,5,3,0.12995834952633964,-0.12348752814529364,-0.156171544278095,5999
VEV_5100,45,5,4,0.5152057853292504,-0.5051024466098758,-0.4258370186935281,5999
VEV_5100,50,5,0,-0.4548463868103607,0.44136359802627784,0.38917525035776646,5999
VEV_5100,50,5,1,-0.17678582078793265,0.16692020620444994,0.15417024345879315,5999
VEV_5100,50,5,2,-0.02267050464203878,0.0191563872637356,0.0010724481694524002,5999
VEV_5100,50,5,3,0.13055987462084595,-0.12409894863510539,-0.15592004379595892,5999
VEV_5100,50,5,4,0.517747684283367,-0.5047114987033496,-0.42588855326039265,5999
VEV_5100,55,5,0,-0.45707994017676207,0.43907931704732256,0.3872874491062248,5999
VEV_5100,55,5,1,-0.17786711312768838,0.16908399211794106,0.1568348546870766,5999
VEV_5100,55,5,2,-0.02281372682980361,0.017289893965377504,0.0010053958103526384,5999
VEV_5100,55,5,3,0.13109056024309912,-0.12279712203240359,-0.15707086129805248,5999
VEV_5100,55,5,4,0.5200236535515907,-0.5040263369422292,-0.4258370186935281,5999
VEV_5100,60,5,0,-0.45914225622620103,0.43960580160878676,0.3863249391974933,5999
VEV_5100,60,5,1,-0.17884546997592127,0.16867967162756264,0.1568914565000341,5999
VEV_5100,60,5,2,-0.022985794431038375,0.017035738476794373,0.0010638543753884733,5999
VEV_5100,60,5,3,0.1315949568871541,-0.12268264813850246,-0.1569766779857673,5999
VEV_5100,60,5,4,0.5220775437663921,-0.504008819418633,-0.42597104464766733,5999
VEV_5100,65,5,0,-0.46107800558111955,0.4388204349170988,0.385872641478727,5999
VEV_5100,65,5,1,-0.1797524947117955,0.16850321867164372,0.15744793211706565,5999
VEV_5100,65,5,2,-0.02315278754900842,0.01785693913027569,0.0011755646019082633,5999
VEV_5100,65,5,3,0.13204892768482485,-0.12429097438893802,-0.1577171087192255,5999
VEV_5100,65,5,4,0.5239765353707798,-0.5022598741740719,-0.42532204281451413,5999
VEV_5200,15,1,0,-0.3947982380752102,0.3984781567532415,0.3650564410224888,6000
VEV_5200,15,1,1,-0.15665422025808814,0.16219081588033182,0.10770788821241697,6000
VEV_5200,15,1,2,-0.015433750785973694,0.024552340911424265,0.000698469308645101,5999
VEV_5200,15,1,3,0.13130656562330473,-0.13234362639466016,-0.11151793272779292,6000
VEV_5200,15,1,4,0.43596042096605475,-0.4528597999381215,-0.4052890307259531,6000
VEV_5200,20,1,0,-0.4052673697684986,0.4006332897372306,0.3666789108256126,6000
VEV_5200,20,1,1,-0.161076142627379,0.16329196934981421,0.10592215136284719,6000
VEV_5200,20,1,2,-0.01636650168769038,0.02398332058866601,0.0007015305959612306,5999
VEV_5200,20,1,3,0.1347580212344508,-0.13206056634123237,-0.10890896669161523,6000
VEV_5200,20,1,4,0.4484659366847685,-0.45583022095898296,-0.40834745704501074,6000
VEV_5200,25,1,0,-0.4120190118181387,0.40177654468635515,0.3674033177758247,6000
VEV_5200,25,1,1,-0.16391816216715446,0.1650045367372317,0.10807928924941736,6000
VEV_5200,25,1,2,-0.016922017685118574,0.02232536286145106,0.0006817875623711042,5999
VEV_5200,25,1,3,0.137020000114793,-0.13203341063071397,-0.1074773780744635,6000
VEV_5200,25,1,4,0.4564807574527268,-0.4570555176051163,-0.41037726214563003,6000
VEV_5200,30,1,0,-0.41691004747141014,0.4015649849325262,0.3669162982853322,6000
VEV_5200,30,1,1,-0.16590514112819646,0.16462350623861507,0.10777082540789706,6000
VEV_5200,30,1,2,-0.017315809309663213,0.02194934080187639,0.0006574344438377011,5999
VEV_5200,30,1,3,0.1387112252235085,-0.13030140445827448,-0.10633647643453514,6000
VEV_5200,30,1,4,0.4621862986552849,-0.45781897413587874,-0.4129964499391008,6000
VEV_5200,35,1,0,-0.42077232750091736,0.40229764742307544,0.3669162982853322,6000
VEV_5200,35,1,1,-0.16736331921903314,0.16345765539625193,0.10718223010121625,6000
VEV_5200,35,1,2,-0.017607377752513073,0.022366491655026837,0.0006730180307386036,5999
VEV_5200,35,1,3,0.14009880842995026,-0.13091579305790507,-0.10877961870141914,6000
VEV_5200,35,1,4,0.46653491924331697,-0.45718847851244254,-0.4120487146915365,6000
VEV_5200,40,1,0,-0.42396137449653376,0.4015611989610198,0.3661552701289565,6000
VEV_5200,40,1,1,-0.1685075445769166,0.16235794535170164,0.10641073462943497,6000
VEV_5200,40,1,2,-0.017841724528517396,0.023591134986292273,0.0006883915571051988,5999
VEV_5200,40,1,3,0.14125816568801602,-0.1304556245634639,-0.11068842851477709,6000
VEV_5200,40,1,4,0.47006748904015067,-0.45703692772432136,-0.41037726214563003,6000
VEV_5200,45,1,0,-0.4266788789234137,0.4004681738956291,0.3651505108764468,6000
VEV_5200,45,1,1,-0.1694475614106538,0.16279476908327714,0.10641073462943497,6000
VEV_5200,45,1,2,-0.018042895180140354,0.024467120334806216,0.0006999434567660501,5999
VEV_5200,45,1,3,0.14222498526642718,-0.13026386323420297,-0.1084205640163418,6000
VEV_5200,45,1,4,0.4730841057418222,-0.45744832707072297,-0.41058321429341044,6000
VEV_5200,50,1,0,-0.4290548275591871,0.39823217541420114,0.3632569381782105,6000
VEV_5200,50,1,1,-0.17025296643452018,0.16364640239492467,0.10656223511955434,6000
VEV_5200,50,1,2,-0.018206509022625286,0.02580167296199394,0.0007024353571978281,5999
VEV_5200,50,1,3,0.14306060611257784,-0.13074232575527095,-0.10806250738664855,6000
VEV_5200,50,1,4,0.475718617831067,-0.45691982958162436,-0.40897435586248326,6000
VEV_5200,55,1,0,-0.4311783012403466,0.39822002969695786,0.36206274257574467,6000
VEV_5200,55,1,1,-0.17098065579210314,0.16329705477845657,0.10707866690495395,6000
VEV_5200,55,1,2,-0.018333145600257603,0.02556773136429348,0.0006999434567660501,5999
VEV_5200,55,1,3,0.14381729378503338,-0.12970155456911653,-0.10652338817749289,6000
VEV_5200,55,1,4,0.47806514796041916,-0.45736520482663323,-0.40839413331582375,6000
VEV_5200,60,1,0,-0.43310410361767604,0.39756943845870296,0.3605805346803663,6000
VEV_5200,60,1,1,-0.17163223873051156,0.16430499094564327,0.10778686100184132,6000
VEV_5200,60,1,2,-0.0184579348382355,0.024634327390016062,0.0006900207276884993,5999
VEV_5200,60,1,3,0.14452045578751896,-0.13030225209887666,-0.10735886356883384,6000
VEV_5200,60,1,4,0.48018960013130685,-0.45618860381885656,-0.4077196505934353,6000
VEV_5200,65,1,0,-0.4348670465170613,0.3976735357067452,0.3601250839806198,6000
VEV_5200,65,1,1,-0.17225213190876812,0.1640749092101987,0.10689607834160599,6000
VEV_5200,65,1,2,-0.01854786434591717,0.02417896198410071,0.0006648973580922757,5999
VEV_5200,65,1,3,0.1451743696904525,-0.12988201594499363,-0.1072455305477433,6000
VEV_5200,65,1,4,0.48213368461934675,-0.45602756597365623,-0.4079136767575165,6000
VEV_5200,15,2,0,-0.3947982380752102,0.40462780814107546,0.3631674316409317,6000
VEV_5200,15,2,1,-0.15666645935084808,0.15965872747985957,0.12128232876057157,5999
VEV_5200,15,2,2,-0.01543589001541203,0.026813122470473672,0.001619247146209049,6000
VEV_5200,15,2,3,0.13131970045880467,-0.13460078640507106,-0.1405251210399002,5999
VEV_5200,15,2,4,0.43596042096605475,-0.45654289144216115,-0.40253146698478304,6000
VEV_5200,20,2,0,-0.4052673697684986,0.40812040637086255,0.3660216014125126,6000
VEV_5200,20,2,1,-0.16108874422142905,0.16145616236081883,0.12849477907138868,5999
VEV_5200,20,2,2,-0.01636888324751474,0.025636682523938057,0.0015846886722101772,6000
VEV_5200,20,2,3,0.134771376823058,-0.13528657611559144,-0.14068591460863888,5999
VEV_5200,20,2,4,0.4484659366847685,-0.45997050962165636,-0.4037951941368192,6000
VEV_5200,25,2,0,-0.4120190118181387,0.4097768105510808,0.3678228718256378,6000
VEV_5200,25,2,1,-0.16393103806610435,0.16026422536748974,0.12634952099097052,5999
VEV_5200,25,2,2,-0.01692500692883778,0.025507269071911195,0.001496177929539072,6000
VEV_5200,25,2,3,0.13703354596079598,-0.1363752390600895,-0.14160579409099228,5999
VEV_5200,25,2,4,0.4564807574527268,-0.4592172805120103,-0.4044978224444549,6000
VEV_5200,30,2,0,-0.41691004747141014,0.4100614052511294,0.3674846807593895,6000
VEV_5200,30,2,1,-0.16591827830550085,0.15979006648580704,0.12634952099097052,5999
VEV_5200,30,2,2,-0.017319339496150016,0.025958426764509494,0.0015297549639399083,6000
VEV_5200,30,2,3,0.13872495365662268,-0.13629865381285577,-0.14068591460863888,5999
VEV_5200,30,2,4,0.4621862986552849,-0.4595555255324806,-0.40510997426326867,6000
VEV_5200,35,2,0,-0.42077232750091736,0.41053365978232015,0.3677524452239141,6000
VEV_5200,35,2,1,-0.1673766371824238,0.15903529684489273,0.12562445959792962,5999
VEV_5200,35,2,2,-0.017611328251308643,0.024801612005876224,0.0014335109788134954,6000
VEV_5200,35,2,3,0.14011267881893627,-0.13427358688622576,-0.1394295201675959,5999
VEV_5200,35,2,4,0.46653491924331697,-0.4601410508745395,-0.40566857047952,6000
VEV_5200,40,2,0,-0.42396137449653376,0.40882865149317965,0.36664666124170253,6000
VEV_5200,40,2,1,-0.16852083717991329,0.16075222917253384,0.12796716686898438,5999
VEV_5200,40,2,2,-0.017846223058891903,0.025615433052012956,0.001433651885690737,6000
VEV_5200,40,2,3,0.1412722377845285,-0.13470657740732567,-0.1392766142075743,5999
VEV_5200,40,2,4,0.47006748904015067,-0.4605335914477759,-0.4059328997313969,6000
VEV_5200,45,2,0,-0.4266788789234137,0.40892147559680675,0.3668043643310739,6000
VEV_5200,45,2,1,-0.1694608386418489,0.15974584637361003,0.1250113563933154,5999
VEV_5200,45,2,2,-0.018047676441326405,0.025987224848526017,0.0015562914702514016,6000
VEV_5200,45,2,3,0.14223910213805338,-0.1351397436004434,-0.1394295201675959,5999
VEV_5200,45,2,4,0.4730841057418222,-0.45955889828070645,-0.4052571603510841,6000
VEV_5200,50,2,0,-0.4290548275591871,0.4076905499590876,0.365874041557845,6000
VEV_5200,50,2,1,-0.17026630039165844,0.16016149138469032,0.1250113563933154,5999
VEV_5200,50,2,2,-0.018211656771846114,0.025951335405377227,0.0015245694692112566,6000
VEV_5200,50,2,3,0.14307498806074784,-0.13457851144910016,-0.1379287132504033,5999
VEV_5200,50,2,4,0.475718617831067,-0.4592687975494017,-0.40549278201660854,6000
VEV_5200,55,2,0,-0.4311783012403466,0.406816763026889,0.36472612842226226,6000
VEV_5200,55,2,1,-0.17099406725029026,0.1598132741042608,0.1222516562797864,5999
VEV_5200,55,2,2,-0.018338378610301884,0.026100015704315718,0.0015297549639399083,6000
VEV_5200,55,2,3,0.1438317183577824,-0.13454889141178905,-0.1390342429026532,5999
VEV_5200,55,2,4,0.47806514796041916,-0.45822514677256365,-0.40493609960367394,6000
VEV_5200,60,2,0,-0.43310410361767604,0.4058300483030403,0.3624612087794502,6000
VEV_5200,60,2,1,-0.17164556098423875,0.16100375264257438,0.1250113563933154,5999
VEV_5200,60,2,2,-0.018463409953845617,0.025379941450586637,0.0015093503593561902,6000
VEV_5200,60,2,3,0.14453494208449716,-0.13419461667537652,-0.13775560975136614,5999
VEV_5200,60,2,4,0.48018960013130685,-0.45806285361083293,-0.4053217927132664,6000
VEV_5200,65,2,0,-0.4348670465170613,0.40514988596111084,0.3621486745419133,6000
VEV_5200,65,2,1,-0.1722654972869492,0.1609881034086611,0.12425454457797969,5999
VEV_5200,65,2,2,-0.018553518106953954,0.02545161523112271,0.0015093503593561902,6000
VEV_5200,65,2,3,0.14518899003283142,-0.13402841388799422,-0.1377253489040413,5999
VEV_5200,65,2,4,0.48213368461934675,-0.4576048935106496,-0.40562319010064124,6000
VEV_5200,15,3,0,-0.3947946601012655,0.4024580398652664,0.36048376967505646,6000
VEV_5200,15,3,1,-0.15664040488144274,0.16635698109675817,0.1420743012345156,5999
VEV_5200,15,3,2,-0.01542458879641289,0.01921632531444074,0.0015574123776787002,5999
VEV_5200,15,3,3,0.13131970045880467,-0.13283541167585752,-0.13974416497649145,5999
VEV_5200,15,3,4,0.43596042096605475,-0.4553404401413784,-0.40051350698581695,6000
VEV_5200,20,3,0,-0.405265238319469,0.4064313820014686,0.3623541607514653,6000
VEV_5200,20,3,1,-0.16106205056484774,0.16553516453689532,0.13855017330206465,5999
VEV_5200,20,3,2,-0.016357362944685348,0.01998212555178185,0.0016278137936752007,5999
VEV_5200,20,3,3,0.134771376823058,-0.1345875014794088,-0.14204732001462617,5999
VEV_5200,20,3,4,0.4484659366847685,-0.4575059775025286,-0.40109860435450184,6000
VEV_5200,25,3,0,-0.412018444670398,0.406561861884492,0.362754277269687,6000
VEV_5200,25,3,1,-0.1639037250260899,0.16627369152293875,0.1385846923585631,5999
VEV_5200,25,3,2,-0.016913379884757437,0.019760105978104476,0.001562588285196398,5999
VEV_5200,25,3,3,0.13703354596079598,-0.13365371514752825,-0.13912357968092692,5999
VEV_5200,25,3,4,0.4564807574527268,-0.45908650941417456,-0.4023989510781121,6000
VEV_5200,30,3,0,-0.41691004747141014,0.4073078470267742,0.36407592169894093,6000
VEV_5200,30,3,1,-0.1658911384592366,0.16794609347980896,0.14054856400071009,5999
VEV_5200,30,3,2,-0.017307708245111002,0.019572966168560076,0.0015999362249203841,5999
VEV_5200,30,3,3,0.13872495365662268,-0.13544644532217348,-0.1419885032132697,5999
VEV_5200,30,3,4,0.4621862986552849,-0.4595250777738086,-0.4026655803361336,6000
VEV_5200,35,3,0,-0.42077232750091736,0.4100082740842811,0.3660513227946467,6000
VEV_5200,35,3,1,-0.1673500717346818,0.16532177745874105,0.1363216504128105,5999
VEV_5200,35,3,2,-0.017599683389067075,0.019433390028903416,0.001588066220847395,5999
VEV_5200,35,3,3,0.14011267881893627,-0.1351920153055571,-0.14204732001462617,5999
VEV_5200,35,3,4,0.46653491924331697,-0.45971646093089796,-0.40229470982671955,6000
VEV_5200,40,3,0,-0.42396137449653376,0.409810148585301,0.36628303375027826,6000
VEV_5200,40,3,1,-0.16849485557605381,0.1657754536312061,0.1363520384197727,5999
VEV_5200,40,3,2,-0.017834401255901227,0.017963833553525023,0.0014707286109115203,5999
VEV_5200,40,3,3,0.1412722377845285,-0.13254772640997947,-0.1414818176149311,5999
VEV_5200,40,3,4,0.47006748904015067,-0.46114647262315006,-0.40346934373269505,6000
VEV_5200,45,3,0,-0.4266788789234137,0.4093544046560781,0.36523213078066874,6000
VEV_5200,45,3,1,-0.16943528904689364,0.16609028326051414,0.13767829281368904,5999
VEV_5200,45,3,2,-0.018035716152106557,0.01768371315308894,0.0016422786188741156,5999
VEV_5200,45,3,3,0.14223910213805338,-0.13233732861865907,-0.1409764098129926,5999
VEV_5200,45,3,4,0.4730841057418222,-0.4609357948629495,-0.40336590544893636,6000
VEV_5200,50,3,0,-0.4290548275591871,0.40916554640275454,0.3650122630226633,6000
VEV_5200,50,3,1,-0.17024101542364775,0.1641390056126887,0.13549423781660147,5999
VEV_5200,50,3,2,-0.018199646286633554,0.01982431207584342,0.00171839486938552,5999
VEV_5200,50,3,3,0.14307498806074784,-0.13239081509450196,-0.1396126178133273,5999
VEV_5200,50,3,4,0.475718617831067,-0.46088274876957885,-0.40346934373269505,6000
VEV_5200,55,3,0,-0.4311783012403466,0.40909788981994766,0.3651031340650661,6000
VEV_5200,55,3,1,-0.17096896775246054,0.16439447412849387,0.13730100361999575,5999
VEV_5200,55,3,2,-0.01832634544818861,0.019476912418760112,0.0016364015809813004,5999
VEV_5200,55,3,3,0.1438317183577824,-0.13311194571443682,-0.14016714976787625,5999
VEV_5200,55,3,4,0.47806514796041916,-0.46000216593585247,-0.4035889032218165,6000
VEV_5200,60,3,0,-0.43310410361767604,0.40780666008094635,0.3643957730505462,6000
VEV_5200,60,3,1,-0.17162077538387768,0.16411796440342633,0.13559041824146334,5999
VEV_5200,60,3,2,-0.01845119981404443,0.021086965015622156,0.0017384989546371798,5999
VEV_5200,60,3,3,0.14453494208449716,-0.13427347406431328,-0.14183065154657015,5999
VEV_5200,60,3,4,0.48018960013130685,-0.4588829220496823,-0.4030530070008353,6000
VEV_5200,65,3,0,-0.4348670465170613,0.40695491969790804,0.3643024507393875,6000
VEV_5200,65,3,1,-0.1722408760998197,0.1634509837597313,0.13408726880606991,5999
VEV_5200,65,3,2,-0.018541262779383765,0.022403635032779295,0.0017940250831998128,5999
VEV_5200,65,3,3,0.14518899003283142,-0.1343471180378885,-0.1423989140462254,5999
VEV_5200,65,3,4,0.48213368461934675,-0.45860713105896417,-0.40232244581034143,6000
VEV_5200,15,4,0,-0.3947946601012655,0.4007071752342963,0.3643386283356449,6000
VEV_5200,15,4,1,-0.15664040488144274,0.1686740674511705,0.14365162042895457,5999
VEV_5200,15,4,2,-0.015409009324365112,0.024159614345522714,0.0027588090156314,5999
VEV_5200,15,4,3,0.13134731195864535,-0.13320205665968007,-0.14464763889100146,5999
VEV_5200,15,4,4,0.4359967258964405,-0.460621209325247,-0.40588011613499475,5999
VEV_5200,20,4,0,-0.405265238319469,0.4043752083434925,0.3660355740773866,6000
VEV_5200,20,4,1,-0.16106205056484774,0.1678490386836675,0.14274492409367662,5999
VEV_5200,20,4,2,-0.016343544408982173,0.02512052201713734,0.0027669852552207885,5999
VEV_5200,20,4,3,0.13479976213332415,-0.13455019951873107,-0.14464763889100146,5999
VEV_5200,20,4,4,0.44850319918093384,-0.46307758992026216,-0.4084684549129633,5999
VEV_5200,25,4,0,-0.412018444670398,0.404418357043918,0.36717314420980074,6000
VEV_5200,25,4,1,-0.1639037250260899,0.1688807585619426,0.14222645556901625,5999
VEV_5200,25,4,2,-0.016901126494428247,0.027200409627016017,0.002864094435608422,5999
VEV_5200,25,4,3,0.13706244645615343,-0.1370140971600564,-0.1435235001708861,5999
VEV_5200,25,4,4,0.45651865344283654,-0.463768455660165,-0.4098919502234822,5999
VEV_5200,30,4,0,-0.41691004747141014,0.4057351957357589,0.36813139784430854,6000
VEV_5200,30,4,1,-0.1658911384592366,0.16890052638001063,0.1431335526312978,5999
VEV_5200,30,4,2,-0.01729667460054556,0.027000310014358903,0.0028902272333652945,5999
VEV_5200,30,4,3,0.13875421326566909,-0.13658359216522628,-0.1443229971278015,5999
VEV_5200,30,4,4,0.4622246814524026,-0.46533568706194717,-0.4121568123000543,5999
VEV_5200,35,4,0,-0.42077232750091736,0.4064370615049365,0.36813139784430854,6000
VEV_5200,35,4,1,-0.1673500717346818,0.16815589719844634,0.14088218435244926,5999
VEV_5200,35,4,2,-0.017589531847494996,0.02715390896370607,0.0029368462123783856,5999
VEV_5200,35,4,3,0.14014231964578766,-0.13693531140958126,-0.14403127621790196,5999
VEV_5200,35,4,4,0.466573563081445,-0.46509492035168043,-0.41212061390797317,5999
VEV_5200,40,4,0,-0.42396137449653376,0.40566260815319766,0.367392118821499,6000
VEV_5200,40,4,1,-0.16849485557605381,0.16786092729457514,0.1394776691986408,5999
VEV_5200,40,4,2,-0.01782495201063918,0.02841435358573195,0.0031493507767663964,5999
VEV_5200,40,4,3,0.14130228083634322,-0.13716449337145664,-0.1465424870816605,5999
VEV_5200,40,4,4,0.4701063249012689,-0.46505663065914604,-0.4118100431928724,5999
VEV_5200,45,4,0,-0.4266788789234137,0.4054461535890999,0.3672633897745073,6000
VEV_5200,45,4,1,-0.16943528904689364,0.1692511753525739,0.14073823770559102,5999
VEV_5200,45,4,2,-0.01802666312218742,0.026373027544955196,0.002964714791232795,5999
VEV_5200,45,4,3,0.14226919597091464,-0.13685322882346715,-0.1472796001157804,5999
VEV_5200,45,4,4,0.4731232804978337,-0.46450032657848545,-0.4109762314819818,5999
VEV_5200,50,4,0,-0.4290548275591871,0.4050670266600088,0.366957890368667,6000
VEV_5200,50,4,1,-0.17024101542364775,0.16764017217235921,0.13874694528840342,5999
VEV_5200,50,4,2,-0.018191088067113236,0.027116700038110494,0.0029368462123783856,5999
VEV_5200,50,4,3,0.14310534747977574,-0.1366582167470664,-0.1472279653366968,5999
VEV_5200,50,4,4,0.47575807830403305,-0.4634488178403811,-0.4109762314819818,5999
VEV_5200,55,4,0,-0.4311783012403466,0.4041132698937607,0.36511381308173435,6000
VEV_5200,55,4,1,-0.17096896775246054,0.16788724403161828,0.13871522792624097,5999
VEV_5200,55,4,2,-0.0183180148923464,0.027815995513752807,0.0029902407109148044,5999
VEV_5200,55,4,3,0.14386206538602264,-0.1379645874404855,-0.1472796001157804,5999
VEV_5200,55,4,4,0.47810494030151424,-0.4621348987296566,-0.40982860652411546,5999
VEV_5200,60,4,0,-0.43310410361767604,0.4040668653356771,0.3644818628274607,6000
VEV_5200,60,4,1,-0.17162077538387768,0.16772565165306474,0.13825717254667325,5999
VEV_5200,60,4,2,-0.0184430550737362,0.027404450889458653,0.002916115312928083,5999
VEV_5200,60,4,3,0.14456531890793478,-0.13821071761730838,-0.1475651679311339,5999
VEV_5200,60,4,4,0.48022965647025934,-0.46126921925652015,-0.40982860652411546,5999
VEV_5200,65,4,0,-0.4348670465170613,0.4044191079667804,0.36490193732629445,6000
VEV_5200,65,4,1,-0.1722408760998197,0.16815465196483106,0.13890418087476064,5999
VEV_5200,65,4,2,-0.018533362345299183,0.026002222746598885,0.002869616975658601,5999
VEV_5200,65,4,3,0.1452195152885168,-0.13749409695910514,-0.1470387004983422,5999
VEV_5200,65,4,4,0.48217394731220786,-0.4613649134316246,-0.40982860652411546,5999
VEV_5200,15,5,0,-0.39482054141404216,0.4077819614480474,0.3684450401838148,5999
VEV_5200,15,5,1,-0.15666645935084808,0.1660395131348834,0.14155944707863455,5999
VEV_5200,15,5,2,-0.015431639372511262,0.0221429772631947,0.00269582289001849,5999
VEV_5200,15,5,3,0.13132099496414504,-0.13859510709170228,-0.1545379036920167,5999
VEV_5200,15,5,4,0.4359967258964405,-0.45760445418040496,-0.4044294243885815,5999
VEV_5200,20,5,0,-0.40529185122371425,0.41113163776807166,0.3704446785254731,5999
VEV_5200,20,5,1,-0.16108874422142905,0.16695846656614982,0.1459856877640959,5999
VEV_5200,20,5,2,-0.01636690228959948,0.021088766472800263,0.0026683808687267274,5999
VEV_5200,20,5,3,0.134771376823058,-0.13921727765824965,-0.1563671712119685,5999
VEV_5200,20,5,4,0.44850302748634674,-0.46019670257475387,-0.40656493055257664,5999
VEV_5200,25,5,0,-0.4120453644692406,0.4115204872345221,0.3699060537724108,5999
VEV_5200,25,5,1,-0.16393103806610435,0.1697152688575953,0.14747122294511428,5999
VEV_5200,25,5,2,-0.016924871166123803,0.020681768855947757,0.0025633748646214094,5999
VEV_5200,25,5,3,0.13703354596079598,-0.14152583175788117,-0.15771240097728878,5999
VEV_5200,25,5,4,0.4565171824671053,-0.4606268026161658,-0.406249868195573,5999
VEV_5200,30,5,0,-0.416937128231387,0.41286837095216294,0.3706739162898884,5999
VEV_5200,30,5,1,-0.16591903600114208,0.16978221186990616,0.14958850525181333,5999
VEV_5200,30,5,2,-0.01732059437360045,0.020339386483707235,0.002520189785172988,5999
VEV_5200,30,5,3,0.13872495365662268,-0.14270815518714566,-0.1578478278152033,5999
VEV_5200,30,5,4,0.4622222159850913,-0.46051692354461243,-0.40484674071512927,5999
VEV_5200,35,5,0,-0.42079973921540803,0.41538316546247356,0.3721291469555581,5999
VEV_5200,35,5,1,-0.16737821985860793,0.16760799283787264,0.1477924771857034,5999
VEV_5200,35,5,2,-0.01761359653675492,0.019395548501275055,0.002598368030703596,5999
VEV_5200,35,5,3,0.14011267881893627,-0.14356406939664543,-0.1592189787252209,5999
VEV_5200,35,5,4,0.46657052342647237,-0.45905774683095757,-0.4045714389371824,5999
VEV_5200,40,5,0,-0.4239889272849767,0.41382937001106185,0.37135603966544295,5999
VEV_5200,40,5,1,-0.16852317812605005,0.16966316656371042,0.15057971783335233,5999
VEV_5200,40,5,2,-0.01784922740813118,0.01930008812359423,0.0025633748646214094,5999
VEV_5200,40,5,3,0.1412722377845285,-0.14421366541193228,-0.15944430540457688,5999
VEV_5200,40,5,4,0.47010294440269845,-0.458814068712416,-0.4046355386649338,5999
VEV_5200,45,5,0,-0.42670639744457345,0.4129657987276467,0.3703384615796495,5999
VEV_5200,45,5,1,-0.1694639267896866,0.16964981164160955,0.1514894868705597,5999
VEV_5200,45,5,2,-0.018051223764388627,0.01942841750311731,0.0025396385076418976,5999
VEV_5200,45,5,3,0.14223910213805338,-0.14364468536334254,-0.15919781930188043,5999
VEV_5200,45,5,4,0.4731195315825667,-0.4586344519350128,-0.4047504750815279,5999
VEV_5200,50,5,0,-0.42908245514909404,0.4123008374141712,0.3699060537724108,5999
VEV_5200,50,5,1,-0.17026986262453878,0.168482799168604,0.1488704855219112,5999
VEV_5200,50,5,2,-0.01821561409533821,0.02101174068292588,0.0026770111435325955,5999
VEV_5200,50,5,3,0.14307498806074784,-0.1435749626798149,-0.15893158219978432,5999
VEV_5200,50,5,4,0.47575408704494376,-0.4584555240118679,-0.4045714389371824,5999
VEV_5200,55,5,0,-0.43120603868798973,0.4134045678361791,0.3700420746117743,5999
VEV_5200,55,5,1,-0.17099801526616304,0.1667982678989812,0.14773926180214408,5999
VEV_5200,55,5,2,-0.0183426563975049,0.02166068774787397,0.0025299373451161955,5999
VEV_5200,55,5,3,0.1438317183577824,-0.14449394039369864,-0.15893158219978432,5999
VEV_5200,55,5,4,0.47810070138406857,-0.4576046925153174,-0.4043948624002951,5999
VEV_5200,60,5,0,-0.4331318923358865,0.4130324168549868,0.3695756233964857,5999
VEV_5200,60,5,1,-0.17164989482786033,0.16616867595210555,0.14747122294511428,5999
VEV_5200,60,5,2,-0.0184679547399429,0.02257190959713431,0.002750642672253917,5999
VEV_5200,60,5,3,0.14453494208449716,-0.14572399651464515,-0.1600822927480295,5999
VEV_5200,60,5,4,0.48022525702019575,-0.4562841153155633,-0.4040973821724947,5999
VEV_5200,65,5,0,-0.43489495000352524,0.4130331810674802,0.3695756233964857,5999
VEV_5200,65,5,1,-0.1722701144400463,0.16625261191269208,0.14773926180214408,5999
VEV_5200,65,5,2,-0.01855829150174025,0.022820226683734252,0.0027154944245921797,5999
VEV_5200,65,5,3,0.14518899003283142,-0.14592373087151392,-0.1596190672744342,5999
VEV_5200,65,5,4,0.48216944919870286,-0.4564173982183744,-0.40424069541040814,5999
VEV_5300,15,1,0,-0.34309927547367375,0.33956657120892897,0.349594597846476,6000
VEV_5300,15,1,1,-0.1397764649376409,0.141122871510004,0.10778531154744544,6000
VEV_5300,15,1,2,-0.0062494996782473024,0.007653795730992267,0.00044833400534116663,5999
VEV_5300,15,1,3,0.1293117080290379,-0.12497953563527399,-0.1020324048240582,6000
VEV_5300,15,1,4,0.3622933680647934,-0.3630464743213083,-0.36702435991492166,6000
VEV_5300,20,1,0,-0.3540421626513816,0.34099944423810685,0.3507814236836566,6000
VEV_5300,20,1,1,-0.14422598690923205,0.14228641668311043,0.10718037651668055,6000
VEV_5300,20,1,2,-0.006048332055355434,0.006524849896901156,0.0004655239536075495,5999
VEV_5300,20,1,3,0.13336940086385213,-0.1255940971352464,-0.10205243144764609,6000
VEV_5300,20,1,4,0.3743101952317711,-0.36389957334716816,-0.3687221562541935,6000
VEV_5300,25,1,0,-0.36145341273977216,0.3394376531358773,0.34927244270454594,6000
VEV_5300,25,1,1,-0.14723836037822646,0.14411372570971737,0.10919184209501512,6000
VEV_5300,25,1,2,-0.005917659635650222,0.005832540742157255,0.00045910763492429396,5999
VEV_5300,25,1,3,0.13629152575224338,-0.12492225047897845,-0.10324354020235654,6000
VEV_5300,25,1,4,0.3825696015324221,-0.3641447441579287,-0.3690097247700805,6000
VEV_5300,30,1,0,-0.36709600821052496,0.3389328661248525,0.3479876808869448,6000
VEV_5300,30,1,1,-0.14938757879049783,0.14354236939866102,0.10838639165149289,6000
VEV_5300,30,1,2,-0.005875413210383659,0.007700911196453067,0.0004943289955008368,5999
VEV_5300,30,1,3,0.13862783222507985,-0.1263624981128359,-0.10538562388569518,6000
VEV_5300,30,1,4,0.38887737721630017,-0.36349641226121016,-0.3686307255574094,6000
VEV_5300,35,1,0,-0.3717298358800824,0.3380917722343155,0.347398198207884,6000
VEV_5300,35,1,1,-0.15099352567084265,0.14428587174421242,0.10928261410992945,6000
VEV_5300,35,1,2,-0.005834416261415316,0.007034032418613175,0.0004744515358651724,5999
VEV_5300,35,1,3,0.14058969427954432,-0.1260907884164547,-0.10487047154185805,6000
VEV_5300,35,1,4,0.3940154303053471,-0.36300376278122887,-0.36832688345828046,6000
VEV_5300,40,1,0,-0.3756046981462341,0.3365334651452091,0.34653429314289497,6000
VEV_5300,40,1,1,-0.15239570049629275,0.14371791522325472,0.10904748005168588,6000
VEV_5300,40,1,2,-0.0057391100772732516,0.008324226181055648,0.0005053305978890421,5999
VEV_5300,40,1,3,0.14230363824079018,-0.12557080921886538,-0.10418872414402358,6000
VEV_5300,40,1,4,0.3983914155423822,-0.3626874570989028,-0.3681840811681241,6000
VEV_5300,45,1,0,-0.37901143623397887,0.33640790785302144,0.3467181467163982,6000
VEV_5300,45,1,1,-0.15359177828437764,0.14227262469373073,0.10773018370412046,6000
VEV_5300,45,1,2,-0.005631618198293322,0.008690982954399209,0.0004934641706315634,5999
VEV_5300,45,1,3,0.14385873955112977,-0.1252091906368962,-0.10391159378184506,6000
VEV_5300,45,1,4,0.4022470452521291,-0.361844923506375,-0.36702435991492166,6000
VEV_5300,50,1,0,-0.3820762430925268,0.33513037538437707,0.3453189531968519,6000
VEV_5300,50,1,1,-0.15465288063976074,0.14209060634224843,0.10692256005597756,6000
VEV_5300,50,1,2,-0.005487695149834819,0.007206178555675182,0.000463545584352687,5999
VEV_5300,50,1,3,0.1452824954696089,-0.12275315394386306,-0.10080386308459312,6000
VEV_5300,50,1,4,0.4057278253373444,-0.36135685244795723,-0.36673823170428943,6000
VEV_5300,55,1,0,-0.3848797465602169,0.33383553651101494,0.3439170154563271,6000
VEV_5300,55,1,1,-0.1555877837216843,0.14271553744323717,0.10718037651668055,6000
VEV_5300,55,1,2,-0.005364584200732859,0.007213172239175435,0.00046713239498780146,5999
VEV_5300,55,1,3,0.1466345481178558,-0.12269327087297278,-0.10128120758690784,6000
VEV_5300,55,1,4,0.40892050925787815,-0.3607538202643605,-0.3662602336502231,6000
VEV_5300,60,1,0,-0.3874846260362441,0.3326283728361191,0.34269320967007383,6000
VEV_5300,60,1,1,-0.1563995323517484,0.1417793031168758,0.1069905716382209,6000
VEV_5300,60,1,2,-0.005251991399955466,0.007790233814473649,0.00046713239498780146,5999
VEV_5300,60,1,3,0.14787552399144693,-0.12281532864364494,-0.10087913901247707,6000
VEV_5300,60,1,4,0.4119195305867939,-0.35906532989080014,-0.36506067892400995,6000
VEV_5300,65,1,0,-0.38991746041939074,0.3307543805458456,0.3417039403620947,6000
VEV_5300,65,1,1,-0.15714879278372923,0.14183781800806225,0.10658995999642677,6000
VEV_5300,65,1,2,-0.005118703552156186,0.008448517463704518,0.0004763917418131314,5999
VEV_5300,65,1,3,0.1490379149471547,-0.12295409954080294,-0.1005342748799194,6000
VEV_5300,65,1,4,0.41474796729920377,-0.3577692555298444,-0.36436909340534385,6000
VEV_5300,15,2,0,-0.34309927547367375,0.3521826223350018,0.35912568816752355,6000
VEV_5300,15,2,1,-0.13978795544137587,0.13959347592448185,0.11746167993806012,5999
VEV_5300,15,2,2,-0.006260265583806203,0.0151810667769001,0.0012583257505411893,6000
VEV_5300,15,2,3,0.1292984870775566,-0.12991877632209808,-0.12600273478665258,5999
VEV_5300,15,2,4,0.36228243798763454,-0.3762889489856599,-0.3747636589864669,6000
VEV_5300,20,2,0,-0.3540421626513816,0.35384375979644656,0.35973912405643205,6000
VEV_5300,20,2,1,-0.14423789658891728,0.1412856357215365,0.1168380695678479,5999
VEV_5300,20,2,2,-0.006059453969759138,0.011932548535857412,0.0011381674160019228,6000
VEV_5300,20,2,3,0.13335564652937326,-0.12939492501673014,-0.12566275063340981,5999
VEV_5300,20,2,4,0.3743001818084946,-0.37691720997330086,-0.3750257055590964,6000
VEV_5300,25,2,0,-0.36145341273977216,0.3537755299954539,0.35927491441657367,6000
VEV_5300,25,2,1,-0.14725064767752016,0.1434320810806482,0.12048229550009637,5999
VEV_5300,25,2,2,-0.005928927834363489,0.011171239496762459,0.0011144694866516425,6000
VEV_5300,25,2,3,0.13627721652813796,-0.13191807007794967,-0.1285295329903422,5999
VEV_5300,25,2,4,0.38256090183282876,-0.3757110342143891,-0.37284772547525347,6000
VEV_5300,30,2,0,-0.36709600821052496,0.3527309917653741,0.3588731946280177,6000
VEV_5300,30,2,1,-0.14940023025692192,0.1440385906680274,0.11919169429074827,5999
VEV_5300,30,2,2,-0.005886682546800631,0.011838760736262013,0.0011144694866516425,6000
VEV_5300,30,2,3,0.13861339079059684,-0.13346708568928622,-0.1333343773117122,5999
VEV_5300,30,2,4,0.3888697875370223,-0.3743916682841888,-0.37184979842118077,6000
VEV_5300,35,2,0,-0.3717298358800824,0.3520818102420138,0.35774513332557933,6000
VEV_5300,35,2,1,-0.1510062682704811,0.14388494597481888,0.1197207988907393,5999
VEV_5300,35,2,2,-0.0058458689704450366,0.013358954420311913,0.0012480500231504266,6000
VEV_5300,35,2,3,0.14057508049074252,-0.13530894263969465,-0.1355949551489175,5999
VEV_5300,35,2,4,0.3940091448947063,-0.3732675113848687,-0.3714397224578079,6000
VEV_5300,40,2,0,-0.3756046981462341,0.3512822416306112,0.35739801941440424,6000
VEV_5300,40,2,1,-0.15240866597687142,0.14247852159654978,0.11656769969295055,5999
VEV_5300,40,2,2,-0.005750589522677872,0.014481206816073117,0.0012818983592525202,6000
VEV_5300,40,2,3,0.14228883853323118,-0.13625320131727545,-0.13566255459545573,5999
VEV_5300,40,2,4,0.39838656186679866,-0.3712399038938868,-0.37040301870592884,6000
VEV_5300,45,2,0,-0.37901143623397887,0.3517068405635899,0.35771825222593623,6000
VEV_5300,45,2,1,-0.1536048087068456,0.14151865207568937,0.11642881891157231,5999
VEV_5300,45,2,2,-0.005643249974243462,0.013193221169567058,0.00122091469211226,6000
VEV_5300,45,2,3,0.14384388239842918,-0.13439787647510837,-0.13293545851820457,5999
VEV_5300,45,2,4,0.4022435777379729,-0.3712718232591125,-0.3703484911483202,6000
VEV_5300,50,2,0,-0.3820762430925268,0.3501819712558635,0.35636084974771626,6000
VEV_5300,50,2,1,-0.1546660577313655,0.14234897440457642,0.11673978160524712,5999
VEV_5300,50,2,2,-0.005499381118660295,0.01193765675592734,0.0011465357376891916,6000
VEV_5300,50,2,3,0.14526750690888574,-0.13305618924072152,-0.13209314305368033,5999
VEV_5300,50,2,4,0.405725869065968,-0.37066303709942644,-0.36988207593503836,6000
VEV_5300,55,2,0,-0.3848797465602169,0.34818524504205106,0.35456302090290137,6000
VEV_5300,55,2,1,-0.15560111545857488,0.14289057648893222,0.11664933332326655,5999
VEV_5300,55,2,2,-0.005376291885718569,0.012114175909903943,0.0012318158808284352,6000
VEV_5300,55,2,3,0.14661941424875424,-0.13257069639372324,-0.12983921026193457,5999
VEV_5300,55,2,4,0.4089201099463572,-0.36986975378845616,-0.36925928857783674,6000
VEV_5300,60,2,0,-0.3874846260362441,0.34749692273824934,0.3536240404172304,6000
VEV_5300,60,2,1,-0.1564129229496769,0.1418972391659445,0.11656769969295055,5999
VEV_5300,60,2,2,-0.005263794290618562,0.01194664041473224,0.0012059848476155544,6000
VEV_5300,60,2,3,0.14786140417710605,-0.13261764256253786,-0.12996633684656445,5999
VEV_5300,60,2,4,0.4119195305867939,-0.36797378587826224,-0.3686561512524804,6000
VEV_5300,65,2,0,-0.38991746041939074,0.34525707799410194,0.35188453374053097,6000
VEV_5300,65,2,1,-0.15716220621690566,0.1437805920900086,0.11852996787092712,5999
VEV_5300,65,2,2,-0.005130630702757228,0.010890455818919538,0.0011275739841493937,6000
VEV_5300,65,2,3,0.14902519620094348,-0.13235953512570767,-0.1297067124323803,5999
VEV_5300,65,2,4,0.41474796729920377,-0.3668188599891363,-0.36739808925790385,6000
VEV_5300,15,3,0,-0.34309927547367375,0.3510278890007235,0.3525061804705274,6000
VEV_5300,15,3,1,-0.13976933953996248,0.1498521349386218,0.13818985462080496,5999
VEV_5300,15,3,2,-0.0062494996782473024,0.013640238524950303,0.0017156386525130074,5999
VEV_5300,15,3,3,0.1292984870775566,-0.1370550372617814,-0.1371655427310543,5999
VEV_5300,15,3,4,0.36228243798763454,-0.3763638428821587,-0.3734938725348229,6000
VEV_5300,20,3,0,-0.3540421626513816,0.3526711702873173,0.35413593160706114,6000
VEV_5300,20,3,1,-0.14421820867172758,0.15232017028401276,0.13954961776266828,5999
VEV_5300,20,3,2,-0.006048332055355434,0.010679683299592378,0.001419284362327966,5999
VEV_5300,20,3,3,0.13335564652937326,-0.13835693173915278,-0.14062390036269778,5999
VEV_5300,20,3,4,0.3743001818084946,-0.3762130088804737,-0.3724205752987472,6000
VEV_5300,25,3,0,-0.36145341273977216,0.3537557150628778,0.35469090394360603,6000
VEV_5300,25,3,1,-0.14722978087114164,0.15229397695578362,0.1396203837327903,5999
VEV_5300,25,3,2,-0.005917659635650222,0.009661208563038209,0.0013526346237995313,5999
VEV_5300,25,3,3,0.13627721652813796,-0.1388363374370214,-0.14255192486871238,5999
VEV_5300,25,3,4,0.38256090183282876,-0.375773733905676,-0.37184967142559344,6000
VEV_5300,30,3,0,-0.36709600821052496,0.35366902163004216,0.35358829478423104,6000
VEV_5300,30,3,1,-0.1493780713793649,0.15060484581960148,0.13613591342641473,5999
VEV_5300,30,3,2,-0.005875413210383659,0.012042884304600439,0.0014498236494091543,5999
VEV_5300,30,3,3,0.13861339079059684,-0.139402101161574,-0.1425190367681351,5999
VEV_5300,30,3,4,0.3888697875370223,-0.3758138002235211,-0.3712112243578076,6000
VEV_5300,35,3,0,-0.3717298358800824,0.35361045376417316,0.35318294520664045,6000
VEV_5300,35,3,1,-0.15098297568494115,0.14852493230228417,0.13320223257119324,5999
VEV_5300,35,3,2,-0.005834416261415316,0.014585220565849691,0.0016442489447854314,5999
VEV_5300,35,3,3,0.14057508049074252,-0.14120581040546082,-0.1431138014404496,5999
VEV_5300,35,3,4,0.3940091448947063,-0.3744141694054472,-0.3710736105090291,6000
VEV_5300,40,3,0,-0.3756046981462341,0.3527790030455047,0.35286269355162864,6000
VEV_5300,40,3,1,-0.15238404028918354,0.14728093375430085,0.1313558461338289,5999
VEV_5300,40,3,2,-0.0057391100772732516,0.014841464522666551,0.0016233785090662423,5999
VEV_5300,40,3,3,0.14228883853323118,-0.1405322177963562,-0.14148221835375807,5999
VEV_5300,40,3,4,0.39838656186679866,-0.3732686090650473,-0.37062225049021436,6000
VEV_5300,45,3,0,-0.37901143623397887,0.3520179262652625,0.3527548256503224,6000
VEV_5300,45,3,1,-0.15357894634203206,0.1461312781847052,0.1307834102394736,5999
VEV_5300,45,3,2,-0.005631618198293322,0.015342863575401796,0.0015292799655526046,5999
VEV_5300,45,3,3,0.14384388239842918,-0.13946056053656278,-0.13929322214789863,5999
VEV_5300,45,3,4,0.4022435777379729,-0.3729308624609476,-0.37059237432561076,6000
VEV_5300,50,3,0,-0.3820762430925268,0.35061381495457833,0.35201027235325455,6000
VEV_5300,50,3,1,-0.15463883995669378,0.14683224607437229,0.13270574450280037,5999
VEV_5300,50,3,2,-0.005487695149834819,0.013629645542720736,0.0014117865073330904,5999
VEV_5300,50,3,3,0.14526750690888574,-0.13856338683172845,-0.13790935259703474,5999
VEV_5300,50,3,4,0.405725869065968,-0.37141169389149015,-0.3694965960446552,6000
VEV_5300,55,3,0,-0.38487930039730545,0.34816769709454176,0.3502322786911236,6000
VEV_5300,55,3,1,-0.1555729590754275,0.14833206956591782,0.13411523755439714,5999
VEV_5300,55,3,2,-0.005364584200732859,0.012909959684042627,0.0014287822771166248,5999
VEV_5300,55,3,3,0.14661941424875424,-0.1387071449694403,-0.14023008290359937,5999
VEV_5300,55,3,4,0.4089201099463572,-0.3696018494633599,-0.3680911252470196,6000
VEV_5300,60,3,0,-0.387483062487536,0.34735467139702525,0.35003052921422295,6000
VEV_5300,60,3,1,-0.15638458764659693,0.14868073253042724,0.13314410948146366,5999
VEV_5300,60,3,2,-0.005251991399955466,0.011616913583260065,0.0013358510905163712,5999
VEV_5300,60,3,3,0.14786140417710605,-0.13870367751208215,-0.13820069385405986,5999
VEV_5300,60,3,4,0.4119195305867939,-0.3678480649062082,-0.3670118574822254,6000
VEV_5300,65,3,0,-0.3899147420604693,0.34633775249673593,0.3493236022150086,6000
VEV_5300,65,3,1,-0.15713378027221328,0.14893840194228034,0.1348953873616665,5999
VEV_5300,65,3,2,-0.005118703552156186,0.01089386679087162,0.0012793973301086226,5999
VEV_5300,65,3,3,0.14902519620094348,-0.1377981727188722,-0.13785687706035787,5999
VEV_5300,65,3,4,0.41474796729920377,-0.3672712000640247,-0.36679324922226897,6000
VEV_5300,15,4,0,-0.34309927547367375,0.34926299100842056,0.3483026541593973,6000
VEV_5300,15,4,1,-0.13976933953996248,0.14647821916853415,0.13015667353693058,5999
VEV_5300,15,4,2,-0.0062494996782473024,0.010671241187931429,0.002346034717902512,5999
VEV_5300,15,4,3,0.1292984870775566,-0.13228853837369264,-0.13659674344808082,5999
VEV_5300,15,4,4,0.3622936768773763,-0.3726519196611485,-0.3714554361163209,5999
VEV_5300,20,4,0,-0.3540421626513816,0.35080063290118996,0.349801562696598,6000
VEV_5300,20,4,1,-0.14421820867172758,0.1474275128826289,0.13474024024389997,5999
VEV_5300,20,4,2,-0.006048332055355434,0.010845477970598906,0.0020649907960432756,5999
VEV_5300,20,4,3,0.13335564652937326,-0.13350473692543782,-0.14042358939559557,5999
VEV_5300,20,4,4,0.37431382152417497,-0.37409714981530323,-0.37212186487840887,5999
VEV_5300,25,4,0,-0.36145341273977216,0.3522750631537777,0.3521448387942884,6000
VEV_5300,25,4,1,-0.14722978087114164,0.14624035236907526,0.1328591443234472,5999
VEV_5300,25,4,2,-0.005917659635650222,0.009821578556159142,0.0018543524979577342,5999
VEV_5300,25,4,3,0.13627721652813796,-0.1326418670828312,-0.1395802115107473,5999
VEV_5300,25,4,4,0.38257663279313775,-0.3742236357618428,-0.3717575067296366,5999
VEV_5300,30,4,0,-0.36709600821052496,0.3508297863797741,0.35154476595437245,6000
VEV_5300,30,4,1,-0.1493780713793649,0.14674061851628797,0.13385216542678802,5999
VEV_5300,30,4,2,-0.005875413210383659,0.011705683545885566,0.0020858779514580927,5999
VEV_5300,30,4,3,0.13861339079059684,-0.13297485209321064,-0.14051795587670313,5999
VEV_5300,30,4,4,0.38888746911171174,-0.3748295041947833,-0.3724536692679975,5999
VEV_5300,35,4,0,-0.3717298358800824,0.3504443554001926,0.35096508725166586,6000
VEV_5300,35,4,1,-0.15098297568494115,0.14780949867787357,0.1342437678745228,5999
VEV_5300,35,4,2,-0.005834416261415316,0.010678137486506884,0.0019791214024278414,5999
VEV_5300,35,4,3,0.14057508049074252,-0.1338422226977113,-0.14136791769988122,5999
VEV_5300,35,4,4,0.3940287215434258,-0.3736179724637033,-0.37208916285544547,5999
VEV_5300,40,4,0,-0.3756046981462341,0.3485969318884864,0.3491619834385347,6000
VEV_5300,40,4,1,-0.15238404028918354,0.14767312950417782,0.13623428507662538,5999
VEV_5300,40,4,2,-0.0057391100772732516,0.012466144594329612,0.002184285555358656,5999
VEV_5300,40,4,3,0.14228883853323118,-0.1340309611139221,-0.14031355501902,5999
VEV_5300,40,4,4,0.39840801170356244,-0.3732331405146687,-0.3714554361163209,5999
VEV_5300,45,4,0,-0.37901143623397887,0.3465281034734866,0.3473803370444557,6000
VEV_5300,45,4,1,-0.15357894634203206,0.14830918718527214,0.13666194273696425,5999
VEV_5300,45,4,2,-0.005631618198293322,0.012407946557473227,0.0021949320423573226,5999
VEV_5300,45,4,3,0.14384388239842918,-0.13407392778461735,-0.14042358939559557,5999
VEV_5300,45,4,4,0.40226688796696497,-0.37169886021099874,-0.3707276763846039,5999
VEV_5300,50,4,0,-0.3820762430925268,0.34527336799829256,0.3471147197412847,6000
VEV_5300,50,4,1,-0.15463883995669378,0.14883879122514693,0.1384725299690217,5999
VEV_5300,50,4,2,-0.005487695149834819,0.011678461048537299,0.0021386303703820886,5999
VEV_5300,50,4,3,0.14526750690888574,-0.13417044948879814,-0.14030657035846167,5999
VEV_5300,50,4,4,0.40575102368093247,-0.370147512405124,-0.370304027563634,5999
VEV_5300,55,4,0,-0.38487930039730545,0.3437316369194928,0.3456266393210399,6000
VEV_5300,55,4,1,-0.1555729590754275,0.14869092582969132,0.138985753787665,5999
VEV_5300,55,4,2,-0.005364584200732859,0.011798069317784205,0.0020649907960432756,5999
VEV_5300,55,4,3,0.14661941424875424,-0.13423518660685582,-0.1402531486633051,5999
VEV_5300,55,4,4,0.4089470839090775,-0.3685125300840451,-0.3691240381681383,5999
VEV_5300,60,4,0,-0.387483062487536,0.3434240042867389,0.34479062786397213,6000
VEV_5300,60,4,1,-0.15638458764659693,0.14671411318982072,0.13623428507662538,5999
VEV_5300,60,4,2,-0.005251991399955466,0.011930318131584006,0.0021704733376282093,5999
VEV_5300,60,4,3,0.14786140417710605,-0.1335238290975908,-0.1377638650994868,5999
VEV_5300,60,4,4,0.4119482946855671,-0.3670716398538332,-0.3682672929951424,5999
VEV_5300,65,4,0,-0.3899147420604693,0.3419801100725452,0.34265384110779,6000
VEV_5300,65,4,1,-0.15713378027221328,0.1467602633802706,0.13592618232678455,5999
VEV_5300,65,4,2,-0.005118703552156186,0.011647808778498046,0.002188706167089549,5999
VEV_5300,65,4,3,0.14902655865501668,-0.13390940489475103,-0.13828425647420772,5999
VEV_5300,65,4,4,0.41477711748769913,-0.3650055699906926,-0.3662244476458909,5999
VEV_5300,15,5,0,-0.3431203990275377,0.35759870234730273,0.3552185241321695,5999
VEV_5300,15,5,1,-0.13977851648186515,0.1466799067540584,0.13782244047320089,5999
VEV_5300,15,5,2,-0.0062494996782473024,0.009246167782390232,0.002217197557001782,5999
VEV_5300,15,5,3,0.1292984870775566,-0.1347389856516354,-0.14783820839352302,5999
VEV_5300,15,5,4,0.3622936768773763,-0.3769056644769897,-0.37136402318947137,5999
VEV_5300,20,5,0,-0.35406378372158287,0.35962121171018,0.3565304848007147,5999
VEV_5300,20,5,1,-0.14422642503150349,0.1470508708935468,0.1380229995038462,5999
VEV_5300,20,5,2,-0.006048332055355434,0.009410955410249859,0.0021789289837668147,5999
VEV_5300,20,5,3,0.13335564652937326,-0.13499372649413305,-0.14873256750479402,5999
VEV_5300,20,5,4,0.37431382152417497,-0.37920918476471743,-0.3735686142729262,5999
VEV_5300,25,5,0,-0.36147552843076425,0.35898179077452863,0.3565935720653214,5999
VEV_5300,25,5,1,-0.14723689510918847,0.14672958130947306,0.13763842072285115,5999
VEV_5300,25,5,2,-0.005917659635650222,0.009514618979206375,0.0019697746131441957,5999
VEV_5300,25,5,3,0.13627721652813796,-0.13326082763259536,-0.14604417270174957,5999
VEV_5300,25,5,4,0.38257663279313775,-0.3800850366754863,-0.3742976561279647,5999
VEV_5300,30,5,0,-0.3671185156409684,0.3579569589967015,0.35620292161797806,5999
VEV_5300,30,5,1,-0.14938408328475922,0.14667564341525668,0.13578875987309408,5999
VEV_5300,30,5,2,-0.005875413210383659,0.010492911515893403,0.0018601377605590996,5999
VEV_5300,30,5,3,0.13861339079059684,-0.13376784757838361,-0.14570592842301272,5999
VEV_5300,30,5,4,0.38888746911171174,-0.3794775395943416,-0.37398807186264105,5999
VEV_5300,35,5,0,-0.37175255853346956,0.3568375960760237,0.3548174489753819,5999
VEV_5300,35,5,1,-0.15098796724633662,0.14807450940919684,0.13773788655771557,5999
VEV_5300,35,5,2,-0.005834416261415316,0.010413913176330959,0.0021053911295894068,5999
VEV_5300,35,5,3,0.14057508049074252,-0.13470179101955473,-0.14583668617024165,5999
VEV_5300,35,5,4,0.3940287215434258,-0.3787441008868705,-0.37349236091745286,5999
VEV_5300,40,5,0,-0.37562759244400423,0.35417130926297813,0.35316467478946834,5999
VEV_5300,40,5,1,-0.15238795630551485,0.14936476435870288,0.13802312152847662,5999
VEV_5300,40,5,2,-0.0057391100772732516,0.011483517210651656,0.0021053911295894068,5999
VEV_5300,40,5,3,0.14228883853323118,-0.13527089116918153,-0.1463146804935604,5999
VEV_5300,40,5,4,0.39840801170356244,-0.37786857290802484,-0.3723010264682216,5999
VEV_5300,45,5,0,-0.3790345580879924,0.3533781199231344,0.35225189366474297,5999
VEV_5300,45,5,1,-0.15358166789997507,0.14822115523432233,0.13679656194562995,5999
VEV_5300,45,5,2,-0.005631618198293322,0.012591563383862829,0.002222930083917163,5999
VEV_5300,45,5,3,0.14384388239842918,-0.13413457768409737,-0.14561615304501185,5999
VEV_5300,45,5,4,0.40226688796696497,-0.37817613410209583,-0.3725216110196925,5999
VEV_5300,50,5,0,-0.38209953672308267,0.3517581782208253,0.34998422915168703,5999
VEV_5300,50,5,1,-0.15464038224614204,0.14960474320547798,0.13889944316520086,5999
VEV_5300,50,5,2,-0.005487695149834819,0.011234770980893873,0.0021465803574756137,5999
VEV_5300,50,5,3,0.14526750690888574,-0.13414847331456486,-0.14604417270174957,5999
VEV_5300,50,5,4,0.40575102368093247,-0.376569092337506,-0.3713174895387965,5999
VEV_5300,55,5,0,-0.38490269737409843,0.3501599538259817,0.3477374713170321,5999
VEV_5300,55,5,1,-0.15557337018949194,0.15047103101869552,0.139901229543966,5999
VEV_5300,55,5,2,-0.005364584200732859,0.009647462083540007,0.001900367642292622,5999
VEV_5300,55,5,3,0.14661941424875424,-0.13328119290493995,-0.1431394941350846,5999
VEV_5300,55,5,4,0.4089470839090775,-0.37511712726815094,-0.3701547957739422,5999
VEV_5300,60,5,0,-0.3875058414412027,0.34922729185093926,0.347094667183228,5999
VEV_5300,60,5,1,-0.15638458764659693,0.14972603153506267,0.1389011807834778,5999
VEV_5300,60,5,2,-0.005251991399955466,0.009772480559080036,0.0019759244246415897,5999
VEV_5300,60,5,3,0.14786140417710605,-0.13302645499816979,-0.14235746483245748,5999
VEV_5300,60,5,4,0.4119482946855671,-0.3738192221917859,-0.3682475906239233,5999
VEV_5300,65,5,0,-0.389936503725467,0.3476708035918444,0.3451673132808537,5999
VEV_5300,65,5,1,-0.15713378027221328,0.15002355095697625,0.13855887635008912,5999
VEV_5300,65,5,2,-0.005118703552156186,0.008797203877586916,0.0019431408579748,5999
VEV_5300,65,5,3,0.14902655865501668,-0.13219262662113404,-0.1406267145803214,5999
VEV_5300,65,5,4,0.41477711748769913,-0.3724188050501473,-0.3668089464233616,5999
VEV_5500,15,1,0,-0.2164390449231877,0.08862676467532446,0.04093461354278811,6000
VEV_5500,15,1,1,-0.0744847062455083,0.022430001183348335,0.0011429826572566387,6000
VEV_5500,15,1,2,0.00027512237115065506,0.0015689678215169793,0.0001952144793335997,5999
VEV_5500,15,1,3,0.07570371230767949,-0.02198020382931229,-0.0007366761630010002,6000
VEV_5500,15,1,4,0.21998325299012095,-0.08994253854131368,-0.0431866536151517,6000
VEV_5500,20,1,0,-0.2325956026423629,0.0886612205940196,0.04080943693446673,6000
VEV_5500,20,1,1,-0.08225485423886825,0.02240645134519975,0.0011103400687204612,6000
VEV_5500,20,1,2,0.00018544253536515,0.0024879717315863196,0.00018427191503180007,5999
VEV_5500,20,1,3,0.08400127076985926,-0.023100643937588664,-0.0007888876166078501,6000
VEV_5500,20,1,4,0.2375016749567521,-0.08975185525633485,-0.042786140511651666,6000
VEV_5500,25,1,0,-0.24432752582900794,0.08903202495837198,0.04064961377943624,6000
VEV_5500,25,1,1,-0.08784893045760948,0.021456201378255622,0.0010872528672792037,6000
VEV_5500,25,1,2,0.00021280211596055472,0.0022225803520167175,0.0002040967476659994,5999
VEV_5500,25,1,3,0.09010277125181992,-0.023796880343868756,-0.0008451449750737083,6000
VEV_5500,25,1,4,0.25049160869742526,-0.08821082609979,-0.0422508613260959,6000
VEV_5500,30,1,0,-0.25331220169252017,0.08886239586353956,0.04030978843226762,6000
VEV_5500,30,1,1,-0.09223179900397355,0.021103105813219565,0.0010831765536067524,6000
VEV_5500,30,1,2,0.00033995776207068883,0.0018528975531264323,0.00016693957110189284,5999
VEV_5500,30,1,3,0.09480690367944584,-0.023244478664162103,-0.0008020734199476881,6000
VEV_5500,30,1,4,0.2608126640528193,-0.0878708819345377,-0.04197947101266665,6000
VEV_5500,35,1,0,-0.26050285884096025,0.08854871775591848,0.03990946038055648,6000
VEV_5500,35,1,1,-0.09582006887425443,0.02083863285893926,0.0010711134776499528,6000
VEV_5500,35,1,2,0.0004942215316846294,0.002851972439474198,0.00019853387220790386,5999
VEV_5500,35,1,3,0.09865371886298088,-0.024292527661801632,-0.0008330168120948972,6000
VEV_5500,35,1,4,0.2693681334027234,-0.08724359024886351,-0.04194877056804099,6000
VEV_5500,40,1,0,-0.2664154854314417,0.08854105460101319,0.039765509242158714,6000
VEV_5500,40,1,1,-0.09887369673906304,0.021142185511748148,0.001037407050517948,6000
VEV_5500,40,1,2,0.0006968943136845548,0.0029025596130021385,0.00021372071557834715,5999
VEV_5500,40,1,3,0.10184046071481766,-0.025676242032546304,-0.0008702161261737451,6000
VEV_5500,40,1,4,0.27671680456039016,-0.08620634411835479,-0.041698305568417,6000
VEV_5500,45,1,0,-0.2713811365763425,0.08857764136399261,0.03960135868260291,6000
VEV_5500,45,1,1,-0.10144307016123959,0.021102677540719136,0.0010634451448368332,6000
VEV_5500,45,1,2,0.000858137390376016,0.001723198660971091,0.00019853387220790386,5999
VEV_5500,45,1,3,0.1044372662880983,-0.024969019564545874,-0.00083820642126399,6000
VEV_5500,45,1,4,0.28326111776922863,-0.08573148098643325,-0.0416947520413089,6000
VEV_5500,50,1,0,-0.2756534516572612,0.08831822212579184,0.039456649276587596,6000
VEV_5500,50,1,1,-0.1036475433897347,0.02135373461667875,0.0010406216617014075,6000
VEV_5500,50,1,2,0.0010274404486328636,0.0009374656287148666,0.0001834551968612902,5999
VEV_5500,50,1,3,0.10663301276223469,-0.024737396651888708,-0.0007728522593880086,6000
VEV_5500,50,1,4,0.28913675701045705,-0.08516913966009841,-0.041471459051677984,6000
VEV_5500,55,1,0,-0.2793553408178348,0.08786448481894035,0.039590060380618325,6000
VEV_5500,55,1,1,-0.10559174237270791,0.021653174104328352,0.0010278931266327466,6000
VEV_5500,55,1,2,0.0011878324928072084,0.00019233708738459652,0.00014128636104260295,5999
VEV_5500,55,1,3,0.10859661326280949,-0.024229260896309744,-0.0007476640905679094,6000
VEV_5500,55,1,4,0.29442008693740024,-0.08477797324323542,-0.04149913317544923,6000
VEV_5500,60,1,0,-0.2826120931957495,0.08734842890184039,0.03935975278702125,6000
VEV_5500,60,1,1,-0.10726924297830387,0.022067609475493768,0.0010379306416722998,6000
VEV_5500,60,1,2,0.0013165991251649425,-0.00020148023941832685,0.0001348601676910005,5999
VEV_5500,60,1,3,0.11035882105403491,-0.023951920361616297,-0.0007090494931106008,6000
VEV_5500,60,1,4,0.29922247019817966,-0.08455994154141254,-0.04159766871782719,6000
VEV_5500,65,1,0,-0.2854950789633475,0.08681292965100564,0.03897447336277082,6000
VEV_5500,65,1,1,-0.10874372046610832,0.02282459590882749,0.001055977796710253,6000
VEV_5500,65,1,2,0.001434575768731718,-0.0007123628970119458,0.00011601810547287594,5999
VEV_5500,65,1,3,0.11190418495922305,-0.024405407920770842,-0.0007129850759497458,6000
VEV_5500,65,1,4,0.30367393099977413,-0.08381714365427294,-0.04136183654529191,6000
VEV_5500,15,2,0,-0.21642712670903844,0.11352392993970516,0.07070806034366225,6000
VEV_5500,15,2,1,-0.07447712669064048,0.03220053766956576,0.0028739057182746996,5999
VEV_5500,15,2,2,0.00028095358742354987,0.0017960479592873204,0.0003773319638185335,6000
VEV_5500,15,2,3,0.07571045364661917,-0.03391645643494588,-0.002751192771484001,5999
VEV_5500,15,2,4,0.21998325299012095,-0.11220555238274278,-0.0735222040965197,6000
VEV_5500,20,2,0,-0.232585579246794,0.11367588239249624,0.07102091270840562,6000
VEV_5500,20,2,1,-0.08224665159565728,0.03278652229016574,0.0028521182770192,5999
VEV_5500,20,2,2,0.00019197767536776274,0.002903440393339199,0.00042841448811259397,6000
VEV_5500,20,2,3,0.08400870617379638,-0.033883327540285404,-0.002914676247144199,5999
VEV_5500,20,2,4,0.2375016749567521,-0.1140839075992603,-0.07334897093286946,6000
VEV_5500,25,2,0,-0.2443195652117573,0.11436102245756224,0.07085743494042163,6000
VEV_5500,25,2,1,-0.087840152090759,0.031120380772200588,0.0027658441640597,5999
VEV_5500,25,2,2,0.0002198654844959968,0.0029483270136939116,0.0004274388756471126,6000
VEV_5500,25,2,3,0.09011069086474263,-0.03257098625744743,-0.0028614227944672166,5999
VEV_5500,25,2,4,0.25049160869742526,-0.1144601930162597,-0.0732144821184022,6000
VEV_5500,30,2,0,-0.2533063703372231,0.11463943702907564,0.06992273593624534,6000
VEV_5500,30,2,1,-0.09222253781795833,0.030224477463794613,0.002697115719229204,5999
VEV_5500,30,2,2,0.00034746068795457635,0.002836988958376096,0.0004422277960714066,6000
VEV_5500,30,2,3,0.09481514661837134,-0.03195634361378361,-0.0028007200144770095,5999
VEV_5500,30,2,4,0.2608126640528193,-0.1143460557444906,-0.07236604281391115,6000
VEV_5500,35,2,0,-0.26049887094263685,0.11488377711098642,0.06940530901343325,6000
VEV_5500,35,2,1,-0.09581063135244013,0.030267120210543435,0.0027406350071146335,5999
VEV_5500,35,2,2,0.0005020525118731091,0.0033165538219450254,0.00047527430879765534,6000
VEV_5500,35,2,3,0.09866224922074059,-0.03206385389013131,-0.0026134181737802985,5999
VEV_5500,35,2,4,0.2693681334027234,-0.11500510397162636,-0.0729067933138765,6000
VEV_5500,40,2,0,-0.26641338603395626,0.11555448509477385,0.06944326515974812,6000
VEV_5500,40,2,1,-0.09886397191662163,0.030795728456157828,0.002780689518317501,5999
VEV_5500,40,2,2,0.000704890091306354,0.0026478053449756132,0.0004575954761491807,6000
VEV_5500,40,2,3,0.10184932367542282,-0.03263742036029462,-0.00263739161539428,5999
VEV_5500,40,2,4,0.27671680456039016,-0.1149621127469329,-0.07261600654771885,6000
VEV_5500,45,2,0,-0.271380808698036,0.11597842592522865,0.0693048979448179,6000
VEV_5500,45,2,1,-0.10143305001800805,0.030642915375723466,0.002883323489129397,5999
VEV_5500,45,2,2,0.0008664184703864635,0.0009587511551454357,0.00036033171835464506,6000
VEV_5500,45,2,3,0.10444624989350501,-0.031798629076904845,-0.0025212843577833155,5999
VEV_5500,45,2,4,0.28326111776922863,-0.11438286326081243,-0.0719566998517394,6000
VEV_5500,50,2,0,-0.2756534516572612,0.1160611754182397,0.06860956619377137,6000
VEV_5500,50,2,1,-0.10363853742027145,0.03099902698965628,0.002794003598239725,5999
VEV_5500,50,2,2,0.0010358168177944504,0.0001033103020863421,0.00035915511517715243,6000
VEV_5500,50,2,3,0.10664223885947491,-0.03193267201552868,-0.0024652397148656052,5999
VEV_5500,50,2,4,0.28913675701045705,-0.11383220356462748,-0.07149373934754523,6000
VEV_5500,55,2,0,-0.2793553408178348,0.11619038830072645,0.06874486596731799,6000
VEV_5500,55,2,1,-0.10558395334328359,0.03148885612922158,0.002889016736048605,5999
VEV_5500,55,2,2,0.00119634115118897,-0.0010225049791944701,0.00023763346982265572,6000
VEV_5500,55,2,3,0.10860600763361787,-0.03187154625734466,-0.002471522056509995,5999
VEV_5500,55,2,4,0.29442008693740024,-0.11338646423776644,-0.071301083073223,6000
VEV_5500,60,2,0,-0.2826120931957495,0.11627276461390584,0.06881031636640955,6000
VEV_5500,60,2,1,-0.10726254712487117,0.031404422981660476,0.002777617316723907,5999
VEV_5500,60,2,2,0.0013253203694475228,-0.0012799688201501072,0.0002785821421014533,6000
VEV_5500,60,2,3,0.11036827508907965,-0.03157019656965585,-0.002410885902634219,5999
VEV_5500,60,2,4,0.29922247019817966,-0.11342825709736121,-0.07129694225994854,6000
VEV_5500,65,2,0,-0.2854950789633475,0.11605899482587588,0.06853081174958225,6000
VEV_5500,65,2,1,-0.10873801198871536,0.03198673144606187,0.0028254322717202185,5999
VEV_5500,65,2,2,0.0014434112532985593,-0.0016175650166935511,0.000220243821914351,6000
VEV_5500,65,2,3,0.1119137626724735,-0.03223186128287118,-0.0024762704975955785,5999
VEV_5500,65,2,4,0.30367393099977413,-0.11279754809001535,-0.07061440139986536,6000
VEV_5500,15,3,0,-0.21642712670903844,0.12995195504952883,0.08737024041323596,6000
VEV_5500,15,3,1,-0.07447712669064048,0.04104840526763596,0.00583339170606223,5999
VEV_5500,15,3,2,0.00027512237115065506,-0.0022582597754114762,-5.110026154400704e-05,5999
VEV_5500,15,3,3,0.07569614480863944,-0.039127917648089414,-0.016735613369888908,5999
VEV_5500,15,3,4,0.21997164253096427,-0.12745115848822455,-0.0842012245297496,6000
VEV_5500,20,3,0,-0.232585579246794,0.12951893932133565,0.08698956300472106,6000
VEV_5500,20,3,1,-0.08224665159565728,0.04396672706865178,0.006648635398676106,5999
VEV_5500,20,3,2,0.00018544253536515,-0.0013280612541942034,-1.896829519410642e-05,5999
VEV_5500,20,3,3,0.08399308876066539,-0.04014448357759151,-0.015612249950350994,5999
VEV_5500,20,3,4,0.23749088781593655,-0.1298496251603636,-0.08445378840559668,6000
VEV_5500,25,3,0,-0.2443195652117573,0.13053608015948628,0.08709640519177242,6000
VEV_5500,25,3,1,-0.087840152090759,0.041901391029491065,0.006676023567365519,5999
VEV_5500,25,3,2,0.00021280211596055472,0.00040482788425010675,2.2020021958696345e-05,5999
VEV_5500,25,3,3,0.09009399782272258,-0.03914877909169263,-0.0145360434534893,5999
VEV_5500,25,3,4,0.250481128453438,-0.1315299130407658,-0.08466459483415181,6000
VEV_5500,30,3,0,-0.2533063703372231,0.13325728815607282,0.08740692601440972,6000
VEV_5500,30,3,1,-0.09222253781795833,0.03865225271551888,0.0055428616477684045,5999
VEV_5500,30,3,2,0.00033995776207068883,0.0011687973751642133,9.502610464548478e-05,5999
VEV_5500,30,3,3,0.09479783390161135,-0.038311916169239936,-0.00665737344178291,5999
VEV_5500,30,3,4,0.26080183406171564,-0.1326030898543971,-0.08452146139620716,6000
VEV_5500,35,3,0,-0.26049887094263685,0.13328166361411992,0.08720293107859334,6000
VEV_5500,35,3,1,-0.09581063135244013,0.03901405583574293,0.005934212324461896,5999
VEV_5500,35,3,2,0.0004942215316846294,0.003460922966619024,0.00044196746119950017,5999
VEV_5500,35,3,3,0.09864439103124814,-0.04035543858906637,-0.026153534663024003,5999
VEV_5500,35,3,4,0.26935676160921057,-0.13323776986991465,-0.08501069082743126,6000
VEV_5500,40,3,0,-0.26641338603395626,0.1344009231360204,0.08711112248403202,6000
VEV_5500,40,3,1,-0.09886397191662163,0.038740813118197145,0.005813126009456909,5999
VEV_5500,40,3,2,0.0006968943136845548,0.0031281204508284456,0.00044110713849931926,5999
VEV_5500,40,3,3,0.10183077551117244,-0.04102480258179282,-0.0241406327602931,5999
VEV_5500,40,3,4,0.27670495120370714,-0.13308183273395663,-0.084679807641038,6000
VEV_5500,45,3,0,-0.271380808698036,0.13488397841046754,0.08713149114869628,6000
VEV_5500,45,3,1,-0.10143305001800805,0.03835885594658897,0.006136636035023402,5999
VEV_5500,45,3,2,0.000858137390376016,0.0028857361682286756,0.00034646280823841247,5999
VEV_5500,45,3,3,0.10442739091400625,-0.04029273932368816,-0.01837114391190653,5999
VEV_5500,45,3,4,0.2832486267688678,-0.1336725918586665,-0.084679807641038,6000
VEV_5500,50,3,0,-0.2756534516572612,0.13479539657371853,0.08682974284769784,6000
VEV_5500,50,3,1,-0.10363853742027145,0.03944191500008779,0.006406840654221868,5999
VEV_5500,50,3,2,0.0010274404486328636,0.001663390790251229,0.00030408075701870985,5999
VEV_5500,50,3,3,0.10662292711352857,-0.03964809098902301,-0.007628942548763007,5999
VEV_5500,50,3,4,0.2891237015544111,-0.13408928780510232,-0.08466459483415181,6000
VEV_5500,55,3,0,-0.2793553408178348,0.13516275701312636,0.08677768139219211,6000
VEV_5500,55,3,1,-0.10558395334328359,0.039888081343806316,0.006427214110317492,5999
VEV_5500,55,3,2,0.0011878324928072084,0.0005553058130638152,5.7337964164988486e-05,5999
VEV_5500,55,3,3,0.10858637012949236,-0.039755184003587754,-0.006043665988840929,5999
VEV_5500,55,3,4,0.2944064911231314,-0.1336877647650845,-0.08437962990345235,6000
VEV_5500,60,3,0,-0.2826120931957495,0.1352395231371824,0.08668513968274284,6000
VEV_5500,60,3,1,-0.10726254712487117,0.03981170318866583,0.006125554983441306,5999
VEV_5500,60,3,2,0.0013165991251649425,0.0005067365994794154,9.607266372309298e-05,5999
VEV_5500,60,3,3,0.11034836119254038,-0.03937721185416388,-0.006043665988840929,5999
VEV_5500,60,3,4,0.2992084641127079,-0.13401751349904276,-0.08450476313873884,6000
VEV_5500,65,3,0,-0.2854950789633475,0.1352340089494589,0.08656705614052385,6000
VEV_5500,65,3,1,-0.10873801198871536,0.04062787238132854,0.006600944112790275,5999
VEV_5500,65,3,2,0.001434575768731718,0.00041744251915716666,0.00011769577577069867,5999
VEV_5500,65,3,3,0.11189358901009423,-0.03968874971136998,-0.008300032005422509,5999
VEV_5500,65,3,4,0.3036594888272346,-0.1344272673435778,-0.084384883502338,6000
VEV_5500,15,4,0,-0.21642712670903844,0.14351181359466306,0.09873742092059956,6000
VEV_5500,15,4,1,-0.07447712669064048,0.04839884043090147,0.0345112345463576,5999
VEV_5500,15,4,2,0.00027512237115065506,-0.00024147990336472098,0.0002912871430566927,5999
VEV_5500,15,4,3,0.07569614480863944,-0.04653919482355623,-0.0348027814713419,5999
VEV_5500,15,4,4,0.21995685865083706,-0.14221097361742827,-0.0974876264908176,5999
VEV_5500,20,4,0,-0.232585579246794,0.14504558936259887,0.0992347460107794,6000
VEV_5500,20,4,1,-0.08224665159565728,0.04961133639548624,0.034795836654893775,5999
VEV_5500,20,4,2,0.00018544253536515,0.00018958841771833735,0.00019045059730160574,5999
VEV_5500,20,4,3,0.08399308876066539,-0.04718728925550057,-0.03461752835664811,5999
VEV_5500,20,4,4,0.2374789219457698,-0.1447404749109942,-0.09901617145987984,5999
VEV_5500,25,4,0,-0.2443195652117573,0.1471314132385237,0.0997719557617813,6000
VEV_5500,25,4,1,-0.087840152090759,0.04619930820477082,0.03349369359381166,5999
VEV_5500,25,4,2,0.00021280211596055472,0.0026972700375474633,0.0008548879741283599,5999
VEV_5500,25,4,3,0.09009399782272258,-0.04570904773810554,-0.03555415531224071,5999
VEV_5500,25,4,4,0.25047064106585004,-0.1474005414286896,-0.10073748459217308,5999
VEV_5500,30,4,0,-0.2533063703372231,0.14976985689437264,0.1006799766837786,6000
VEV_5500,30,4,1,-0.09222253781795833,0.04414837863078723,0.032280757412252115,5999
VEV_5500,30,4,2,0.00033995776207068883,0.0029316812978061827,0.0007278123030118998,5999
VEV_5500,30,4,3,0.09479783390161135,-0.045678035258866795,-0.03530572852872632,5999
VEV_5500,30,4,4,0.2607920305873311,-0.14825391906396407,-0.10073748459217308,5999
VEV_5500,35,4,0,-0.26049887094263685,0.15074740791061667,0.1003647599943065,6000
VEV_5500,35,4,1,-0.09581063135244013,0.04394520403762991,0.0330191132836149,5999
VEV_5500,35,4,2,0.0004942215316846294,0.004393786482284604,0.0009783911741579054,5999
VEV_5500,35,4,3,0.09864439103124814,-0.045760823278878954,-0.03659767292577959,5999
VEV_5500,35,4,4,0.26934722035186964,-0.1504077756038451,-0.10518327736019734,5999
VEV_5500,40,4,0,-0.26641338603395626,0.15130048529894335,0.0993526281277468,6000
VEV_5500,40,4,1,-0.09886397191662163,0.04486331865142928,0.03440206775854909,5999
VEV_5500,40,4,2,0.0006968943136845548,0.00387009349279641,0.0008832028207165984,5999
VEV_5500,40,4,3,0.10183077551117244,-0.04607305729853069,-0.0360319877228221,5999
VEV_5500,40,4,4,0.2766954744930503,-0.15104313279176182,-0.10602551620763742,5999
VEV_5500,45,4,0,-0.271380808698036,0.15181884232309475,0.0997719557617813,6000
VEV_5500,45,4,1,-0.10143305001800805,0.044798456311257964,0.034795836654893775,5999
VEV_5500,45,4,2,0.000858137390376016,0.0034915992737409615,0.0008323583463151901,5999
VEV_5500,45,4,3,0.10442739091400625,-0.04555250893052661,-0.0348027814713419,5999
VEV_5500,45,4,4,0.2832391472070535,-0.15163876803192908,-0.10574607082469362,5999
VEV_5500,50,4,0,-0.2756534516572612,0.15211425007130588,0.09873742092059956,6000
VEV_5500,50,4,1,-0.10363853742027145,0.045556714512030624,0.03547539079130502,5999
VEV_5500,50,4,2,0.0010274404486328636,0.002943353145340104,0.00040880464086959223,5999
VEV_5500,50,4,3,0.10662292711352857,-0.04500252831823415,-0.0348027814713419,5999
VEV_5500,50,4,4,0.2891141984238598,-0.1526942177076363,-0.1064579210682269,5999
VEV_5500,55,4,0,-0.2793553408178348,0.15297228164318216,0.09844477545942709,6000
VEV_5500,55,4,1,-0.10558395334328359,0.04541933191438209,0.0346355997882597,5999
VEV_5500,55,4,2,0.0011878324928072084,0.002430731052451778,0.0003113804246481222,5999
VEV_5500,55,4,3,0.10858637012949236,-0.04557638856677893,-0.03555415531224071,5999
VEV_5500,55,4,4,0.29439696002021226,-0.1523285273695311,-0.10590885806999481,5999
VEV_5500,60,4,0,-0.2826120931957495,0.1528640560225028,0.09821310290050178,6000
VEV_5500,60,4,1,-0.10726254712487117,0.04617587878295926,0.0346355997882597,5999
VEV_5500,60,4,2,0.0013165991251649425,0.0016531532129009207,0.0003905619813053818,5999
VEV_5500,60,4,3,0.11034836119254038,-0.04504326448526823,-0.0348027814713419,5999
VEV_5500,60,4,4,0.29919891308975965,-0.15273237681877855,-0.10567353908953692,5999
VEV_5500,65,4,0,-0.2854950789633475,0.15293964907348379,0.09750019359501041,6000
VEV_5500,65,4,1,-0.10873801198871536,0.04682564809543782,0.03559426854684489,5999
VEV_5500,65,4,2,0.001434575768731718,0.0014520447187712714,0.0005217823535303978,5999
VEV_5500,65,4,3,0.11189358901009423,-0.04579250023916155,-0.036038638101672404,5999
VEV_5500,65,4,4,0.3036499374998081,-0.1525074075351571,-0.10290835016053279,5999
VEV_5500,15,5,0,-0.21644320816775012,0.15454027349122687,0.11659577161145761,5999
VEV_5500,15,5,1,-0.07448756063464934,0.05162402587148934,0.03925652927813411,5999
VEV_5500,15,5,2,0.00027512237115065506,0.0014340292260579055,0.0005443069424586611,5999
VEV_5500,15,5,3,0.07569614480863944,-0.05301200052093375,-0.04039824857062513,5999
VEV_5500,15,5,4,0.21995685865083706,-0.15093231497162068,-0.1145202619252359,5999
VEV_5500,20,5,0,-0.23260243590096727,0.15623472042391495,0.11696595535596543,5999
VEV_5500,20,5,1,-0.08225718271016241,0.05438334736118314,0.0407355416799646,5999
VEV_5500,20,5,2,0.00018544253536515,0.0008212541050870057,0.0004784210323124094,5999
VEV_5500,20,5,3,0.08399308876066539,-0.05353459005204979,-0.041779671635765694,5999
VEV_5500,20,5,4,0.2374789219457698,-0.15425071874191562,-0.11671256115761258,5999
VEV_5500,25,5,0,-0.24433686963116355,0.15836010168064835,0.1180614098747127,5999
VEV_5500,25,5,1,-0.08785180501560823,0.052148235572950875,0.03997259655051269,5999
VEV_5500,25,5,2,0.00021280211596055472,0.0025721818766918218,0.0008233804010160106,5999
VEV_5500,25,5,3,0.09009399782272258,-0.051866947482249,-0.041768452594112694,5999
VEV_5500,25,5,4,0.25047064106585004,-0.15755955855182235,-0.11939257357971661,5999
VEV_5500,30,5,0,-0.25332395938813623,0.16073244796552758,0.1187564156271037,5999
VEV_5500,30,5,1,-0.09223576154313638,0.05096784844806224,0.040083999713374396,5999
VEV_5500,30,5,2,0.00033995776207068883,0.002306064299234686,0.0005443069424586611,5999
VEV_5500,30,5,3,0.09479783390161135,-0.05125623532596659,-0.04131368907104621,5999
VEV_5500,30,5,4,0.2607920305873311,-0.15909611229063825,-0.12093975670774171,5999
VEV_5500,35,5,0,-0.26051688446300764,0.16237903958767982,0.11925319631967568,5999
VEV_5500,35,5,1,-0.09582532151955667,0.05110219475305318,0.040201753228473094,5999
VEV_5500,35,5,2,0.0004942215316846294,0.0033269275022994524,0.001068608689706707,5999
VEV_5500,35,5,3,0.09864439103124814,-0.051843385229595446,-0.0416813487569242,5999
VEV_5500,35,5,4,0.26934722035186964,-0.16131076351721732,-0.12313258710861422,5999
VEV_5500,40,5,0,-0.26643158914772,0.16343231090650956,0.1190933118014072,5999
VEV_5500,40,5,1,-0.09888026769869361,0.05222128528119962,0.041294663348196495,5999
VEV_5500,40,5,2,0.0006968943136845548,0.0030465026520351958,0.0010510649825618973,5999
VEV_5500,40,5,3,0.10183077551117244,-0.05198089151049431,-0.0415116672687077,5999
VEV_5500,40,5,4,0.2766954744930503,-0.1630651942330304,-0.1248997584712015,5999
VEV_5500,45,5,0,-0.2713991162325069,0.1642986742653662,0.12022824442311728,5999
VEV_5500,45,5,1,-0.10145088875753108,0.05148008564734192,0.040786637163648706,5999
VEV_5500,45,5,2,0.000858137390376016,0.003477298325863686,0.0011898900342544039,5999
VEV_5500,45,5,3,0.10442739091400625,-0.05189570431273519,-0.0413176397193524,5999
VEV_5500,45,5,4,0.2832391472070535,-0.16370634082961694,-0.1243838507220972,5999
VEV_5500,50,5,0,-0.2756719379300809,0.16441171538471444,0.11971749460161618,5999
VEV_5500,50,5,1,-0.10365769052724189,0.05234758428621553,0.041678079271207494,5999
VEV_5500,50,5,2,0.0010274404486328636,0.0030881565327790707,0.0007934422149560999,5999
VEV_5500,50,5,3,0.10662292711352857,-0.05115936748014638,-0.04089071427068801,5999
VEV_5500,50,5,4,0.2891141984238598,-0.16503407562734299,-0.1255084200797683,5999
VEV_5500,55,5,0,-0.27937389231522314,0.16514937500827712,0.11946410100466673,5999
VEV_5500,55,5,1,-0.10560363894574887,0.05233466326743322,0.041627003452106195,5999
VEV_5500,55,5,2,0.0011870889523037185,0.002805384296662514,0.0005824749792964212,5999
VEV_5500,55,5,3,0.10858637012949236,-0.051475969414024283,-0.040617965569708786,5999
VEV_5500,55,5,4,0.29439696002021226,-0.16515944006212888,-0.1247757745455829,5999
VEV_5500,60,5,0,-0.2826308256799985,0.16564763078588202,0.1201651258757579,5999
VEV_5500,60,5,1,-0.10728251305583308,0.0524765464260369,0.0412717057700433,5999
VEV_5500,60,5,2,0.0013151097773957498,0.002314752514707114,0.0005874589409699954,5999
VEV_5500,60,5,3,0.11034836119254038,-0.05091610207909494,-0.03957732888875401,5999
VEV_5500,60,5,4,0.29919891308975965,-0.1658688145513114,-0.12523461952628168,5999
VEV_5500,65,5,0,-0.2855139163874673,0.16616854209153542,0.12022824442311728,5999
VEV_5500,65,5,1,-0.10875821601537797,0.05273578017578109,0.0416014196109131,5999
VEV_5500,65,5,2,0.0014323407993393268,0.0023616070556319313,0.0006497976313538933,5999
VEV_5500,65,5,3,0.11189358901009423,-0.051370140491040286,-0.040510745002961784,5999
VEV_5500,65,5,4,0.3036499374998081,-0.16624177573568846,-0.12403496559034008,5999
