timestamp,bidPrice,askPrice,transportFees,exportTariff,importTariff,sugarPrice,sunlightIndex,
0,657,658.5,1.4,10.5,-4,209,65,657.75
100,660.5,662,1.4,10.5,-4,209.2992987,65,661.25
200,664,665.5,1.4,10.5,-4,209.4671132,65,664.75
300,669,670.5,1.4,10.5,-4,209.5255919,65,669.75
400,673.5,675,1.4,10.5,-4,209.5973329,65,674.25
500,672.5,674,1.4,10.5,-4,209.66678,65.01,673.25
600,669.5,671,1.4,10.5,-4,209.5327927,65.01,670.25
700,668.5,670,1.4,10.5,-4,209.5338756,65.01,669.25
800,665.5,667,1.4,10.5,-4,209.5169094,65.01,666.25
900,665.5,667,1.4,10.5,-4,209.3560523,65.01,666.25
1000,664,665.5,1.4,10.5,-4,209.4340189,65.01,664.75
1100,661.5,663,1.4,10.5,-4,209.2011393,65.01,662.25
1200,664.5,666,1.4,10.5,-4,209.3916019,65.02,665.25
1300,667,668.5,1.4,10.5,-4,209.3889703,65.02,667.75
1400,663.5,665,1.4,10.5,-4,209.1954123,65.02,664.25
1500,663,665,1.4,10.5,-4,209.0182214,65.02,664
1600,663,664.5,1.4,10.5,-4,209.1490887,65.02,663.75
1700,666,667.5,1.4,10.5,-4,209.5967505,65.02,666.75
1800,669,670.5,1.4,10.5,-4,209.7395613,65.02,669.75
1900,666.5,668,1.4,10.5,-4,209.4790971,65.02,667.25
2000,669.5,671,1.4,10.5,-4,209.6837948,65.03,670.25
2100,670.5,672,1.4,10.5,-4,209.6472945,65.03,671.25
2200,672.5,674,1.4,10.5,-4,209.6533168,65.03,673.25
2300,673.5,675,1.4,10.5,-4,209.6901556,65.03,674.25
2400,678.5,680,1.4,10.5,-4,209.8933552,65.03,679.25
2500,677,678.5,1.4,10.5,-4,209.7634125,65.03,677.75
2600,677,678.5,1.4,10.5,-4,209.8947533,65.03,677.75
2700,677.5,679,1.4,10.5,-4,209.9774111,65.03,678.25
2800,678.5,680,1.4,10.5,-4,210.3745227,65.04,679.25
2900,675,676.5,1.4,10.5,-4,210.1606624,65.04,675.75
3000,674.5,676,1.4,10.5,-4,210.2697456,65.04,675.25
3100,676,677.5,1.4,10.5,-4,210.6334902,65.04,676.75
3200,670,671.5,1.4,10.5,-4,210.4437177,65.04,670.75
3300,667.5,669,1.4,10.5,-4,210.2534485,65.04,668.25
3400,667.5,669,1.4,10.5,-4,210.2864276,65.04,668.25
3500,667.5,669,1.4,10.5,-4,209.967396,65.04,668.25
3600,669.5,671,1.4,10.5,-4,210.0032506,65.04,670.25
3700,670.5,672,1.4,10.5,-4,210.1177632,65.05,671.25
3800,670.5,672,1.4,10.5,-4,210.1215336,65.05,671.25
3900,670.5,672,1.4,10.5,-4,209.9491868,65.05,671.25
4000,670.5,672,1.4,10.5,-4,209.8046617,65.05,671.25
4100,675,676.5,1.4,10.5,-4,209.8219527,65.05,675.75
4200,677.5,679,1.4,10.5,-4,209.955194,65.05,678.25
4300,678,679.5,1.4,10.5,-4,209.8192396,65.05,678.75
4400,675,676.5,1.4,10.5,-4,209.7268226,65.06,675.75
4500,674.5,676.5,1.4,10.5,-4,209.8701653,65.06,675.5
4600,681,682.5,1.4,10.5,-4,210.2076933,65.06,681.75
4700,678,679.5,1.4,10.5,-4,210.0246493,65.06,678.75
4800,683,684.5,1.5,10.5,-4,210.145576,65.06,683.75
4900,684.5,686,1.5,10.5,-4,210.1548566,65.06,685.25
5000,684.5,686,1.5,10.5,-4,210.1040548,65.06,685.25
5100,683.5,685,1.5,10.5,-4,210.0085997,65.06,684.25
5200,686,687.5,1.5,10.5,-4,210.0322662,65.06,686.75
5300,686.5,688,1.5,10.5,-4,210.0956874,65.07,687.25
5400,688,689.5,1.5,10.5,-4,209.9236402,65.07,688.75
5500,687.5,689,1.5,10.5,-4,209.8011276,65.07,688.25
5600,682.5,684,1.5,10.5,-4,209.7075385,65.07,683.25
5700,682,683.5,1.5,10.5,-4,209.6776167,65.07,682.75
5800,681,682.5,1.5,10.5,-4,209.5775682,65.07,681.75
5900,680.5,682,1.5,10.5,-4,209.6689282,65.07,681.25
6000,682.5,684,1.5,10.5,-4,209.8100894,65.08,683.25
6100,679,680.5,1.5,10.5,-4,209.6353984,65.08,679.75
6200,676.5,678,1.5,10.5,-4,209.3927353,65.08,677.25
6300,679,680.5,1.5,10.5,-4,209.4189047,65.08,679.75
6400,679,680.5,1.5,10.5,-4,209.3290946,65.08,679.75
6500,678,679.5,1.5,10.5,-4,209.17315,65.08,678.75
6600,676.5,678,1.5,10.5,-4,209.3462353,65.08,677.25
6700,677,678.5,1.5,10.5,-4,209.5080668,65.08,677.75
6800,678.5,680,1.5,10.5,-4,209.5888769,65.08,679.25
6900,683,684.5,1.5,10.5,-4,209.8513405,65.09,683.75
7000,678.5,680,1.5,10.5,-4,209.7167015,65.09,679.25
7100,677,678.5,1.5,10.5,-4,209.5689814,65.09,677.75
7200,674,675.5,1.5,10.5,-4,209.5885154,65.09,674.75
7300,668.5,670,1.5,10.5,-4,209.5180844,65.09,669.25
7400,665.5,667,1.5,10.5,-4,209.3388549,65.09,666.25
7500,668,669.5,1.5,10.5,-4,209.4707233,65.09,668.75
7600,667,668.5,1.5,10.5,-4,209.7852728,65.1,667.75
7700,666,667.5,1.5,10.5,-4,209.634515,65.1,666.75
7800,665,666.5,1.5,10.5,-4,209.6176372,65.1,665.75
7900,664.5,666,1.5,10.5,-4,209.5335554,65.1,665.25
8000,665,666.5,1.5,10.5,-4,209.7225007,65.1,665.75
8100,662.5,664,1.5,10.5,-4,209.3303609,65.1,663.25
8200,661.5,663,1.5,10.5,-4,209.3406932,65.1,662.25
8300,659,660.5,1.5,10.5,-4,209.3081695,65.1,659.75
8400,658.5,660,1.5,10.5,-4,209.4496532,65.1,659.25
8500,653,654.5,1.5,10.5,-4,209.378157,65.11,653.75
8600,653,654.5,1.5,10.5,-4,209.3486541,65.11,653.75
8700,649,650.5,1.5,10.5,-4,209.4235604,65.11,649.75
8800,651.5,653,1.5,10.5,-4,209.6830398,65.11,652.25
8900,649.5,651,1.5,10.5,-4,209.457953,65.11,650.25
9000,650.5,652,1.5,10.5,-4,209.6879815,65.11,651.25
9100,650,652,1.5,10.5,-4,209.6266833,65.11,651
9200,654.5,656,1.5,10.5,-4,209.8626664,65.11,655.25
9300,655.5,657,1.5,10.5,-4,209.8737441,65.12,656.25
9400,655.5,657,1.5,10.5,-4,209.885224,65.12,656.25
9500,656,657.5,1.5,10.5,-4,209.9401233,65.12,656.75
9600,651.5,653,1.5,10.5,-4,209.6761298,65.12,652.25
9700,649.5,651,1.5,10.5,-4,209.5838583,65.12,650.25
9800,649,650.5,1.5,10.5,-4,209.7287541,65.12,649.75
9900,647,648.5,1.5,10.5,-4,209.7339908,65.12,647.75
10000,648,649.5,1.5,10.5,-4,209.5238071,65.12,648.75
10100,645.5,647,1.5,10.5,-4,209.441092,65.13,646.25
10200,645,647,1.5,10.5,-4,209.2525909,65.13,646
10300,647,648.5,1.5,10.5,-4,209.6182883,65.13,647.75
10400,648,649.5,1.5,10.5,-4,209.6859485,65.13,648.75
10500,645.5,647,1.5,10.5,-4,209.6217537,65.13,646.25
10600,648,649.5,1.5,10.5,-4,209.8009601,65.13,648.75
10700,646,647.5,1.5,10.5,-4,209.3842097,65.13,646.75
10800,645.5,647,1.5,10.5,-4,209.2515753,65.14,646.25
10900,642,643.5,1.5,10.5,-4,209.241617,65.14,642.75
11000,640.5,642,1.5,10.5,-4,209.0563348,65.14,641.25
11100,640.5,642,1.5,10.5,-4,209.0404001,65.14,641.25
11200,637,638.5,1.5,10.5,-4,208.9928379,65.14,637.75
11300,634.5,636,1.5,10.5,-4,208.9207849,65.14,635.25
11400,633,634.5,1.5,10.5,-4,208.8375301,65.14,633.75
11500,633.5,635,1.5,10.5,-4,208.8444917,65.14,634.25
11600,631,632.5,1.5,10.5,-4,208.7241432,65.14,631.75
11700,635,636.5,1.5,10.5,-4,208.8226713,65.15,635.75
11800,634,635.5,1.5,10.5,-4,208.7530779,65.15,634.75
11900,632,633.5,1.5,10.5,-4,208.6883724,65.15,632.75
12000,630,631.5,1.5,10.5,-4,208.3062478,65.15,630.75
12100,628.5,630,1.5,10.5,-4,208.1870141,65.15,629.25
12200,628.5,630,1.5,10.5,-4,208.3823371,65.15,629.25
12300,626,627.5,1.5,10.5,-4,207.9747882,65.15,626.75
12400,621.5,623,1.5,10.5,-4,207.9026339,65.16,622.25
12500,618.5,620,1.5,10.5,-4,207.682957,65.16,619.25
12600,623,624.5,1.5,10.5,-3.5,207.731435,65.16,623.75
12700,623.5,625,1.5,10.5,-3.5,207.8700521,65.16,624.25
12800,622.5,624,1.5,10.5,-3.5,207.6138506,65.16,623.25
12900,624,625.5,1.5,10.5,-3.5,207.9113126,65.16,624.75
13000,625.5,627,1.5,10.5,-3.5,207.8528937,65.16,626.25
13100,630,631.5,1.5,10.5,-3.5,207.8735753,65.16,630.75
13200,635.5,637,1.5,10.5,-3.5,208.0720886,65.17,636.25
13300,638.5,640,1.5,10.5,-3.5,208.0706523,65.17,639.25
13400,637.5,639,1.5,10.5,-3.5,207.8711163,65.17,638.25
13500,637.5,639,1.5,10.5,-3.5,207.8952727,65.17,638.25
13600,636,637.5,1.5,10.5,-3.5,208.1234739,65.17,636.75
13700,634.5,636,1.5,10.5,-3.5,208.0332226,65.17,635.25
13800,633.5,635,1.5,10.5,-3.5,208.150146,65.17,634.25
13900,632.5,634,1.5,10.5,-3.5,207.8606141,65.17,633.25
14000,632,633.5,1.5,10.5,-3.5,207.4751803,65.18,632.75
14100,634,635.5,1.5,10.5,-3.5,207.6069673,65.18,634.75
14200,636.5,638,1.5,10.5,-3.5,207.6885968,65.18,637.25
14300,638,639.5,1.5,10.5,-3.5,207.8874397,65.18,638.75
14400,636,637.5,1.5,10.5,-3.5,207.7949515,65.18,636.75
14500,638,639.5,1.5,10.5,-3.5,207.5397966,65.18,638.75
14600,638.5,640,1.5,10.5,-3.5,207.8901358,65.18,639.25
14700,637.5,639,1.5,10.5,-3.5,207.894789,65.18,638.25
14800,637.5,639,1.5,10.5,-3.5,207.8108586,65.18,638.25
14900,636,637.5,1.5,10.5,-3.5,207.7513485,65.19,636.75
15000,639,640.5,1.5,10.5,-3.5,207.7793646,65.19,639.75
15100,638.5,640,1.5,10.5,-3.5,207.6796665,65.19,639.25
15200,640,641.5,1.5,10.5,-3.5,207.7400656,65.19,640.75
15300,642.5,644,1.6,10.5,-3.5,207.911308,65.19,643.25
15400,640,641.5,1.6,10.5,-3.5,207.8906106,65.19,640.75
15500,642.5,644,1.6,10.5,-3.5,208.1258956,65.19,643.25
15600,641.5,643,1.6,10.5,-3.5,207.9984136,65.19,642.25
15700,643.5,645,1.6,10.5,-3.5,208.070169,65.2,644.25
15800,647,648.5,1.6,10.5,-3.5,208.3160119,65.2,647.75
15900,643.5,645,1.6,10.5,-3.5,208.148132,65.2,644.25
16000,646,647.5,1.6,10.5,-3.5,208.1570024,65.2,646.75
16100,646,647.5,1.6,10.5,-3.5,208.2983547,65.2,646.75
16200,650,651.5,1.6,10.5,-3.5,208.6774844,65.2,650.75
16300,651,652.5,1.6,10.5,-3.5,208.9923275,65.2,651.75
16400,654,655.5,1.6,10.5,-3.5,209.134066,65.2,654.75
16500,658,659.5,1.6,10.5,-3.5,209.1527835,65.21,658.75
16600,653,654.5,1.6,10.5,-3.5,208.9006531,65.21,653.75
16700,649.5,651,1.6,10.5,-3.5,208.5953182,65.21,650.25
16800,650.5,652,1.6,10.5,-3.5,208.5985289,65.21,651.25
16900,650.5,652,1.6,10.5,-3.5,208.5462933,65.21,651.25
17000,655,656.5,1.6,10.5,-3.5,208.6077717,65.21,655.75
17100,653.5,655,1.6,10.5,-3.5,208.3468081,65.21,654.25
17200,651,652.5,1.6,10.5,-3.5,208.2270679,65.22,651.75
17300,652.5,654,1.6,10.5,-3.5,208.2587197,65.22,653.25
17400,654.5,656,1.6,10.5,-3.5,208.2652204,65.22,655.25
17500,652,653.5,1.6,10.5,-3.5,208.2440057,65.22,652.75
17600,656.5,658,1.6,10.5,-3.5,208.1811085,65.22,657.25
17700,658,659.5,1.6,10.5,-3.5,208.2023699,65.22,658.75
17800,658.5,660,1.6,10.5,-3.5,208.0873728,65.22,659.25
17900,659.5,661,1.6,10.5,-3.5,208.1236319,65.22,660.25
18000,656.5,658,1.6,10.5,-3.5,207.8586364,65.22,657.25
18100,653,654.5,1.6,10.5,-3.5,207.5693529,65.23,653.75
18200,650.5,652,1.6,10.5,-3.5,207.5185651,65.23,651.25
18300,651.5,653,1.6,10.5,-3.5,207.7943881,65.23,652.25
18400,651.5,653,1.6,10.5,-3.5,207.7284266,65.23,652.25
18500,658,659.5,1.6,10.5,-3.5,207.7557902,65.23,658.75
18600,655.5,657,1.6,10.5,-3.5,207.691021,65.23,656.25
18700,655.5,657,1.6,10.5,-3.5,207.249402,65.23,656.25
18800,655.5,657,1.6,10.5,-3.5,207.2075595,65.24,656.25
18900,652.5,654,1.6,10.5,-3.5,207.1594313,65.24,653.25
19000,656,657.5,1.6,10.5,-3.5,207.1351927,65.24,656.75
19100,654.5,656,1.6,10.5,-3.5,207.3157834,65.24,655.25
19200,653,654.5,1.6,10.5,-3.5,207.3662589,65.24,653.75
19300,654,655.5,1.6,10.5,-3.5,207.4957921,65.24,654.75
19400,653.5,655,1.6,10.5,-3.5,207.23987,65.24,654.25
19500,654.5,656,1.6,10.5,-3.5,207.4377857,65.24,655.25
19600,651,652.5,1.6,10.5,-3.5,207.3136341,65.24,651.75
19700,650,651.5,1.6,10.5,-3.5,207.1950813,65.25,650.75
19800,647.5,649,1.6,10.5,-3.5,207.0231901,65.25,648.25
19900,644,645.5,1.6,10.5,-3.5,206.9890063,65.25,644.75
20000,644,645.5,1.6,10.5,-3.5,206.9310989,65.25,644.75
20100,649,650.5,1.6,10.5,-3.5,207.0250105,65.25,649.75
20200,652.5,654,1.6,10.5,-3.5,207.2110299,65.25,653.25
20300,651.5,653,1.6,10.5,-3.5,207.2157509,65.25,652.25
20400,649,650.5,1.6,10.5,-3.5,207.1213581,65.26,649.75
20500,649,651,1.6,10.5,-3.5,206.9760692,65.26,650
20600,652,653.5,1.6,10.5,-3.5,207.0913144,65.26,652.75
20700,650.5,652,1.6,10.5,-3.5,206.6838337,65.26,651.25
20800,652.5,654,1.6,10.5,-3.5,206.2213669,65.26,653.25
20900,652.5,654,1.6,10.5,-3.5,206.0780205,65.26,653.25
21000,655,656.5,1.6,10.5,-3.5,206.0980999,65.26,655.75
21100,657,658.5,1.6,10.5,-3.5,206.3333417,65.26,657.75
21200,656.5,658.5,1.6,10.5,-3.5,206.2440149,65.26,657.5
21300,657,658.5,1.6,10.5,-3.5,206.205337,65.27,657.75
21400,656.5,658.5,1.6,10.5,-3.5,206.2614874,65.27,657.5
21500,657,658.5,1.6,10.5,-3.5,206.4962686,65.27,657.75
21600,655.5,657,1.6,10.5,-3.5,206.0407963,65.27,656.25
21700,653.5,655,1.6,10.5,-3.5,205.9515729,65.27,654.25
21800,655,656.5,1.6,10.5,-3.5,206.2584433,65.27,655.75
21900,652,653.5,1.6,10.5,-3.5,206.0840701,65.27,652.75
22000,651,652.5,1.6,10.5,-3.5,206.0661647,65.28,651.75
22100,649,650.5,1.6,10.5,-3.5,205.9060566,65.28,649.75
22200,647,648.5,1.6,10.5,-3.5,205.8311299,65.28,647.75
22300,643,644.5,1.6,10.5,-3.5,205.5244165,65.28,643.75
22400,645.5,647,1.6,10.5,-3.5,205.5797637,65.28,646.25
22500,647,648.5,1.6,10.5,-3.5,205.6159225,65.28,647.75
22600,648.5,650,1.6,10.5,-3.5,205.820972,65.28,649.25
22700,644,645.5,1.6,10.5,-3.5,205.4250005,65.28,644.75
22800,643.5,645.5,1.6,10.5,-3.5,205.4196189,65.28,644.5
22900,642,643.5,1.6,10.5,-3.5,205.4586563,65.29,642.75
23000,641.5,643.5,1.6,10.5,-3.5,205.2703268,65.29,642.5
23100,640,641.5,1.6,10.5,-3.5,205.1066894,65.29,640.75
23200,644,645.5,1.6,10.5,-3.5,205.122571,65.29,644.75
23300,646,647.5,1.6,10.5,-3.5,205.3620625,65.29,646.75
23400,646,647.5,1.6,10.5,-3.5,205.5159697,65.29,646.75
23500,644,645.5,1.6,10.5,-3.5,205.3200803,65.29,644.75
23600,641.5,643,1.6,10.5,-3.5,205.2161048,65.3,642.25
23700,643.5,645,1.6,10.5,-3.5,205.2912546,65.3,644.25
23800,648,649.5,1.6,10.5,-3.5,205.3427092,65.3,648.75
23900,646,647.5,1.6,10.5,-3.5,205.3589109,65.3,646.75
24000,646.5,648,1.6,10.5,-3.5,205.0187633,65.3,647.25
24100,646,648,1.6,10.5,-3.5,205.0368613,65.3,647
24200,642.5,644,1.6,10.5,-3.5,204.786775,65.3,643.25
24300,640.5,642,1.6,10.5,-3.5,204.5930105,65.3,641.25
24400,638,639.5,1.6,10.5,-3.5,204.4787749,65.31,638.75
24500,638.5,640,1.6,10.5,-3.5,204.5960084,65.31,639.25
24600,640,641.5,1.6,10.5,-3.5,204.5858954,65.31,640.75
24700,643.5,645,1.6,10.5,-3.5,204.7291613,65.31,644.25
24800,645.5,647,1.6,10.5,-3.5,204.9114815,65.31,646.25
24900,646.5,648,1.6,10.5,-3.5,204.7675134,65.31,647.25
25000,645.5,647,1.6,10.5,-3.5,204.5597491,65.31,646.25
25100,647.5,649,1.6,10.5,-3.5,204.715516,65.31,648.25
25200,651,652.5,1.6,10.5,-3.5,204.9397767,65.32,651.75
25300,652.5,654,1.6,10.5,-3.5,205.605041,65.32,653.25
25400,660,661.5,1.6,10.5,-3.5,205.8232529,65.32,660.75
25500,659.5,661.5,1.6,10.5,-3.5,205.9800169,65.32,660.5
25600,655.5,657,1.6,10.5,-3.5,205.8110104,65.32,656.25
25700,656,657.5,1.6,10.5,-3.5,205.8193743,65.32,656.75
25800,650,651.5,1.6,10.5,-3.5,205.714011,65.32,650.75
25900,645.5,647,1.6,10.5,-3.5,205.630557,65.32,646.25
26000,644.5,646,1.6,10.5,-3.5,205.7685182,65.32,645.25
26100,644.5,646,1.6,10.5,-3.5,205.766933,65.33,645.25
26200,646,647.5,1.6,10.5,-3.5,205.9866343,65.33,646.75
26300,644.5,646,1.6,10.5,-3.5,205.8341981,65.33,645.25
26400,645.5,647,1.6,10.5,-3.5,205.9098455,65.33,646.25
26500,650.5,652,1.6,10.5,-3.5,206.1251757,65.33,651.25
26600,654.5,656,1.6,10.5,-3.5,206.4963149,65.33,655.25
26700,653.5,655,1.6,10.5,-3.5,206.3760721,65.33,654.25
26800,656,657.5,1.6,10.5,-3.5,206.4936702,65.33,656.75
26900,659,660.5,1.6,10.5,-3.5,206.6798114,65.34,659.75
27000,660.5,662,1.6,10.5,-3.5,206.6741563,65.34,661.25
27100,660,661.5,1.6,10.5,-3.5,206.7118786,65.34,660.75
27200,658.5,660,1.6,10.5,-3.5,206.5604438,65.34,659.25
27300,660,661.5,1.6,10.5,-3.5,206.4906224,65.34,660.75
27400,660,661.5,1.6,10.5,-3.5,206.5962593,65.34,660.75
27500,662.5,664,1.6,10.5,-3.5,206.6129927,65.34,663.25
27600,662.5,664,1.6,10.5,-3.5,206.960973,65.34,663.25
27700,664.5,666,1.6,10.5,-3.5,207.211435,65.35,665.25
27800,664,665.5,1.6,10.5,-3.5,207.1053046,65.35,664.75
27900,665,666.5,1.6,10.5,-3.5,207.0040175,65.35,665.75
28000,668,669.5,1.6,10.5,-3.5,207.0091053,65.35,668.75
28100,662,663.5,1.6,10.5,-3.5,206.6654811,65.35,662.75
28200,666.5,668,1.6,10.5,-3.5,206.7592391,65.35,667.25
28300,664.5,666,1.6,10.5,-3.5,206.5459408,65.35,665.25
28400,669.5,671,1.6,10.5,-3.5,206.6710471,65.36,670.25
28500,671.5,673,1.6,10.5,-3.5,206.6896812,65.36,672.25
28600,675.5,677,1.6,10.5,-3.5,206.818121,65.36,676.25
28700,673.5,675,1.6,10.5,-3.5,206.7167664,65.36,674.25
28800,678.5,680,1.6,10.5,-3.5,206.8139707,65.36,679.25
28900,678,679.5,1.6,10.5,-3.5,206.6932,65.36,678.75
29000,673.5,675,1.6,10.5,-3.5,206.4884443,65.36,674.25
29100,673.5,675,1.6,10.5,-3.5,206.344195,65.36,674.25
29200,672.5,674,1.6,10.5,-3.5,206.2793031,65.36,673.25
29300,674,675.5,1.6,10.5,-3.5,205.958392,65.37,674.75
29400,673,674.5,1.6,10.5,-3.5,206.1089418,65.37,673.75
29500,676,677.5,1.6,10.5,-3.5,206.3992715,65.37,676.75
29600,674,675.5,1.6,10.5,-3.5,206.2652753,65.37,674.75
29700,672,673.5,1.6,10.5,-3.5,206.1511147,65.37,672.75
29800,675,676.5,1.6,10.5,-3.5,206.6265554,65.37,675.75
29900,675.5,677,1.6,10.5,-3.5,206.7554461,65.37,676.25
30000,669,670.5,1.6,10.5,-3.5,206.4965646,65.38,669.75
30100,669,670.5,1.6,10.5,-3.5,206.6589594,65.38,669.75
30200,668,669.5,1.6,10.5,-3.5,206.6310046,65.38,668.75
30300,668.5,670,1.6,10.5,-3.5,206.5292897,65.38,669.25
30400,668.5,670,1.6,10.5,-3.5,206.3461629,65.38,669.25
30500,666,667.5,1.6,10.5,-3.5,206.1281314,65.38,666.75
30600,663.5,665,1.6,10.5,-3.5,206.0846365,65.38,664.25
30700,667.5,669,1.6,10.5,-3.5,206.2724737,65.38,668.25
30800,669.5,671,1.6,10.5,-3.5,206.5371589,65.39,670.25
30900,670,671.5,1.6,10.5,-3.5,206.3280555,65.39,670.75
31000,672.5,674,1.6,10.5,-3.5,206.2594867,65.39,673.25
31100,674,675.5,1.6,10.5,-3.5,206.3832354,65.39,674.75
31200,675.5,677,1.6,10.5,-3.5,206.5130118,65.39,676.25
31300,675.5,677,1.6,10.5,-3.5,206.9852894,65.39,676.25
31400,669.5,671,1.6,10.5,-3.5,206.6891078,65.39,670.25
31500,668,669.5,1.6,10.5,-3.5,206.5998172,65.39,668.75
31600,669.5,671,1.6,10.5,-3.5,206.7733566,65.4,670.25
31700,668.5,670,1.6,10.5,-3.5,206.7950678,65.4,669.25
31800,668.5,670,1.6,10.5,-3.5,206.8287769,65.4,669.25
31900,664,665.5,1.6,10.5,-3.5,206.6679894,65.4,664.75
32000,659.5,661,1.6,10.5,-3.5,206.4292152,65.4,660.25
32100,659,660.5,1.6,10.5,-3.5,206.2619361,65.4,659.75
32200,662.5,664,1.6,10.5,-3.5,206.7213293,65.4,663.25
32300,661.5,663,1.6,10.5,-3.5,206.6169833,65.4,662.25
32400,658.5,660,1.6,10.5,-3.5,206.4440692,65.4,659.25
32500,658,659.5,1.6,10.5,-3.5,206.4424203,65.41,658.75
32600,659.5,661,1.6,10.5,-3.5,206.3759801,65.41,660.25
32700,655,656.5,1.6,10.5,-3.5,205.8925069,65.41,655.75
32800,654.5,656,1.6,10.5,-3.5,205.9238802,65.41,655.25
32900,651.5,653,1.6,10.5,-3.5,205.9293061,65.41,652.25
33000,649.5,651,1.6,10.5,-3.5,205.7088925,65.41,650.25
33100,650.5,652,1.6,10.5,-3.5,205.830033,65.41,651.25
33200,652,653.5,1.6,10.5,-3.5,205.9957119,65.42,652.75
33300,650.5,652,1.6,10.5,-3.5,205.8626598,65.42,651.25
33400,647.5,649,1.6,10.5,-3.5,205.7931986,65.42,648.25
33500,650,651.5,1.6,10.5,-3.5,205.8712826,65.42,650.75
33600,648.5,650,1.6,10.5,-3.5,205.7934743,65.42,649.25
33700,646,647.5,1.6,10.5,-3.5,205.2642877,65.42,646.75
33800,646.5,648,1.6,10.5,-3.5,205.6691749,65.42,647.25
33900,646.5,648,1.6,10.5,-3.5,205.6022422,65.42,647.25
34000,646.5,648.5,1.6,10.5,-3.5,205.5825859,65.42,647.5
34100,649,650.5,1.6,10.5,-3.5,205.9443681,65.43,649.75
34200,646.5,648,1.6,10.5,-3.5,205.842243,65.43,647.25
34300,648,649.5,1.6,10.5,-3.5,206.2458344,65.43,648.75
34400,646,647.5,1.6,10.5,-3.5,206.0048833,65.43,646.75
34500,644,645.5,1.6,10.5,-3.5,205.6280626,65.43,644.75
34600,644.5,646,1.6,10.5,-3.5,205.6321411,65.43,645.25
34700,645.5,647,1.6,10.5,-3.5,205.7578637,65.43,646.25
34800,642,643.5,1.6,10.5,-3.5,205.6876483,65.44,642.75
34900,642,644,1.6,10.5,-3.5,205.7512126,65.44,643
35000,643.5,645,1.6,10.5,-3.5,205.7387527,65.44,644.25
35100,641.5,643,1.6,10.5,-3.5,205.5546252,65.44,642.25
35200,641.5,643,1.6,10.5,-3.5,205.837826,65.44,642.25
35300,639.5,641,1.6,10.5,-3.5,205.6804226,65.44,640.25
35400,643,644.5,1.6,10.5,-3.5,205.807819,65.44,643.75
35500,648,649.5,1.6,10.5,-3.5,205.9524311,65.44,648.75
35600,651,652.5,1.6,10.5,-3.5,206.0407725,65.44,651.75
35700,652,653.5,1.6,10.5,-3.5,205.7528191,65.45,652.75
35800,653.5,655,1.6,10.5,-3.5,205.9987719,65.45,654.25
35900,653,655,1.6,10.5,-3.5,206.0329598,65.45,654
36000,651,652.5,1.6,10.5,-3.5,205.9573319,65.45,651.75
36100,651,652.5,1.6,10.5,-3.5,206.0677781,65.45,651.75
36200,651.5,653,1.6,10.5,-3.5,205.9849477,65.45,652.25
36300,654.5,656,1.6,10.5,-3.5,206.3502599,65.45,655.25
36400,656,657.5,1.6,10.5,-3.5,206.2462818,65.46,656.75
36500,653,654.5,1.6,10.5,-3.5,206.1959717,65.46,653.75
36600,653,655,1.6,10.5,-3.5,206.1554388,65.46,654
36700,652.5,654,1.6,10.5,-3.5,206.1385874,65.46,653.25
36800,646.5,648,1.6,10.5,-3.5,205.769465,65.46,647.25
36900,643,644.5,1.6,10.5,-3.5,205.727683,65.46,643.75
37000,642,643.5,1.6,10.5,-3.5,205.5699723,65.46,642.75
37100,644,645.5,1.6,10.5,-3.5,205.3280624,65.46,644.75
37200,640.5,642,1.6,10.5,-3.5,205.2419442,65.46,641.25
37300,639.5,641,1.6,10.5,-3.5,205.2510943,65.47,640.25
37400,636,637.5,1.6,10.5,-3.5,205.1257572,65.47,636.75
37500,635.5,637,1.6,10.5,-3.5,205.3119789,65.47,636.25
37600,635,636.5,1.6,10.5,-3.5,205.2538911,65.47,635.75
37700,633,634.5,1.6,10.5,-3.5,205.2018821,65.47,633.75
37800,630.5,632,1.6,10.5,-3.5,204.928891,65.47,631.25
37900,631,632.5,1.6,10.5,-3.5,204.7813845,65.47,631.75
38000,632.5,634,1.6,10.5,-3.5,205.0458951,65.47,633.25
38100,632,633.5,1.6,10.5,-3.5,205.3117517,65.48,632.75
38200,636,637.5,1.6,10.5,-3.5,205.3974713,65.48,636.75
38300,635,636.5,1.6,10.5,-3.5,205.0222938,65.48,635.75
38400,635,636.5,1.6,10.5,-3.5,205.1030522,65.48,635.75
38500,635.5,637,1.6,10.5,-3.5,205.2883511,65.48,636.25
38600,637.5,639,1.6,10.5,-3.5,205.4273719,65.48,638.25
38700,638.5,640,1.6,10.5,-3.5,205.50395,65.48,639.25
38800,635.5,637,1.6,10.5,-3.5,205.4291773,65.48,636.25
38900,636,637.5,1.6,10.5,-3.5,205.4948224,65.49,636.75
39000,632,633.5,1.6,10.5,-3.5,205.2332872,65.49,632.75
39100,628.5,630,1.6,10.5,-3.5,205.2693698,65.49,629.25
39200,628.5,630.5,1.6,10.5,-3.5,205.1339266,65.49,629.5
39300,632,633.5,1.6,10.5,-3.5,205.2850807,65.49,632.75
39400,633,634.5,1.6,10.5,-3.5,205.3247822,65.49,633.75
39500,636,637.5,1.6,10.5,-3.5,205.5037671,65.49,636.75
39600,640,641.5,1.6,10.5,-3.5,205.8842669,65.5,640.75
39700,639.5,641,1.6,10.5,-3.5,205.8764391,65.5,640.25
39800,640.5,642,1.6,10.5,-3.5,205.946015,65.5,641.25
39900,639.5,641,1.6,10.5,-3.5,206.0208588,65.5,640.25
40000,644,645.5,1.6,10.5,-3.5,206.1294024,65.5,644.75
40100,648.5,650,1.6,10.5,-3.5,206.1423024,65.5,649.25
40200,651,652.5,1.6,10.5,-3.5,206.2734811,65.5,651.75
40300,652.5,654,1.6,10.5,-3.5,206.3292716,65.5,653.25
40400,654,655.5,1.6,10.5,-3.5,206.5820349,65.5,654.75
40500,654,655.5,1.6,10.5,-3.5,206.5072793,65.51,654.75
40600,651,652.5,1.6,10.5,-3.5,206.1746861,65.51,651.75
40700,653.5,655,1.6,10.5,-3.5,206.308168,65.51,654.25
40800,654.5,656,1.6,10.5,-3.5,206.4392364,65.51,655.25
40900,651,652.5,1.6,10.5,-3.5,206.2572573,65.51,651.75
41000,652,653.5,1.6,10.5,-3.5,206.5961171,65.51,652.75
41100,647,648.5,1.6,10.5,-3.5,206.297652,65.51,647.75
41200,647.5,649,1.6,10.5,-3.5,206.3167235,65.52,648.25
41300,647.5,649,1.6,10.5,-3.5,206.1844227,65.52,648.25
41400,647.5,649,1.6,10.5,-3.5,206.1757922,65.52,648.25
41500,645,646.5,1.6,10.5,-3.5,205.9136686,65.52,645.75
41600,644.5,646,1.6,10.5,-3.5,205.9175989,65.52,645.25
41700,644,645.5,1.6,10.5,-3.5,206.1753068,65.52,644.75
41800,639,640.5,1.6,10.5,-3.5,206.1466217,65.52,639.75
41900,639,640.5,1.6,10.5,-3.5,206.0279077,65.52,639.75
42000,638.5,640.5,1.6,10.5,-3.5,206.0756276,65.53,639.5
42100,636.5,638,1.6,10.5,-3.5,205.9808963,65.53,637.25
42200,635.5,637,1.6,10.5,-3.5,205.9359238,65.53,636.25
42300,633.5,635,1.6,10.5,-3.5,205.6535309,65.53,634.25
42400,637,638.5,1.6,10.5,-3.5,205.8603969,65.53,637.75
42500,635,636.5,1.6,10.5,-3.5,205.7302254,65.53,635.75
42600,630,631.5,1.6,10.5,-3.5,205.456776,65.53,630.75
42700,627.5,629,1.6,10.5,-3.5,205.3843997,65.53,628.25
42800,627,628.5,1.6,10.5,-3.5,205.186403,65.54,627.75
42900,624.5,626,1.6,10.5,-3.5,205.0430118,65.54,625.25
43000,625.5,627,1.6,10.5,-3.5,205.1806523,65.54,626.25
43100,626.5,628,1.6,10.5,-3.5,205.3306202,65.54,627.25
43200,629,630.5,1.6,10.5,-3.5,205.4004231,65.54,629.75
43300,628,629.5,1.6,10.5,-3.5,205.1312683,65.54,628.75
43400,629.5,631,1.6,10.5,-3.5,205.4723339,65.54,630.25
43500,626.5,628,1.6,10.5,-3.5,204.8719711,65.54,627.25
43600,625.5,627,1.6,10.5,-3.5,204.5971016,65.54,626.25
43700,623.5,625,1.6,10.5,-3.5,204.8052765,65.55,624.25
43800,623.5,625.5,1.6,10.5,-3.5,204.6139133,65.55,624.5
43900,625.5,627,1.6,10.5,-3.5,204.6683511,65.55,626.25
44000,623.5,625,1.6,10.5,-3.5,204.7265505,65.55,624.25
44100,622.5,624,1.6,10.5,-3.5,204.9413628,65.55,623.25
44200,620,621.5,1.6,10.5,-3.5,204.8755424,65.55,620.75
44300,623,624.5,1.6,10.5,-3.5,205.0460919,65.55,623.75
44400,627,628.5,1.6,10.5,-3.5,205.3056199,65.56,627.75
44500,623.5,625,1.6,10.5,-3.5,205.1038318,65.56,624.25
44600,623.5,625,1.6,10.5,-3.5,205.2161971,65.56,624.25
44700,621.5,623,1.6,10.5,-3.5,205.1718898,65.56,622.25
44800,619.5,621,1.6,10.5,-3.5,204.9895522,65.56,620.25
44900,623,624.5,1.6,10.5,-3.5,205.2592262,65.56,623.75
45000,622.5,624,1.6,10.5,-3.5,205.3435417,65.56,623.25
45100,618,619.5,1.6,10.5,-3.5,205.230408,65.56,618.75
45200,619.5,621,1.6,10.5,-3.5,205.3168832,65.56,620.25
45300,615,616.5,1.6,10.5,-3.5,205.2017105,65.57,615.75
45400,611,612.5,1.6,10.5,-3.5,205.1990296,65.57,611.75
45500,611,612.5,1.6,10.5,-3.5,205.3521628,65.57,611.75
45600,607.5,609,1.6,10.5,-3.5,205.2199771,65.57,608.25
45700,607.5,609,1.6,10.5,-3.5,205.3778616,65.57,608.25
45800,603.5,605,1.6,10.5,-3.5,205.2147198,65.57,604.25
45900,606.5,608,1.6,10.5,-3.5,205.2868714,65.57,607.25
46000,604,605.5,1.6,10.5,-3.5,205.0812261,65.58,604.75
46100,607,608.5,1.6,10.5,-3.5,205.1299962,65.58,607.75
46200,607,608.5,1.6,10.5,-3.5,205.3525981,65.58,607.75
46300,607,608.5,1.6,10.5,-3.5,205.371872,65.58,607.75
46400,609.5,611,1.6,10.5,-3.5,205.3365681,65.58,610.25
46500,605,606.5,1.6,10.5,-3.5,205.2411504,65.58,605.75
46600,603,604.5,1.6,10.5,-3.5,205.0493087,65.58,603.75
46700,603,605,1.6,10.5,-3.5,204.9517204,65.58,604
46800,601.5,603,1.6,10.5,-3.5,204.8982652,65.58,602.25
46900,601,603,1.6,10.5,-3.5,204.9123144,65.59,602
47000,599,600.5,1.6,10.5,-3.5,204.9202909,65.59,599.75
47100,600,601.5,1.6,10.5,-3.5,205.1975212,65.59,600.75
47200,601,602.5,1.6,10.5,-3.5,205.2895056,65.59,601.75
47300,602.5,604,1.6,10.5,-3.5,205.4073498,65.59,603.25
47400,603,604.5,1.6,10.5,-3.5,205.4465079,65.59,603.75
47500,601,602.5,1.6,10.5,-3.5,205.2426621,65.59,601.75
47600,604.5,606,1.6,10.5,-3.5,205.3237529,65.6,605.25
47700,605.5,607,1.6,10.5,-3.5,205.1699167,65.6,606.25
47800,609.5,611,1.6,10.5,-3.5,205.4597153,65.6,610.25
47900,607,608.5,1.6,10.5,-3.5,205.3064394,65.6,607.75
48000,609,610.5,1.6,10.5,-3.5,205.4953801,65.6,609.75
48100,609.5,611,1.6,10.5,-3.5,205.5937421,65.6,610.25
48200,609.5,611,1.6,10.5,-3.5,205.853697,65.6,610.25
48300,610.5,612,1.6,10.5,-3.5,205.985301,65.6,611.25
48400,612.5,614,1.6,10.5,-3.5,206.075288,65.6,613.25
48500,612,613.5,1.6,10.5,-3.5,205.8721241,65.61,612.75
48600,615,616.5,1.6,10.5,-3.5,206.1702192,65.61,615.75
48700,612.5,614,1.6,10.5,-3.5,205.939939,65.61,613.25
48800,609.5,611,1.6,10.5,-3.5,206.2652316,65.61,610.25
48900,607,608.5,1.6,10.5,-3.5,206.2357457,65.61,607.75
49000,610.5,612,1.6,10.5,-3.5,206.2166122,65.61,611.25
49100,611.5,613,1.6,10.5,-3.5,205.8873893,65.61,612.25
49200,612.5,614,1.6,10.5,-3.5,205.9536294,65.61,613.25
49300,610,611.5,1.6,10.5,-3.5,205.7523519,65.62,610.75
49400,606,607.5,1.6,10.5,-3.5,205.6991033,65.62,606.75
49500,603,604.5,1.6,10.5,-3.5,205.6776236,65.62,603.75
49600,603.5,605,1.6,10.5,-3.5,205.7648387,65.62,604.25
49700,606,607.5,1.6,10.5,-3.5,205.8802328,65.62,606.75
49800,602.5,604,1.6,10.5,-3.5,205.7438682,65.62,603.25
49900,599,600.5,1.6,10.5,-3.5,205.4782326,65.62,599.75
50000,600.5,602,1.6,10.5,-3.5,205.5730458,65.62,601.25
50100,598.5,600,1.6,10.5,-3.5,205.4978974,65.63,599.25
50200,598.5,600,1.6,10.5,-3.5,205.446085,65.63,599.25
50300,603,604.5,1.6,10.5,-3.5,205.6400179,65.63,603.75
50400,603,604.5,1.6,10.5,-3.5,205.6047478,65.63,603.75
50500,604.5,606,1.6,10.5,-3.5,205.6228583,65.63,605.25
50600,601,602.5,1.6,10.5,-3.5,205.5974969,65.63,601.75
50700,599.5,601,1.6,10.5,-3.5,205.3481101,65.63,600.25
50800,598.5,600,1.6,10.5,-3.5,205.5725767,65.64,599.25
50900,601,602.5,1.6,10.5,-3.5,205.9118361,65.64,601.75
51000,598,599.5,1.6,10.5,-3.5,205.7271879,65.64,598.75
51100,596.5,598,1.6,10.5,-3.5,205.6146193,65.64,597.25
51200,593.5,595,1.6,10.5,-3.5,205.3943293,65.64,594.25
51300,591,592.5,1.6,10.5,-3.5,205.2731229,65.64,591.75
51400,588.5,590,1.6,10.5,-3.5,204.8366634,65.64,589.25
51500,589.5,591,1.6,10.5,-3.5,205.0693924,65.64,590.25
51600,587.5,589,1.6,10.5,-3.5,204.901261,65.64,588.25
51700,590,591.5,1.6,10.5,-3.5,205.1303322,65.65,590.75
51800,587,588.5,1.6,10.5,-3.5,204.9380371,65.65,587.75
51900,587.5,589,1.6,10.5,-3.5,205.0726002,65.65,588.25
52000,591,592.5,1.6,10.5,-3.5,205.2513828,65.65,591.75
52100,585.5,587,1.6,10.5,-3.5,205.0016022,65.65,586.25
52200,583.5,585,1.6,10.5,-3.5,204.8379959,65.65,584.25
52300,580,581.5,1.6,10.5,-3.5,204.699167,65.65,580.75
52400,582.5,584,1.6,10.5,-3.5,204.8421814,65.66,583.25
52500,578.5,580,1.6,10.5,-3.5,204.5224108,65.66,579.25
52600,578,579.5,1.6,10.5,-3.5,204.2405852,65.66,578.75
52700,578.5,580,1.6,10.5,-3.5,204.5361936,65.66,579.25
52800,576.5,578,1.6,10.5,-3.5,204.4149696,65.66,577.25
52900,575.5,577,1.6,10.5,-3.5,204.2943779,65.66,576.25
53000,573,574.5,1.6,10.5,-3.5,204.209629,65.66,573.75
53100,572.5,574,1.6,10.5,-3.5,204.1441301,65.66,573.25
53200,569,570.5,1.6,10.5,-3.5,203.944272,65.67,569.75
53300,568.5,570.5,1.6,10.5,-3.5,203.7148346,65.67,569.5
53400,568,569.5,1.6,10.5,-3.5,203.5127148,65.67,568.75
53500,574.5,576,1.6,10.5,-3.5,203.8286851,65.67,575.25
53600,575.5,577,1.6,10.5,-3.5,203.8345459,65.67,576.25
53700,576.5,578,1.6,10.5,-3.5,203.9681864,65.67,577.25
53800,582,583.5,1.6,10.5,-3.5,204.1554786,65.67,582.75
53900,580.5,582,1.6,10.5,-3.5,204.3484273,65.67,581.25
54000,578.5,580,1.6,10.5,-3.5,204.2510728,65.68,579.25
54100,578.5,580,1.6,10.5,-3.5,203.8616026,65.68,579.25
54200,572,573.5,1.6,10.5,-3.5,203.6410089,65.68,572.75
54300,576,577.5,1.6,10.5,-3.5,203.8671599,65.68,576.75
54400,575.5,577.5,1.6,10.5,-3.5,203.4128707,65.68,576.5
54500,570.5,572,1.6,10.5,-3.5,203.3346357,65.68,571.25
54600,571.5,573,1.6,10.5,-3.5,203.3567065,65.68,572.25
54700,573,574.5,1.6,10.5,-3.5,203.6473786,65.68,573.75
54800,575,576.5,1.6,10.5,-3.5,203.8685361,65.68,575.75
54900,573,574.5,1.6,10.5,-3.5,203.7961462,65.69,573.75
55000,570.5,572,1.6,10.5,-3.5,203.6688475,65.69,571.25
55100,568,569.5,1.6,10.5,-3.5,203.614954,65.69,568.75
55200,567,568.5,1.6,10.5,-3.5,203.5328815,65.69,567.75
55300,569.5,571,1.6,10.5,-3.5,203.8858046,65.69,570.25
55400,566,567.5,1.6,10.5,-3.5,203.806005,65.69,566.75
55500,563.5,565,1.6,10.5,-3.5,203.8354392,65.69,564.25
55600,565,566.5,1.6,10.5,-3.5,204.033167,65.69,565.75
55700,566,567.5,1.6,10.5,-3.5,203.9391671,65.7,566.75
55800,571.5,573,1.6,10.5,-3.5,204.2601411,65.7,572.25
55900,575.5,577,1.6,10.5,-3.5,204.328157,65.7,576.25
56000,580,581.5,1.6,10.5,-3.5,204.5000366,65.7,580.75
56100,582.5,584,1.6,10.5,-3.5,204.7846357,65.7,583.25
56200,580.5,582,1.6,10.5,-3.5,204.7040383,65.7,581.25
56300,582,583.5,1.6,10.5,-3.5,204.7581927,65.7,582.75
56400,583,584.5,1.6,10.5,-3.5,204.9697587,65.7,583.75
56500,584,585.5,1.6,10.5,-3.5,205.0143528,65.71,584.75
56600,585,586.5,1.6,10.5,-3.5,205.0164359,65.71,585.75
56700,582.5,584,1.6,10.5,-3.5,204.8750977,65.71,583.25
56800,588.5,590,1.6,10.5,-3.5,205.1130797,65.71,589.25
56900,585.5,587,1.6,10.5,-3.5,205.0614493,65.71,586.25
57000,584.5,586,1.6,10.5,-3.5,204.7614137,65.71,585.25
57100,586.5,588,1.6,10.5,-3.5,204.9729333,65.71,587.25
57200,585.5,587,1.6,10.5,-3.5,205.1400282,65.72,586.25
57300,586,587.5,1.6,10.5,-3.5,204.9959576,65.72,586.75
57400,589.5,591,1.6,10.5,-3.5,205.1666741,65.72,590.25
57500,587.5,589,1.6,10.5,-3.5,204.8784015,65.72,588.25
57600,584.5,586,1.6,10.5,-3.5,204.3502906,65.72,585.25
57700,586.5,588,1.6,10.5,-3.5,204.486925,65.72,587.25
57800,588,589.5,1.6,10.5,-3.5,204.5298153,65.72,588.75
57900,587,588.5,1.6,10.5,-3.5,204.397337,65.72,587.75
58000,587.5,589,1.6,10.5,-3.5,204.5271406,65.72,588.25
58100,589.5,591,1.6,10.5,-3.5,204.7388307,65.73,590.25
58200,590.5,592,1.6,10.5,-3.5,204.8807808,65.73,591.25
58300,589.5,591,1.6,10.5,-3.5,204.5947307,65.73,590.25
58400,586,587.5,1.6,10.5,-3.5,204.4845576,65.73,586.75
58500,589,590.5,1.6,10.5,-3.5,204.6371701,65.73,589.75
58600,590,591.5,1.6,10.5,-3.5,204.4998843,65.73,590.75
58700,593,594.5,1.6,10.5,-3.5,204.7734775,65.73,593.75
58800,593,594.5,1.6,10.5,-3.5,204.9048157,65.74,593.75
58900,595,596.5,1.6,10.5,-3.5,205.0048411,65.74,595.75
59000,596,597.5,1.6,10.5,-3.5,205.1372615,65.74,596.75
59100,594,595.5,1.6,10.5,-3.5,204.91816,65.74,594.75
59200,597,598.5,1.6,10.5,-3.5,205.0491425,65.74,597.75
59300,600.5,602,1.6,10.5,-3.5,205.1053293,65.74,601.25
59400,598.5,600,1.6,10.5,-3.5,205.0202514,65.74,599.25
59500,595,596.5,1.6,10.5,-3.5,204.8871561,65.74,595.75
59600,597.5,599,1.6,10.5,-3.5,204.9336147,65.74,598.25
59700,594,595.5,1.6,10.5,-3.5,204.7204314,65.75,594.75
59800,593.5,595,1.6,10.5,-3.5,204.8206045,65.75,594.25
59900,591.5,593,1.6,10.5,-3.5,204.6882569,65.75,592.25
60000,590,591.5,1.6,10.5,-3.5,204.4726268,65.75,590.75
60100,589,590.5,1.6,10.5,-3.5,204.4715744,65.75,589.75
60200,587,588.5,1.6,10.5,-3.5,204.4004242,65.75,587.75
60300,587,588.5,1.6,10.5,-3.5,204.4437406,65.75,587.75
60400,586.5,588,1.6,10.5,-3.5,204.3143078,65.76,587.25
60500,587.5,589,1.6,10.5,-3.5,204.3295025,65.76,588.25
60600,587.5,589,1.6,10.5,-3.5,204.3656825,65.76,588.25
60700,588.5,590,1.6,10.5,-3.5,204.6099315,65.76,589.25
60800,592,593.5,1.6,10.5,-3.5,204.7835385,65.76,592.75
60900,588,589.5,1.6,10.5,-3.5,204.4224694,65.76,588.75
61000,586.5,588,1.6,10.5,-3.5,204.519045,65.76,587.25
61100,586,587.5,1.6,10.5,-3.5,204.5167941,65.76,586.75
61200,583.5,585,1.6,11,-3.5,204.4881195,65.76,584.25
61300,583.5,585.5,1.6,11,-3.5,204.2616446,65.77,584.5
61400,583.5,585,1.6,11,-3.5,204.3177507,65.77,584.25
61500,585.5,587,1.6,11,-3.5,204.3911366,65.77,586.25
61600,584,585.5,1.6,11,-3.5,204.076888,65.77,584.75
61700,584.5,586,1.6,11,-3.5,204.1198379,65.77,585.25
61800,586.5,588,1.6,11,-3.5,204.3696825,65.77,587.25
61900,587,588.5,1.6,11,-3.5,204.5503934,65.77,587.75
62000,589,590.5,1.6,11,-3.5,204.5636096,65.78,589.75
62100,585.5,587,1.6,11,-3.5,204.310791,65.78,586.25
62200,585.5,587,1.6,11,-3.5,204.3426227,65.78,586.25
62300,582,583.5,1.6,11,-3.5,204.2673162,65.78,582.75
62400,580,581.5,1.6,11,-3.5,204.2102548,65.78,580.75
62500,582.5,584,1.6,11,-3.5,204.825307,65.78,583.25
62600,580.5,582,1.6,11,-3.5,204.6102238,65.78,581.25
62700,576.5,578,1.6,11,-3.5,204.4079823,65.78,577.25
62800,577.5,579,1.6,11,-3.5,204.4666345,65.78,578.25
62900,575.5,577,1.6,11,-3.5,204.2494928,65.79,576.25
63000,574,575.5,1.6,11,-3.5,204.2620952,65.79,574.75
63100,574.5,576,1.6,11,-3.5,204.1326616,65.79,575.25
63200,574,575.5,1.6,11,-3.5,203.9278174,65.79,574.75
63300,573.5,575,1.6,11,-3.5,203.9679959,65.79,574.25
63400,570.5,572,1.6,11,-3.5,203.9553124,65.79,571.25
63500,572,573.5,1.6,11,-3.5,203.9970189,65.79,572.75
63600,575,576.5,1.6,11,-3.5,204.2699274,65.8,575.75
63700,572.5,574,1.6,11,-3.5,203.9641461,65.8,573.25
63800,573.5,575,1.6,11,-3.5,204.0922926,65.8,574.25
63900,573.5,575.5,1.6,11,-3.5,204.0743312,65.8,574.5
64000,572,573.5,1.6,11,-3.5,203.796666,65.8,572.75
64100,567.5,569,1.6,11,-3.5,203.7199355,65.8,568.25
64200,566.5,568,1.6,11,-3.5,203.5857962,65.8,567.25
64300,563,564.5,1.6,11,-3.5,203.3793067,65.8,563.75
64400,560,561.5,1.6,11,-3.5,203.1326317,65.81,560.75
64500,561.5,563,1.6,11,-3.5,203.5045728,65.81,562.25
64600,558,559.5,1.6,11,-3.5,203.4674974,65.81,558.75
64700,559.5,561,1.6,11,-3.5,203.5856372,65.81,560.25
64800,557.5,559,1.6,11,-3.5,203.4704792,65.81,558.25
64900,557.5,559,1.6,11,-3.5,203.4034442,65.81,558.25
65000,555.5,557,1.6,11,-3.5,203.3363774,65.81,556.25
65100,559.5,561,1.6,11,-3.5,203.6034383,65.81,560.25
65200,557.5,559,1.6,11,-3.5,203.5458463,65.82,558.25
65300,559.5,561,1.6,11,-3.5,203.4642485,65.82,560.25
65400,564,565.5,1.6,11,-3.5,203.5621918,65.82,564.75
65500,562.5,564,1.6,11,-3.5,203.6053754,65.82,563.25
65600,565,566.5,1.6,11,-3.5,203.693708,65.82,565.75
65700,566.5,568,1.6,11,-3.5,204.0793116,65.82,567.25
65800,565.5,567,1.6,11,-3.5,204.0170546,65.82,566.25
65900,569,570.5,1.6,11,-3.5,204.1803091,65.82,569.75
66000,570,571.5,1.6,11,-3.5,204.1631138,65.82,570.75
66100,570,571.5,1.6,11,-3.5,204.2676869,65.83,570.75
66200,571,572.5,1.6,11,-3.5,204.1738279,65.83,571.75
66300,572,573.5,1.6,11,-3.5,204.315786,65.83,572.75
66400,574.5,576,1.6,11,-3.5,204.7103836,65.83,575.25
66500,573,574.5,1.6,11,-3.5,204.900647,65.83,573.75
66600,572.5,574.5,1.6,11,-3.5,204.7236994,65.83,573.5
66700,573,574.5,1.6,11,-3.5,204.973083,65.83,573.75
66800,571.5,573,1.6,11,-3.5,204.9896775,65.83,572.25
66900,570.5,572,1.6,11,-3.5,205.0615931,65.84,571.25
67000,571.5,573,1.6,11,-3.5,205.2925911,65.84,572.25
67100,576,577.5,1.6,11,-3.5,205.6944719,65.84,576.75
67200,579,580.5,1.6,11,-3.5,205.7222923,65.84,579.75
67300,577,578.5,1.6,11,-3.5,205.6247514,65.84,577.75
67400,573,574.5,1.6,11,-3.5,205.3982425,65.84,573.75
67500,573,574.5,1.6,11,-3.5,205.4619559,65.84,573.75
67600,572,573.5,1.6,11,-3.5,205.2576266,65.84,572.75
67700,571,572.5,1.6,11,-3.5,205.2542369,65.85,571.75
67800,573,574.5,1.6,11,-3.5,205.3774285,65.85,573.75
67900,572.5,574,1.6,11,-3.5,205.2897929,65.85,573.25
68000,574,575.5,1.6,11,-3.5,205.5531217,65.85,574.75
68100,577.5,579,1.6,11,-3.5,205.875414,65.85,578.25
68200,578,579.5,1.6,11,-3.5,206.1542467,65.85,578.75
68300,576,577.5,1.6,11,-3.5,205.9969757,65.85,576.75
68400,578.5,580,1.6,11,-3.5,206.0668018,65.86,579.25
68500,582,583.5,1.6,11,-3.5,206.1787955,65.86,582.75
68600,581.5,583.5,1.6,11,-3.5,206.2617425,65.86,582.5
68700,586.5,588,1.6,11,-3.5,206.3360613,65.86,587.25
68800,589,590.5,1.6,11,-3.5,206.9241942,65.86,589.75
68900,593.5,595,1.6,11,-3.5,207.1545922,65.86,594.25
69000,592.5,594,1.6,11,-3.5,206.9429466,65.86,593.25
69100,590,591.5,1.6,11,-3.5,206.5377818,65.86,590.75
69200,592.5,594,1.6,11,-3.5,206.7186352,65.86,593.25
69300,593,594.5,1.6,11,-3.5,206.486965,65.87,593.75
69400,594,595.5,1.6,11,-3.5,206.248878,65.87,594.75
69500,593.5,595,1.6,11,-3.5,206.2070683,65.87,594.25
69600,597,598.5,1.6,11,-3.5,206.3199108,65.87,597.75
69700,596,597.5,1.6,11,-3.5,206.2863203,65.87,596.75
69800,600,601.5,1.6,11,-3.5,206.3912809,65.87,600.75
69900,600,602,1.6,11,-3.5,206.3684058,65.87,601
70000,605,606.5,1.6,11,-3.5,206.4939236,65.88,605.75
70100,606.5,608,1.6,11,-3.5,206.5923712,65.88,607.25
70200,606.5,608,1.6,11,-3.5,206.5514941,65.88,607.25
70300,608,609.5,1.6,11,-3.5,206.6180364,65.88,608.75
70400,610.5,612,1.6,11,-3.5,206.7122037,65.88,611.25
70500,607,608.5,1.6,11,-3.5,206.4421545,65.88,607.75
70600,611,612.5,1.6,11,-3.5,206.6980372,65.88,611.75
70700,610,611.5,1.6,11,-3.5,206.7180483,65.88,610.75
70800,608.5,610,1.6,11,-3.5,206.705595,65.89,609.25
70900,608.5,610,1.6,11,-3.5,206.7378994,65.89,609.25
71000,609,610.5,1.6,11,-3.5,206.7041293,65.89,609.75
71100,610,611.5,1.6,11,-3.5,206.9135278,65.89,610.75
71200,612,613.5,1.6,11,-3.5,206.9749922,65.89,612.75
71300,612,613.5,1.6,11,-3.5,206.8315939,65.89,612.75
71400,613,614.5,1.6,11,-3.5,206.9943408,65.89,613.75
71500,612.5,614,1.6,11,-3.5,207.1468565,65.89,613.25
71600,614.5,616,1.6,11,-3.5,207.3373521,65.9,615.25
71700,617.5,619,1.6,11,-3.5,207.4629929,65.9,618.25
71800,618,619.5,1.6,11,-3.5,207.782426,65.9,618.75
71900,618,620,1.6,11,-3.5,207.9069711,65.9,619
72000,616,617.5,1.6,11,-3.5,207.7112343,65.9,616.75
72100,615,616.5,1.6,11,-3.5,207.2193414,65.9,615.75
72200,615,616.5,1.6,11,-3.5,207.6340746,65.9,615.75
72300,616,617.5,1.6,11,-3.5,207.3458808,65.9,616.75
72400,617,618.5,1.6,11,-3.5,207.3671971,65.9,617.75
72500,618.5,620,1.6,11,-3.5,207.6416326,65.91,619.25
72600,623,624.5,1.6,11,-3.5,207.8853842,65.91,623.75
72700,623,624.5,1.6,11,-3.5,207.5948964,65.91,623.75
72800,621.5,623,1.6,11,-3.5,207.4476427,65.91,622.25
72900,621.5,623,1.6,11,-3.5,207.4107917,65.91,622.25
73000,624.5,626,1.6,11,-3.5,207.4333977,65.91,625.25
73100,628.5,630,1.6,11,-3.5,207.6149993,65.91,629.25
73200,633,634.5,1.6,11,-3.5,207.742091,65.92,633.75
73300,634,635.5,1.6,11,-3.5,207.9211398,65.92,634.75
73400,632.5,634,1.6,11,-3.5,207.8926206,65.92,633.25
73500,631.5,633,1.6,11,-3.5,207.784087,65.92,632.25
73600,632,633.5,1.6,11,-3.5,207.6532963,65.92,632.75
73700,635,636.5,1.6,11,-3.5,207.3538206,65.92,635.75
73800,635.5,637,1.6,11,-3.5,207.2477877,65.92,636.25
73900,637,638.5,1.6,11,-3.5,207.2515561,65.92,637.75
74000,638.5,640,1.6,11,-3.5,207.4766156,65.92,639.25
74100,638,640,1.6,11,-3.5,207.6811046,65.93,639
74200,640,641.5,1.6,11,-3.5,207.7597503,65.93,640.75
74300,636.5,638,1.6,11,-3.5,207.563254,65.93,637.25
74400,639,640.5,1.6,11,-3.5,207.6027324,65.93,639.75
74500,638.5,640.5,1.6,11,-3.5,207.6516154,65.93,639.5
74600,639,640.5,1.6,11,-3.5,207.3202313,65.93,639.75
74700,637,638.5,1.6,11,-3.5,207.0757795,65.93,637.75
74800,635.5,637,1.6,11,-3.5,207.1202763,65.94,636.25
74900,635.5,637,1.6,11,-3.5,207.0441991,65.94,636.25
75000,640.5,642,1.6,11,-3.5,207.0100012,65.94,641.25
75100,641.5,643,1.6,11,-3.5,207.1149026,65.94,642.25
75200,640.5,642,1.6,11,-3.5,207.1465337,65.94,641.25
75300,640.5,642.5,1.6,11,-3.5,207.1924663,65.94,641.5
75400,643.5,645,1.6,11,-3.5,207.2662846,65.94,644.25
75500,640,641.5,1.6,11,-3.5,207.1414031,65.94,640.75
75600,645,646.5,1.6,11,-3.5,207.748788,65.94,645.75
75700,643,644.5,1.6,11,-3.5,207.5963857,65.95,643.75
75800,645,646.5,1.6,11,-3.5,207.6018723,65.95,645.75
75900,646,647.5,1.6,11,-3.5,207.8623571,65.95,646.75
76000,642.5,644,1.6,11,-3.5,207.7282284,65.95,643.25
76100,641.5,643,1.6,11,-3.5,207.4327083,65.95,642.25
76200,639.5,641,1.6,11,-3.5,207.4050325,65.95,640.25
76300,639,641,1.6,11,-3.5,207.3588927,65.95,640
76400,639.5,641,1.6,11,-3.5,207.5074457,65.96,640.25
76500,638.5,640,1.6,11,-3.5,207.2786529,65.96,639.25
76600,644,645.5,1.6,11,-3.5,207.5843264,65.96,644.75
76700,639.5,641,1.6,11,-3.5,207.5119456,65.96,640.25
76800,635.5,637,1.6,11,-3.5,207.2658107,65.96,636.25
76900,635,637,1.6,11,-3.5,207.1558485,65.96,636
77000,628,629.5,1.6,11,-3.5,206.7786442,65.96,628.75
77100,628,629.5,1.6,11,-3.5,206.9260171,65.96,628.75
77200,627,628.5,1.6,11,-3.5,207.1342352,65.96,627.75
77300,626,627.5,1.6,11,-3.5,207.1186917,65.97,626.75
77400,626,628,1.6,11,-3.5,207.0534144,65.97,627
77500,627.5,629,1.6,11,-3.5,207.4031495,65.97,628.25
77600,630.5,632,1.6,11,-3.5,207.6077633,65.97,631.25
77700,630.5,632,1.6,11,-3.5,207.6249207,65.97,631.25
77800,635,636.5,1.6,11,-3.5,208.003418,65.97,635.75
77900,634,635.5,1.6,11,-3.5,207.9719048,65.97,634.75
78000,634,636,1.6,11,-3.5,208.0809477,65.97,635
78100,633,634.5,1.6,11,-3.5,208.0824781,65.98,633.75
78200,632,633.5,1.6,11,-3.5,207.9369206,65.98,632.75
78300,633,634.5,1.6,11,-3.5,207.9968756,65.98,633.75
78400,634,635.5,1.6,11,-3.5,207.6512449,65.98,634.75
78500,638,639.5,1.6,11,-3.5,207.7316987,65.98,638.75
78600,635.5,637,1.6,11,-3.5,207.6254758,65.98,636.25
78700,633,634.5,1.6,11,-3.5,207.8728003,65.98,633.75
78800,630.5,632,1.6,11,-3.5,207.8447028,65.98,631.25
78900,629.5,631,1.6,11,-3.5,207.7728173,65.99,630.25
79000,626.5,628,1.6,11,-3.5,207.7480118,65.99,627.25
79100,625,626.5,1.6,11,-3.5,207.3247257,65.99,625.75
79200,625,626.5,1.6,11,-3.5,207.3634798,65.99,625.75
79300,625,626.5,1.6,11,-3.5,207.5518338,65.99,625.75
79400,629.5,631,1.6,11,-3.5,207.7438179,65.99,630.25
79500,632,633.5,1.6,11,-3.5,207.8624504,65.99,632.75
79600,633,634.5,1.6,11,-3.5,208.045052,66,633.75
79700,631.5,633,1.6,11,-3.5,207.9723323,66,632.25
79800,633,634.5,1.6,11,-3.5,208.049845,66,633.75
79900,636.5,638,1.6,11,-3.5,208.0086604,66,637.25
80000,635,636.5,1.6,11,-3.5,207.6660427,66,635.75
80100,633.5,635,1.6,11,-3.5,207.4504941,66,634.25
80200,634,635.5,1.6,11,-3.5,207.4279823,66,634.75
80300,633,634.5,1.6,11,-3.5,207.7528025,66,633.75
80400,635.5,637,1.6,11,-3.5,208.032158,66,636.25
80500,632.5,634,1.6,11,-3.5,207.7507982,66.01,633.25
80600,631,632.5,1.6,11,-3.5,207.7402267,66.01,631.75
80700,628.5,630,1.6,11,-3.5,207.7373127,66.01,629.25
80800,628.5,630,1.6,11,-3.5,207.7172687,66.01,629.25
80900,628.5,630,1.6,11,-3.5,207.6555576,66.01,629.25
81000,631,632.5,1.6,11,-3.5,207.7973893,66.01,631.75
81100,632,633.5,1.6,11,-3.5,207.8925089,66.01,632.75
81200,633,634.5,1.6,11,-3.5,208.1873044,66.02,633.75
81300,634,635.5,1.6,11,-3.5,208.2493802,66.02,634.75
81400,637.5,639,1.6,11,-3.5,208.3257908,66.02,638.25
81500,637.5,639,1.6,11,-3.5,208.1695974,66.02,638.25
81600,637.5,639,1.6,11,-3.5,208.1342209,66.02,638.25
81700,637,638.5,1.6,11,-3.5,208.0526359,66.02,637.75
81800,640.5,642,1.6,11,-3.5,208.4510723,66.02,641.25
81900,641.5,643,1.6,11,-3.5,208.6606874,66.02,642.25
82000,639,640.5,1.6,11,-3.5,208.5402689,66.03,639.75
82100,638,639.5,1.6,11,-3.5,208.4984304,66.03,638.75
82200,637.5,639,1.6,11,-3.5,208.3612152,66.03,638.25
82300,636,637.5,1.6,11,-3.5,208.2064882,66.03,636.75
82400,638.5,640,1.6,11,-3.5,208.5102975,66.03,639.25
82500,641.5,643,1.6,11,-3.5,208.8491638,66.03,642.25
82600,640,641.5,1.6,11,-3.5,208.7087993,66.03,640.75
82700,638,639.5,1.6,11,-3.5,208.4471418,66.03,638.75
82800,639,640.5,1.6,11,-3.5,208.536809,66.04,639.75
82900,642,643.5,1.6,11,-3.5,208.7112845,66.04,642.75
83000,642,643.5,1.6,11,-3.5,208.9255484,66.04,642.75
83100,640.5,642,1.6,11,-3.5,208.8211572,66.04,641.25
83200,641.5,643,1.6,11,-3.5,208.9094871,66.04,642.25
83300,644,645.5,1.6,11,-3.5,209.1341104,66.04,644.75
83400,649,650.5,1.6,11,-3.5,209.2825293,66.04,649.75
83500,645,646.5,1.6,11,-3.5,209.2545748,66.04,645.75
83600,644.5,646,1.6,11,-3.5,208.9633757,66.04,645.25
83700,642.5,644,1.6,11,-3.5,208.9526213,66.05,643.25
83800,641.5,643,1.6,11,-3.5,208.8280681,66.05,642.25
83900,637,638.5,1.6,11,-3.5,208.7635494,66.05,637.75
84000,635,636.5,1.6,11,-3.5,208.7220477,66.05,635.75
84100,634,635.5,1.6,11,-3.5,208.6886479,66.05,634.75
84200,631,632.5,1.6,11,-3.5,208.4657533,66.05,631.75
84300,634.5,636,1.6,11,-3.5,208.7769281,66.05,635.25
84400,632,633.5,1.6,11,-3.5,208.683305,66.06,632.75
84500,633,634.5,1.6,11,-3.5,208.8458091,66.06,633.75
84600,630.5,632,1.6,11,-3.5,208.8259714,66.06,631.25
84700,633.5,635,1.6,11,-3.5,208.8967297,66.06,634.25
84800,629.5,631,1.6,11,-3.5,208.733068,66.06,630.25
84900,629.5,631,1.6,11,-3.5,208.6742185,66.06,630.25
85000,630.5,632,1.6,11,-3.5,208.9868031,66.06,631.25
85100,631.5,633,1.6,11,-3.5,209.0101006,66.06,632.25
85200,634,635.5,1.6,11,-3.5,209.0793316,66.06,634.75
85300,636,637.5,1.6,11,-3.5,209.2886395,66.07,636.75
85400,631.5,633,1.6,11,-3.5,209.012448,66.07,632.25
85500,628.5,630,1.6,11,-3.5,208.9905161,66.07,629.25
85600,625,626.5,1.6,11,-3.5,208.9404995,66.07,625.75
85700,623,624.5,1.6,11,-3.5,208.7698733,66.07,623.75
85800,627,628.5,1.6,11,-3.5,209.036751,66.07,627.75
85900,627.5,629,1.6,11,-3.5,209.0713355,66.07,628.25
86000,627.5,629,1.6,11,-3.5,209.1143454,66.08,628.25
86100,626.5,628,1.6,11,-3.5,209.0627206,66.08,627.25
86200,627.5,629,1.6,11,-3.5,209.4986794,66.08,628.25
86300,631.5,633,1.6,11,-3.5,209.7049355,66.08,632.25
86400,634,635.5,1.6,11,-3.5,209.7491172,66.08,634.75
86500,634,635.5,1.6,11,-3.5,209.7652064,66.08,634.75
86600,631.5,633,1.6,11,-3.5,209.3962436,66.08,632.25
86700,633,634.5,1.6,11,-3.5,209.4921667,66.08,633.75
86800,634,635.5,1.6,11,-3.5,209.5984593,66.08,634.75
86900,632,633.5,1.6,11,-3.5,209.4472122,66.09,632.75
87000,633,634.5,1.6,11,-3.5,209.4348655,66.09,633.75
87100,634.5,636,1.6,11,-3.5,209.4849501,66.09,635.25
87200,633,634.5,1.6,11,-3.5,209.3135743,66.09,633.75
87300,631,632.5,1.6,11,-3.5,209.2271276,66.09,631.75
87400,632.5,634,1.6,11,-3.5,209.1853785,66.09,633.25
87500,629,630.5,1.6,11,-3.5,208.9946461,66.09,629.75
87600,627.5,629,1.6,11,-3.5,208.724412,66.1,628.25
87700,631,632.5,1.6,11,-3.5,209.0111415,66.1,631.75
87800,631.5,633,1.6,11,-3.5,209.2071363,66.1,632.25
87900,634.5,636,1.6,11,-3.5,209.4621412,66.1,635.25
88000,634,636,1.6,11,-3.5,209.2717811,66.1,635
88100,632.5,634,1.6,11,-3.5,209.4810471,66.1,633.25
88200,634.5,636,1.6,11,-3.5,209.7275472,66.1,635.25
88300,632,633.5,1.6,11,-3.5,209.7630533,66.1,632.75
88400,623,624.5,1.6,11,-3.5,209.237813,66.1,623.75
88500,623,624.5,1.6,11,-3.5,209.2345248,66.11,623.75
88600,621.5,623,1.6,11,-3.5,209.1411169,66.11,622.25
88700,623.5,625,1.6,11,-3.5,209.2559095,66.11,624.25
88800,625,626.5,1.6,11,-3.5,209.4405564,66.11,625.75
88900,624.5,626,1.6,11,-3.5,209.5114912,66.11,625.25
89000,625,626.5,1.6,11,-3.5,209.4554197,66.11,625.75
89100,624,625.5,1.6,11,-3.5,209.1535528,66.11,624.75
89200,625,626.5,1.6,11,-3.5,209.2710794,66.11,625.75
89300,626.5,628,1.6,10.5,-3.5,209.2412929,66.12,627.25
89400,621.5,623,1.6,10.5,-3.5,208.9723213,66.12,622.25
89500,619.5,621,1.6,10.5,-3.5,208.8951312,66.12,620.25
89600,623,624.5,1.6,10.5,-3.5,209.0237839,66.12,623.75
89700,622.5,624.5,1.6,10.5,-3.5,208.9988916,66.12,623.5
89800,623,624.5,1.6,10.5,-3.5,208.9567802,66.12,623.75
89900,620.5,622,1.6,10.5,-3.5,208.9337981,66.12,621.25
90000,620,621.5,1.6,10.5,-3.5,209.0106568,66.12,620.75
90100,622.5,624,1.6,10.5,-3.5,209.1679837,66.13,623.25
90200,622,623.5,1.6,10.5,-3.5,208.9857754,66.13,622.75
90300,626.5,628,1.6,10.5,-3.5,209.2103996,66.13,627.25
90400,623,624.5,1.6,10.5,-3.5,208.9920715,66.13,623.75
90500,619,620.5,1.6,10.5,-3.5,208.8097084,66.13,619.75
90600,621,622.5,1.6,10.5,-3.5,209.0152683,66.13,621.75
90700,620,621.5,1.6,10.5,-3.5,208.9189961,66.13,620.75
90800,617,618.5,1.6,10.5,-3.5,208.7333858,66.14,617.75
90900,615.5,617,1.6,10.5,-3.5,208.4918062,66.14,616.25
91000,612,613.5,1.6,10.5,-3.5,208.4337409,66.14,612.75
91100,616.5,618,1.6,10.5,-3.5,208.5829153,66.14,617.25
91200,615,616.5,1.6,10.5,-3.5,208.6058397,66.14,615.75
91300,617.5,619,1.6,10.5,-3.5,208.7331908,66.14,618.25
91400,615.5,617,1.6,10.5,-3.5,208.7518646,66.14,616.25
91500,615,616.5,1.6,10.5,-3.5,208.9067663,66.14,615.75
91600,612,613.5,1.6,10.5,-3.5,208.7115665,66.14,612.75
91700,613.5,615,1.6,10.5,-3.5,208.7754654,66.15,614.25
91800,610,611.5,1.6,10.5,-3.5,208.7190472,66.15,610.75
91900,612,613.5,1.6,10.5,-3.5,208.8060694,66.15,612.75
92000,612,613.5,1.6,10.5,-3.5,208.6755909,66.15,612.75
92100,610.5,612,1.6,10.5,-3.5,208.6190668,66.15,611.25
92200,612,613.5,1.6,10.5,-3.5,208.553748,66.15,612.75
92300,610.5,612,1.6,10.5,-3.5,208.5207,66.15,611.25
92400,609.5,611,1.6,10.5,-3.5,208.3877734,66.16,610.25
92500,611,612.5,1.6,10.5,-3.5,208.4050708,66.16,611.75
92600,605.5,607,1.6,10.5,-3.5,208.3253573,66.16,606.25
92700,608,609.5,1.6,10.5,-3.5,208.3848462,66.16,608.75
92800,607,608.5,1.6,10.5,-3.5,208.3439347,66.16,607.75
92900,606.5,608,1.6,10.5,-3.5,208.3105807,66.16,607.25
93000,608,609.5,1.6,10.5,-3.5,208.3358851,66.16,608.75
93100,607,608.5,1.6,10.5,-3.5,208.4314682,66.16,607.75
93200,610,611.5,1.6,10.5,-3.5,208.9108951,66.17,610.75
93300,610.5,612,1.6,10,-3.5,209.0424352,66.17,611.25
93400,611.5,613,1.6,10,-3.5,209.0598767,66.17,612.25
93500,609.5,611,1.6,10,-3.5,209.004322,66.17,610.25
93600,610,611.5,1.6,10,-3.5,209.0963324,66.17,610.75
93700,609.5,611,1.6,10,-3.5,209.0018263,66.17,610.25
93800,608.5,610,1.6,10,-3.5,208.9696748,66.17,609.25
93900,606,607.5,1.6,10,-3.5,208.8451724,66.17,606.75
94000,604,605.5,1.6,10,-3.5,208.6992183,66.18,604.75
94100,598.5,600,1.6,10,-3.5,208.5358018,66.18,599.25
94200,596.5,598,1.6,10,-3.5,208.1808111,66.18,597.25
94300,598.5,600,1.6,10,-3.5,208.3219631,66.18,599.25
94400,595.5,597,1.6,10,-3.5,208.1509756,66.18,596.25
94500,594,595.5,1.6,10,-3.5,207.9183097,66.18,594.75
94600,596.5,598,1.6,10,-3.5,208.1921167,66.18,597.25
94700,599.5,601,1.6,10,-3.5,208.1728945,66.18,600.25
94800,596,597.5,1.6,10,-3.5,208.0233282,66.18,596.75
94900,596,597.5,1.6,10,-3.5,208.117184,66.19,596.75
95000,595.5,597.5,1.6,10,-3.5,207.9815723,66.19,596.5
95100,593.5,595,1.6,10,-3.5,207.6801909,66.19,594.25
95200,594.5,596,1.6,10,-3.5,207.5279111,66.19,595.25
95300,597.5,599,1.6,10,-3.5,207.6803281,66.19,598.25
95400,599.5,601,1.6,10,-3.5,207.7037616,66.19,600.25
95500,599.5,601.5,1.6,10,-3.5,207.5237752,66.19,600.5
95600,604,605.5,1.6,10,-3.5,207.9441314,66.19,604.75
95700,599,600.5,1.6,10,-3.5,207.8132304,66.2,599.75
95800,597,598.5,1.6,10,-3.5,207.5645735,66.2,597.75
95900,596.5,598,1.6,10,-3.5,207.4102803,66.2,597.25
96000,599,600.5,1.6,10,-3.5,207.3841836,66.2,599.75
96100,601.5,603,1.6,10,-3.5,207.6625862,66.2,602.25
96200,599,600.5,1.6,10,-3.5,207.7814664,66.2,599.75
96300,599,601,1.6,10,-3.5,207.9504847,66.2,600
96400,600.5,602,1.6,10,-3.5,207.9793581,66.2,601.25
96500,597,598.5,1.6,10,-3.5,207.9223751,66.21,597.75
96600,595.5,597,1.6,10,-3.5,207.8682584,66.21,596.25
96700,591,592.5,1.6,10,-3.5,207.856645,66.21,591.75
96800,588.5,590,1.6,10,-3.5,207.7440884,66.21,589.25
96900,590,591.5,1.6,10,-3.5,207.6380272,66.21,590.75
97000,590.5,592,1.6,10,-3.5,207.7232776,66.21,591.25
97100,591.5,593,1.6,10,-3.5,207.5779752,66.21,592.25
97200,593.5,595,1.6,10,-3.5,207.6983332,66.22,594.25
97300,595.5,597,1.6,10,-3.5,207.343766,66.22,596.25
97400,593,594.5,1.6,10,-3.5,207.1687607,66.22,593.75
97500,596,597.5,1.6,10,-3.5,207.3685937,66.22,596.75
97600,597,598.5,1.6,10,-3.5,207.3510885,66.22,597.75
97700,601.5,603,1.6,10,-3.5,207.6617552,66.22,602.25
97800,605,606.5,1.6,10,-3.5,207.9412554,66.22,605.75
97900,604,605.5,1.6,10,-3.5,207.9413468,66.22,604.75
98000,607,608.5,1.6,10,-3.5,208.0262238,66.22,607.75
98100,609,610.5,1.6,10,-3.5,208.1871814,66.23,609.75
98200,605,606.5,1.6,10,-3.5,208.0474179,66.23,605.75
98300,603.5,605,1.6,10,-3.5,207.8913402,66.23,604.25
98400,602.5,604,1.6,10,-3.5,207.9908848,66.23,603.25
98500,600,601.5,1.6,10,-3.5,207.8754296,66.23,600.75
98600,600.5,602,1.6,10,-3.5,207.9094118,66.23,601.25
98700,602,603.5,1.6,10,-3.5,207.8991835,66.23,602.75
98800,596.5,598,1.6,10,-3.5,207.7468442,66.24,597.25
98900,596.5,598,1.6,10,-3.5,207.7825102,66.24,597.25
99000,594.5,596,1.6,10,-3.5,207.633306,66.24,595.25
99100,593,594.5,1.6,10,-3.5,207.5568604,66.24,593.75
99200,593,594.5,1.6,10,-3.5,207.6577315,66.24,593.75
99300,591,592.5,1.6,10,-3.5,207.5075646,66.24,591.75
99400,593.5,595,1.6,10,-3.5,207.607236,66.24,594.25
99500,592.5,594,1.6,10,-3.5,207.6019505,66.24,593.25
99600,592,593.5,1.6,10,-3.5,207.4783521,66.24,592.75
99700,589,590.5,1.6,10,-3.5,207.4634209,66.25,589.75
99800,585,586.5,1.6,10,-3.5,207.2697034,66.25,585.75
99900,585,586.5,1.6,10,-3.5,207.322905,66.25,585.75
100000,588.5,590,1.6,10,-3.5,207.6828308,66.25,589.25
100100,591.5,593,1.6,10,-3.5,207.9234785,66.25,592.25
100200,591,592.5,1.6,10,-3.5,207.7578839,66.25,591.75
100300,590,591.5,1.6,10,-3.5,207.6365619,66.25,590.75
100400,586,587.5,1.6,10,-3.5,207.5179018,66.26,586.75
100500,583,584.5,1.6,10,-3.5,207.4947954,66.26,583.75
100600,580.5,582,1.6,10,-3.5,207.3485111,66.26,581.25
100700,582.5,584,1.6,10,-3.5,207.4585844,66.26,583.25
100800,582.5,584,1.7,10,-3.5,207.5333734,66.26,583.25
100900,580.5,582,1.7,10,-3.5,207.5177288,66.26,581.25
101000,580.5,582,1.7,10,-3.5,207.912134,66.26,581.25
101100,583.5,585,1.7,10,-3.5,208.0257919,66.26,584.25
101200,582,583.5,1.7,10,-3.5,207.8443065,66.26,582.75
101300,584.5,586,1.7,10,-3.5,207.979903,66.27,585.25
101400,577.5,579,1.7,10,-3.5,207.885107,66.27,578.25
101500,575.5,577,1.7,10,-3.5,208.0823195,66.27,576.25
101600,574.5,576,1.7,10,-3.5,208.0583951,66.27,575.25
101700,574.5,576.5,1.7,10,-3.5,208.1017506,66.27,575.5
101800,576.5,578,1.7,10,-3.5,208.2239501,66.27,577.25
101900,573,574.5,1.7,10,-3.5,208.0747858,66.27,573.75
102000,571,572.5,1.7,10,-3.5,207.9395721,66.28,571.75
102100,569.5,571,1.7,10,-3.5,207.9609422,66.28,570.25
102200,568.5,570,1.7,10,-3.5,207.7640625,66.28,569.25
102300,569.5,571,1.7,10,-3.5,208.103855,66.28,570.25
102400,570,571.5,1.7,10,-3.5,207.7034239,66.28,570.75
102500,569,570.5,1.7,10,-3.5,207.7220489,66.28,569.75
102600,568.5,570,1.7,10,-3.5,207.7142143,66.28,569.25
102700,571,572.5,1.7,10,-3.5,207.8791697,66.28,571.75
102800,568,569.5,1.7,10,-3.5,207.6974711,66.28,568.75
102900,567.5,569.5,1.7,10,-3.5,207.7864373,66.29,568.5
103000,565.5,567,1.7,10,-3.5,207.583593,66.29,566.25
103100,565,566.5,1.7,10,-3.5,207.8396169,66.29,565.75
103200,565.5,567,1.7,10,-3.5,207.8874034,66.29,566.25
103300,567,568.5,1.7,10,-3.5,207.9647196,66.29,567.75
103400,565.5,567,1.7,10,-3.5,207.5398157,66.29,566.25
103500,568.5,570,1.7,10,-3.5,207.661109,66.29,569.25
103600,570,571.5,1.7,10,-3.5,207.7386476,66.3,570.75
103700,572.5,574,1.7,10,-3.5,207.8717211,66.3,573.25
103800,574.5,576,1.7,10,-3.5,208.0795585,66.3,575.25
103900,574,576,1.7,10,-3.5,208.004844,66.3,575
104000,575.5,577,1.7,10,-3.5,207.9391011,66.3,576.25
104100,575.5,577,1.7,10,-3.5,207.9053752,66.3,576.25
104200,575,576.5,1.7,10,-3.5,207.9176432,66.3,575.75
104300,576.5,578,1.7,10,-3.5,207.9501601,66.3,577.25
104400,577.5,579,1.7,10,-3.5,207.8943858,66.31,578.25
104500,576.5,578,1.7,10,-3.5,207.821134,66.31,577.25
104600,570,571.5,1.7,10,-3.5,207.7179391,66.31,570.75
104700,569,570.5,1.7,10,-3.5,207.6913747,66.31,569.75
104800,569,570.5,1.7,10,-3.5,207.3460309,66.31,569.75
104900,574.5,576,1.7,10,-3.5,207.8985729,66.31,575.25
105000,578.5,580,1.7,10,-3.5,207.9316334,66.31,579.25
105100,582.5,584,1.7,10,-3.5,208.0877799,66.31,583.25
105200,587,588.5,1.7,10,-3.5,208.3639103,66.32,587.75
105300,583.5,585,1.7,10,-3.5,207.9362013,66.32,584.25
105400,581,582.5,1.7,10,-3.5,207.8469734,66.32,581.75
105500,581.5,583,1.7,10,-3.5,207.9079057,66.32,582.25
105600,579,580.5,1.7,10,-3.5,207.7011435,66.32,579.75
105700,582,583.5,1.7,10,-3.5,207.7840988,66.32,582.75
105800,582.5,584,1.7,10,-3.5,208.036002,66.32,583.25
105900,586,587.5,1.7,10,-3.5,208.1137857,66.32,586.75
106000,588.5,590,1.7,10,-3.5,208.0978513,66.32,589.25
106100,586,587.5,1.7,10,-3.5,207.8979643,66.33,586.75
106200,587,588.5,1.7,10,-3.5,208.0940248,66.33,587.75
106300,589,590.5,1.7,10,-3.5,208.3050471,66.33,589.75
106400,588.5,590,1.7,10,-3.5,208.1617927,66.33,589.25
106500,587,588.5,1.7,10,-3.5,207.8150049,66.33,587.75
106600,587,588.5,1.7,10,-3.5,207.8588786,66.33,587.75
106700,590,591.5,1.7,10,-3.5,207.925812,66.33,590.75
106800,592,593.5,1.7,10,-3.5,207.6889496,66.33,592.75
106900,591.5,593,1.7,10,-3.5,207.668418,66.34,592.25
107000,590,591.5,1.7,10,-3.5,207.8376491,66.34,590.75
107100,590,591.5,1.7,10,-3.5,207.7735516,66.34,590.75
107200,588,589.5,1.7,10,-3.5,207.4225005,66.34,588.75
107300,585,586.5,1.7,10,-3.5,207.0108668,66.34,585.75
107400,584.5,586,1.7,10,-3.5,207.129257,66.34,585.25
107500,585.5,587,1.7,10,-3.5,206.7529767,66.34,586.25
107600,587.5,589,1.7,10,-3.5,206.9640837,66.34,588.25
107700,587.5,589,1.7,10,-3.5,206.9199011,66.35,588.25
107800,589.5,591,1.7,10,-3.5,207.0206579,66.35,590.25
107900,589,590.5,1.7,10,-3.5,206.8756894,66.35,589.75
108000,592.5,594,1.7,10,-3.5,207.0346386,66.35,593.25
108100,592,593.5,1.7,10,-3.5,207.1268063,66.35,592.75
108200,590.5,592,1.7,10,-3.5,206.9129641,66.35,591.25
108300,588,589.5,1.7,10,-3.5,206.6387207,66.35,588.75
108400,588.5,590,1.7,10,-3.5,206.9071839,66.36,589.25
108500,589,590.5,1.7,10,-3.5,207.1123423,66.36,589.75
108600,588,589.5,1.7,10,-3.5,206.9095348,66.36,588.75
108700,590,591.5,1.7,10,-3.5,207.1247558,66.36,590.75
108800,588,589.5,1.7,10,-3.5,206.9776669,66.36,588.75
108900,587.5,589,1.7,10,-3.5,206.7752196,66.36,588.25
109000,589,590.5,1.7,10,-3.5,206.599377,66.36,589.75
109100,589,590.5,1.7,10,-3.5,206.5316624,66.36,589.75
109200,589.5,591,1.7,10,-3.5,206.6156065,66.36,590.25
109300,587,588.5,1.7,10,-3.5,206.6839777,66.37,587.75
109400,587.5,589,1.7,10,-3.5,206.703744,66.37,588.25
109500,589,590.5,1.8,10,-3.5,207.1318026,66.37,589.75
109600,591.5,593,1.8,10,-3.5,207.1383192,66.37,592.25
109700,593.5,595,1.8,10,-3.5,207.4964712,66.37,594.25
109800,593,594.5,1.8,10,-3.5,207.1563071,66.37,593.75
109900,591,592.5,1.8,10,-3.5,207.2118446,66.37,591.75
110000,593,594.5,1.8,10,-3.5,207.2210229,66.38,593.75
110100,592.5,594,1.8,10,-3.5,207.3332305,66.38,593.25
110200,591.5,593,1.8,10,-3.5,207.3148983,66.38,592.25
110300,585,586.5,1.8,10,-3.5,206.9630725,66.38,585.75
110400,585,587,1.8,10,-3.5,206.9726847,66.38,586
110500,584.5,586,1.8,10,-3.5,206.9745735,66.38,585.25
110600,579.5,581,1.8,10,-3.5,206.8776906,66.38,580.25
110700,583,584.5,1.8,10,-3.5,206.993211,66.38,583.75
110800,586,587.5,1.8,10,-3.5,207.0193732,66.39,586.75
110900,585.5,587,1.8,10,-3.5,207.1664728,66.39,586.25
111000,580.5,582,1.8,10,-3.5,206.9762928,66.39,581.25
111100,578.5,580,1.8,10,-3.5,206.870353,66.39,579.25
111200,577,578.5,1.8,10,-3.5,206.8256794,66.39,577.75
111300,575.5,577,1.8,10,-3.5,206.6532677,66.39,576.25
111400,575.5,577,1.8,10,-3.5,206.7271909,66.39,576.25
111500,576.5,578,1.8,10,-3.5,206.7358486,66.39,577.25
111600,574.5,576,1.8,10,-3.5,206.6830596,66.4,575.25
111700,577,578.5,1.8,10,-3.5,206.8312678,66.4,577.75
111800,578,579.5,1.8,10,-3.5,206.8586223,66.4,578.75
111900,580,581.5,1.8,10,-3.5,207.0773606,66.4,580.75
112000,579.5,581,1.8,10,-3.5,206.778465,66.4,580.25
112100,578.5,580,1.8,10,-3.5,206.7014578,66.4,579.25
112200,580,581.5,1.8,10,-3.5,206.8677121,66.4,580.75
112300,578.5,580,1.8,10,-3.5,206.9120883,66.4,579.25
112400,578.5,580,1.8,10,-3.5,206.6569442,66.4,579.25
112500,579,580.5,1.8,10,-3.5,206.6012703,66.41,579.75
112600,579.5,581,1.8,10,-3.5,206.7282294,66.41,580.25
112700,578.5,580,1.8,10,-3.5,206.6303688,66.41,579.25
112800,579,580.5,1.8,10,-3.5,206.8320019,66.41,579.75
112900,577.5,579,1.8,10,-3.5,206.7643955,66.41,578.25
113000,576.5,578,1.8,10,-3.5,206.8252005,66.41,577.25
113100,574,575.5,1.8,10,-3.5,206.7203667,66.41,574.75
113200,570,571.5,1.8,10,-3.5,206.5626447,66.42,570.75
113300,566.5,568,1.8,10,-3.5,206.3780087,66.42,567.25
113400,566.5,568,1.8,10,-3.5,206.5087635,66.42,567.25
113500,568,569.5,1.8,10,-3.5,206.4193315,66.42,568.75
113600,569,570.5,1.8,10,-3.5,206.1709188,66.42,569.75
113700,565,566.5,1.8,10,-3.5,206.0104712,66.42,565.75
113800,568,569.5,1.8,10,-3.5,206.2321692,66.42,568.75
113900,564,565.5,1.8,10,-3.5,206.0245326,66.42,564.75
114000,564,565.5,1.8,10,-3.5,206.0351503,66.42,564.75
114100,566,567.5,1.8,10,-3.5,206.2932415,66.43,566.75
114200,566,567.5,1.8,10,-3.5,206.0203377,66.43,566.75
114300,569.5,571,1.8,10,-3.5,206.386149,66.43,570.25
114400,568.5,570,1.8,10,-3.5,206.3887258,66.43,569.25
114500,569,570.5,1.8,10,-3.5,206.6133628,66.43,569.75
114600,575,576.5,1.8,10,-3.5,206.7690603,66.43,575.75
114700,574.5,576.5,1.8,10,-3.5,206.8025422,66.43,575.5
114800,578,579.5,1.8,10,-3.5,206.9656292,66.44,578.75
114900,572,573.5,1.8,10,-3.5,206.7779064,66.44,572.75
115000,571,572.5,1.8,10,-3.5,206.6448794,66.44,571.75
115100,568.5,570,1.8,10,-3.5,206.6104597,66.44,569.25
115200,563,564.5,1.8,10,-3.5,206.2956912,66.44,563.75
115300,564.5,566,1.8,10,-3.5,206.5074551,66.44,565.25
115400,564,565.5,1.8,10,-3.5,206.3797532,66.44,564.75
115500,565.5,567,1.8,10,-3.5,206.3436913,66.44,566.25
115600,565,567,1.8,10,-3.5,206.4480198,66.44,566
115700,563,564.5,1.8,10,-3.5,206.4411157,66.45,563.75
115800,566,567.5,1.8,10,-3.5,206.592802,66.45,566.75
115900,566.5,568,1.8,10,-3.5,206.5855411,66.45,567.25
116000,568.5,570,1.8,10,-3.5,206.5859287,66.45,569.25
116100,568,569.5,1.8,10,-3.5,206.628303,66.45,568.75
116200,572.5,574,1.8,10,-3.5,206.7648687,66.45,573.25
116300,569,570.5,1.8,10,-3.5,206.599989,66.45,569.75
116400,572.5,574,1.8,10,-3.5,206.8211802,66.46,573.25
116500,576,577.5,1.8,10,-3.5,206.9738538,66.46,576.75
116600,574.5,576,1.8,10,-3.5,206.9088918,66.46,575.25
116700,572,573.5,1.8,10,-3.5,206.8788297,66.46,572.75
116800,571.5,573,1.8,10,-3.5,206.8175552,66.46,572.25
116900,574,575.5,1.8,10,-3.5,206.9398097,66.46,574.75
117000,574.5,576,1.8,10,-3.5,206.9109097,66.46,575.25
117100,572.5,574,1.8,10,-3.5,206.8815539,66.46,573.25
117200,571,572.5,1.8,10,-3.5,206.7251994,66.46,571.75
117300,572.5,574,1.8,10,-3.5,207.1235611,66.47,573.25
117400,572,573.5,1.8,10,-3.5,207.3035642,66.47,572.75
117500,574.5,576,1.8,10,-3.5,207.4030828,66.47,575.25
117600,577.5,579,1.8,10,-3.5,207.4658478,66.47,578.25
117700,573.5,575,1.8,10,-3.5,207.3535569,66.47,574.25
117800,571,572.5,1.8,10,-3.5,207.1192691,66.47,571.75
117900,574,575.5,1.8,10,-3.5,207.1953927,66.47,574.75
118000,573.5,575.5,1.8,10,-3.5,207.3814531,66.47,574.5
118100,576.5,578,1.8,10,-3.5,207.5558455,66.48,577.25
118200,574.5,576,1.8,10,-3.5,207.0356146,66.48,575.25
118300,575.5,577,1.8,10,-3.5,207.1364035,66.48,576.25
118400,574,575.5,1.8,10,-3.5,207.1280888,66.48,574.75
118500,572,573.5,1.8,10,-3.5,206.9448498,66.48,572.75
118600,571.5,573,1.8,10,-3.5,206.9597172,66.48,572.25
118700,571.5,573,1.8,10,-3.5,207.0550915,66.48,572.25
118800,570,571.5,1.8,10,-3.5,206.9602786,66.48,570.75
118900,571,572.5,1.8,10,-3.5,206.8505131,66.49,571.75
119000,567.5,569,1.8,10,-3.5,206.6782717,66.49,568.25
119100,567.5,569.5,1.8,10,-3.5,206.7253015,66.49,568.5
119200,566,567.5,1.8,10,-3.5,206.6801105,66.49,566.75
119300,567,568.5,1.8,10,-3.5,206.8307722,66.49,567.75
119400,569,570.5,1.8,10,-3.5,207.0240521,66.49,569.75
119500,569,571,1.8,10,-3.5,206.7612376,66.49,570
119600,566.5,568,1.8,10,-3.5,206.5536151,66.5,567.25
119700,568,569.5,1.8,10,-3.5,206.744894,66.5,568.75
119800,564,565.5,1.8,10,-3.5,206.4913583,66.5,564.75
119900,564,565.5,1.8,10,-3.5,206.6137787,66.5,564.75
120000,562,563.5,1.8,10,-3.5,206.4582129,66.5,562.75
120100,563,564.5,1.8,10,-3.5,206.3852708,66.5,563.75
120200,562,563.5,1.8,10,-3.5,206.2522787,66.5,562.75
120300,562.5,564,1.8,10,-3.5,206.0693183,66.5,563.25
120400,558.5,560,1.8,10,-3.5,205.7257989,66.5,559.25
120500,556.5,558,1.8,10,-3.5,205.3543391,66.51,557.25
120600,553.5,555,1.8,10,-3.5,205.0250998,66.51,554.25
120700,554.5,556,1.8,10,-3.5,205.1119501,66.51,555.25
120800,552,553.5,1.8,10,-3.5,205.0553184,66.51,552.75
120900,552.5,554,1.8,10,-3.5,205.060107,66.51,553.25
121000,554,555.5,1.8,10,-3.5,204.8819809,66.51,554.75
121100,554.5,556,1.8,10,-3.5,205.0647613,66.51,555.25
121200,555.5,557,1.8,10,-3.5,205.225363,66.52,556.25
121300,556.5,558,1.8,10,-3.5,205.2438948,66.52,557.25
121400,557.5,559,1.8,10,-3.5,205.401324,66.52,558.25
121500,555.5,557,1.8,10,-3.5,205.357225,66.52,556.25
121600,558,559.5,1.8,10,-3.5,205.280399,66.52,558.75
121700,561.5,563,1.8,10,-3.5,205.3834777,66.52,562.25
121800,561.5,563,1.8,10,-3.5,205.6601002,66.52,562.25
121900,565.5,567,1.8,10,-3.5,205.8011691,66.52,566.25
122000,561.5,563,1.8,10,-3.5,205.69276,66.53,562.25
122100,561,562.5,1.8,10,-3.5,205.7572674,66.53,561.75
122200,559,560.5,1.8,10,-3.5,205.7273113,66.53,559.75
122300,556,557.5,1.8,10,-3.5,205.663848,66.53,556.75
122400,553.5,555,1.8,10,-3.5,205.6784172,66.53,554.25
122500,553.5,555,1.8,10,-3.5,205.736753,66.53,554.25
122600,550,551.5,1.8,10,-3.5,205.494409,66.53,550.75
122700,545.5,547,1.8,10,-3.5,205.0698417,66.53,546.25
122800,547.5,549,1.8,10,-3.5,205.1714532,66.54,548.25
122900,549,550.5,1.8,10,-3.5,205.3947364,66.54,549.75
123000,549.5,551,1.8,10,-3.5,205.1350745,66.54,550.25
123100,554,555.5,1.8,10,-3.5,205.3955843,66.54,554.75
123200,555,556.5,1.8,10,-3.5,205.6662385,66.54,555.75
123300,556.5,558,1.8,10,-3.5,205.7959243,66.54,557.25
123400,556.5,558,1.8,10,-3.5,205.7885257,66.54,557.25
123500,555.5,557,1.8,10,-3.5,205.6991672,66.54,556.25
123600,555,556.5,1.8,10,-3.5,205.7003075,66.54,555.75
123700,553,554.5,1.8,10,-3.5,205.669921,66.55,553.75
123800,551.5,553,1.8,10,-3.5,205.7124349,66.55,552.25
123900,548.5,550,1.8,10,-3.5,205.9055541,66.55,549.25
124000,548,550,1.8,10,-3.5,205.9130659,66.55,549
124100,548.5,550,1.8,10,-3.5,205.7520728,66.55,549.25
124200,551,552.5,1.8,10,-3.5,206.1060109,66.55,551.75
124300,552.5,554,1.8,10,-3.5,205.5283054,66.55,553.25
124400,553.5,555,1.8,10,-3.5,205.8285219,66.56,554.25
124500,554,555.5,1.8,10,-3.5,205.8911667,66.56,554.75
124600,554.5,556,1.8,10,-3.5,205.7023349,66.56,555.25
124700,552.5,554,1.8,10,-3.5,205.5388989,66.56,553.25
124800,553.5,555,1.8,10,-3.5,205.7271293,66.56,554.25
124900,553.5,555,1.8,10,-3.5,206.0494389,66.56,554.25
125000,555,556.5,1.8,10,-3.5,206.0701698,66.56,555.75
125100,558.5,560,1.8,10,-3.5,206.1155565,66.56,559.25
125200,562,563.5,1.8,10,-3.5,206.1231694,66.56,562.75
125300,559,560.5,1.8,10,-3.5,205.9181227,66.57,559.75
125400,560,561.5,1.8,10,-3.5,206.0417561,66.57,560.75
125500,560.5,562,1.8,10,-3.5,205.6867763,66.57,561.25
125600,561.5,563,1.8,10,-3.5,205.1110393,66.57,562.25
125700,563,564.5,1.8,10,-3.5,205.3999614,66.57,563.75
125800,563,564.5,1.8,10,-3.5,205.4210145,66.57,563.75
125900,564,565.5,1.8,10,-3.5,205.5857884,66.57,564.75
126000,563,564.5,1.8,10,-3.5,205.5702836,66.58,563.75
126100,566.5,568,1.8,10,-3.5,205.6965278,66.58,567.25
126200,564,565.5,1.8,10,-3.5,205.3206788,66.58,564.75
126300,567.5,569,1.8,10,-3.5,205.5935677,66.58,568.25
126400,571,572.5,1.8,10,-3.5,205.7704968,66.58,571.75
126500,574.5,576,1.8,10,-3.5,205.7922627,66.58,575.25
126600,577.5,579,1.8,10,-3.5,206.0576229,66.58,578.25
126700,579.5,581,1.8,10,-3.5,206.4052029,66.58,580.25
126800,581.5,583,1.8,10,-3.5,206.4490024,66.58,582.25
126900,582,583.5,1.8,10,-3.5,206.1667956,66.59,582.75
127000,579,580.5,1.8,10,-3.5,205.6249968,66.59,579.75
127100,578,579.5,1.8,10,-3.5,205.8703679,66.59,578.75
127200,574.5,576,1.8,10,-3.5,205.6826182,66.59,575.25
127300,576.5,578,1.8,10,-3.5,205.8183546,66.59,577.25
127400,573.5,575,1.8,10,-3.5,205.5859651,66.59,574.25
127500,569.5,571,1.8,10,-3.5,205.7906385,66.59,570.25
127600,571,572.5,1.8,10,-3.5,206.1489138,66.6,571.75
127700,572,573.5,1.8,10,-3.5,206.3734951,66.6,572.75
127800,572,573.5,1.8,10,-3.5,206.4690986,66.6,572.75
127900,567.5,569,1.8,10,-3.5,205.9014494,66.6,568.25
128000,569,570.5,1.8,10,-3.5,205.9518338,66.6,569.75
128100,575,576.5,1.8,10,-3.5,206.0678235,66.6,575.75
128200,577,578.5,1.8,10,-3.5,206.2351349,66.6,577.75
128300,582,583.5,1.8,10,-3.5,206.2379266,66.6,582.75
128400,582,583.5,1.8,10,-3.5,206.3980201,66.6,582.75
128500,582,583.5,1.8,10,-3.5,206.2182428,66.61,582.75
128600,582,583.5,1.8,10,-3.5,206.0693369,66.61,582.75
128700,580,581.5,1.8,10,-3.5,206.156368,66.61,580.75
128800,581,582.5,1.8,10,-3.5,205.9728671,66.61,581.75
128900,577.5,579,1.8,10,-3.5,205.8680179,66.61,578.25
129000,576,577.5,1.8,10,-3.5,205.4165551,66.61,576.75
129100,577,578.5,1.8,10,-3.5,205.1951014,66.61,577.75
129200,575,576.5,1.8,10,-3.5,204.9891162,66.61,575.75
129300,572,573.5,1.8,10,-3.5,204.936481,66.62,572.75
129400,575,576.5,1.8,10,-3.5,205.1255271,66.62,575.75
129500,573,574.5,1.8,10,-3.5,205.0849665,66.62,573.75
129600,577.5,579,1.8,10,-3.5,205.3055645,66.62,578.25
129700,576.5,578,1.8,10,-3.5,205.2630033,66.62,577.25
129800,574,575.5,1.8,10,-3.5,205.1625336,66.62,574.75
129900,570,571.5,1.8,10,-3.5,204.9633083,66.62,570.75
130000,569,570.5,1.8,10,-3.5,204.8909214,66.62,569.75
130100,569,571,1.8,10,-3.5,205.0184916,66.63,570
130200,568,569.5,1.8,10,-3.5,204.923859,66.63,568.75
130300,567,568.5,1.8,10,-3.5,204.727411,66.63,567.75
130400,564,565.5,1.8,10,-3.5,204.7040699,66.63,564.75
130500,565.5,567,1.8,10,-3.5,204.782859,66.63,566.25
130600,570.5,572,1.8,10,-3.5,204.8955807,66.63,571.25
130700,571.5,573,1.8,10,-3.5,204.6095661,66.63,572.25
130800,571,572.5,1.8,10,-3.5,204.4553685,66.64,571.75
130900,573.5,575,1.8,10,-3.5,204.5518584,66.64,574.25
131000,569.5,571,1.8,10,-3.5,204.3511019,66.64,570.25
131100,571.5,573,1.8,10,-3.5,204.3689138,66.64,572.25
131200,571.5,573.5,1.8,10,-3.5,204.2840153,66.64,572.5
131300,574.5,576,1.8,10,-3.5,204.3926785,66.64,575.25
131400,579,580.5,1.8,10,-3.5,204.5247509,66.64,579.75
131500,575,576.5,1.8,10,-3.5,204.4322144,66.64,575.75
131600,575.5,577,1.8,10,-3.5,204.574502,66.64,576.25
131700,577,578.5,1.8,10,-3.5,204.2964095,66.65,577.75
131800,574,575.5,1.8,10,-3.5,204.2149718,66.65,574.75
131900,572,573.5,1.8,10,-3.5,204.1433808,66.65,572.75
132000,572,573.5,1.8,10,-3.5,204.0309875,66.65,572.75
132100,574.5,576,1.8,10,-3.5,204.141349,66.65,575.25
132200,577,578.5,1.8,10,-3.5,204.356066,66.65,577.75
132300,574.5,576,1.8,10,-3.5,204.1123797,66.65,575.25
132400,571,572.5,1.8,10,-3.5,203.8976075,66.66,571.75
132500,570.5,572,1.8,10,-3.5,203.7590593,66.66,571.25
132600,569,570.5,1.8,10,-3.5,203.5994396,66.66,569.75
132700,571.5,573,1.8,10,-3.5,203.612075,66.66,572.25
132800,567.5,569,1.8,10,-3.5,203.3492364,66.66,568.25
132900,566.5,568,1.8,10,-3.5,203.2509917,66.66,567.25
133000,572.5,574,1.8,10,-3.5,203.5112306,66.66,573.25
133100,576.5,578,1.8,10,-3.5,203.7206101,66.66,577.25
133200,580.5,582,1.8,10,-3.5,203.8959661,66.67,581.25
133300,578.5,580,1.8,10,-3.5,203.7460609,66.67,579.25
133400,574.5,576,1.8,10,-3.5,203.5905566,66.67,575.25
133500,578.5,580,1.8,10,-3.5,203.9601174,66.67,579.25
133600,579,580.5,1.8,10,-3.5,203.8900361,66.67,579.75
133700,580.5,582,1.8,10,-3.5,204.0392713,66.67,581.25
133800,578.5,580,1.8,10,-3.5,204.0693007,66.67,579.25
133900,576,577.5,1.8,10,-3.5,203.8275554,66.67,576.75
134000,576.5,578,1.8,10,-3.5,203.9188685,66.68,577.25
134100,576.5,578,1.8,10,-3.5,203.8952204,66.68,577.25
134200,574.5,576,1.8,10,-3.5,203.9335516,66.68,575.25
134300,579.5,581,1.8,10,-3.5,204.0872939,66.68,580.25
134400,578,579.5,1.8,10,-3.5,203.8484637,66.68,578.75
134500,575,576.5,1.8,10,-3.5,203.5870297,66.68,575.75
134600,570.5,572,1.8,10,-3.5,203.2196033,66.68,571.25
134700,573,574.5,1.8,10,-3.5,203.2881373,66.68,573.75
134800,573.5,575,1.8,9.5,-3.5,203.4149788,66.68,574.25
134900,570,571.5,1.8,9.5,-3.5,203.1032758,66.69,570.75
135000,572,573.5,1.8,9.5,-3.5,203.1311459,66.69,572.75
135100,571,572.5,1.8,9.5,-3.5,203.0069876,66.69,571.75
135200,571.5,573,1.8,9.5,-3.5,203.1627282,66.69,572.25
135300,574,575.5,1.8,9.5,-3.5,203.2620351,66.69,574.75
135400,575,576.5,1.8,9.5,-3.5,203.1975771,66.69,575.75
135500,576,577.5,1.8,9.5,-3.5,203.2060358,66.69,576.75
135600,575.5,577,1.8,9.5,-3.5,203.0161118,66.69,576.25
135700,574,575.5,1.8,9.5,-3.5,203.0056021,66.7,574.75
135800,578.5,580,1.8,9.5,-3.5,203.0770477,66.7,579.25
135900,578,579.5,1.8,9.5,-3.5,203.0436552,66.7,578.75
136000,580.5,582,1.8,9.5,-3.5,203.3740517,66.7,581.25
136100,585,586.5,1.8,9.5,-3.5,203.6808276,66.7,585.75
136200,580,581.5,1.8,9.5,-3.5,203.4687691,66.7,580.75
136300,582.5,584,1.8,9.5,-3.5,203.6822524,66.7,583.25
136400,581,582.5,1.8,9.5,-3.5,203.5073874,66.7,581.75
136500,579.5,581,1.8,9.5,-3.5,203.6440926,66.71,580.25
136600,580.5,582,1.8,9.5,-3.5,203.7934675,66.71,581.25
136700,581,582.5,1.8,9.5,-3.5,203.7531286,66.71,581.75
136800,581,583,1.8,9.5,-3.5,203.5313057,66.71,582
136900,577.5,579,1.8,9.5,-3.5,203.2598964,66.71,578.25
137000,576.5,578,1.8,9.5,-3.5,203.2519311,66.71,577.25
137100,582.5,584,1.8,9.5,-3.5,203.4041264,66.71,583.25
137200,583,584.5,1.8,9.5,-3.5,203.3556777,66.72,583.75
137300,581.5,583,1.8,9.5,-3.5,203.2243111,66.72,582.25
137400,581.5,583,1.8,9.5,-3.5,202.955474,66.72,582.25
137500,580,581.5,1.8,9.5,-3.5,202.7961544,66.72,580.75
137600,582.5,584,1.8,9.5,-3.5,203.1872316,66.72,583.25
137700,578.5,580,1.8,9.5,-3.5,202.8467138,66.72,579.25
137800,577,578.5,1.8,9.5,-3.5,203.0377367,66.72,577.75
137900,577,578.5,1.8,9.5,-3.5,203.26168,66.72,577.75
138000,572.5,574,1.8,9.5,-3.5,203.1632132,66.72,573.25
138100,573,574.5,1.8,9.5,-3.5,203.1156986,66.73,573.75
138200,574.5,576,1.8,9.5,-3.5,203.1711693,66.73,575.25
138300,573.5,575,1.8,9.5,-3.5,203.2795414,66.73,574.25
138400,572.5,574,1.8,9.5,-3.5,203.2003891,66.73,573.25
138500,568.5,570,1.8,9.5,-3.5,202.8687212,66.73,569.25
138600,572,573.5,1.8,9.5,-3.5,203.0268571,66.73,572.75
138700,572,573.5,1.8,9.5,-3.5,203.1094703,66.73,572.75
138800,571.5,573,1.8,9.5,-3.5,203.1294685,66.74,572.25
138900,570,571.5,1.8,9.5,-3.5,203.1172404,66.74,570.75
139000,572.5,574,1.8,9.5,-3.5,203.1442259,66.74,573.25
139100,569,570.5,1.8,9.5,-3.5,203.1146567,66.74,569.75
139200,570.5,572,1.8,9.5,-3.5,203.1628492,66.74,571.25
139300,570.5,572,1.8,9.5,-3.5,203.1397806,66.74,571.25
139400,575,576.5,1.8,9.5,-3.5,203.4202053,66.74,575.75
139500,580.5,582,1.8,9.5,-3.5,203.7508217,66.74,581.25
139600,578.5,580,1.8,9.5,-3.5,203.6963331,66.74,579.25
139700,577,578.5,1.8,9.5,-3.5,203.4462017,66.75,577.75
139800,575.5,577,1.8,9.5,-3.5,203.1669214,66.75,576.25
139900,577.5,579,1.8,9.5,-3.5,203.4282015,66.75,578.25
140000,576,577.5,1.8,9.5,-3.5,203.3147599,66.75,576.75
140100,580.5,582,1.8,9.5,-3.5,203.42844,66.75,581.25
140200,580.5,582,1.8,9.5,-3.5,203.342317,66.75,581.25
140300,578.5,580,1.8,9.5,-3.5,203.1048794,66.75,579.25
140400,575.5,577,1.8,9.5,-3.5,202.9888715,66.76,576.25
140500,574.5,576,1.8,9.5,-3.5,203.1531014,66.76,575.25
140600,576,577.5,1.8,9.5,-3.5,203.2404209,66.76,576.75
140700,576.5,578,1.8,9.5,-3.5,203.2686792,66.76,577.25
140800,572,573.5,1.8,9.5,-3.5,203.0506202,66.76,572.75
140900,576.5,578,1.8,9.5,-3.5,203.119946,66.76,577.25
141000,575.5,577,1.8,9.5,-3.5,203.0509753,66.76,576.25
141100,572.5,574,1.8,9.5,-3.5,203.0258066,66.76,573.25
141200,572,573.5,1.8,9.5,-3.5,202.9814908,66.76,572.75
141300,573,574.5,1.8,9.5,-3.5,203.0202699,66.77,573.75
141400,577,578.5,1.8,9.5,-3.5,203.1817832,66.77,577.75
141500,582,583.5,1.8,9.5,-3.5,203.6147225,66.77,582.75
141600,580.5,582,1.8,9.5,-3.5,203.4253476,66.77,581.25
141700,579,580.5,1.8,9.5,-3.5,203.284594,66.77,579.75
141800,579.5,581,1.8,9.5,-3.5,203.5936748,66.77,580.25
141900,579,580.5,1.8,9.5,-3.5,203.6450035,66.77,579.75
142000,580,581.5,1.8,9.5,-3.5,203.6378211,66.78,580.75
142100,579,580.5,1.8,9.5,-3.5,203.5514182,66.78,579.75
142200,577.5,579,1.8,9.5,-3.5,203.3708699,66.78,578.25
142300,577.5,579.5,1.8,9.5,-3.5,203.321941,66.78,578.5
142400,580.5,582,1.8,9.5,-3.5,203.397383,66.78,581.25
142500,582,583.5,1.8,9.5,-3.5,203.5503101,66.78,582.75
142600,587.5,589,1.8,9.5,-3.5,203.7471902,66.78,588.25
142700,590,591.5,1.8,9.5,-3.5,203.7223368,66.78,590.75
142800,588,589.5,1.8,9.5,-3.5,203.6953005,66.78,588.75
142900,587.5,589.5,1.8,9.5,-3.5,203.6540631,66.79,588.5
143000,589.5,591,1.8,9.5,-3.5,203.8417215,66.79,590.25
143100,591,592.5,1.8,9.5,-3.5,203.8675884,66.79,591.75
143200,593,594.5,1.8,9.5,-3.5,203.9150389,66.79,593.75
143300,592.5,594,1.8,9.5,-3.5,203.862359,66.79,593.25
143400,585,586.5,1.8,9.5,-3.5,203.5466524,66.79,585.75
143500,583,584.5,1.8,9.5,-3.5,203.4856403,66.79,583.75
143600,580.5,582,1.8,9.5,-3.5,203.2873089,66.8,581.25
143700,580.5,582,1.8,9.5,-3.5,203.3410876,66.8,581.25
143800,577.5,579,1.8,9.5,-3.5,203.185987,66.8,578.25
143900,577.5,579,1.8,9.5,-3.5,203.5000255,66.8,578.25
144000,577.5,579,1.8,9.5,-3.5,203.5298657,66.8,578.25
144100,575,576.5,1.8,9.5,-3.5,203.7465941,66.8,575.75
144200,575,577,1.8,9.5,-3.5,203.5604264,66.8,576
144300,575,577,1.8,9.5,-3.5,203.6200914,66.8,576
144400,574,575.5,1.8,9.5,-3.5,203.4756637,66.81,574.75
144500,573.5,575.5,1.8,9.5,-3.5,203.513759,66.81,574.5
144600,572.5,574,1.8,9.5,-3.5,203.5006019,66.81,573.25
144700,573,574.5,1.8,9.5,-3.5,203.4602845,66.81,573.75
144800,574.5,576,1.8,9.5,-3.5,203.9030232,66.81,575.25
144900,577.5,579,1.8,9.5,-3.5,203.9940033,66.81,578.25
145000,577.5,579,1.8,9.5,-3.5,203.9655436,66.81,578.25
145100,575.5,577,1.8,9.5,-3.5,204.0360928,66.81,576.25
145200,578.5,580,1.8,9.5,-3.5,204.2548301,66.82,579.25
145300,575.5,577,1.8,9.5,-3.5,203.8483331,66.82,576.25
145400,578,579.5,1.8,9.5,-3.5,203.9785411,66.82,578.75
145500,579,580.5,1.8,9.5,-3.5,203.5626519,66.82,579.75
145600,581.5,583,1.8,9.5,-3.5,204.0361624,66.82,582.25
145700,583.5,585,1.8,9.5,-3.5,204.2536191,66.82,584.25
145800,578.5,580,1.8,9.5,-3.5,204.0488634,66.82,579.25
145900,577.5,579,1.8,9.5,-3.5,204.0905636,66.82,578.25
146000,579,580.5,1.8,9.5,-3.5,204.2734103,66.82,579.75
146100,578.5,580,1.8,9.5,-3.5,204.4251255,66.83,579.25
146200,577.5,579,1.8,9.5,-3.5,204.2789776,66.83,578.25
146300,580,581.5,1.8,9.5,-3.5,204.537339,66.83,580.75
146400,580,581.5,1.8,9.5,-3.5,204.4312792,66.83,580.75
146500,580.5,582,1.8,9.5,-3.5,204.587062,66.83,581.25
146600,579.5,581,1.8,9.5,-3.5,204.4959532,66.83,580.25
146700,584,585.5,1.8,9.5,-3.5,204.5795806,66.83,584.75
146800,584,585.5,1.8,9.5,-3.5,204.7688687,66.83,584.75
146900,587,588.5,1.8,9.5,-3.5,204.4796897,66.84,587.75
147000,586,587.5,1.8,9.5,-3.5,204.4500328,66.84,586.75
147100,585.5,587,1.8,9.5,-3.5,204.4010662,66.84,586.25
147200,589.5,591,1.8,9.5,-3.5,204.6150664,66.84,590.25
147300,592,593.5,1.8,9.5,-3.5,204.6544247,66.84,592.75
147400,590,591.5,1.8,9.5,-3.5,204.5349595,66.84,590.75
147500,588,589.5,1.8,9.5,-3.5,204.7207148,66.84,588.75
147600,582.5,584,1.8,9.5,-3.5,204.5603197,66.84,583.25
147700,580.5,582,1.8,9.5,-3.5,204.5082594,66.85,581.25
147800,580,581.5,1.8,9.5,-3.5,204.2242419,66.85,580.75
147900,579,580.5,1.8,9.5,-3.5,204.1461349,66.85,579.75
148000,577,578.5,1.8,9.5,-3.5,204.2058434,66.85,577.75
148100,575.5,577,1.8,9.5,-3.5,204.1090518,66.85,576.25
148200,576.5,578,1.8,9.5,-3.5,204.1255466,66.85,577.25
148300,579.5,581,1.8,9.5,-3.5,204.3237108,66.85,580.25
148400,581.5,583,1.8,9.5,-3.5,204.360539,66.86,582.25
148500,581,582.5,1.8,9.5,-3.5,204.4682155,66.86,581.75
148600,579,580.5,1.8,9.5,-3.5,204.4909748,66.86,579.75
148700,578,579.5,1.8,9.5,-3.5,204.3254513,66.86,578.75
148800,579.5,581,1.8,9.5,-3.5,204.358755,66.86,580.25
148900,583.5,585,1.8,9.5,-3.5,204.361087,66.86,584.25
149000,586.5,588,1.8,9.5,-3.5,204.6971005,66.86,587.25
149100,584.5,586,1.8,9.5,-3.5,204.5321506,66.86,585.25
149200,584.5,586,1.8,9.5,-3.5,204.4452155,66.86,585.25
149300,585.5,587,1.8,9.5,-3.5,204.5106902,66.87,586.25
149400,582.5,584,1.8,9.5,-3.5,204.3801142,66.87,583.25
149500,580.5,582,1.8,9.5,-3.5,204.2238845,66.87,581.25
149600,581,582.5,1.8,9.5,-3.5,204.3061679,66.87,581.75
149700,578.5,580,1.8,9.5,-3.5,204.1120269,66.87,579.25
149800,575.5,577,1.8,9.5,-3.5,204.0253767,66.87,576.25
149900,577.5,579,1.8,9.5,-3.5,204.2060658,66.87,578.25
150000,579,580.5,1.8,9.5,-3.5,204.468298,66.88,579.75
150100,581.5,583,1.8,9.5,-3.5,204.4940357,66.88,582.25
150200,581,582.5,1.8,9.5,-3.5,204.4735383,66.88,581.75
150300,577,578.5,1.8,9.5,-3.5,204.369077,66.88,577.75
150400,582,583.5,1.8,9.5,-3.5,204.501961,66.88,582.75
150500,581.5,583,1.8,9.5,-3.5,204.0285025,66.88,582.25
150600,582.5,584,1.8,9.5,-3.5,203.7407391,66.88,583.25
150700,580.5,582,1.8,9.5,-3.5,203.7595219,66.88,581.25
150800,582,583.5,1.8,9.5,-3.5,203.7362019,66.89,582.75
150900,579,580.5,1.8,9.5,-3.5,203.7474745,66.89,579.75
151000,577.5,579,1.8,9.5,-3.5,203.578552,66.89,578.25
151100,583,584.5,1.8,9.5,-3.5,203.7977109,66.89,583.75
151200,581.5,583,1.8,9.5,-3.5,203.5266849,66.89,582.25
151300,584,585.5,1.8,9.5,-3.5,203.8028007,66.89,584.75
151400,588.5,590,1.8,9.5,-3.5,203.9955963,66.89,589.25
151500,590,591.5,1.8,9.5,-3.5,204.1028802,66.89,590.75
151600,591,592.5,1.8,9.5,-3.5,203.7724941,66.9,591.75
151700,590,591.5,1.8,9.5,-3.5,204.0980525,66.9,590.75
151800,587.5,589,1.8,9.5,-3.5,204.0626648,66.9,588.25
151900,588,589.5,1.8,9.5,-3.5,204.1379668,66.9,588.75
152000,585,586.5,1.8,9.5,-3.5,203.6938599,66.9,585.75
152100,586.5,588,1.8,9.5,-3.5,203.8665045,66.9,587.25
152200,585,586.5,1.8,9.5,-3.5,203.6472104,66.9,585.75
152300,586.5,588,1.8,9.5,-3.5,203.9925177,66.9,587.25
152400,585.5,587,1.8,9.5,-3.5,204.003108,66.9,586.25
152500,585,587,1.8,9.5,-3.5,203.6782256,66.91,586
152600,588.5,590,1.8,9.5,-3.5,203.691912,66.91,589.25
152700,585.5,587,1.8,9.5,-3.5,203.5173473,66.91,586.25
152800,583,584.5,1.8,9.5,-3.5,203.1266774,66.91,583.75
152900,585.5,587,1.8,9.5,-3.5,203.1784525,66.91,586.25
153000,580.5,582,1.8,9.5,-3.5,202.8598605,66.91,581.25
153100,577.5,579,1.8,9.5,-3.5,202.6228256,66.91,578.25
153200,582,583.5,1.8,9.5,-3.5,202.854807,66.92,582.75
153300,582,583.5,1.8,9.5,-3.5,203.1805474,66.92,582.75
153400,580,581.5,1.8,9.5,-3.5,203.1705585,66.92,580.75
153500,576.5,578,1.8,9.5,-3.5,202.8172061,66.92,577.25
153600,579,580.5,1.8,9.5,-3.5,202.8207978,66.92,579.75
153700,575,576.5,1.8,9.5,-3.5,203.0145185,66.92,575.75
153800,574.5,576.5,1.8,9.5,-3.5,203.1280451,66.92,575.5
153900,577,578.5,1.8,9.5,-3.5,203.2883164,66.92,577.75
154000,580.5,582,1.8,9.5,-3.5,203.3366655,66.92,581.25
154100,583.5,585,1.8,9.5,-3.5,203.4253055,66.93,584.25
154200,583.5,585,1.8,9.5,-3.5,203.3009605,66.93,584.25
154300,583,584.5,1.8,9.5,-3.5,203.3894963,66.93,583.75
154400,580,581.5,1.8,9.5,-3.5,203.2523534,66.93,580.75
154500,579,580.5,1.8,9.5,-3.5,203.2171363,66.93,579.75
154600,576.5,578,1.8,9.5,-3.5,203.0162429,66.93,577.25
154700,575,576.5,1.8,9.5,-3.5,203.1046206,66.93,575.75
154800,573,574.5,1.8,9.5,-3.5,203.0604991,66.94,573.75
154900,572,573.5,1.8,9.5,-3.5,202.8243074,66.94,572.75
155000,575.5,577,1.8,9.5,-3.5,203.4655214,66.94,576.25
155100,575,576.5,1.8,9.5,-3.5,203.669861,66.94,575.75
155200,576.5,578,1.8,9.5,-3.5,203.736416,66.94,577.25
155300,574.5,576,1.8,9.5,-3.5,203.7034971,66.94,575.25
155400,571,572.5,1.8,9.5,-3.5,203.6357922,66.94,571.75
155500,570.5,572,1.8,9.5,-3.5,203.6302015,66.94,571.25
155600,570.5,572,1.8,9.5,-3.5,203.6501031,66.94,571.25
155700,572.5,574,1.8,9.5,-3.5,203.8198121,66.95,573.25
155800,572.5,574,1.8,9.5,-3.5,203.5061608,66.95,573.25
155900,573,574.5,1.8,9.5,-3.5,203.7752583,66.95,573.75
156000,571.5,573,1.8,9.5,-3.5,203.6104441,66.95,572.25
156100,573,574.5,1.8,9.5,-3.5,203.8039583,66.95,573.75
156200,575,576.5,1.8,9.5,-3.5,203.9875495,66.95,575.75
156300,576.5,578,1.8,9.5,-3.5,204.1884809,66.95,577.25
156400,578.5,580,1.8,9.5,-3.5,204.1936136,66.96,579.25
156500,577.5,579,1.8,9.5,-3.5,204.0952606,66.96,578.25
156600,577,578.5,1.8,9.5,-3.5,204.2347763,66.96,577.75
156700,577,579,1.8,9.5,-3.5,204.4389262,66.96,578
156800,576.5,578,1.8,9.5,-3.5,204.1821372,66.96,577.25
156900,579,580.5,1.8,9.5,-3.5,204.4551694,66.96,579.75
157000,576,577.5,1.8,9.5,-3.5,204.5055305,66.96,576.75
157100,578.5,580,1.8,9.5,-3.5,204.6331627,66.96,579.25
157200,576.5,578,1.8,9.5,-3.5,204.4667443,66.96,577.25
157300,579.5,581,1.8,9.5,-3.5,204.5608416,66.97,580.25
157400,577.5,579,1.8,9.5,-3.5,204.4237959,66.97,578.25
157500,577.5,579,1.8,9.5,-3.5,204.200601,66.97,578.25
157600,580,581.5,1.8,9.5,-3.5,204.4231259,66.97,580.75
157700,579.5,581,1.8,9.5,-3.5,204.5916268,66.97,580.25
157800,581.5,583,1.8,9.5,-3.5,204.7172593,66.97,582.25
157900,582,583.5,1.8,9.5,-3.5,204.8194626,66.97,582.75
158000,581,582.5,1.8,9.5,-3.5,204.8328807,66.97,581.75
158100,577,578.5,1.8,9.5,-3.5,204.7071814,66.98,577.75
158200,571.5,573,1.8,9.5,-3.5,204.4692427,66.98,572.25
158300,570.5,572,1.8,9.5,-3.5,204.4333628,66.98,571.25
158400,569,570.5,1.8,9.5,-3.5,204.2616355,66.98,569.75
158500,566,567.5,1.8,9.5,-3.5,204.1435766,66.98,566.75
158600,568,569.5,1.8,9.5,-3.5,204.2045863,66.98,568.75
158700,565.5,567,1.8,9.5,-3.5,204.0063102,66.98,566.25
158800,563.5,565,1.8,9.5,-3.5,203.9831519,66.98,564.25
158900,565.5,567,1.8,9.5,-3.5,203.961247,66.99,566.25
159000,568.5,570,1.8,9.5,-3.5,203.9535192,66.99,569.25
159100,568.5,570,1.8,9.5,-3.5,203.7274076,66.99,569.25
159200,570,571.5,1.8,9.5,-3.5,203.8236927,66.99,570.75
159300,573,574.5,1.8,9.5,-3.5,203.9160386,66.99,573.75
159400,569,570.5,1.8,9.5,-3.5,203.7435127,66.99,569.75
159500,571.5,573,1.8,9.5,-3.5,203.8040438,66.99,572.25
159600,566,567.5,1.8,9.5,-3.5,203.5880524,67,566.75
159700,566,567.5,1.8,9.5,-3.5,203.6047536,67,566.75
159800,564,565.5,1.8,9.5,-3.5,203.4617814,67,564.75
159900,562.5,564,1.8,9.5,-3.5,203.0625353,67,563.25
160000,564,565.5,1.8,9.5,-3.5,203.1209961,67,564.75
160100,561,562.5,1.8,9.5,-3.5,202.9583287,67,561.75
160200,565,566.5,1.8,9.5,-3.5,203.3033827,67,565.75
160300,563,564.5,1.8,9.5,-3.5,203.2405689,67,563.75
160400,561,562.5,1.8,9.5,-3.5,203.069099,67,561.75
160500,560,561.5,1.8,9.5,-3.5,203.2039988,67.01,560.75
160600,557,558.5,1.8,9.5,-3.5,203.0876369,67.01,557.75
160700,560,561.5,1.8,9.5,-3.5,203.1880694,67.01,560.75
160800,559,560.5,1.8,9.5,-3.5,203.2078715,67.01,559.75
160900,558.5,560,1.8,9.5,-3.5,202.8968304,67.01,559.25
161000,559,560.5,1.8,9.5,-3.5,202.8764428,67.01,559.75
161100,557.5,559,1.8,9.5,-3.5,202.4692946,67.01,558.25
161200,557,558.5,1.8,9.5,-3.5,202.4576493,67.02,557.75
161300,554.5,556,1.8,9.5,-3.5,202.3747702,67.02,555.25
161400,553.5,555,1.8,9.5,-3.5,202.331052,67.02,554.25
161500,558,559.5,1.8,9.5,-3.5,202.4743583,67.02,558.75
161600,556.5,558,1.8,9.5,-3.5,202.4412951,67.02,557.25
161700,554.5,556,1.8,9.5,-3.5,202.2688716,67.02,555.25
161800,556.5,558,1.8,9.5,-3.5,202.3870067,67.02,557.25
161900,553,554.5,1.8,9.5,-3.5,202.2900921,67.02,553.75
162000,552.5,554,1.8,9.5,-3.5,202.5028789,67.03,553.25
162100,548.5,550,1.8,9.5,-3.5,202.4802227,67.03,549.25
162200,551,552.5,1.8,9.5,-3.5,202.7039071,67.03,551.75
162300,550,551.5,1.8,9.5,-3.5,202.7285025,67.03,550.75
162400,552,553.5,1.8,9.5,-3.5,202.8138551,67.03,552.75
162500,554,555.5,1.8,9.5,-3.5,203.0493454,67.03,554.75
162600,553.5,555,1.8,9.5,-3.5,203.0458048,67.03,554.25
162700,557.5,559,1.8,9.5,-3.5,203.4560952,67.03,558.25
162800,559,560.5,1.8,9.5,-3.5,203.8071274,67.04,559.75
162900,561.5,563,1.8,9.5,-3.5,203.9033854,67.04,562.25
163000,560.5,562,1.8,9.5,-3.5,204.2042085,67.04,561.25
163100,560.5,562.5,1.8,9.5,-3.5,204.2409276,67.04,561.5
163200,560,561.5,1.8,9.5,-3.5,203.8433843,67.04,560.75
163300,556.5,558,1.8,9.5,-3.5,203.6924021,67.04,557.25
163400,555.5,557,1.8,9.5,-3.5,203.6740448,67.04,556.25
163500,557.5,559,1.8,9.5,-3.5,203.8266305,67.04,558.25
163600,561.5,563,1.8,9.5,-3.5,203.8941236,67.04,562.25
163700,566,567.5,1.8,9.5,-3.5,203.924106,67.05,566.75
163800,564.5,566,1.8,9.5,-3.5,203.8615615,67.05,565.25
163900,564,565.5,1.8,9.5,-3.5,203.8620995,67.05,564.75
164000,563,564.5,1.8,9.5,-3.5,203.6853249,67.05,563.75
164100,564,565.5,1.8,9.5,-3.5,203.812241,67.05,564.75
164200,559.5,561,1.8,9.5,-3.5,203.442951,67.05,560.25
164300,558,559.5,1.8,9.5,-3.5,203.3898413,67.05,558.75
164400,559,560.5,1.8,9.5,-3.5,203.4972346,67.06,559.75
164500,562,563.5,1.8,9.5,-3.5,203.7355907,67.06,562.75
164600,566.5,568,1.8,9.5,-3.5,203.8656631,67.06,567.25
164700,566.5,568,1.8,9.5,-3.5,203.9233554,67.06,567.25
164800,566,567.5,1.8,9.5,-3.5,203.9546006,67.06,566.75
164900,563,564.5,1.8,9.5,-3.5,203.9476802,67.06,563.75
165000,561.5,563,1.8,9.5,-3.5,203.8816785,67.06,562.25
165100,562.5,564,1.8,9.5,-3.5,203.9633149,67.06,563.25
165200,563.5,565,1.8,9.5,-3.5,204.0560878,67.06,564.25
165300,565,566.5,1.8,9.5,-3.5,204.2543039,67.07,565.75
165400,563.5,565,1.8,9.5,-3.5,204.0199537,67.07,564.25
165500,562.5,564,1.8,9.5,-3.5,204.2933829,67.07,563.25
165600,564.5,566,1.8,9.5,-3.5,204.6131489,67.07,565.25
165700,561.5,563,1.8,9.5,-3.5,204.4223815,67.07,562.25
165800,559.5,561,1.8,9.5,-3.5,204.5024944,67.07,560.25
165900,560,561.5,1.8,9.5,-3.5,204.6004726,67.07,560.75
166000,564,565.5,1.8,9.5,-3.5,204.653633,67.08,564.75
166100,565,566.5,1.8,9.5,-3.5,204.7948802,67.08,565.75
166200,565,566.5,1.8,9.5,-3.5,204.7715467,67.08,565.75
166300,565.5,567,1.8,9.5,-3.5,204.6504444,67.08,566.25
166400,568.5,570,1.8,9.5,-3.5,204.733416,67.08,569.25
166500,573.5,575,1.8,9.5,-3.5,204.9712833,67.08,574.25
166600,569.5,571,1.8,9.5,-3.5,204.7022477,67.08,570.25
166700,568,569.5,1.8,9.5,-3.5,204.6623102,67.08,568.75
166800,566.5,568,1.8,9.5,-3.5,204.5319091,67.08,567.25
166900,569,570.5,1.8,9.5,-3.5,204.5377595,67.09,569.75
167000,567.5,569,1.8,9.5,-3.5,204.3725125,67.09,568.25
167100,570,571.5,1.8,9.5,-3.5,204.3795174,67.09,570.75
167200,571,572.5,1.8,9.5,-3.5,204.4088269,67.09,571.75
167300,568.5,570,1.8,9.5,-3.5,204.275779,67.09,569.25
167400,566,567.5,1.8,9.5,-3.5,204.2822988,67.09,566.75
167500,559.5,561,1.8,9.5,-3.5,203.871142,67.09,560.25
167600,556.5,558,1.8,9.5,-3.5,203.5391607,67.1,557.25
167700,556,557.5,1.8,9.5,-3.5,203.1333994,67.1,556.75
167800,556.5,558,1.8,9.5,-3.5,202.9724781,67.1,557.25
167900,558,559.5,1.8,9.5,-3.5,203.1042985,67.1,558.75
168000,559.5,561,1.8,9.5,-3.5,203.0155976,67.1,560.25
168100,560.5,562,1.8,9.5,-3.5,203.0929598,67.1,561.25
168200,557.5,559,1.8,9.5,-3.5,202.8901674,67.1,558.25
168300,560,561.5,1.8,9.5,-3.5,203.028951,67.1,560.75
168400,562,563.5,1.8,9.5,-3.5,203.0543322,67.1,562.75
168500,562,563.5,1.8,9.5,-3.5,203.0856582,67.11,562.75
168600,562,563.5,1.8,9.5,-3.5,202.9566952,67.11,562.75
168700,563,564.5,1.8,9.5,-3.5,203.0556741,67.11,563.75
168800,561.5,563,1.8,9.5,-3.5,203.3665127,67.11,562.25
168900,564.5,566,1.8,9.5,-3.5,203.1947353,67.11,565.25
169000,566.5,568,1.8,9.5,-3.5,203.4202034,67.11,567.25
169100,564.5,566,1.8,9.5,-3.5,203.4068587,67.11,565.25
169200,568,569.5,1.8,9.5,-3.5,203.4961129,67.11,568.75
169300,565.5,567,1.8,9.5,-3.5,203.3548884,67.12,566.25
169400,568,569.5,1.8,9.5,-3.5,203.8665779,67.12,568.75
169500,567.5,569.5,1.8,9.5,-3.5,203.8782868,67.12,568.5
169600,567,568.5,1.8,9.5,-3.5,203.9480104,67.12,567.75
169700,563.5,565,1.8,9.5,-3.5,203.8365425,67.12,564.25
169800,563,564.5,1.8,9.5,-3.5,203.7380098,67.12,563.75
169900,562,563.5,1.8,9.5,-3.5,203.6628861,67.12,562.75
170000,562.5,564,1.8,9.5,-3.5,203.6783102,67.12,563.25
170100,562,563.5,1.8,9.5,-3.5,203.8305184,67.13,562.75
170200,567.5,569,1.8,9.5,-3.5,203.8814767,67.13,568.25
170300,566.5,568,1.8,9.5,-3.5,203.6290407,67.13,567.25
170400,568.5,570,1.8,9.5,-3.5,203.5367932,67.13,569.25
170500,568,569.5,1.8,9.5,-3.5,203.1976999,67.13,568.75
170600,569.5,571,1.8,9.5,-3.5,203.1124568,67.13,570.25
170700,569,571,1.8,9.5,-3.5,203.1365811,67.13,570
170800,562.5,564,1.8,9.5,-3.5,203.0886148,67.14,563.25
170900,560,561.5,1.8,9.5,-3.5,203.0923071,67.14,560.75
171000,561.5,563,1.8,9.5,-3.5,203.0962591,67.14,562.25
171100,565,566.5,1.8,9.5,-3.5,203.1213273,67.14,565.75
171200,564,565.5,1.8,9.5,-3.5,203.072353,67.14,564.75
171300,563.5,565,1.8,9.5,-3.5,203.0347406,67.14,564.25
171400,565.5,567,1.8,9.5,-3.5,203.1126842,67.14,566.25
171500,567,568.5,1.8,9.5,-3.5,203.1982951,67.14,567.75
171600,569,570.5,1.8,9.5,-3.5,203.2982956,67.14,569.75
171700,562.5,564,1.8,9.5,-3.5,203.181347,67.15,563.25
171800,562,564,1.8,9.5,-3.5,203.620974,67.15,563
171900,564.5,566,1.8,9.5,-3.5,203.8155511,67.15,565.25
172000,562.5,564,1.8,9.5,-3.5,203.5443258,67.15,563.25
172100,564,565.5,1.8,9.5,-3.5,203.8267272,67.15,564.75
172200,563,564.5,1.8,9.5,-3.5,203.7667275,67.15,563.75
172300,563,564.5,1.8,9.5,-3.5,203.5947137,67.15,563.75
172400,561,562.5,1.8,9.5,-3.5,203.4865842,67.16,561.75
172500,558.5,560,1.8,9.5,-3.5,203.2830293,67.16,559.25
172600,556,557.5,1.8,9.5,-3.5,203.1535257,67.16,556.75
172700,553,554.5,1.8,9.5,-3.5,202.9706661,67.16,553.75
172800,555.5,557,1.8,9.5,-3.5,203.2692513,67.16,556.25
172900,553,554.5,1.8,9.5,-3.5,203.1011308,67.16,553.75
173000,550,551.5,1.8,9.5,-3.5,203.0257281,67.16,550.75
173100,553.5,555,1.8,9.5,-3.5,203.1139793,67.16,554.25
173200,551,552.5,1.8,9.5,-3.5,202.8946698,67.17,551.75
173300,548.5,550,1.8,9.5,-3.5,202.8984913,67.17,549.25
173400,552,553.5,1.8,9.5,-3.5,202.9711641,67.17,552.75
173500,546.5,548,1.8,9.5,-3.5,202.6985718,67.17,547.25
173600,547.5,549,1.8,9.5,-3.5,202.7184395,67.17,548.25
173700,547.5,549,1.8,9.5,-3.5,202.6470344,67.17,548.25
173800,544.5,546,1.8,9.5,-3.5,202.5277154,67.17,545.25
173900,542,543.5,1.8,9.5,-3.5,202.3938353,67.17,542.75
174000,545,546.5,1.8,9.5,-3.5,202.399875,67.18,545.75
174100,544,545.5,1.8,9.5,-3.5,202.2409682,67.18,544.75
174200,544,545.5,1.8,9.5,-3.5,202.1499197,67.18,544.75
174300,541.5,543,1.8,9.5,-3.5,202.1049142,67.18,542.25
174400,544,545.5,1.8,9.5,-3.5,202.1783124,67.18,544.75
174500,541,542.5,1.8,9.5,-3.5,202.0858026,67.18,541.75
174600,539,540.5,1.8,9.5,-3.5,202.0081476,67.18,539.75
174700,542.5,544,1.8,9.5,-3.5,202.036749,67.18,543.25
174800,544,545.5,1.8,9.5,-3.5,201.8372282,67.18,544.75
174900,548,549.5,1.8,9.5,-3.5,202.3882636,67.19,548.75
175000,552,553.5,1.8,9.5,-3.5,202.8367584,67.19,552.75
175100,552,553.5,1.8,9.5,-3.5,202.7400983,67.19,552.75
175200,549.5,551,1.8,9.5,-3.5,202.5300731,67.19,550.25
175300,547.5,549,1.8,9.5,-3.5,202.3200529,67.19,548.25
175400,545,546.5,1.8,9.5,-3.5,202.1536292,67.19,545.75
175500,546.5,548,1.8,9.5,-3.5,202.1061026,67.19,547.25
175600,544,545.5,1.8,9.5,-3.5,201.9694749,67.19,544.75
175700,542.5,544,1.8,9.5,-3.5,201.9430499,67.2,543.25
175800,541,542.5,1.8,9.5,-3.5,201.8509398,67.2,541.75
175900,544.5,546,1.8,9.5,-3.5,201.9917254,67.2,545.25
176000,542,543.5,1.8,9.5,-3.5,201.9134233,67.2,542.75
176100,539,540.5,1.8,9.5,-3.5,201.7430362,67.2,539.75
176200,539.5,541,1.8,9.5,-3.5,202.3066503,67.2,540.25
176300,541.5,543,1.8,9.5,-3.5,202.4454405,67.2,542.25
176400,539,540.5,1.8,9.5,-3.5,202.7007249,67.2,539.75
176500,536,537.5,1.8,9.5,-3.5,202.6094552,67.21,536.75
176600,538.5,540,1.8,9.5,-3.5,202.9257544,67.21,539.25
176700,538,539.5,1.8,9.5,-3.5,202.808291,67.21,538.75
176800,538.5,540,1.8,9.5,-3.5,202.9859907,67.21,539.25
176900,537,538.5,1.8,9.5,-3.5,202.7676491,67.21,537.75
177000,534,535.5,1.8,9.5,-3.5,202.5962194,67.21,534.75
177100,531,532.5,1.8,9.5,-3.5,202.6270559,67.21,531.75
177200,534,535.5,1.8,9.5,-3.5,203.0145526,67.22,534.75
177300,532.5,534,1.8,9.5,-3.5,203.0224354,67.22,533.25
177400,536,537.5,1.8,9.5,-3.5,203.3465821,67.22,536.75
177500,535.5,537,1.8,9.5,-3.5,203.9050568,67.22,536.25
177600,537,538.5,1.8,9.5,-3.5,204.0100905,67.22,537.75
177700,531.5,533,1.8,9.5,-3.5,203.8301004,67.22,532.25
177800,529,530.5,1.8,9.5,-3.5,203.6363673,67.22,529.75
177900,531,532.5,1.8,9.5,-3.5,203.8933861,67.22,531.75
178000,535.5,537,1.8,9.5,-3.5,204.1009962,67.22,536.25
178100,535.5,537,1.8,9.5,-3.5,204.004242,67.23,536.25
178200,535.5,537,1.8,9.5,-3.5,203.9090578,67.23,536.25
178300,541.5,543,1.8,9.5,-3.5,204.0196678,67.23,542.25
178400,543.5,545,1.8,9.5,-3.5,204.4416818,67.23,544.25
178500,541.5,543,1.8,9.5,-3.5,204.5012611,67.23,542.25
178600,543.5,545,1.8,9.5,-3.5,204.5782894,67.23,544.25
178700,541,542.5,1.8,9.5,-3.5,204.4605046,67.23,541.75
178800,543.5,545,1.8,9.5,-3.5,204.54915,67.24,544.25
178900,543.5,545,1.8,9.5,-3.5,204.3708172,67.24,544.25
179000,548,549.5,1.8,9.5,-3.5,204.7072063,67.24,548.75
179100,548.5,550,1.8,9.5,-3.5,205.0724432,67.24,549.25
179200,548.5,550,1.8,9.5,-3.5,204.6717971,67.24,549.25
179300,552,553.5,1.8,9.5,-3.5,205.1218995,67.24,552.75
179400,554.5,556,1.8,9.5,-3.5,205.1540724,67.24,555.25
179500,554,555.5,1.8,9.5,-3.5,204.9501858,67.24,554.75
179600,553,554.5,1.8,9.5,-3.5,204.8377539,67.24,553.75
179700,555.5,557,1.8,9.5,-3.5,204.9147228,67.25,556.25
179800,557.5,559,1.8,9.5,-3.5,205.0564256,67.25,558.25
179900,559,560.5,1.8,9.5,-3.5,205.0930424,67.25,559.75
180000,558,559.5,1.8,9.5,-3.5,204.9767195,67.25,558.75
180100,557.5,559,1.8,9.5,-3.5,205.0071479,67.25,558.25
180200,556,557.5,1.8,9.5,-3.5,204.7809788,67.25,556.75
180300,557.5,559,1.8,9.5,-3.5,204.9387478,67.25,558.25
180400,555.5,557,1.8,9.5,-3.5,204.6455317,67.26,556.25
180500,553,554.5,1.8,9.5,-3.5,204.7980805,67.26,553.75
180600,556,557.5,1.8,9.5,-3.5,205.0384545,67.26,556.75
180700,558,559.5,1.8,9.5,-3.5,205.2980068,67.26,558.75
180800,559,560.5,1.8,9.5,-3.5,205.4718469,67.26,559.75
180900,558.5,560,1.8,9.5,-3.5,205.080477,67.26,559.25
181000,558,559.5,1.8,9.5,-3.5,205.0847701,67.26,558.75
181100,561,562.5,1.8,9.5,-3.5,204.7529339,67.26,561.75
181200,560.5,562,1.8,9.5,-3.5,204.7348852,67.26,561.25
181300,558.5,560,1.8,9.5,-3.5,204.5312922,67.27,559.25
181400,555,556.5,1.8,9.5,-3.5,204.327488,67.27,555.75
181500,552,553.5,1.8,9.5,-3.5,204.3417028,67.27,552.75
181600,548.5,550,1.8,9.5,-3.5,204.029992,67.27,549.25
181700,551,552.5,1.8,9.5,-3.5,204.3230708,67.27,551.75
181800,548,549.5,1.8,9.5,-3.5,204.2561458,67.27,548.75
181900,547,548.5,1.8,9.5,-3.5,204.264808,67.27,547.75
182000,549,550.5,1.8,9.5,-3.5,204.5240154,67.28,549.75
182100,548.5,550,1.8,9.5,-3.5,204.3825156,67.28,549.25
182200,545,546.5,1.8,9.5,-3.5,204.3258765,67.28,545.75
182300,543,544.5,1.8,9.5,-3.5,204.4412893,67.28,543.75
182400,542,543.5,1.8,9.5,-3.5,204.5201619,67.28,542.75
182500,540,541.5,1.8,9.5,-3.5,204.7031946,67.28,540.75
182600,541.5,543,1.8,9.5,-3.5,204.5566201,67.28,542.25
182700,543.5,545,1.8,9.5,-3.5,204.5705367,67.28,544.25
182800,542,543.5,1.8,9.5,-3.5,204.3913913,67.28,542.75
182900,539,540.5,1.8,9.5,-3.5,204.0777882,67.29,539.75
183000,539.5,541,1.8,9.5,-3.5,204.1071997,67.29,540.25
183100,540,541.5,1.8,9.5,-3.5,204.2319835,67.29,540.75
183200,539.5,541,1.8,9.5,-3.5,204.1392364,67.29,540.25
183300,538,539.5,1.8,9.5,-3.5,203.9506034,67.29,538.75
183400,540,541.5,1.8,9.5,-3.5,203.9949361,67.29,540.75
183500,535.5,537,1.8,9.5,-3.5,203.8292146,67.29,536.25
183600,536.5,538,1.8,9.5,-3.5,203.909715,67.3,537.25
183700,538,539.5,1.8,9.5,-3.5,203.9815292,67.3,538.75
183800,533.5,535,1.8,9.5,-3.5,203.8182094,67.3,534.25
183900,536.5,538,1.8,9.5,-3.5,203.9262468,67.3,537.25
184000,537,538.5,1.8,9.5,-3.5,204.1101067,67.3,537.75
184100,540.5,542,1.8,9.5,-3.5,204.2159769,67.3,541.25
184200,540,541.5,1.8,9.5,-3.5,204.1547273,67.3,540.75
184300,541.5,543,1.8,9.5,-3.5,204.3569872,67.3,542.25
184400,536.5,538,1.8,9.5,-3.5,204.3093995,67.31,537.25
184500,533,534.5,1.8,9.5,-3.5,204.1794797,67.31,533.75
184600,527,528.5,1.8,9.5,-3.5,204.0143822,67.31,527.75
184700,525.5,527,1.8,9.5,-3.5,203.8233075,67.31,526.25
184800,527,528.5,1.8,9.5,-3.5,204.0354163,67.31,527.75
184900,527.5,529,1.8,9.5,-3.5,204.1078196,67.31,528.25
185000,530,531.5,1.8,9.5,-3.5,204.2281873,67.31,530.75
185100,533.5,535,1.8,9.5,-3.5,204.2541341,67.31,534.25
185200,539,540.5,1.8,9.5,-3.5,204.4455259,67.32,539.75
185300,536.5,538,1.8,9.5,-3.5,204.2691084,67.32,537.25
185400,539,540.5,1.8,9.5,-3.5,204.2867792,67.32,539.75
185500,543.5,545,1.8,9.5,-3.5,204.529117,67.32,544.25
185600,544,545.5,1.8,9.5,-3.5,204.6523511,67.32,544.75
185700,546,547.5,1.8,9.5,-3.5,204.3365743,67.32,546.75
185800,544.5,546,1.8,9.5,-3.5,203.979845,67.32,545.25
185900,545,546.5,1.8,9.5,-3.5,203.979656,67.32,545.75
186000,542.5,544,1.8,9.5,-3.5,203.8438627,67.32,543.25
186100,540.5,542,1.8,9.5,-3.5,204.0204158,67.33,541.25
186200,546,547.5,1.8,9.5,-3.5,204.2858007,67.33,546.75
186300,545.5,547,1.8,9.5,-3.5,204.2173277,67.33,546.25
186400,548,549.5,1.8,9.5,-3.5,204.1127048,67.33,548.75
186500,547,548.5,1.8,9.5,-3.5,204.2356693,67.33,547.75
186600,549.5,551,1.8,9.5,-3.5,204.4985052,67.33,550.25
186700,551.5,553,1.8,9.5,-3.5,204.4059545,67.33,552.25
186800,555,556.5,1.8,9.5,-3.5,204.6038252,67.33,555.75
186900,553.5,555,1.8,9.5,-3.5,204.2470228,67.34,554.25
187000,555.5,557,1.8,9.5,-3.5,204.0784173,67.34,556.25
187100,551,552.5,1.8,9.5,-3.5,203.859949,67.34,551.75
187200,554,555.5,1.8,9.5,-3.5,203.8684876,67.34,554.75
187300,555.5,557,1.8,9.5,-3.5,203.9102962,67.34,556.25
187400,556.5,558,1.8,9.5,-3.5,203.9765008,67.34,557.25
187500,558.5,560,1.8,9.5,-3.5,204.2952304,67.34,559.25
187600,558,559.5,1.8,9.5,-3.5,204.385187,67.34,558.75
187700,560,561.5,1.8,9.5,-3.5,204.5739316,67.35,560.75
187800,558,559.5,1.8,9.5,-3.5,204.3694193,67.35,558.75
187900,555.5,557,1.8,9.5,-3.5,204.2609663,67.35,556.25
188000,551,552.5,1.8,9.5,-3.5,204.096799,67.35,551.75
188100,554,555.5,1.8,9.5,-3.5,204.2143012,67.35,554.75
188200,553,554.5,1.8,9.5,-3.5,204.2660496,67.35,553.75
188300,553,555,1.8,9.5,-3.5,204.2995454,67.35,554
188400,555,556.5,1.8,9.5,-3.5,204.4259419,67.36,555.75
188500,553,554.5,1.8,9.5,-3.5,204.3910625,67.36,553.75
188600,555,556.5,1.8,9.5,-3.5,204.523611,67.36,555.75
188700,555,556.5,1.8,9.5,-3.5,204.6638656,67.36,555.75
188800,555,556.5,1.8,9.5,-3.5,204.6038229,67.36,555.75
188900,555.5,557,1.8,9.5,-3.5,204.5554767,67.36,556.25
189000,558,559.5,1.8,9.5,-3.5,204.6144182,67.36,558.75
189100,554.5,556,1.8,9.5,-3.5,204.3663714,67.36,555.25
189200,558,559.5,1.8,9.5,-3.5,204.3984287,67.36,558.75
189300,557.5,559,1.8,9.5,-3.5,204.4576245,67.37,558.25
189400,555.5,557,1.8,9.5,-3.5,204.3262366,67.37,556.25
189500,553.5,555,1.8,9.5,-3.5,204.1197341,67.37,554.25
189600,552.5,554,1.8,9.5,-3.5,203.8068736,67.37,553.25
189700,550,551.5,1.8,9.5,-3.5,203.4871294,67.37,550.75
189800,555.5,557,1.8,9.5,-3.5,203.6942541,67.37,556.25
189900,553.5,555,1.8,9.5,-3.5,203.5733862,67.37,554.25
190000,553.5,555,1.8,9.5,-3.5,203.3916921,67.38,554.25
190100,555.5,557,1.8,9.5,-3.5,203.5030595,67.38,556.25
190200,553.5,555,1.8,9.5,-3.5,203.2457209,67.38,554.25
190300,554,555.5,1.8,9.5,-3.5,203.4744527,67.38,554.75
190400,553,554.5,1.8,9.5,-3.5,203.4646614,67.38,553.75
190500,552,553.5,1.8,9.5,-3.5,203.3530065,67.38,552.75
190600,548.5,550,1.8,9.5,-3.5,203.0518929,67.38,549.25
190700,549.5,551,1.8,9.5,-3.5,203.0260444,67.38,550.25
190800,550.5,552,1.8,9.5,-3.5,203.2137192,67.39,551.25
190900,548.5,550,1.8,9.5,-3.5,203.1156692,67.39,549.25
191000,548.5,550,1.8,9.5,-3.5,203.0059052,67.39,549.25
191100,549,550.5,1.8,9.5,-3.5,202.9896375,67.39,549.75
191200,552.5,554,1.8,9.5,-3.5,203.2320007,67.39,553.25
191300,554,555.5,1.8,9.5,-3.5,203.0321358,67.39,554.75
191400,555,556.5,1.8,9.5,-3.5,203.0945481,67.39,555.75
191500,553.5,555,1.8,9.5,-3.5,202.989589,67.39,554.25
191600,557,558.5,1.8,9.5,-3.5,203.3617696,67.4,557.75
191700,552.5,554,1.8,9.5,-3.5,203.1152551,67.4,553.25
191800,548.5,550,1.8,9.5,-3.5,202.9393546,67.4,549.25
191900,545.5,547,1.8,9.5,-3.5,202.7630728,67.4,546.25
192000,545.5,547,1.8,9.5,-3.5,202.837353,67.4,546.25
192100,545,547,1.8,9.5,-3.5,202.7970148,67.4,546
192200,541.5,543,1.8,9.5,-3.5,202.6244454,67.4,542.25
192300,540.5,542,1.8,9.5,-3.5,202.5766841,67.4,541.25
192400,538.5,540,1.8,9.5,-3.5,202.5440208,67.4,539.25
192500,541,542.5,1.8,9.5,-3.5,202.5908775,67.41,541.75
192600,537,538.5,1.8,9.5,-3.5,202.2937844,67.41,537.75
192700,542.5,544,1.8,9.5,-3.5,202.4609511,67.41,543.25
192800,540,541.5,1.8,9.5,-3.5,202.5021114,67.41,540.75
192900,543.5,545,1.8,9.5,-3.5,202.5395897,67.41,544.25
193000,544.5,546,1.8,9.5,-3.5,202.7873557,67.41,545.25
193100,543,544.5,1.8,9.5,-3.5,202.4981027,67.41,543.75
193200,545.5,547,1.8,9.5,-3.5,202.8298677,67.42,546.25
193300,547,548.5,1.8,9.5,-3.5,203.0308396,67.42,547.75
193400,544.5,546,1.8,9.5,-3.5,202.7934393,67.42,545.25
193500,542,543.5,1.8,9.5,-3.5,202.6933403,67.42,542.75
193600,546,547.5,1.8,9.5,-3.5,202.7072051,67.42,546.75
193700,547.5,549,1.8,9.5,-3.5,202.6900733,67.42,548.25
193800,549,550.5,1.8,9.5,-3.5,202.7479059,67.42,549.75
193900,551.5,553,1.8,9.5,-3.5,203.12032,67.42,552.25
194000,549,550.5,1.8,9.5,-3.5,202.999254,67.42,549.75
194100,548,549.5,1.8,9.5,-3.5,203.0138772,67.43,548.75
194200,543.5,545,1.8,9.5,-3.5,202.7799113,67.43,544.25
194300,544.5,546,1.8,9.5,-3.5,202.8156125,67.43,545.25
194400,546.5,548,1.8,9.5,-3.5,203.1048164,67.43,547.25
194500,545.5,547,1.8,9.5,-3.5,203.0831954,67.43,546.25
194600,545,546.5,1.8,9.5,-3.5,202.8715088,67.43,545.75
194700,548,549.5,1.8,9.5,-3.5,202.9376457,67.43,548.75
194800,546.5,548,1.8,9.5,-3.5,202.7700953,67.44,547.25
194900,552,553.5,1.8,9.5,-3.5,202.9505073,67.44,552.75
195000,554.5,556,1.8,9.5,-3.5,202.9567552,67.44,555.25
195100,553.5,555,1.8,9.5,-3.5,202.6771337,67.44,554.25
195200,552.5,554,1.8,9.5,-3.5,202.5017466,67.44,553.25
195300,553.5,555,1.8,9.5,-3.5,202.4158056,67.44,554.25
195400,551,552.5,1.8,9.5,-3.5,202.0990561,67.44,551.75
195500,550,551.5,1.8,9.5,-3.5,202.0990753,67.44,550.75
195600,549,550.5,1.8,9.5,-3.5,202.0286777,67.44,549.75
195700,546.5,548,1.8,9.5,-3.5,201.8730162,67.45,547.25
195800,548.5,550,1.8,9.5,-3.5,201.9013898,67.45,549.25
195900,549.5,551,1.8,9.5,-3.5,201.7486929,67.45,550.25
196000,550,551.5,1.8,9.5,-3.5,201.7094604,67.45,550.75
196100,553,554.5,1.8,9.5,-3.5,201.9881815,67.45,553.75
196200,556,557.5,1.8,9.5,-3.5,201.8243289,67.45,556.75
196300,559,560.5,1.8,9.5,-3.5,202.0067824,67.45,559.75
196400,560.5,562,1.8,9.5,-3.5,202.2239222,67.46,561.25
196500,562,563.5,1.8,9.5,-3.5,202.2752454,67.46,562.75
196600,567,568.5,1.8,9.5,-3.5,202.7342842,67.46,567.75
196700,569.5,571,1.8,9.5,-3.5,202.8905716,67.46,570.25
196800,570,571.5,1.8,9.5,-3.5,202.7661169,67.46,570.75
196900,569.5,571,1.8,9.5,-3.5,202.6622896,67.46,570.25
197000,572.5,574,1.8,9.5,-3.5,202.9819665,67.46,573.25
197100,571,572.5,1.8,9.5,-3.5,202.749861,67.46,571.75
197200,568.5,570,1.8,9.5,-3.5,202.6626417,67.46,569.25
197300,566.5,568,1.8,9.5,-3.5,202.5467582,67.47,567.25
197400,571.5,573,1.8,9.5,-3.5,202.8101627,67.47,572.25
197500,569.5,571,1.8,9.5,-3.5,202.7627267,67.47,570.25
197600,566.5,568,1.8,9.5,-3.5,202.5165124,67.47,567.25
197700,565,566.5,1.8,9.5,-3.5,202.259102,67.47,565.75
197800,567,568.5,1.8,9.5,-3.5,202.5569379,67.47,567.75
197900,567.5,569,1.8,9.5,-3.5,202.5682136,67.47,568.25
198000,564.5,566,1.8,9.5,-3.5,202.3817723,67.47,565.25
198100,566.5,568,1.8,9.5,-3.5,202.731073,67.48,567.25
198200,565,566.5,1.8,9.5,-3.5,203.1026715,67.48,565.75
198300,567.5,569,1.8,9.5,-3.5,203.2123664,67.48,568.25
198400,569,570.5,1.8,9.5,-3.5,203.1747581,67.48,569.75
198500,568,569.5,1.8,9.5,-3.5,203.1941148,67.48,568.75
198600,569,570.5,1.8,9.5,-3.5,203.1951125,67.48,569.75
198700,573,574.5,1.8,9.5,-3.5,203.3507608,67.48,573.75
198800,574.5,576,1.8,9.5,-3.5,203.4232349,67.48,575.25
198900,573,574.5,1.8,9.5,-3.5,203.1539873,67.49,573.75
199000,572,573.5,1.8,9.5,-3.5,203.1291874,67.49,572.75
199100,570,571.5,1.8,9.5,-3.5,202.9330483,67.49,570.75
199200,566.5,568,1.8,9.5,-3.5,202.7395137,67.49,567.25
199300,567,568.5,1.8,9.5,-3.5,202.8165637,67.49,567.75
199400,568.5,570,1.8,9.5,-3.5,202.9369269,67.49,569.25
199500,572,573.5,1.8,9.5,-3.5,203.0365138,67.49,572.75
199600,568.5,570,1.8,9.5,-3.5,202.8867644,67.5,569.25
199700,566,567.5,1.8,9.5,-3.5,202.8325812,67.5,566.75
199800,565.5,567,1.8,9.5,-3.5,202.7698425,67.5,566.25
199900,561.5,563,1.8,9.5,-3.5,202.7091656,67.5,562.25
200000,560,561.5,1.8,9.5,-3.5,202.6939454,67.5,560.75
200100,554.5,556,1.8,9.5,-3.5,202.5284168,67.5,555.25
200200,554,555.5,1.8,9.5,-3.5,202.2277507,67.5,554.75
200300,553,554.5,1.8,9.5,-3.5,202.4931764,67.5,553.75
200400,556,557.5,1.8,9.5,-3.5,202.5435002,67.5,556.75
200500,556.5,558,1.8,9.5,-3.5,202.3905319,67.51,557.25
200600,555.5,557,1.8,9.5,-3.5,202.5671,67.51,556.25
200700,556,557.5,1.8,9.5,-3.5,202.5663795,67.51,556.75
200800,554.5,556,1.8,9.5,-3.5,202.7293473,67.51,555.25
200900,551.5,553,1.8,9.5,-3.5,202.4666324,67.51,552.25
201000,552,553.5,1.8,9.5,-3.5,202.8133391,67.51,552.75
201100,555.5,557,1.8,9.5,-3.5,202.8948959,67.51,556.25
201200,556.5,558,1.8,9.5,-3.5,203.0176836,67.52,557.25
201300,554.5,556,1.8,9.5,-3.5,202.7196322,67.52,555.25
201400,555,556.5,1.8,9.5,-3.5,202.7549119,67.52,555.75
201500,553,554.5,1.8,9.5,-3.5,202.8596687,67.52,553.75
201600,553.5,555,1.8,9.5,-3.5,202.9273971,67.52,554.25
201700,553.5,555,1.8,9.5,-3.5,202.7722744,67.52,554.25
201800,557.5,559,1.8,9.5,-3.5,202.8816159,67.52,558.25
201900,554,555.5,1.8,9.5,-3.5,202.6902339,67.52,554.75
202000,555,556.5,1.8,9.5,-3.5,202.9518928,67.53,555.75
202100,553.5,555,1.8,9.5,-3.5,202.9090502,67.53,554.25
202200,548.5,550,1.8,9.5,-3.5,202.6524903,67.53,549.25
202300,555,556.5,1.8,9.5,-3.5,203.0207311,67.53,555.75
202400,553,554.5,1.8,9.5,-3.5,202.9723725,67.53,553.75
202500,554.5,556,1.8,9.5,-3.5,203.0308301,67.53,555.25
202600,557,558.5,1.8,9.5,-3.5,203.2064666,67.53,557.75
202700,563,564.5,1.8,9.5,-3.5,203.4993485,67.53,563.75
202800,561.5,563,1.8,9.5,-3.5,203.4040458,67.54,562.25
202900,564.5,566,1.8,9.5,-3.5,203.5923103,67.54,565.25
203000,568.5,570,1.8,9.5,-3.5,203.8984114,67.54,569.25
203100,571,572.5,1.8,9.5,-3.5,204.0891363,67.54,571.75
203200,570.5,572,1.8,9.5,-3.5,203.7441732,67.54,571.25
203300,570,571.5,1.8,9.5,-3.5,203.8812558,67.54,570.75
203400,571.5,573,1.8,9.5,-3.5,203.9432045,67.54,572.25
203500,574.5,576,1.8,9.5,-3.5,203.7808305,67.54,575.25
203600,575,576.5,1.8,9.5,-3.5,203.7076319,67.54,575.75
203700,577.5,579,1.8,9.5,-3.5,203.7685059,67.55,578.25
203800,581,582.5,1.8,9.5,-3.5,204.0547518,67.55,581.75
203900,577,578.5,1.8,9.5,-3.5,203.8332484,67.55,577.75
204000,580,581.5,1.8,9.5,-3.5,203.9173375,67.55,580.75
204100,577,578.5,1.8,9.5,-3.5,203.603488,67.55,577.75
204200,577,578.5,1.8,9.5,-3.5,203.6527743,67.55,577.75
204300,579,580.5,1.8,9.5,-3.5,203.7035138,67.55,579.75
204400,578.5,580,1.8,9.5,-3.5,203.6349552,67.56,579.25
204500,581,582.5,1.8,9.5,-3.5,203.7128638,67.56,581.75
204600,581.5,583,1.8,9.5,-3.5,203.9923771,67.56,582.25
204700,584,585.5,1.8,9.5,-3.5,204.0404879,67.56,584.75
204800,587,588.5,1.8,9.5,-3.5,204.4409846,67.56,587.75
204900,583,584.5,1.8,9.5,-3.5,204.4410716,67.56,583.75
205000,588,589.5,1.8,9.5,-3.5,204.6625349,67.56,588.75
205100,589,590.5,1.8,9.5,-3.5,204.556093,67.56,589.75
205200,586,587.5,1.8,9.5,-3.5,204.306856,67.56,586.75
205300,584.5,586,1.8,9.5,-3.5,204.3276041,67.57,585.25
205400,586.5,588,1.8,9.5,-3.5,204.3758379,67.57,587.25
205500,588.5,590,1.8,9.5,-3.5,204.5248601,67.57,589.25
205600,586.5,588,1.8,9.5,-3.5,204.4897213,67.57,587.25
205700,587,588.5,1.8,9.5,-3.5,204.2466987,67.57,587.75
205800,584,585.5,1.8,9.5,-3.5,204.1710169,67.57,584.75
205900,583,584.5,1.8,9.5,-3.5,204.2473143,67.57,583.75
206000,582.5,584,1.8,9.5,-3.5,204.1834,67.58,583.25
206100,580.5,582,1.8,9.5,-3.5,204.0301559,67.58,581.25
206200,581.5,583,1.8,9.5,-3.5,204.1705405,67.58,582.25
206300,583,584.5,1.8,9.5,-3.5,204.178984,67.58,583.75
206400,584,585.5,1.8,9.5,-3.5,204.2439606,67.58,584.75
206500,582.5,584,1.8,9.5,-3.5,204.0240369,67.58,583.25
206600,582.5,584,1.8,9.5,-3.5,203.9933501,67.58,583.25
206700,579,580.5,1.8,9.5,-3.5,203.5782509,67.58,579.75
206800,576.5,578,1.8,9.5,-3.5,203.4570888,67.58,577.25
206900,580.5,582,1.8,9.5,-3.5,203.790395,67.59,581.25
207000,581.5,583,1.8,9.5,-3.5,204.1249553,67.59,582.25
207100,578,579.5,1.8,9.5,-3.5,204.0236622,67.59,578.75
207200,577,578.5,1.8,9.5,-3.5,203.9350041,67.59,577.75
207300,577.5,579,1.8,9.5,-3.5,203.8817628,67.59,578.25
207400,580,581.5,1.8,9.5,-3.5,204.2043998,67.59,580.75
207500,578,579.5,1.8,9.5,-3.5,204.1267759,67.59,578.75
207600,578,579.5,1.8,9.5,-3.5,204.3081309,67.6,578.75
207700,576,577.5,1.8,9.5,-3.5,204.2466696,67.6,576.75
207800,572,573.5,1.8,9.5,-3.5,204.1720449,67.6,572.75
207900,573.5,575,1.8,9.5,-3.5,204.1237811,67.6,574.25
208000,573.5,575,1.8,9.5,-3.5,204.4562306,67.6,574.25
208100,569.5,571,1.8,9.5,-3.5,204.4499051,67.6,570.25
208200,570.5,572,1.8,9.5,-3.5,204.245066,67.6,571.25
208300,569,570.5,1.8,9.5,-3.5,204.2272419,67.6,569.75
208400,566.5,568,1.8,9.5,-3.5,203.99277,67.6,567.25
208500,567.5,569,1.8,9.5,-3.5,204.3183747,67.61,568.25
208600,568.5,570,1.8,9.5,-3.5,204.0837034,67.61,569.25
208700,572,573.5,1.8,9.5,-3.5,204.1197923,67.61,572.75
208800,573,574.5,1.8,9.5,-3.5,204.1621541,67.61,573.75
208900,574,575.5,1.8,9.5,-3.5,203.9775902,67.61,574.75
209000,576.5,578,1.8,9.5,-3.5,204.1133996,67.61,577.25
209100,579.5,581,1.8,9.5,-3.5,204.3215866,67.61,580.25
209200,576,577.5,1.8,9.5,-3.5,204.2867397,67.61,576.75
209300,577.5,579,1.8,9.5,-3.5,204.7371065,67.62,578.25
209400,577,578.5,1.8,9.5,-3.5,204.6784168,67.62,577.75
209500,579,580.5,1.8,9.5,-3.5,204.9465248,67.62,579.75
209600,579.5,581,1.8,9.5,-3.5,205.0698785,67.62,580.25
209700,577,578.5,1.8,9.5,-3.5,204.577933,67.62,577.75
209800,578,579.5,1.8,9.5,-3.5,204.8199685,67.62,578.75
209900,576.5,578,1.8,9.5,-3.5,204.4523132,67.62,577.25
210000,578.5,580,1.8,9.5,-3.5,204.6383288,67.62,579.25
210100,576.5,578,1.8,9.5,-3.5,204.5563884,67.63,577.25
210200,581.5,583,1.8,9.5,-3.5,204.7683296,67.63,582.25
210300,579,580.5,1.8,9.5,-3.5,204.564437,67.63,579.75
210400,581.5,583,1.8,9.5,-3.5,204.1993214,67.63,582.25
210500,584,585.5,1.8,9.5,-3.5,204.2675895,67.63,584.75
210600,585.5,587,1.8,9.5,-3.5,204.2735981,67.63,586.25
210700,584,585.5,1.8,9.5,-3.5,204.586285,67.63,584.75
210800,582.5,584,1.8,9.5,-3.5,204.5956288,67.64,583.25
210900,578.5,580,1.8,9.5,-3.5,204.5481769,67.64,579.25
211000,580,581.5,1.8,9.5,-3.5,204.6671017,67.64,580.75
211100,578,579.5,1.8,9.5,-3.5,204.8127606,67.64,578.75
211200,581,582.5,1.8,9.5,-3.5,205.0192978,67.64,581.75
211300,582.5,584,1.8,9.5,-3.5,205.1735721,67.64,583.25
211400,584,585.5,1.8,9.5,-3.5,205.3590657,67.64,584.75
211500,587.5,589,1.8,9.5,-3.5,205.4883602,67.64,588.25
211600,584,585.5,1.8,9.5,-3.5,205.3279394,67.64,584.75
211700,580.5,582,1.8,9.5,-3.5,205.0095226,67.65,581.25
211800,581.5,583,1.8,9.5,-3.5,205.0010453,67.65,582.25
211900,579.5,581,1.8,9.5,-3.5,204.6969954,67.65,580.25
212000,579,580.5,1.8,9.5,-3.5,204.6686547,67.65,579.75
212100,579,580.5,1.8,9.5,-3.5,204.7789768,67.65,579.75
212200,578,579.5,1.8,9.5,-3.5,204.7340296,67.65,578.75
212300,579.5,581,1.8,9.5,-3.5,205.0555264,67.65,580.25
212400,584.5,586,1.8,9.5,-3.5,205.34096,67.66,585.25
212500,583.5,585,1.8,9.5,-3.5,205.219127,67.66,584.25
212600,579,580.5,1.8,9.5,-3.5,205.1159442,67.66,579.75
212700,579,580.5,1.8,9.5,-3.5,204.9460557,67.66,579.75
212800,581,582.5,1.8,9.5,-3.5,204.6377972,67.66,581.75
212900,584,585.5,1.8,9.5,-3.5,204.8104454,67.66,584.75
213000,582,583.5,1.8,9.5,-3.5,204.4948557,67.66,582.75
213100,581.5,583,1.8,9.5,-3.5,204.3610914,67.66,582.25
213200,580,581.5,1.8,9.5,-3.5,204.2962261,67.67,580.75
213300,576.5,578,1.8,9.5,-3.5,204.0094925,67.67,577.25
213400,575.5,577,1.8,9.5,-3.5,203.9109395,67.67,576.25
213500,579.5,581,1.8,9.5,-3.5,204.165173,67.67,580.25
213600,581.5,583,1.8,9.5,-3.5,204.2397411,67.67,582.25
213700,587,588.5,1.8,9.5,-3.5,204.4490547,67.67,587.75
213800,584,585.5,1.8,9.5,-3.5,204.2224269,67.67,584.75
213900,581.5,583,1.8,9.5,-3.5,204.1297076,67.67,582.25
214000,581.5,583,1.8,9.5,-3.5,204.0523461,67.68,582.25
214100,585,586.5,1.8,9.5,-3.5,204.2977461,67.68,585.75
214200,586.5,588,1.8,9.5,-3.5,204.2897674,67.68,587.25
214300,586.5,588,1.8,9.5,-3.5,204.3209235,67.68,587.25
214400,585.5,587,1.8,9.5,-3.5,204.3225931,67.68,586.25
214500,585,586.5,1.8,9.5,-3.5,204.1306863,67.68,585.75
214600,587.5,589,1.8,9.5,-3.5,204.3390025,67.68,588.25
214700,589.5,591,1.8,9.5,-3.5,204.484911,67.68,590.25
214800,588.5,590,1.8,9.5,-3.5,204.5550887,67.68,589.25
214900,590,591.5,1.8,9.5,-3.5,204.5289483,67.69,590.75
215000,591,592.5,1.8,9.5,-3.5,204.5671074,67.69,591.75
215100,588,589.5,1.8,9.5,-3.5,204.4280353,67.69,588.75
215200,590.5,592,1.8,9.5,-3.5,204.4544004,67.69,591.25
215300,587.5,589,1.8,9.5,-3.5,204.2362751,67.69,588.25
215400,589.5,591,1.8,9.5,-3.5,204.3689377,67.69,590.25
215500,588,589.5,1.8,9.5,-3.5,204.3099216,67.69,588.75
215600,590.5,592,1.8,9.5,-3.5,204.3562408,67.69,591.25
215700,588.5,590,1.8,9.5,-3.5,204.0762875,67.7,589.25
215800,588,589.5,1.8,9.5,-3.5,204.0129273,67.7,588.75
215900,587.5,589,1.8,9.5,-3.5,204.0876483,67.7,588.25
216000,590,591.5,1.8,9.5,-3.5,204.4757559,67.7,590.75
216100,592,593.5,1.8,9.5,-3.5,204.5204453,67.7,592.75
216200,593,594.5,1.8,9.5,-3.5,204.4626067,67.7,593.75
216300,593,594.5,1.8,9.5,-3.5,204.4786288,67.7,593.75
216400,594.5,596,1.8,9.5,-3.5,204.5539016,67.7,595.25
216500,598,599.5,1.8,9.5,-3.5,204.8466256,67.71,598.75
216600,594,595.5,1.8,9.5,-3.5,204.79782,67.71,594.75
216700,591,592.5,1.8,9.5,-3.5,204.6135085,67.71,591.75
216800,589,590.5,1.8,9.5,-3.5,204.6721919,67.71,589.75
216900,584.5,586,1.8,9.5,-3.5,204.5645864,67.71,585.25
217000,582,583.5,1.8,9.5,-3.5,204.3393826,67.71,582.75
217100,583,584.5,1.8,9.5,-3.5,204.4923344,67.71,583.75
217200,581,582.5,1.8,9.5,-3.5,204.3378714,67.72,581.75
217300,581.5,583,1.8,9.5,-3.5,204.5248758,67.72,582.25
217400,577.5,579,1.8,9.5,-3.5,204.5123491,67.72,578.25
217500,579.5,581,1.8,9.5,-3.5,204.7629302,67.72,580.25
217600,577.5,579,1.8,9.5,-3.5,204.7570853,67.72,578.25
217700,577.5,579,1.8,9.5,-3.5,204.6327716,67.72,578.25
217800,577,578.5,1.8,9.5,-3.5,204.3682658,67.72,577.75
217900,573.5,575,1.8,9.5,-3.5,204.2278278,67.72,574.25
218000,570,571.5,1.8,9.5,-3.5,204.2126391,67.72,570.75
218100,573,574.5,1.8,9.5,-3.5,204.3915833,67.73,573.75
218200,571,572.5,1.8,9.5,-3.5,204.1787815,67.73,571.75
218300,573,574.5,1.8,9.5,-3.5,204.335536,67.73,573.75
218400,575,576.5,1.8,9.5,-3.5,204.4048786,67.73,575.75
218500,577,578.5,1.8,9.5,-3.5,204.7460425,67.73,577.75
218600,576,577.5,1.8,9.5,-3.5,204.6807744,67.73,576.75
218700,582,583.5,1.8,9.5,-3.5,204.8908028,67.73,582.75
218800,581,582.5,1.8,9.5,-3.5,204.5914772,67.74,581.75
218900,583,584.5,1.8,9.5,-3.5,204.7191133,67.74,583.75
219000,582.5,584,1.8,9.5,-3.5,204.8928115,67.74,583.25
219100,580,581.5,1.8,9.5,-3.5,204.8460137,67.74,580.75
219200,583.5,585,1.8,9.5,-3.5,205.0071176,67.74,584.25
219300,579.5,581,1.8,9.5,-3.5,204.8417538,67.74,580.25
219400,577.5,579,1.8,9.5,-3.5,204.7627102,67.74,578.25
219500,575.5,577,1.8,9.5,-3,204.5488733,67.74,576.25
219600,574.5,576,1.8,9.5,-3,204.3082921,67.74,575.25
219700,573.5,575,1.8,9.5,-3,204.3774237,67.75,574.25
219800,571.5,573,1.8,9.5,-3,204.1424719,67.75,572.25
219900,572.5,574,1.8,9.5,-3,204.1439246,67.75,573.25
220000,568.5,570,1.8,9.5,-3,203.7784763,67.75,569.25
220100,569.5,571,1.8,9.5,-3,203.9121469,67.75,570.25
220200,567,568.5,1.8,9.5,-3,203.8001783,67.75,567.75
220300,564.5,566,1.8,9.5,-3,203.6198936,67.75,565.25
220400,568.5,570,1.8,9.5,-3,203.7836064,67.76,569.25
220500,569.5,571,1.8,9.5,-3,203.8288775,67.76,570.25
220600,566.5,568,1.8,9.5,-3,203.6659692,67.76,567.25
220700,566.5,568,1.8,9.5,-3,203.786906,67.76,567.25
220800,566.5,568.5,1.8,9.5,-3,203.9830794,67.76,567.5
220900,568,569.5,1.8,9.5,-3,203.8544674,67.76,568.75
221000,572,573.5,1.8,9.5,-3,203.870097,67.76,572.75
221100,569.5,571,1.8,9.5,-3,203.6119101,67.76,570.25
221200,570,571.5,1.8,9.5,-3,203.522797,67.76,570.75
221300,568,569.5,1.8,9.5,-3,203.4437804,67.77,568.75
221400,565,566.5,1.8,9.5,-3,203.2019889,67.77,565.75
221500,569.5,571,1.8,9.5,-3,203.2782192,67.77,570.25
221600,572,573.5,1.8,9.5,-3,203.549662,67.77,572.75
221700,573,574.5,1.8,9.5,-3,203.6080454,67.77,573.75
221800,567.5,569,1.8,9.5,-3,203.4892553,67.77,568.25
221900,568.5,570,1.8,9.5,-3,203.9005467,67.77,569.25
222000,572.5,574,1.8,9.5,-3,203.86855,67.78,573.25
222100,569,570.5,1.8,9.5,-3,203.4202599,67.78,569.75
222200,569,570.5,1.8,9.5,-3,203.7738613,67.78,569.75
222300,570,571.5,1.8,9.5,-3,203.5579352,67.78,570.75
222400,567.5,569,1.8,9.5,-3,203.5101412,67.78,568.25
222500,571.5,573,1.8,9.5,-3,203.7523087,67.78,572.25
222600,572,573.5,1.8,9.5,-3,203.8080516,67.78,572.75
222700,577.5,579,1.8,9.5,-3,204.1072604,67.78,578.25
222800,575,576.5,1.8,9.5,-3,203.9965637,67.78,575.75
222900,571,572.5,1.8,9.5,-3,203.9573512,67.79,571.75
223000,570,571.5,1.8,9.5,-3,203.8021677,67.79,570.75
223100,571,572.5,1.8,9.5,-3,204.0108912,67.79,571.75
223200,573.5,575,1.8,9.5,-3,203.6806791,67.79,574.25
223300,575.5,577,1.8,9.5,-3,203.7630286,67.79,576.25
223400,577.5,579,1.8,9.5,-3,203.8501133,67.79,578.25
223500,576.5,578,1.8,9.5,-3,203.774922,67.79,577.25
223600,576,577.5,1.8,9.5,-3,203.9367797,67.8,576.75
223700,575,576.5,1.8,9.5,-3,203.9702545,67.8,575.75
223800,573,574.5,1.8,9.5,-3,203.7193171,67.8,573.75
223900,571,572.5,1.8,9.5,-3,203.5358232,67.8,571.75
224000,571.5,573,1.8,9.5,-3,203.4534091,67.8,572.25
224100,570.5,572,1.8,9.5,-3,203.4345153,67.8,571.25
224200,574,575.5,1.8,9.5,-3,203.5450891,67.8,574.75
224300,577.5,579,1.8,9.5,-3,203.7332435,67.8,578.25
224400,576.5,578,1.8,9.5,-3,203.4274633,67.81,577.25
224500,579,580.5,1.8,9.5,-3,203.4416575,67.81,579.75
224600,583,584.5,1.8,9.5,-3,203.8778407,67.81,583.75
224700,579.5,581,1.8,9.5,-3,203.7684968,67.81,580.25
224800,576,577.5,1.8,9.5,-3,203.5460538,67.81,576.75
224900,574.5,576,1.8,9.5,-3,203.2557681,67.81,575.25
225000,572.5,574,1.8,9.5,-3,203.6019727,67.81,573.25
225100,572.5,574,1.8,9.5,-3,203.6705272,67.81,573.25
225200,568.5,570,1.8,9.5,-3,203.3811955,67.82,569.25
225300,567.5,569,1.8,9.5,-3,203.1516314,67.82,568.25
225400,568.5,570,1.8,9.5,-3,203.2900408,67.82,569.25
225500,567,568.5,1.8,9.5,-3,203.48826,67.82,567.75
225600,570.5,572,1.8,9.5,-3,203.6554779,67.82,571.25
225700,570,571.5,1.8,9.5,-3,203.4530044,67.82,570.75
225800,573,574.5,1.8,9.5,-3,203.8804533,67.82,573.75
225900,570,571.5,1.8,9.5,-3,203.6258207,67.82,570.75
226000,576,577.5,1.8,9.5,-3,203.8910332,67.82,576.75
226100,573,574.5,1.8,9.5,-3,203.1668887,67.83,573.75
226200,572.5,574,1.8,9.5,-3,203.1274026,67.83,573.25
226300,574.5,576,1.8,9.5,-3,203.3645843,67.83,575.25
226400,576,577.5,1.8,9.5,-3,203.4032687,67.83,576.75
226500,577,578.5,1.8,9.5,-3,203.8929868,67.83,577.75
226600,577.5,579,1.8,9.5,-3,203.8456682,67.83,578.25
226700,574.5,576,1.8,9.5,-3,203.8052525,67.83,575.25
226800,581.5,583,1.8,9.5,-3,203.9380311,67.83,582.25
226900,587.5,589,1.8,9.5,-3,204.289306,67.84,588.25
227000,587.5,589,1.8,9.5,-3,204.4558481,67.84,588.25
227100,584,585.5,1.8,9.5,-3,204.354883,67.84,584.75
227200,585.5,587,1.8,9.5,-3,204.6542129,67.84,586.25
227300,584.5,586,1.8,9.5,-3,204.670077,67.84,585.25
227400,585.5,587,1.8,9.5,-3,204.9543463,67.84,586.25
227500,588.5,590,1.8,9.5,-3,204.9017297,67.84,589.25
227600,587.5,589,1.8,9.5,-3,204.8170875,67.84,588.25
227700,582.5,584,1.8,9.5,-3,204.7964492,67.85,583.25
227800,583.5,585,1.8,9.5,-3,204.4692185,67.85,584.25
227900,585,586.5,1.8,9.5,-3,204.5383072,67.85,585.75
228000,583.5,585,1.8,9.5,-3,204.4246302,67.85,584.25
228100,580.5,582,1.8,9.5,-3,204.1294241,67.85,581.25
228200,577.5,579,1.8,9.5,-3,204.0724499,67.85,578.25
228300,578,579.5,1.8,9.5,-3,204.2424211,67.85,578.75
228400,578,579.5,1.8,9.5,-3,204.1307332,67.86,578.75
228500,580,581.5,1.8,9.5,-3,204.4604241,67.86,580.75
228600,581,582.5,1.8,9.5,-3,204.4999097,67.86,581.75
228700,582,583.5,1.8,9.5,-3,204.533077,67.86,582.75
228800,581.5,583,1.8,9.5,-3,204.5153233,67.86,582.25
228900,578.5,580,1.8,9.5,-3,204.275944,67.86,579.25
229000,577,578.5,1.8,9.5,-3,204.1109453,67.86,577.75
229100,574.5,576,1.8,9.5,-3,203.8613686,67.86,575.25
229200,575.5,577,1.8,9.5,-3,203.8941714,67.86,576.25
229300,573.5,575,1.8,9.5,-3,203.4116472,67.87,574.25
229400,573,574.5,1.8,9.5,-3,203.3735912,67.87,573.75
229500,573,575,1.8,9.5,-3,203.5353012,67.87,574
229600,575,576.5,1.8,9.5,-3,203.5352465,67.87,575.75
229700,575,576.5,1.8,9.5,-3,203.1945319,67.87,575.75
229800,575,576.5,1.8,9.5,-3,203.3387493,67.87,575.75
229900,572.5,574,1.8,9.5,-3,203.0515101,67.87,573.25
230000,575.5,577,1.8,9.5,-3,203.0337827,67.88,576.25
230100,576.5,578,1.8,9.5,-3,202.8769601,67.88,577.25
230200,579,580.5,1.8,9.5,-3,202.5739122,67.88,579.75
230300,580,581.5,1.8,9.5,-3,202.4166207,67.88,580.75
230400,583,584.5,1.8,9.5,-3,202.4849843,67.88,583.75
230500,582.5,584.5,1.8,9.5,-3,202.3136732,67.88,583.5
230600,585.5,587,1.8,9.5,-3,202.5234824,67.88,586.25
230700,583,584.5,1.8,9.5,-3,202.5209506,67.88,583.75
230800,585.5,587,1.8,9.5,-3,202.8087771,67.89,586.25
230900,585,586.5,1.8,9.5,-3,202.7869785,67.89,585.75
231000,585,586.5,1.8,9.5,-3,202.9782528,67.89,585.75
231100,585,586.5,1.8,9.5,-3,203.3870218,67.89,585.75
231200,588,589.5,1.8,9.5,-3,203.3964359,67.89,588.75
231300,585.5,587,1.8,9.5,-3,203.2987134,67.89,586.25
231400,584,585.5,1.8,9.5,-3,203.1978264,67.89,584.75
231500,587,588.5,1.8,9.5,-3,203.2079454,67.89,587.75
231600,589,590.5,1.8,9.5,-3,203.3610905,67.9,589.75
231700,589,590.5,1.8,9.5,-3,203.3967223,67.9,589.75
231800,586,587.5,1.8,9.5,-3,203.3649521,67.9,586.75
231900,585.5,587,1.8,9.5,-3,203.4660781,67.9,586.25
232000,582.5,584,1.8,9.5,-3,203.3878513,67.9,583.25
232100,586.5,588,1.8,9.5,-3,203.5876652,67.9,587.25
232200,588,589.5,1.8,9.5,-3,203.9191771,67.9,588.75
232300,587.5,589,1.8,9.5,-3,203.9041906,67.9,588.25
232400,587,588.5,1.8,9.5,-3,203.7724184,67.9,587.75
232500,586.5,588.5,1.8,9.5,-3,203.7853742,67.91,587.5
232600,589.5,591,1.8,9.5,-3,203.8794748,67.91,590.25
232700,588,589.5,1.8,9.5,-3,203.8441931,67.91,588.75
232800,591,592.5,1.8,9.5,-3,203.9407545,67.91,591.75
232900,592,593.5,1.8,9.5,-3,203.8923469,67.91,592.75
233000,588.5,590,1.8,9.5,-3,203.878586,67.91,589.25
233100,592.5,594,1.8,9.5,-3,203.989056,67.91,593.25
233200,590,591.5,1.8,9.5,-3,203.7869237,67.92,590.75
233300,591,592.5,1.8,9.5,-3,204.0721191,67.92,591.75
233400,586.5,588,1.8,9.5,-3,203.79869,67.92,587.25
233500,584,585.5,1.8,9.5,-3,203.7454384,67.92,584.75
233600,588,589.5,1.8,9.5,-3,203.9306829,67.92,588.75
233700,583,584.5,1.8,9.5,-3,203.6398802,67.92,583.75
233800,586.5,588,1.8,9.5,-3,203.5532068,67.92,587.25
233900,583.5,585,1.8,9.5,-3,203.2920523,67.92,584.25
234000,583.5,585.5,1.8,9.5,-3,203.1430407,67.92,584.5
234100,584,585.5,1.8,9.5,-3,203.1889022,67.93,584.75
234200,583,584.5,1.8,9.5,-3,203.0917833,67.93,583.75
234300,587,588.5,1.8,9.5,-3,203.2923737,67.93,587.75
234400,588,589.5,1.8,9.5,-3,203.2116832,67.93,588.75
234500,588,589.5,1.8,9.5,-3,203.4093329,67.93,588.75
234600,587,588.5,1.8,9.5,-3,203.2026355,67.93,587.75
234700,587.5,589,1.8,9.5,-3,203.6534056,67.93,588.25
234800,585.5,587,1.8,9.5,-3,203.4680678,67.94,586.25
234900,588.5,590,1.8,9.5,-3,203.4745306,67.94,589.25
235000,592,593.5,1.8,9.5,-3,203.7013416,67.94,592.75
235100,592,594,1.8,9.5,-3,203.8898378,67.94,593
235200,589,590.5,1.8,9.5,-3,203.6658851,67.94,589.75
235300,586.5,588,1.8,9.5,-3,203.5901389,67.94,587.25
235400,586,588,1.8,9.5,-3,203.4625342,67.94,587
235500,589,590.5,1.8,9.5,-3,203.6493635,67.94,589.75
235600,588,589.5,1.8,9.5,-3,203.8439262,67.94,588.75
235700,588,589.5,1.8,9.5,-3,203.9372952,67.95,588.75
235800,592.5,594,1.8,9.5,-3,203.9671839,67.95,593.25
235900,595.5,597,1.8,9.5,-3,204.2000538,67.95,596.25
236000,598,599.5,1.8,9.5,-3,204.109611,67.95,598.75
236100,601.5,603,1.8,9.5,-3,204.420038,67.95,602.25
236200,605,606.5,1.8,9.5,-3,204.5506186,67.95,605.75
236300,609,610.5,1.8,9.5,-3,204.6224418,67.95,609.75
236400,613.5,615,1.8,9.5,-3,204.7836433,67.96,614.25
236500,615,616.5,1.8,9.5,-3,204.804107,67.96,615.75
236600,618.5,620,1.8,9.5,-3,205.1046763,67.96,619.25
236700,622.5,624,1.8,9.5,-3,205.488903,67.96,623.25
236800,627.5,629,1.8,9.5,-3,205.5636204,67.96,628.25
236900,632.5,634,1.8,9.5,-3,205.7482377,67.96,633.25
237000,631.5,633,1.8,9.5,-3,205.7054933,67.96,632.25
237100,636,637.5,1.8,9.5,-3,205.831976,67.96,636.75
237200,638,639.5,1.8,9.5,-3,206.0386012,67.96,638.75
237300,638,639.5,1.8,9.5,-3,205.6041296,67.97,638.75
237400,635.5,637,1.8,9.5,-3,205.5746183,67.97,636.25
237500,634,635.5,1.8,9.5,-3,205.4335127,67.97,634.75
237600,633.5,635.5,1.8,9.5,-3,205.3506764,67.97,634.5
237700,634.5,636,1.8,9.5,-3,205.3687695,67.97,635.25
237800,636,637.5,1.8,9.5,-3,205.4978965,67.97,636.75
237900,633.5,635,1.8,9.5,-3,205.3996525,67.97,634.25
238000,630.5,632,1.8,9.5,-3,205.1992061,67.97,631.25
238100,629.5,631,1.8,9.5,-3,205.1614644,67.98,630.25
238200,631.5,633,1.8,9.5,-3,205.3667078,67.98,632.25
238300,629.5,631,1.8,9.5,-3,205.297515,67.98,630.25
238400,626.5,628,1.8,9.5,-3,205.1133594,67.98,627.25
238500,625.5,627,1.8,9.5,-3,205.1621031,67.98,626.25
238600,625.5,627.5,1.8,9.5,-3,204.9127903,67.98,626.5
238700,629.5,631,1.8,9.5,-3,204.9835858,67.98,630.25
238800,627.5,629,1.8,9.5,-3,204.7228369,67.98,628.25
238900,628,629.5,1.8,9.5,-3,204.6180064,67.99,628.75
239000,629.5,631,1.8,9.5,-3,204.7242641,67.99,630.25
239100,631.5,633,1.8,9.5,-3,204.3638298,67.99,632.25
239200,634.5,636,1.8,9.5,-3,204.5509852,67.99,635.25
239300,634,635.5,1.8,9.5,-3,204.5514394,67.99,634.75
239400,634.5,636,1.8,9.5,-3,204.3592518,67.99,635.25
239500,630.5,632,1.8,9.5,-3,204.1504024,67.99,631.25
239600,630,632,1.8,9.5,-3,203.9174676,68,631
239700,624.5,626,1.8,9.5,-3,203.5726508,68,625.25
239800,629,630.5,1.8,9.5,-3,203.7717872,68,629.75
239900,633.5,635,1.8,9.5,-3,203.9582734,68,634.25
240000,631,632.5,1.8,9.5,-3,203.4639393,68,631.75
240100,632.5,634,1.8,9.5,-3,203.5662336,68,633.25
240200,628,629.5,1.8,9.5,-3,203.2493921,68,628.75
240300,624,625.5,1.8,9.5,-3,203.0252001,68,624.75
240400,629.5,631,1.8,9.5,-3,203.0806142,68,630.25
240500,633.5,635,1.8,9.5,-3,203.1167945,68.01,634.25
240600,630.5,632,1.8,9.5,-3,202.8673348,68.01,631.25
240700,631,632.5,1.8,9.5,-3,202.921456,68.01,631.75
240800,635.5,637,1.8,9.5,-3,203.0613233,68.01,636.25
240900,636.5,638,1.8,9.5,-3,203.4160978,68.01,637.25
241000,639,640.5,1.8,9.5,-3,203.5672877,68.01,639.75
241100,637.5,639,1.8,9.5,-3,203.5458713,68.01,638.25
241200,638.5,640,1.8,9.5,-3,203.6362561,68.02,639.25
241300,641.5,643,1.8,9.5,-3,203.7626343,68.02,642.25
241400,637,638.5,1.8,9.5,-3,203.5059824,68.02,637.75
241500,637.5,639,1.8,9.5,-3,203.2272068,68.02,638.25
241600,636,637.5,1.8,9.5,-3,203.2858987,68.02,636.75
241700,636,637.5,1.8,9.5,-3,203.3792796,68.02,636.75
241800,639.5,641,1.8,9.5,-3,203.4195184,68.02,640.25
241900,638.5,640,1.8,9.5,-3,203.2456569,68.02,639.25
242000,640,641.5,1.8,9.5,-3,203.358043,68.03,640.75
242100,640,641.5,1.8,9.5,-3,203.502821,68.03,640.75
242200,639.5,641,1.8,9.5,-3,203.763781,68.03,640.25
242300,642.5,644,1.8,9.5,-3,203.9770256,68.03,643.25
242400,647,648.5,1.8,9.5,-3,204.0884898,68.03,647.75
242500,645.5,647,1.8,9.5,-3,204.0256323,68.03,646.25
242600,645,646.5,1.8,9.5,-3,203.9006653,68.03,645.75
242700,643,644.5,1.8,9.5,-3,203.9940094,68.03,643.75
242800,642.5,644,1.8,9.5,-3,203.8940981,68.04,643.25
242900,642.5,644,1.8,9.5,-3,203.7461669,68.04,643.25
243000,640.5,642,1.8,9.5,-3,203.2207501,68.04,641.25
243100,639.5,641,1.8,9.5,-3,203.1183885,68.04,640.25
243200,637.5,639,1.8,9.5,-3,203.0428721,68.04,638.25
243300,638,639.5,1.8,9.5,-3,202.8004062,68.04,638.75
243400,637,638.5,1.8,9.5,-3,202.6686076,68.04,637.75
243500,637.5,639,1.8,9.5,-3,202.7074155,68.04,638.25
243600,638,639.5,1.8,9.5,-3,202.7095633,68.04,638.75
243700,641.5,643,1.8,9.5,-3,202.8662112,68.05,642.25
243800,641,642.5,1.8,9.5,-3,202.9247916,68.05,641.75
243900,642,643.5,1.8,9.5,-3,202.8481893,68.05,642.75
244000,647,648.5,1.8,9.5,-3,203.0224827,68.05,647.75
244100,643.5,645,1.8,9.5,-3,202.9527983,68.05,644.25
244200,647,648.5,1.8,9.5,-3,202.9702193,68.05,647.75
244300,647.5,649,1.8,9.5,-3,202.9226358,68.05,648.25
244400,649.5,651,1.8,9.5,-3,203.1842945,68.06,650.25
244500,650.5,652,1.8,9.5,-3,203.1858419,68.06,651.25
244600,648.5,650,1.8,9.5,-3,202.7188697,68.06,649.25
244700,651,652.5,1.8,9.5,-3,203.0058023,68.06,651.75
244800,653,654.5,1.8,9.5,-3,202.5624992,68.06,653.75
244900,657,658.5,1.8,9.5,-3,202.7300306,68.06,657.75
245000,656,657.5,1.8,9.5,-3,202.5954043,68.06,656.75
245100,657.5,659,1.8,9.5,-3,202.9015719,68.06,658.25
245200,661,662.5,1.8,9.5,-3,202.8718529,68.06,661.75
245300,659.5,661,1.8,9.5,-3,202.7817977,68.07,660.25
245400,657.5,659,1.8,9.5,-3,202.6295469,68.07,658.25
245500,661,662.5,1.8,9.5,-3,202.6933656,68.07,661.75
245600,658,659.5,1.8,9.5,-3,202.3830727,68.07,658.75
245700,659.5,661,1.8,9.5,-3,202.3991324,68.07,660.25
245800,666,667.5,1.8,9.5,-3,202.7468335,68.07,666.75
245900,666,668,1.8,9.5,-3,202.8541377,68.07,667
246000,663,664.5,1.8,9.5,-3,202.2434242,68.08,663.75
246100,662.5,664.5,1.8,9.5,-3,202.389412,68.08,663.5
246200,662,663.5,1.8,9.5,-3,202.286175,68.08,662.75
246300,663.5,665,1.8,9.5,-3,202.2385469,68.08,664.25
246400,660.5,662,1.8,9.5,-3,201.8164712,68.08,661.25
246500,665.5,667,1.8,9.5,-3,202.1907825,68.08,666.25
246600,666,667.5,1.8,9.5,-3,201.9036685,68.08,666.75
246700,666.5,668,1.8,9.5,-3,201.8400419,68.08,667.25
246800,666.5,668,1.8,9.5,-3,201.8372553,68.08,667.25
246900,665,666.5,1.8,9.5,-3,201.6774881,68.09,665.75
247000,662,663.5,1.8,9.5,-3,201.4717226,68.09,662.75
247100,659.5,661,1.8,9.5,-3,201.3138713,68.09,660.25
247200,665,666.5,1.8,9.5,-3,201.5071546,68.09,665.75
247300,664,665.5,1.8,9.5,-3,201.5837818,68.09,664.75
247400,667,668.5,1.8,9.5,-3,201.6991573,68.09,667.75
247500,662.5,664,1.8,9.5,-3,201.5614065,68.09,663.25
247600,663,664.5,1.8,9.5,-3,201.6654934,68.1,663.75
247700,664.5,666,1.8,9.5,-3,201.5690156,68.1,665.25
247800,666,667.5,1.8,9.5,-3,201.8717109,68.1,666.75
247900,665,666.5,1.8,9.5,-3,201.8759583,68.1,665.75
248000,662,663.5,1.8,9.5,-3,201.7953759,68.1,662.75
248100,661.5,663,1.8,9.5,-3,201.730271,68.1,662.25
248200,661.5,663,1.8,9.5,-3,201.488659,68.1,662.25
248300,660,661.5,1.8,9.5,-3,201.7434002,68.1,660.75
248400,659,660.5,1.8,9.5,-3,201.758981,68.1,659.75
248500,658.5,660,1.8,9.5,-3,201.5390401,68.11,659.25
248600,655,656.5,1.8,9.5,-3,201.3831552,68.11,655.75
248700,655.5,657,1.8,9.5,-3,201.4092621,68.11,656.25
248800,653.5,655,1.8,9.5,-3,201.3800176,68.11,654.25
248900,652,653.5,1.8,9.5,-3,201.283965,68.11,652.75
249000,655.5,657,1.8,9.5,-3,201.4515056,68.11,656.25
249100,659.5,661,1.8,9.5,-3,201.7898293,68.11,660.25
249200,657.5,659,1.8,9.5,-3,201.8332559,68.11,658.25
249300,660.5,662,1.8,9.5,-3,201.9781326,68.12,661.25
249400,660.5,662.5,1.8,9.5,-3,201.8959113,68.12,661.5
249500,664,665.5,1.8,9.5,-3,202.1404287,68.12,664.75
249600,668,669.5,1.8,9.5,-3,202.1632368,68.12,668.75
249700,669,670.5,1.8,9.5,-3,202.1277535,68.12,669.75
249800,666,667.5,1.8,9.5,-3,201.8617146,68.12,666.75
249900,664,665.5,1.8,9.5,-3,201.514903,68.12,664.75
250000,661,662.5,1.8,9.5,-3,201.2591309,68.12,661.75
250100,663,664.5,1.8,9.5,-3,201.6399265,68.13,663.75
250200,660.5,662,1.8,9.5,-3,201.3786165,68.13,661.25
250300,664,665.5,1.8,9.5,-3,201.5086049,68.13,664.75
250400,665,666.5,1.8,9.5,-3,201.5938566,68.13,665.75
250500,663.5,665,1.8,9.5,-3,201.4947832,68.13,664.25
250600,662.5,664,1.8,9.5,-3,201.7811306,68.13,663.25
250700,660,661.5,1.8,9.5,-3,201.584701,68.13,660.75
250800,658.5,660,1.8,9.5,-3,201.4005603,68.14,659.25
250900,658,659.5,1.8,9.5,-3,201.3034553,68.14,658.75
251000,656,657.5,1.8,9.5,-3,201.2750947,68.14,656.75
251100,656.5,658,1.8,9.5,-3,201.4768561,68.14,657.25
251200,656.5,658,1.8,9.5,-3,201.469881,68.14,657.25
251300,661,662.5,1.8,9.5,-3,201.5482531,68.14,661.75
251400,661,662.5,1.8,9.5,-3,201.5596909,68.14,661.75
251500,657.5,659,1.8,9.5,-3,201.7104298,68.14,658.25
251600,658.5,660,1.8,9.5,-3,201.7587229,68.14,659.25
251700,657.5,659,1.8,9.5,-3,201.9228356,68.15,658.25
251800,654.5,656,1.8,9.5,-3,201.8676574,68.15,655.25
251900,651.5,653,1.7,9.5,-3,201.84882,68.15,652.25
252000,651.5,653,1.7,9.5,-3,201.9508981,68.15,652.25
252100,650.5,652,1.7,9.5,-3,201.8610789,68.15,651.25
252200,651.5,653,1.7,9.5,-3,202.0472262,68.15,652.25
252300,655,656.5,1.7,9.5,-3,202.2436414,68.15,655.75
252400,656,657.5,1.7,9.5,-3,202.377576,68.16,656.75
252500,653.5,655,1.7,9.5,-3,201.9346701,68.16,654.25
252600,654.5,656,1.7,9.5,-3,202.0095679,68.16,655.25
252700,656.5,658,1.7,9.5,-3,202.1323935,68.16,657.25
252800,653.5,655,1.7,9.5,-3,202.0579662,68.16,654.25
252900,650,651.5,1.7,9.5,-3,201.5862695,68.16,650.75
253000,650.5,652,1.7,9.5,-3,201.6365695,68.16,651.25
253100,655.5,657,1.7,9.5,-3,201.79442,68.16,656.25
253200,655.5,657,1.7,9.5,-3,201.7900169,68.17,656.25
253300,654,655.5,1.7,9.5,-3,201.6907508,68.17,654.75
253400,652.5,654,1.7,9.5,-3,201.5163356,68.17,653.25
253500,648.5,650,1.7,9.5,-3,201.6631173,68.17,649.25
253600,647,648.5,1.7,9.5,-3,201.6222006,68.17,647.75
253700,643,644.5,1.7,9.5,-3,201.5501383,68.17,643.75
253800,648.5,650,1.7,9.5,-3,201.685032,68.17,649.25
253900,650.5,652,1.7,9.5,-3,201.8084894,68.17,651.25
254000,649,650.5,1.7,9.5,-3,201.7571431,68.18,649.75
254100,648,649.5,1.7,9.5,-3,201.7666947,68.18,648.75
254200,648,649.5,1.7,9.5,-3,201.9093533,68.18,648.75
254300,646.5,648,1.7,9.5,-3,201.75251,68.18,647.25
254400,647.5,649,1.7,9.5,-3,201.9877904,68.18,648.25
254500,645.5,647,1.7,9.5,-3,201.9756811,68.18,646.25
254600,647,648.5,1.7,9.5,-3,201.9760628,68.18,647.75
254700,648.5,650,1.7,9.5,-3,202.1085497,68.18,649.25
254800,644.5,646,1.7,9.5,-3,201.9310184,68.18,645.25
254900,642,643.5,1.7,9.5,-3,201.7889959,68.19,642.75
255000,647,648.5,1.7,9.5,-3,202.0960132,68.19,647.75
255100,652,653.5,1.7,9.5,-3,202.3474558,68.19,652.75
255200,655,656.5,1.7,9.5,-3,202.4863429,68.19,655.75
255300,662,663.5,1.7,9.5,-3,202.9950643,68.19,662.75
255400,662,663.5,1.7,9.5,-3,203.0252236,68.19,662.75
255500,659.5,661,1.7,9.5,-3,202.8381969,68.19,660.25
255600,659,660.5,1.7,9.5,-3,202.6466256,68.19,659.75
255700,658,659.5,1.7,9.5,-3,202.5903744,68.2,658.75
255800,651.5,653,1.7,9.5,-3,202.4275533,68.2,652.25
255900,652,653.5,1.7,9.5,-3,202.4588507,68.2,652.75
256000,651.5,653,1.7,9.5,-3,202.4940978,68.2,652.25
256100,653,654.5,1.7,9.5,-3,202.4912255,68.2,653.75
256200,651.5,653,1.7,9.5,-3,202.3101879,68.2,652.25
256300,649.5,651,1.7,9.5,-3,202.2764049,68.2,650.25
256400,645,646.5,1.7,9.5,-3,202.0708929,68.2,645.75
256500,650.5,652,1.7,9.5,-3,202.1452538,68.21,651.25
256600,648.5,650,1.7,9.5,-3,201.9505862,68.21,649.25
256700,643.5,645,1.7,9.5,-3,201.8287547,68.21,644.25
256800,645,646.5,1.7,9.5,-3,202.2897737,68.21,645.75
256900,644.5,646,1.7,9.5,-3,201.8950259,68.21,645.25
257000,644.5,646,1.7,9.5,-3,201.674207,68.21,645.25
257100,645,646.5,1.7,9.5,-3,201.9107049,68.21,645.75
257200,646.5,648,1.7,9.5,-3,202.1771076,68.22,647.25
257300,651.5,653,1.7,9.5,-3,202.3395023,68.22,652.25
257400,650.5,652,1.7,9.5,-3,201.9933707,68.22,651.25
257500,648,649.5,1.7,9.5,-3,201.8188589,68.22,648.75
257600,646,647.5,1.7,9.5,-3,201.8011269,68.22,646.75
257700,650,651.5,1.7,9.5,-3,201.8827077,68.22,650.75
257800,650,652,1.7,9.5,-3,201.8250566,68.22,651
257900,650,651.5,1.7,9.5,-3,201.6306973,68.22,650.75
258000,651.5,653,1.7,9.5,-3,201.690565,68.22,652.25
258100,653,654.5,1.7,9.5,-3,201.7376431,68.23,653.75
258200,648,649.5,1.7,9.5,-3,201.4608299,68.23,648.75
258300,648.5,650,1.7,9.5,-3,201.2556333,68.23,649.25
258400,649,650.5,1.7,9.5,-3,201.5521847,68.23,649.75
258500,650,651.5,1.7,9.5,-3,201.6106461,68.23,650.75
258600,649,650.5,1.7,9.5,-3,201.4427707,68.23,649.75
258700,648.5,650,1.7,9.5,-3,201.6107093,68.23,649.25
258800,648,649.5,1.7,9.5,-3,201.3819429,68.24,648.75
258900,645,646.5,1.7,9.5,-3,201.2577809,68.24,645.75
259000,645.5,647,1.7,9.5,-3,201.00165,68.24,646.25
259100,644,645.5,1.7,9.5,-3,200.8660361,68.24,644.75
259200,645,646.5,1.7,9.5,-3,200.8451081,68.24,645.75
259300,642,643.5,1.8,9.5,-3,200.5043756,68.24,642.75
259400,641,642.5,1.8,9.5,-3,200.3088118,68.24,641.75
259500,640,641.5,1.8,9.5,-3,200.0695518,68.24,640.75
259600,644,645.5,1.8,9.5,-3,200.3237204,68.24,644.75
259700,648.5,650,1.8,9.5,-3,200.4866772,68.25,649.25
259800,652,653.5,1.8,9.5,-3,200.4986111,68.25,652.75
259900,651.5,653.5,1.8,9.5,-3,200.5375611,68.25,652.5
260000,653,654.5,1.8,9.5,-3,200.6044224,68.25,653.75
260100,651.5,653,1.8,9.5,-3,200.5575308,68.25,652.25
260200,656.5,658,1.8,9.5,-3,200.6568934,68.25,657.25
260300,654.5,656,1.8,9.5,-3,200.4244296,68.25,655.25
260400,656.5,658,1.8,9.5,-3,200.731643,68.26,657.25
260500,659.5,661,1.8,9.5,-3,200.9291758,68.26,660.25
260600,658,659.5,1.8,9.5,-3,200.9067716,68.26,658.75
260700,663.5,665,1.8,9.5,-3,201.0237576,68.26,664.25
260800,665.5,667,1.8,9.5,-3,201.2707134,68.26,666.25
260900,665.5,667,1.8,9.5,-3,200.9668117,68.26,666.25
261000,669,670.5,1.8,9.5,-3,201.1467108,68.26,669.75
261100,671,672.5,1.8,9.5,-3,201.2819529,68.26,671.75
261200,672,673.5,1.8,9.5,-3,201.537129,68.26,672.75
261300,668.5,670,1.8,9.5,-3,201.2032191,68.27,669.25
261400,669,670.5,1.8,9.5,-3,201.2058751,68.27,669.75
261500,670,671.5,1.8,9.5,-3,201.2707341,68.27,670.75
261600,667,668.5,1.8,9.5,-3,201.1942036,68.27,667.75
261700,664,665.5,1.8,9.5,-3,200.8221078,68.27,664.75
261800,660.5,662,1.8,9.5,-3,200.5309837,68.27,661.25
261900,657.5,659,1.8,9.5,-3,200.1270992,68.27,658.25
262000,655.5,657,1.8,9.5,-3,200.1249153,68.28,656.25
262100,655.5,657,1.8,9.5,-3,199.9882524,68.28,656.25
262200,656.5,658,1.8,9.5,-3,200.3147314,68.28,657.25
262300,655,656.5,1.8,9.5,-3,200.2523347,68.28,655.75
262400,654,655.5,1.8,9.5,-3,200.1802392,68.28,654.75
262500,653,654.5,1.8,9.5,-3,200.4120131,68.28,653.75
262600,651,652.5,1.8,9.5,-3,200.2729784,68.28,651.75
262700,647.5,649,1.8,9.5,-3,200.1622274,68.28,648.25
262800,652.5,654,1.8,9.5,-3,200.4963599,68.28,653.25
262900,648.5,650,1.8,9.5,-3,200.2109543,68.29,649.25
263000,647,648.5,1.8,9.5,-3,200.293373,68.29,647.75
263100,644,645.5,1.8,9.5,-3,200.1721814,68.29,644.75
263200,643.5,645,1.8,9.5,-3,199.9173123,68.29,644.25
263300,644,645.5,1.8,9.5,-3,200.1264268,68.29,644.75
263400,647,648.5,1.8,9.5,-3,200.2207614,68.29,647.75
263500,648.5,650,1.8,9.5,-3,200.140376,68.29,649.25
263600,645.5,647,1.8,9.5,-3,200.0708236,68.3,646.25
263700,646,647.5,1.8,9.5,-3,200.1264739,68.3,646.75
263800,643,644.5,1.8,9.5,-3,199.8768875,68.3,643.75
263900,647,648.5,1.8,9.5,-3,199.9426571,68.3,647.75
264000,648,649.5,1.8,9.5,-3,199.7225418,68.3,648.75
264100,653.5,655,1.8,9.5,-3,199.989812,68.3,654.25
264200,656,657.5,1.8,9.5,-3,200.0417336,68.3,656.75
264300,652,653.5,1.8,9.5,-3,199.8233198,68.3,652.75
264400,649,650.5,1.8,9.5,-3,199.5766677,68.31,649.75
264500,648.5,650,1.8,9.5,-3,199.5501785,68.31,649.25
264600,651,652.5,1.8,9.5,-3,199.6576728,68.31,651.75
264700,650.5,652.5,1.8,9.5,-3,199.752641,68.31,651.5
264800,649.5,651,1.8,9.5,-3,199.8879325,68.31,650.25
264900,650,651.5,1.8,9.5,-3,200.0407337,68.31,650.75
265000,651.5,653,1.8,9.5,-3,200.0479453,68.31,652.25
265100,650,651.5,1.8,9.5,-3,199.9727452,68.31,650.75
265200,651,652.5,1.8,9.5,-3,200.0196814,68.32,651.75
265300,646,647.5,1.8,9.5,-3,199.9241298,68.32,646.75
265400,650,651.5,1.8,9.5,-3,200.1081275,68.32,650.75
265500,653,654.5,1.8,9.5,-3,200.2957503,68.32,653.75
265600,656,657.5,1.8,9.5,-3,200.4824299,68.32,656.75
265700,656,657.5,1.8,9.5,-3,200.4617786,68.32,656.75
265800,656,657.5,1.8,9.5,-3,200.4992143,68.32,656.75
265900,653.5,655,1.8,9.5,-3,200.3987927,68.32,654.25
266000,651,652.5,1.8,9.5,-3,200.3408306,68.32,651.75
266100,652.5,654,1.8,9.5,-3,200.5571481,68.33,653.25
266200,651,652.5,1.8,9.5,-3,200.4846611,68.33,651.75
266300,651,653,1.8,9.5,-3,200.9194669,68.33,652
266400,653,654.5,1.8,9.5,-3,201.0454216,68.33,653.75
266500,657.5,659,1.8,9.5,-3,201.2257017,68.33,658.25
266600,654,655.5,1.8,9.5,-3,201.0991555,68.33,654.75
266700,657.5,659,1.8,9.5,-3,201.2502288,68.33,658.25
266800,657.5,659.5,1.8,9.5,-3,200.8688851,68.33,658.5
266900,658,659.5,1.8,9.5,-3,200.8358634,68.34,658.75
267000,657,658.5,1.8,9.5,-3,200.9166805,68.34,657.75
267100,659.5,661,1.8,9.5,-3,200.9845832,68.34,660.25
267200,659,660.5,1.8,9.5,-3,201.02703,68.34,659.75
267300,658,659.5,1.8,9.5,-3,200.9529039,68.34,658.75
267400,659,660.5,1.8,9.5,-3,200.9988731,68.34,659.75
267500,657.5,659,1.8,9.5,-3,201.0381687,68.34,658.25
267600,661,662.5,1.8,9.5,-3,201.2598936,68.34,661.75
267700,661,662.5,1.8,9.5,-3,201.0063405,68.35,661.75
267800,657.5,659,1.8,9.5,-3,200.9827494,68.35,658.25
267900,657,658.5,1.8,9.5,-3,200.8291964,68.35,657.75
268000,659.5,661,1.8,9.5,-3,201.1780681,68.35,660.25
268100,662,663.5,1.8,9.5,-3,200.92562,68.35,662.75
268200,663,664.5,1.8,9.5,-3,200.568535,68.35,663.75
268300,664.5,666,1.8,9.5,-3,200.8657154,68.35,665.25
268400,666.5,668,1.8,9.5,-3,201.1045315,68.36,667.25
268500,666.5,668,1.8,9.5,-3,201.0595516,68.36,667.25
268600,666.5,668,1.8,9.5,-3,201.0220401,68.36,667.25
268700,664.5,666,1.8,9.5,-3,200.7669106,68.36,665.25
268800,660,661.5,1.8,9.5,-3,200.5191479,68.36,660.75
268900,661,662.5,1.8,9.5,-3,200.5424151,68.36,661.75
269000,662,663.5,1.8,9.5,-3,200.3377568,68.36,662.75
269100,665,666.5,1.8,9.5,-3,200.6535723,68.36,665.75
269200,664,665.5,1.8,9.5,-3,200.6414945,68.36,664.75
269300,665.5,667,1.8,9.5,-3,200.7862605,68.37,666.25
269400,668,669.5,1.8,9.5,-3,200.8224269,68.37,668.75
269500,666,667.5,1.8,9.5,-3,200.6387155,68.37,666.75
269600,668,669.5,1.8,9.5,-3,200.9838372,68.37,668.75
269700,668,670,1.8,9.5,-3,201.0991798,68.37,669
269800,668.5,670,1.8,9.5,-3,201.1648602,68.37,669.25
269900,669,670.5,1.8,9.5,-3,201.1410285,68.37,669.75
270000,671.5,673,1.8,9.5,-3,201.4768818,68.38,672.25
270100,671.5,673,1.8,9.5,-3,201.4286972,68.38,672.25
270200,670,671.5,1.8,9.5,-3,201.2364362,68.38,670.75
270300,669.5,671,1.8,9.5,-3,201.0820945,68.38,670.25
270400,667.5,669,1.8,9.5,-3,201.3974502,68.38,668.25
270500,670,671.5,1.8,9.5,-3,201.4973974,68.38,670.75
270600,669.5,671,1.8,9.5,-3,201.5783299,68.38,670.25
270700,675.5,677,1.8,9.5,-3,201.6194674,68.38,676.25
270800,679.5,681,1.8,9.5,-3,201.8975366,68.39,680.25
270900,681.5,683,1.8,9.5,-3,201.8903815,68.39,682.25
271000,678.5,680,1.8,9.5,-3,201.7528681,68.39,679.25
271100,680,681.5,1.8,9.5,-3,201.8742174,68.39,680.75
271200,680.5,682,1.8,9.5,-3,202.0757659,68.39,681.25
271300,679,680.5,1.8,9.5,-3,201.8076143,68.39,679.75
271400,679,680.5,1.8,9.5,-3,201.7644604,68.39,679.75
271500,676.5,678,1.8,9.5,-3,201.781016,68.39,677.25
271600,675.5,677,1.8,9.5,-3,201.8668011,68.4,676.25
271700,677,678.5,1.8,9.5,-3,201.9130883,68.4,677.75
271800,675.5,677,1.8,9.5,-3,201.9704437,68.4,676.25
271900,675.5,677,1.8,9.5,-3,201.9762164,68.4,676.25
272000,676.5,678,1.8,9.5,-3,201.9738527,68.4,677.25
272100,674,675.5,1.8,9.5,-3,201.8001891,68.4,674.75
272200,674.5,676,1.8,9.5,-3,201.7407231,68.4,675.25
272300,671.5,673,1.8,9.5,-3,201.7499525,68.4,672.25
272400,671,672.5,1.8,9.5,-3,201.8283269,68.4,671.75
272500,672.5,674,1.8,9.5,-3,201.8890463,68.41,673.25
272600,672,673.5,1.8,9.5,-3,201.9909377,68.41,672.75
272700,674.5,676,1.8,9.5,-3,202.066501,68.41,675.25
272800,674,675.5,1.8,9.5,-3,202.4544762,68.41,674.75
272900,672,673.5,1.8,9.5,-3,202.1094857,68.41,672.75
273000,670,671.5,1.8,9.5,-3,202.037878,68.41,670.75
273100,670,671.5,1.8,9.5,-3,201.9970617,68.41,670.75
273200,670,671.5,1.8,9.5,-3,201.8595186,68.42,670.75
273300,665.5,667,1.8,9.5,-3,201.5781565,68.42,666.25
273400,661,662.5,1.8,9.5,-3,201.5465329,68.42,661.75
273500,658,659.5,1.8,9.5,-3,201.3216866,68.42,658.75
273600,661,662.5,1.8,9.5,-3,201.3736053,68.42,661.75
273700,659.5,661,1.8,9.5,-3,201.2461352,68.42,660.25
273800,661.5,663,1.8,9.5,-3,201.2828781,68.42,662.25
273900,664,665.5,1.8,9.5,-3,201.4603832,68.42,664.75
274000,666,667.5,1.8,9.5,-3,201.4959694,68.42,666.75
274100,664.5,666,1.8,9.5,-3,201.5038697,68.43,665.25
274200,666.5,668,1.8,9.5,-3,201.6411244,68.43,667.25
274300,667,668.5,1.8,9.5,-3,201.687108,68.43,667.75
274400,666.5,668,1.8,9.5,-3,201.3166029,68.43,667.25
274500,663.5,665,1.8,9.5,-3,201.0515055,68.43,664.25
274600,665.5,667,1.8,9.5,-3,201.3748143,68.43,666.25
274700,669.5,671,1.8,9.5,-3,201.5674036,68.43,670.25
274800,672.5,674,1.8,9.5,-3,201.9337505,68.44,673.25
274900,672.5,674,1.8,9.5,-3,201.8410966,68.44,673.25
275000,671.5,673,1.8,9.5,-3,201.7921041,68.44,672.25
275100,674,675.5,1.8,9.5,-3,201.9214536,68.44,674.75
275200,674,675.5,1.8,9.5,-3,201.8097518,68.44,674.75
275300,674,676,1.8,9.5,-3,201.7826647,68.44,675
275400,671,672.5,1.8,9.5,-3,201.2938836,68.44,671.75
275500,673,674.5,1.8,9.5,-3,201.2971324,68.44,673.75
275600,672,673.5,1.8,9.5,-3,201.2880708,68.44,672.75
275700,674,675.5,1.8,9.5,-3,201.3157275,68.45,674.75
275800,672.5,674,1.8,9.5,-3,201.2515018,68.45,673.25
275900,670.5,672,1.8,9.5,-3,201.0130255,68.45,671.25
276000,668.5,670,1.8,9.5,-3,201.0811175,68.45,669.25
276100,667.5,669,1.8,9.5,-3,200.8998734,68.45,668.25
276200,669,670.5,1.8,9.5,-3,201.0948966,68.45,669.75
276300,665.5,667,1.8,9.5,-3,200.9090779,68.45,666.25
276400,664.5,666,1.8,9.5,-3,200.8502788,68.46,665.25
276500,665,666.5,1.8,9.5,-3,200.903193,68.46,665.75
276600,664.5,666,1.8,9.5,-3,200.7835594,68.46,665.25
276700,668.5,670,1.8,9.5,-3,201.0388421,68.46,669.25
276800,669,670.5,1.8,9.5,-3,201.1839828,68.46,669.75
276900,668,669.5,1.8,9.5,-3,201.3520673,68.46,668.75
277000,667,668.5,1.8,9.5,-3,201.315257,68.46,667.75
277100,672.5,674,1.8,9.5,-3,201.4566426,68.46,673.25
277200,674,675.5,1.8,9.5,-3,201.6406231,68.46,674.75
277300,674,676,1.8,9.5,-3,201.6588507,68.47,675
277400,673.5,675,1.8,9.5,-3,201.3411094,68.47,674.25
277500,671.5,673,1.8,9.5,-3,201.3226904,68.47,672.25
277600,671.5,673,1.8,9.5,-3,201.1873725,68.47,672.25
277700,667,668.5,1.8,9.5,-3,201.0596603,68.47,667.75
277800,663.5,665,1.8,9.5,-3,200.7194821,68.47,664.25
277900,662,663.5,1.8,9.5,-3,200.6026297,68.47,662.75
278000,659,660.5,1.8,9.5,-3,200.4381526,68.47,659.75
278100,654,655.5,1.8,9.5,-3,200.2517153,68.48,654.75
278200,655,656.5,1.8,9.5,-3,200.3152597,68.48,655.75
278300,653,654.5,1.8,9.5,-3,200.0213714,68.48,653.75
278400,652.5,654.5,1.8,9.5,-3,200.0903507,68.48,653.5
278500,653.5,655,1.8,9.5,-3,200.1082755,68.48,654.25
278600,651.5,653,1.8,9.5,-3,199.9176805,68.48,652.25
278700,652.5,654,1.8,9.5,-3,200.1767399,68.48,653.25
278800,652,653.5,1.8,9.5,-3,200.1284428,68.48,652.75
278900,649.5,651,1.8,9.5,-3,199.9837622,68.49,650.25
279000,652,653.5,1.8,9.5,-3,200.1141287,68.49,652.75
279100,656,657.5,1.8,9.5,-3,200.1790315,68.49,656.75
279200,653,654.5,1.8,9.5,-3,200.0592457,68.49,653.75
279300,652,653.5,1.8,9.5,-3,200.0995427,68.49,652.75
279400,652.5,654,1.8,9.5,-3,200.410982,68.49,653.25
279500,653,654.5,1.8,9.5,-3,200.2117111,68.49,653.75
279600,655,656.5,1.8,9.5,-3,200.386562,68.5,655.75
279700,655.5,657,1.8,9.5,-3,200.4798296,68.5,656.25
279800,653.5,655,1.8,9.5,-3,200.5298404,68.5,654.25
279900,653,654.5,1.8,9.5,-3,200.3025492,68.5,653.75
280000,656,657.5,1.8,9.5,-3,200.3942189,68.5,656.75
280100,656.5,658,1.8,9.5,-3,200.3660722,68.5,657.25
280200,660,661.5,1.8,9.5,-3,200.5083958,68.5,660.75
280300,658.5,660,1.8,9.5,-3,200.2742693,68.5,659.25
280400,656,657.5,1.8,9.5,-3,200.2093631,68.5,656.75
280500,653.5,655,1.8,9.5,-3,200.0016193,68.51,654.25
280600,658.5,660,1.8,9.5,-3,200.2840043,68.51,659.25
280700,661.5,663,1.8,9.5,-3,200.3198615,68.51,662.25
280800,658,659.5,1.8,9.5,-3,200.0938439,68.51,658.75
280900,658,659.5,1.8,9.5,-3,200.1251981,68.51,658.75
281000,655.5,657,1.8,9.5,-3,199.9806943,68.51,656.25
281100,656.5,658,1.8,9.5,-3,200.3719477,68.51,657.25
281200,657,658.5,1.8,9.5,-3,200.4171661,68.52,657.75
281300,656.5,658,1.8,9.5,-3,200.2817016,68.52,657.25
281400,659,660.5,1.8,9.5,-3,200.1861629,68.52,659.75
281500,662.5,664,1.8,9.5,-3,200.389667,68.52,663.25
281600,665,666.5,1.8,9.5,-3,200.5812831,68.52,665.75
281700,661,662.5,1.8,9.5,-3,200.5250083,68.52,661.75
281800,660,661.5,1.8,9.5,-3,200.8809891,68.52,660.75
281900,663,664.5,1.8,9.5,-3,201.1261123,68.52,663.75
282000,661.5,663,1.8,9.5,-3,201.0694785,68.53,662.25
282100,660.5,662,1.8,9.5,-3,201.260929,68.53,661.25
282200,661,662.5,1.8,9.5,-3,201.2645906,68.53,661.75
282300,662.5,664,1.8,9.5,-3,201.2021372,68.53,663.25
282400,661,662.5,1.8,9.5,-3,201.1737375,68.53,661.75
282500,658.5,660,1.8,9.5,-3,201.0557645,68.53,659.25
282600,661.5,663,1.8,9.5,-3,201.414213,68.53,662.25
282700,660.5,662,1.8,9.5,-3,201.123627,68.53,661.25
282800,660.5,662,1.8,9.5,-3,201.0313259,68.54,661.25
282900,656,657.5,1.8,9.5,-3,200.8576636,68.54,656.75
283000,656.5,658,1.8,9.5,-3,200.6914643,68.54,657.25
283100,656.5,658,1.8,9.5,-3,200.9280689,68.54,657.25
283200,652.5,654,1.8,9.5,-3,200.8377668,68.54,653.25
283300,654,655.5,1.8,9.5,-3,200.8688662,68.54,654.75
283400,655.5,657,1.8,9.5,-3,201.1219671,68.54,656.25
283500,657,658.5,1.8,9.5,-3,201.448797,68.54,657.75
283600,654.5,656,1.8,9.5,-3,201.1294064,68.54,655.25
283700,657,658.5,1.8,9.5,-3,201.2026161,68.55,657.75
283800,659,660.5,1.8,9.5,-3,201.3953493,68.55,659.75
283900,658,659.5,1.8,9.5,-3,201.2948888,68.55,658.75
284000,656,657.5,1.8,9.5,-3,201.2037891,68.55,656.75
284100,652.5,654,1.8,9.5,-3,200.9502533,68.55,653.25
284200,653.5,655,1.8,9.5,-3,200.9484582,68.55,654.25
284300,650,651.5,1.8,9.5,-3,200.7087889,68.55,650.75
284400,650,651.5,1.8,9.5,-3,200.9253363,68.56,650.75
284500,648,649.5,1.8,9.5,-3,200.6834731,68.56,648.75
284600,654.5,656,1.8,9.5,-3,201.076707,68.56,655.25
284700,658.5,660,1.8,9.5,-3,201.1716118,68.56,659.25
284800,659,660.5,1.8,9.5,-3,201.2413449,68.56,659.75
284900,659.5,661,1.8,9.5,-3,201.1838827,68.56,660.25
285000,661.5,663,1.8,9.5,-3,201.1990831,68.56,662.25
285100,658,659.5,1.8,9.5,-3,201.1902916,68.56,658.75
285200,657,658.5,1.8,9.5,-3,201.1291368,68.56,657.75
285300,656.5,658,1.8,9.5,-3,201.0676359,68.57,657.25
285400,659.5,661,1.8,9.5,-3,200.7954433,68.57,660.25
285500,659.5,661,1.8,9.5,-3,200.904192,68.57,660.25
285600,659.5,661,1.8,9.5,-3,200.8992682,68.57,660.25
285700,662,663.5,1.8,9.5,-3,200.9002757,68.57,662.75
285800,663,664.5,1.8,9.5,-3,201.0374902,68.57,663.75
285900,663,664.5,1.8,9.5,-3,201.1396855,68.57,663.75
286000,666,667.5,1.8,9.5,-3,201.2633147,68.58,666.75
286100,664,665.5,1.8,9.5,-3,201.0843215,68.58,664.75
286200,665,666.5,1.8,9.5,-3,201.1399239,68.58,665.75
286300,665,666.5,1.8,9.5,-3,201.3386726,68.58,665.75
286400,660.5,662,1.8,9.5,-3,201.1944414,68.58,661.25
286500,662,663.5,1.8,9.5,-3,201.3655593,68.58,662.75
286600,659,660.5,1.8,9.5,-3,201.1824657,68.58,659.75
286700,655.5,657,1.8,9.5,-3,201.1769089,68.58,656.25
286800,655.5,657.5,1.8,9.5,-3,201.4638145,68.58,656.5
286900,656.5,658,1.8,9.5,-3,201.5077875,68.59,657.25
287000,653.5,655,1.8,9.5,-3,201.5544563,68.59,654.25
287100,652,653.5,1.8,9.5,-3,201.3783226,68.59,652.75
287200,650.5,652,1.8,9.5,-3,201.2241089,68.59,651.25
287300,652,653.5,1.8,9.5,-3,201.4562429,68.59,652.75
287400,651.5,653,1.8,9.5,-3,201.588693,68.59,652.25
287500,650.5,652,1.8,9.5,-3,201.6544075,68.59,651.25
287600,651,652.5,1.8,9.5,-3,201.8099775,68.6,651.75
287700,650.5,652,1.8,9.5,-3,201.8303957,68.6,651.25
287800,652,653.5,1.8,9.5,-3,201.9721584,68.6,652.75
287900,651,652.5,1.8,9.5,-3,201.8698779,68.6,651.75
288000,651.5,653,1.8,9.5,-3,201.949401,68.6,652.25
288100,648.5,650,1.8,9.5,-3,201.7258924,68.6,649.25
288200,647.5,649,1.8,9.5,-3,201.6490653,68.6,648.25
288300,646.5,648,1.8,9.5,-3,201.4113948,68.6,647.25
288400,651.5,653,1.8,9.5,-3,201.805798,68.6,652.25
288500,649.5,651,1.8,9.5,-3,201.7750565,68.61,650.25
288600,646.5,648,1.8,9.5,-3,201.6417703,68.61,647.25
288700,642.5,644,1.8,9.5,-3,201.1668462,68.61,643.25
288800,643,644.5,1.8,9.5,-3,201.0847039,68.61,643.75
288900,642.5,644,1.8,9.5,-3,201.267753,68.61,643.25
289000,643.5,645,1.8,9.5,-3,201.4366731,68.61,644.25
289100,643,644.5,1.8,9.5,-3,201.1426089,68.61,643.75
289200,644,645.5,1.8,9.5,-3,201.0816081,68.61,644.75
289300,645,646.5,1.8,9.5,-3,201.477883,68.62,645.75
289400,642.5,644,1.8,9.5,-3,201.3660794,68.62,643.25
289500,641,642.5,1.8,9.5,-3,201.2016523,68.62,641.75
289600,641,642.5,1.8,9.5,-3,201.3813193,68.62,641.75
289700,635,636.5,1.8,9.5,-3,201.0501941,68.62,635.75
289800,633,634.5,1.8,9.5,-3,200.6751429,68.62,633.75
289900,635.5,637,1.8,9.5,-3,200.5220669,68.62,636.25
290000,635,636.5,1.8,9.5,-3,200.5762474,68.62,635.75
290100,636.5,638,1.8,9.5,-3,200.6842786,68.63,637.25
290200,638,639.5,1.8,9.5,-3,200.7258262,68.63,638.75
290300,637,638.5,1.8,9.5,-3,200.3282609,68.63,637.75
290400,641,642.5,1.8,9.5,-3,200.4179501,68.63,641.75
290500,642.5,644,1.8,9.5,-3,200.6841419,68.63,643.25
290600,644,645.5,1.8,9.5,-3,200.7949626,68.63,644.75
290700,643.5,645,1.8,9.5,-3,200.9161797,68.63,644.25
290800,640,641.5,1.8,9.5,-3,200.7111454,68.64,640.75
290900,638,639.5,1.8,9.5,-3,200.5357283,68.64,638.75
291000,637.5,639,1.8,9.5,-3,200.4589674,68.64,638.25
291100,636.5,638,1.8,9.5,-3,200.4991542,68.64,637.25
291200,633,634.5,1.8,9.5,-3,200.4246798,68.64,633.75
291300,632,633.5,1.8,9.5,-3,200.6713171,68.64,632.75
291400,633.5,635,1.8,9.5,-3,200.5194453,68.64,634.25
291500,636.5,638,1.8,9.5,-3,200.6882705,68.64,637.25
291600,638.5,640,1.8,9.5,-3,200.8497801,68.64,639.25
291700,636.5,638,1.8,9.5,-3,200.6518224,68.65,637.25
291800,635.5,637,1.8,9.5,-3,200.2404443,68.65,636.25
291900,633.5,635,1.8,9.5,-3,199.9465827,68.65,634.25
292000,631,632.5,1.8,9.5,-3,199.8798478,68.65,631.75
292100,629,630.5,1.8,9.5,-3,199.8268681,68.65,629.75
292200,629,630.5,1.8,9.5,-3,199.9286582,68.65,629.75
292300,628.5,630,1.8,9.5,-3,199.8011198,68.65,629.25
292400,626.5,628,1.8,9.5,-3,199.6972216,68.66,627.25
292500,625.5,627,1.8,9.5,-3,199.3073158,68.66,626.25
292600,627.5,629,1.8,9.5,-3,199.5299307,68.66,628.25
292700,625.5,627,1.8,9.5,-3,199.5294046,68.66,626.25
292800,626.5,628,1.8,9.5,-3,199.5602567,68.66,627.25
292900,623,624.5,1.8,9.5,-3,199.5046877,68.66,623.75
293000,625,626.5,1.8,9.5,-3,199.5661583,68.66,625.75
293100,625,626.5,1.8,9.5,-3,199.5061756,68.66,625.75
293200,626,627.5,1.8,9.5,-3,199.5713532,68.67,626.75
293300,624,625.5,1.8,9.5,-3,199.2316248,68.67,624.75
293400,627,628.5,1.8,9.5,-3,199.3656143,68.67,627.75
293500,630,631.5,1.8,9.5,-3,199.4940496,68.67,630.75
293600,628,629.5,1.8,9.5,-3,199.4973727,68.67,628.75
293700,627.5,629,1.8,9.5,-3,199.5502858,68.67,628.25
293800,626.5,628,1.8,9.5,-3,199.3113272,68.67,627.25
293900,626.5,628,1.8,9.5,-3,199.3308764,68.67,627.25
294000,625.5,627,1.8,9.5,-3,199.8118901,68.68,626.25
294100,626.5,628,1.8,9.5,-3,200.0107358,68.68,627.25
294200,625.5,627,1.8,9.5,-3,199.9025915,68.68,626.25
294300,628,629.5,1.8,9.5,-3,200.0045826,68.68,628.75
294400,625.5,627,1.8,9.5,-3,199.8451704,68.68,626.25
294500,626.5,628,1.8,9.5,-3,199.7341428,68.68,627.25
294600,626.5,628,1.8,9.5,-3,199.770743,68.68,627.25
294700,622.5,624,1.8,9.5,-3,199.4338916,68.68,623.25
294800,623,624.5,1.8,9.5,-3,199.4671332,68.68,623.75
294900,622,623.5,1.8,9.5,-3,199.5080282,68.69,622.75
295000,623,624.5,1.8,9.5,-3,199.3179882,68.69,623.75
295100,624,625.5,1.8,9.5,-3,199.428855,68.69,624.75
295200,620.5,622,1.8,9.5,-3,199.196436,68.69,621.25
295300,620,621.5,1.8,9.5,-3,199.1945284,68.69,620.75
295400,623.5,625,1.8,9.5,-3,199.8785655,68.69,624.25
295500,623,624.5,1.8,9.5,-3,199.7332191,68.69,623.75
295600,624.5,626,1.8,9.5,-3,199.5967224,68.69,625.25
295700,621,622.5,1.8,9.5,-3,199.4713593,68.7,621.75
295800,622.5,624,1.8,9.5,-3,199.3886411,68.7,623.25
295900,626.5,628,1.8,9.5,-3,199.4961479,68.7,627.25
296000,625.5,627,1.8,9.5,-3,199.9094975,68.7,626.25
296100,625.5,627,1.8,9.5,-3,200.0348645,68.7,626.25
296200,628.5,630,1.8,9.5,-3,200.3820075,68.7,629.25
296300,628.5,630,1.8,9.5,-3,200.1943912,68.7,629.25
296400,626.5,628,1.8,9.5,-3,200.027441,68.7,627.25
296500,626,627.5,1.9,9.5,-3,200.105838,68.71,626.75
296600,628.5,630,1.9,9.5,-3,200.2696858,68.71,629.25
296700,626,627.5,1.9,9.5,-3,200.4599043,68.71,626.75
296800,624.5,626,1.9,9.5,-3,200.4863393,68.71,625.25
296900,624.5,626,1.9,9.5,-3,200.6021162,68.71,625.25
297000,624.5,626,1.9,9.5,-3,200.5576356,68.71,625.25
297100,625.5,627,1.9,9.5,-3,200.8768512,68.71,626.25
297200,625,626.5,1.9,9.5,-3,200.6668541,68.72,625.75
297300,623.5,625,1.9,9.5,-3,200.6584955,68.72,624.25
297400,623,624.5,1.9,9.5,-3,200.4589226,68.72,623.75
297500,617.5,619,1.9,9.5,-3,200.1749938,68.72,618.25
297600,618.5,620,1.9,9.5,-3,200.1489946,68.72,619.25
297700,617.5,619,1.9,9.5,-3,199.9784282,68.72,618.25
297800,619,620.5,1.9,9.5,-3,200.1423196,68.72,619.75
297900,624,625.5,1.9,9.5,-3,200.4795502,68.72,624.75
298000,619,620.5,1.9,9.5,-3,200.3436725,68.72,619.75
298100,620.5,622,1.9,9.5,-3,200.5416043,68.73,621.25
298200,622,623.5,1.9,9.5,-3,200.5039957,68.73,622.75
298300,625.5,627,1.9,9.5,-3,200.6759983,68.73,626.25
298400,628,629.5,1.9,9.5,-3,200.6501816,68.73,628.75
298500,629,630.5,1.9,9.5,-3,200.6864021,68.73,629.75
298600,628,629.5,1.9,9.5,-3,200.6727209,68.73,628.75
298700,631.5,633,1.9,9.5,-3,200.7024184,68.73,632.25
298800,630,631.5,1.9,9.5,-3,200.5162766,68.74,630.75
298900,630.5,632,1.9,9.5,-3,200.4394769,68.74,631.25
299000,631.5,633,1.9,9.5,-3,200.4799882,68.74,632.25
299100,631.5,633,1.9,9.5,-3,200.4733479,68.74,632.25
299200,631.5,633,1.9,9.5,-3,200.4964836,68.74,632.25
299300,631,632.5,1.9,9.5,-3,200.4441387,68.74,631.75
299400,631,632.5,1.9,9.5,-3,200.2629043,68.74,631.75
299500,634.5,636,1.9,9.5,-3,200.3431087,68.74,635.25
299600,635,636.5,1.9,9.5,-3,200.1959305,68.74,635.75
299700,639.5,641,1.9,9.5,-3,200.3218989,68.75,640.25
299800,638.5,640,1.9,9.5,-3,200.3149008,68.75,639.25
299900,641,642.5,1.9,9.5,-3,200.3699931,68.75,641.75
300000,641.5,643,1.9,9.5,-3,200.5058602,68.75,642.25
300100,640,641.5,1.9,9.5,-3,200.5140497,68.75,640.75
300200,636.5,638,1.9,9.5,-3,200.2330821,68.75,637.25
300300,639,640.5,1.9,9.5,-3,200.4622038,68.75,639.75
300400,641.5,643,1.9,9.5,-3,200.6158831,68.76,642.25
300500,644,645.5,1.9,9.5,-3,200.7284438,68.76,644.75
300600,646,647.5,1.9,9.5,-3,200.7948996,68.76,646.75
300700,645,646.5,1.9,9.5,-3,200.7644279,68.76,645.75
300800,644,645.5,1.9,9.5,-3,200.8944234,68.76,644.75
300900,644.5,646,1.9,9.5,-3,200.7601014,68.76,645.25
301000,644,645.5,1.9,9.5,-3,200.6998853,68.76,644.75
301100,641,642.5,1.9,9.5,-3,200.5569662,68.76,641.75
301200,641,642.5,1.9,9.5,-3,200.3689296,68.76,641.75
301300,637.5,639,1.9,9.5,-3,200.3094909,68.77,638.25
301400,636.5,638,1.9,9.5,-3,200.2333433,68.77,637.25
301500,640.5,642,1.9,9.5,-3,200.4857617,68.77,641.25
301600,642.5,644,1.9,9.5,-3,200.6485369,68.77,643.25
301700,641.5,643,1.9,9.5,-3,200.5980419,68.77,642.25
301800,642.5,644,1.9,9.5,-3,200.5133238,68.77,643.25
301900,646.5,648,1.9,9.5,-3,200.7471612,68.77,647.25
302000,644.5,646,1.9,9.5,-3,200.6604158,68.78,645.25
302100,645.5,647,1.9,9.5,-3,200.8418641,68.78,646.25
302200,647.5,649,1.9,9.5,-3,200.9418939,68.78,648.25
302300,650.5,652,1.9,9.5,-3,201.2269604,68.78,651.25
302400,648.5,650,1.9,9.5,-3,201.1484786,68.78,649.25
302500,648.5,650,1.9,9.5,-3,201.1250933,68.78,649.25
302600,649,650.5,1.9,9.5,-3,201.0026709,68.78,649.75
302700,649,650.5,1.9,9.5,-3,200.9185612,68.78,649.75
302800,648,649.5,1.9,9.5,-3,200.5525383,68.78,648.75
302900,646,647.5,1.9,9.5,-3,200.6049833,68.79,646.75
303000,650,651.5,1.9,9.5,-3,200.7156678,68.79,650.75
303100,646,647.5,1.9,9.5,-3,200.4971989,68.79,646.75
303200,646.5,648,1.9,9.5,-3,200.4467207,68.79,647.25
303300,645,646.5,1.9,9.5,-3,200.2785617,68.79,645.75
303400,648.5,650,1.9,9.5,-3,200.3055055,68.79,649.25
303500,648,649.5,1.9,9.5,-3,200.5688627,68.79,648.75
303600,649,650.5,1.9,9.5,-3,200.6321595,68.8,649.75
303700,649,650.5,1.9,9.5,-3,200.7431857,68.8,649.75
303800,649.5,651,1.9,9.5,-3,200.7207288,68.8,650.25
303900,646.5,648,1.9,9.5,-3,200.537716,68.8,647.25
304000,645,646.5,1.9,9.5,-3,200.4312607,68.8,645.75
304100,643,644.5,1.9,9.5,-3,200.3933432,68.8,643.75
304200,649.5,651,1.9,9.5,-3,200.4775076,68.8,650.25
304300,650,651.5,1.9,9.5,-3,201.1045763,68.8,650.75
304400,650,651.5,1.9,9.5,-3,201.1233151,68.81,650.75
304500,647,648.5,1.9,9.5,-3,200.8784366,68.81,647.75
304600,644.5,646,1.9,9.5,-3,200.8068913,68.81,645.25
304700,641.5,643,1.9,9.5,-3,200.7413823,68.81,642.25
304800,641.5,643,1.9,9.5,-3,200.7166212,68.81,642.25
304900,642,643.5,1.9,9.5,-3,200.3706914,68.81,642.75
305000,645,646.5,1.9,9.5,-3,200.6682689,68.81,645.75
305100,647.5,649,1.9,9.5,-3,200.9564384,68.81,648.25
305200,648,649.5,1.9,9.5,-3,201.0152448,68.82,648.75
305300,650.5,652,1.9,9.5,-3,200.7688831,68.82,651.25
305400,656,657.5,1.9,9.5,-3,200.8929747,68.82,656.75
305500,656.5,658,1.9,9.5,-3,200.9194973,68.82,657.25
305600,657,658.5,1.9,9.5,-3,201.1191339,68.82,657.75
305700,658.5,660,1.9,9.5,-3,201.3107168,68.82,659.25
305800,660.5,662,1.9,9.5,-3,201.4740298,68.82,661.25
305900,657.5,659,1.9,9.5,-3,200.9840454,68.82,658.25
306000,658.5,660,1.9,9.5,-3,200.9797603,68.82,659.25
306100,660,661.5,1.9,9.5,-3,201.355277,68.83,660.75
306200,656,657.5,1.9,9.5,-3,201.3013138,68.83,656.75
306300,656,657.5,1.9,9.5,-3,201.3057633,68.83,656.75
306400,652,653.5,1.9,9.5,-3,200.9629526,68.83,652.75
306500,651,652.5,1.9,9.5,-3,200.9918686,68.83,651.75
306600,650,651.5,1.9,9.5,-3,200.985546,68.83,650.75
306700,653.5,655,1.9,9.5,-3,201.0141044,68.83,654.25
306800,652.5,654,1.9,9.5,-3,200.7003438,68.83,653.25
306900,652.5,654.5,1.9,9.5,-3,200.6729755,68.84,653.5
307000,655.5,657,1.9,9.5,-3,200.796384,68.84,656.25
307100,650.5,652,1.9,9.5,-3,200.6865022,68.84,651.25
307200,649.5,651,1.9,9.5,-3,200.9582067,68.84,650.25
307300,651,652.5,1.9,9.5,-3,201.1462642,68.84,651.75
307400,648.5,650,1.9,9.5,-3,200.9480782,68.84,649.25
307500,647,648.5,1.9,9.5,-3,200.9551712,68.84,647.75
307600,643,644.5,1.9,9.5,-3,200.8420966,68.84,643.75
307700,642,643.5,1.9,9.5,-3,200.7975208,68.85,642.75
307800,637,638.5,1.9,9.5,-3,200.5225719,68.85,637.75
307900,637.5,639,1.9,9.5,-3,200.5508525,68.85,638.25
308000,631.5,633,1.9,9.5,-3,200.3175732,68.85,632.25
308100,632,633.5,1.9,9.5,-3,200.090445,68.85,632.75
308200,631,632.5,1.9,9.5,-3,199.9243336,68.85,631.75
308300,633.5,635,1.9,9.5,-3,200.2036648,68.85,634.25
308400,633,634.5,1.9,9.5,-3,200.2023506,68.86,633.75
308500,631.5,633,1.9,9.5,-3,200.1628672,68.86,632.25
308600,632,633.5,1.9,9.5,-3,200.4605951,68.86,632.75
308700,628,629.5,1.9,9.5,-3,200.2812246,68.86,628.75
308800,626.5,628,1.9,9.5,-3,200.2380675,68.86,627.25
308900,627.5,629,1.9,9.5,-3,200.1738936,68.86,628.25
309000,629,630.5,1.9,9.5,-3,200.2799128,68.86,629.75
309100,624.5,626,1.9,9.5,-3,200.1249744,68.86,625.25
309200,622,623.5,1.9,9.5,-3,199.8122169,68.86,622.75
309300,621,622.5,1.9,9.5,-3,200.1088422,68.87,621.75
309400,619,620.5,1.9,9.5,-3,199.8984194,68.87,619.75
309500,622.5,624,1.9,9.5,-3,199.9640136,68.87,623.25
309600,622,623.5,1.9,9.5,-3,199.9408648,68.87,622.75
309700,623,624.5,1.9,9.5,-3,199.8978421,68.87,623.75
309800,620.5,622,1.9,9.5,-3,199.7285411,68.87,621.25
309900,621.5,623,1.9,9.5,-3,199.8332602,68.87,622.25
310000,621,622.5,1.9,9.5,-3,199.6815067,68.88,621.75
310100,618,619.5,1.9,9.5,-3,199.5438739,68.88,618.75
310200,618,619.5,1.9,9.5,-3,199.4188267,68.88,618.75
310300,618.5,620,1.9,9.5,-3,199.6186495,68.88,619.25
310400,618.5,620,1.9,9.5,-3,199.6479727,68.88,619.25
310500,620,621.5,1.9,9.5,-3,199.8496266,68.88,620.75
310600,621.5,623,1.9,9.5,-3,199.9253133,68.88,622.25
310700,620,621.5,1.9,9.5,-3,199.7730917,68.88,620.75
310800,621.5,623,1.9,9.5,-3,199.64184,68.89,622.25
310900,619,620.5,1.9,9.5,-3,199.5397223,68.89,619.75
311000,616.5,618,1.9,9.5,-3,199.2358985,68.89,617.25
311100,618.5,620,1.9,9.5,-3,199.2815176,68.89,619.25
311200,618.5,620,1.9,9.5,-3,199.0982629,68.89,619.25
311300,615.5,617,1.9,9.5,-3,199.0097953,68.89,616.25
311400,612.5,614,1.9,9.5,-3,198.6084384,68.89,613.25
311500,617.5,619,1.9,9.5,-3,198.8339956,68.89,618.25
311600,615,616.5,1.9,9.5,-3,198.8133695,68.9,615.75
311700,613.5,615,1.9,9.5,-3,198.7159966,68.9,614.25
311800,614.5,616,1.9,9.5,-3,198.6792705,68.9,615.25
311900,615.5,617,1.9,9.5,-3,198.6936019,68.9,616.25
312000,616.5,618,1.9,9.5,-3,198.8325362,68.9,617.25
312100,619.5,621,1.9,9.5,-3,199.1258032,68.9,620.25
312200,620,621.5,1.9,9.5,-3,199.2538268,68.9,620.75
312300,624,625.5,1.9,9.5,-3,199.3619727,68.9,624.75
312400,625.5,627,1.9,9.5,-3,199.3620101,68.9,626.25
312500,621,622.5,1.9,9.5,-3,198.8478412,68.91,621.75
312600,618.5,620,1.9,9.5,-3,198.7547233,68.91,619.25
312700,617,618.5,1.9,9.5,-3,198.6175606,68.91,617.75
312800,617,618.5,1.9,9.5,-3,198.7842452,68.91,617.75
312900,619.5,621,1.9,9.5,-3,199.0129198,68.91,620.25
313000,622,623.5,1.9,9.5,-3,199.157309,68.91,622.75
313100,622.5,624,1.9,9.5,-3,199.0747113,68.91,623.25
313200,625.5,627,1.9,9.5,-3,199.4041001,68.92,626.25
313300,623.5,625,1.9,9.5,-3,199.2895466,68.92,624.25
313400,622,623.5,1.9,9.5,-3,199.0100836,68.92,622.75
313500,624.5,626,1.9,9.5,-3,199.1239565,68.92,625.25
313600,623,624.5,1.9,9.5,-3,198.8482282,68.92,623.75
313700,620,621.5,1.9,9.5,-3,198.4516958,68.92,620.75
313800,621.5,623,1.9,9.5,-3,198.3841781,68.92,622.25
313900,621.5,623,1.9,9.5,-3,198.4003816,68.92,622.25
314000,624.5,626,1.9,9.5,-3,198.4875879,68.92,625.25
314100,628,629.5,1.9,9.5,-3,198.5021951,68.93,628.75
314200,628,629.5,1.9,9.5,-3,198.5178884,68.93,628.75
314300,627,628.5,1.9,9.5,-3,198.6007322,68.93,627.75
314400,630,631.5,1.9,9.5,-3,198.885466,68.93,630.75
314500,630.5,632,1.9,9.5,-3,198.9880209,68.93,631.25
314600,629.5,631,1.9,9.5,-3,199.0650747,68.93,630.25
314700,625.5,627,1.9,9.5,-3,198.8959922,68.93,626.25
314800,627.5,629,1.9,9.5,-3,199.2492867,68.94,628.25
314900,623.5,625,1.9,9.5,-3,199.1387575,68.94,624.25
315000,625,626.5,1.9,9.5,-3,199.2183595,68.94,625.75
315100,629.5,631,1.9,9.5,-3,199.0577792,68.94,630.25
315200,631.5,633,1.9,9.5,-3,199.3225676,68.94,632.25
315300,635,636.5,1.9,9.5,-3,199.3604668,68.94,635.75
315400,632,633.5,1.9,9.5,-3,199.158595,68.94,632.75
315500,625,626.5,1.9,9.5,-3,199.0692528,68.94,625.75
315600,624.5,626,1.9,9.5,-3,199.2152113,68.94,625.25
315700,621.5,623,1.9,9.5,-3,198.8343634,68.95,622.25
315800,627.5,629,1.9,9.5,-3,198.9365087,68.95,628.25
315900,623,624.5,1.9,9.5,-3,198.8670522,68.95,623.75
316000,620,621.5,1.9,9.5,-3,199.1225331,68.95,620.75
316100,617,618.5,1.9,9.5,-3,198.9912877,68.95,617.75
316200,619.5,621,1.9,9.5,-3,199.2070647,68.95,620.25
316300,623,624.5,1.9,9.5,-3,199.1779347,68.95,623.75
316400,628,629.5,1.9,9.5,-3,199.527794,68.96,628.75
316500,631.5,633,1.9,9.5,-3,199.5284374,68.96,632.25
316600,631,632.5,1.9,9.5,-3,199.6176472,68.96,631.75
316700,630,631.5,1.9,9.5,-3,199.3530269,68.96,630.75
316800,632.5,634,1.9,9.5,-3,199.4156784,68.96,633.25
316900,631,632.5,1.9,9.5,-3,199.2142186,68.96,631.75
317000,639,640.5,1.9,9.5,-3,199.4070855,68.96,639.75
317100,642,643.5,1.9,9.5,-3,199.3357985,68.96,642.75
317200,640.5,642,1.9,9.5,-3,199.1518521,68.96,641.25
317300,643,644.5,1.9,9.5,-3,199.5325455,68.97,643.75
317400,641.5,643,1.9,9.5,-3,199.458959,68.97,642.25
317500,643,644.5,1.9,9.5,-3,199.6094407,68.97,643.75
317600,640.5,642,1.9,9.5,-3,199.7085466,68.97,641.25
317700,638.5,640,1.9,9.5,-3,199.6886434,68.97,639.25
317800,638,639.5,1.9,9.5,-3,199.525903,68.97,638.75
317900,637,638.5,1.9,9.5,-3,199.4207335,68.97,637.75
318000,636.5,638.5,1.9,9.5,-3,199.2301758,68.97,637.5
318100,634.5,636,1.9,9.5,-3,199.3460157,68.98,635.25
318200,637.5,639,1.9,9.5,-3,199.3887408,68.98,638.25
318300,638.5,640,1.9,9.5,-3,199.3500451,68.98,639.25
318400,642,643.5,1.9,9.5,-3,199.4797399,68.98,642.75
318500,641,642.5,2,9.5,-3,199.374665,68.98,641.75
318600,643,644.5,2,9.5,-3,199.3132157,68.98,643.75
318700,640.5,642,2,9.5,-3,199.1564828,68.98,641.25
318800,638,639.5,2,9.5,-3,199.1691256,68.98,638.75
318900,641.5,643,2,9.5,-3,199.252691,68.99,642.25
319000,639,640.5,2,9.5,-3,199.1422562,68.99,639.75
319100,641.5,643,2,9.5,-3,199.0448116,68.99,642.25
319200,639.5,641,2,9.5,-3,198.683816,68.99,640.25
319300,639,640.5,2,9.5,-3,198.6345614,68.99,639.75
319400,636,637.5,2,9.5,-3,198.5551216,68.99,636.75
319500,637,638.5,2,9.5,-3,198.7651348,68.99,637.75
319600,634.5,636,2,9.5,-3,198.6585631,69,635.25
319700,639.5,641,2,9.5,-3,198.7163619,69,640.25
319800,634.5,636,2,9.5,-3,198.4981147,69,635.25
319900,630.5,632,2,9.5,-3,198.2580116,69,631.25
320000,627,628.5,2,9.5,-3,198.1793022,69,627.75
320100,626,627.5,2,9.5,-3,198.0444302,69,626.75
320200,631.5,633,2,9.5,-3,198.4109839,69,632.25
320300,632,633.5,2,9.5,-3,198.6225358,69,632.75
320400,635,636.5,2,9.5,-3,198.7723223,69,635.75
320500,636.5,638,2,9.5,-3,198.7550227,69.01,637.25
320600,634.5,636,2,9.5,-3,198.6044576,69.01,635.25
320700,635.5,637,2,9.5,-3,198.8178238,69.01,636.25
320800,631,632.5,2,9.5,-3,198.7127018,69.01,631.75
320900,631,632.5,2,9.5,-3,198.9370341,69.01,631.75
321000,631,632.5,2,9.5,-3,198.9290682,69.01,631.75
321100,635,636.5,2,9.5,-3,199.2177659,69.01,635.75
321200,639.5,641,2,9.5,-3,199.7774543,69.02,640.25
321300,639.5,641,2,9.5,-3,199.73799,69.02,640.25
321400,641,642.5,2,9.5,-3,199.6275679,69.02,641.75
321500,641,642.5,2,9.5,-3,199.6940798,69.02,641.75
321600,639.5,641,2,9.5,-3,199.7637503,69.02,640.25
321700,636.5,638,2,9.5,-3,199.3135982,69.02,637.25
321800,640,641.5,2,9.5,-3,199.5154363,69.02,640.75
321900,639,640.5,2,9.5,-3,199.5580543,69.02,639.75
322000,640,641.5,2,9.5,-3,199.4511905,69.03,640.75
322100,643.5,645,2,9.5,-3,199.5181734,69.03,644.25
322200,643,644.5,2,9.5,-3,199.3132734,69.03,643.75
322300,646.5,648,2,9.5,-3,199.6262088,69.03,647.25
322400,642.5,644,2,9.5,-3,199.3831389,69.03,643.25
322500,644,645.5,2,9.5,-3,199.3683835,69.03,644.75
322600,645,646.5,2,9.5,-3,199.1584321,69.03,645.75
322700,640,641.5,2,9.5,-3,199.0294063,69.03,640.75
322800,641,642.5,2,9.5,-3,199.1795537,69.04,641.75
322900,642.5,644,2,9.5,-3,199.2891912,69.04,643.25
323000,642,643.5,2,9.5,-3,199.2955853,69.04,642.75
323100,642,644,2,9.5,-3,199.3361653,69.04,643
323200,640.5,642,2,9.5,-3,199.1678135,69.04,641.25
323300,640,641.5,2,9.5,-3,199.1295904,69.04,640.75
323400,643,644.5,2,9.5,-3,199.4320521,69.04,643.75
323500,641,642.5,2,9.5,-3,199.4041347,69.04,641.75
323600,639,640.5,2,9.5,-3,199.3581395,69.04,639.75
323700,640,641.5,2,9.5,-3,199.3108974,69.05,640.75
323800,643.5,645,2,9.5,-3,199.5603107,69.05,644.25
323900,644,645.5,2,9.5,-3,199.0516241,69.05,644.75
324000,645,646.5,2,9.5,-3,199.0799906,69.05,645.75
324100,648.5,650,2,9.5,-3,199.3827924,69.05,649.25
324200,648,649.5,2,9.5,-3,199.9373701,69.05,648.75
324300,650,651.5,2,9.5,-3,199.9821413,69.05,650.75
324400,647,648.5,2,9.5,-3,199.7756865,69.06,647.75
324500,645,646.5,2,9.5,-3,199.5497633,69.06,645.75
324600,641,642.5,2,9.5,-3,199.497456,69.06,641.75
324700,639.5,641,2,9.5,-3,199.5680936,69.06,640.25
324800,639,641,2,9.5,-3,199.3775939,69.06,640
324900,640.5,642,2,9.5,-3,199.3275823,69.06,641.25
325000,642,643.5,2,9.5,-3,199.3259494,69.06,642.75
325100,643,644.5,2,9.5,-3,199.4213473,69.06,643.75
325200,638.5,640,2,9.5,-3,199.3339113,69.06,639.25
325300,637.5,639,2,9.5,-3,199.2266662,69.07,638.25
325400,637,638.5,2,9.5,-3,199.0611173,69.07,637.75
325500,638.5,640,2,9.5,-3,199.1152777,69.07,639.25
325600,640.5,642,2,9.5,-3,199.1836803,69.07,641.25
325700,643.5,645,2,9.5,-3,199.423107,69.07,644.25
325800,647.5,649,2,9.5,-3,199.7532907,69.07,648.25
325900,648.5,650,2,9.5,-3,199.7069094,69.07,649.25
326000,650.5,652,2,9.5,-3,199.7153963,69.08,651.25
326100,656,657.5,2,9.5,-3,200.1096465,69.08,656.75
326200,654.5,656,2,9.5,-3,199.969541,69.08,655.25
326300,655.5,657,2,9.5,-3,200.0797109,69.08,656.25
326400,653,654.5,2,9.5,-3,200.059217,69.08,653.75
326500,653.5,655,2,9.5,-3,200.0462141,69.08,654.25
326600,652.5,654,2,9.5,-3,199.9215394,69.08,653.25
326700,655.5,657,2,9.5,-3,200.0775664,69.08,656.25
326800,655,656.5,2,9.5,-3,200.0446644,69.08,655.75
326900,654,655.5,2,9.5,-3,199.9394321,69.09,654.75
327000,654,655.5,2,9.5,-3,199.8351439,69.09,654.75
327100,655.5,657,2,9.5,-3,200.1535785,69.09,656.25
327200,653,654.5,2,9.5,-3,199.9512404,69.09,653.75
327300,652,653.5,2,9.5,-3,199.9517882,69.09,652.75
327400,652,653.5,2,9.5,-3,200.0653262,69.09,652.75
327500,651.5,653,2,9.5,-3,200.1717104,69.09,652.25
327600,656,657.5,2,9.5,-3,200.330462,69.1,656.75
327700,659,660.5,2,9.5,-3,200.4650297,69.1,659.75
327800,657,658.5,2,9.5,-3,200.3830703,69.1,657.75
327900,658,659.5,2,9.5,-3,200.4268626,69.1,658.75
328000,661.5,663,2,9.5,-3,200.575493,69.1,662.25
328100,662.5,664,2,9.5,-3,200.3919666,69.1,663.25
328200,661,662.5,2,9.5,-3,200.7624925,69.1,661.75
328300,657,658.5,2,9.5,-3,200.6442698,69.1,657.75
328400,658.5,660,2,9.5,-3,200.3715484,69.1,659.25
328500,655,656.5,2,9.5,-3,200.2405815,69.11,655.75
328600,658,659.5,2,9.5,-3,200.3864164,69.11,658.75
328700,658.5,660,2,9.5,-3,200.1394394,69.11,659.25
328800,655.5,657,2,9.5,-3,200.2502929,69.11,656.25
328900,653,654.5,2,9.5,-3,200.0201046,69.11,653.75
329000,654.5,656,2,9.5,-3,200.0220347,69.11,655.25
329100,654.5,656,2,9.5,-3,199.8158609,69.11,655.25
329200,657.5,659,2,9.5,-3,200.1740207,69.11,658.25
329300,655.5,657,2,9.5,-3,200.0801464,69.12,656.25
329400,658.5,660,2,9.5,-3,200.1527396,69.12,659.25
329500,664.5,666,2,9.5,-3,200.3246425,69.12,665.25
329600,661.5,663,2,9.5,-3,200.1192855,69.12,662.25
329700,662.5,664,2,9.5,-3,199.9724407,69.12,663.25
329800,660,661.5,2,9.5,-3,199.8263867,69.12,660.75
329900,661,662.5,2,9.5,-3,199.7976484,69.12,661.75
330000,662,663.5,2,9.5,-3,199.4691282,69.12,662.75
330100,662,663.5,2,9.5,-3,199.6436879,69.13,662.75
330200,660.5,662,2,9.5,-3,199.560154,69.13,661.25
330300,660,661.5,2,9.5,-3,199.5296824,69.13,660.75
330400,663,664.5,2,9.5,-3,199.6395011,69.13,663.75
330500,662.5,664,2,9.5,-3,199.4668292,69.13,663.25
330600,660,661.5,2,9.5,-3,199.3498997,69.13,660.75
330700,657.5,659,2,9.5,-3,199.2541066,69.13,658.25
330800,657,659,2,9.5,-3,199.1071326,69.14,658
330900,658.5,660,2,9.5,-3,199.2407473,69.14,659.25
331000,656,657.5,2,9.5,-3,198.999004,69.14,656.75
331100,655,656.5,2,9.5,-3,198.9320788,69.14,655.75
331200,657,658.5,2,9.5,-3,198.8884661,69.14,657.75
331300,657,659,2,9.5,-3,198.8827607,69.14,658
331400,659.5,661,2,9.5,-3,198.8988607,69.14,660.25
331500,662.5,664,2,9.5,-3,198.9732673,69.14,663.25
331600,665.5,667,2,9.5,-3,199.1874585,69.14,666.25
331700,666.5,668,2,9.5,-3,199.2096479,69.15,667.25
331800,669,670.5,2,9.5,-3,199.3785101,69.15,669.75
331900,667.5,669,2,9.5,-3,199.4133492,69.15,668.25
332000,669,670.5,2,9.5,-3,199.4655674,69.15,669.75
332100,668.5,670.5,2,9.5,-3,199.5543795,69.15,669.5
332200,668,669.5,2,9.5,-3,199.8310789,69.15,668.75
332300,669.5,671,2,9.5,-3,199.9102794,69.15,670.25
332400,671,672.5,2,9.5,-3,200.139101,69.16,671.75
332500,669.5,671,2,9.5,-3,199.9324162,69.16,670.25
332600,672,673.5,2,9.5,-3,199.879065,69.16,672.75
332700,672,673.5,2,9.5,-3,199.768748,69.16,672.75
332800,672.5,674,2,9.5,-3,200.0121591,69.16,673.25
332900,678,679.5,2,9.5,-3,200.2784301,69.16,678.75
333000,677,678.5,2,9.5,-3,200.1481947,69.16,677.75
333100,676.5,678.5,2,9.5,-3,200.0414758,69.16,677.5
333200,675.5,677,2,9.5,-3,199.7825781,69.17,676.25
333300,674,675.5,2,9.5,-3,199.3872299,69.17,674.75
333400,672.5,674,2,9.5,-3,199.4890587,69.17,673.25
333500,675,676.5,2,9.5,-3,199.7478228,69.17,675.75
333600,668,669.5,2,9.5,-3,199.4160153,69.17,668.75
333700,670,671.5,2,9.5,-3,199.4236819,69.17,670.75
333800,672.5,674,2,9.5,-3,199.3102405,69.17,673.25
333900,669,670.5,2,9.5,-3,199.1596346,69.17,669.75
334000,673.5,675,2,9.5,-3,199.1697913,69.18,674.25
334100,673,674.5,2,9.5,-3,198.9845078,69.18,673.75
334200,676,677.5,2,9.5,-3,199.1051157,69.18,676.75
334300,676,677.5,2,9.5,-3,198.9839035,69.18,676.75
334400,678.5,680,2,9.5,-3,199.0062449,69.18,679.25
334500,676,677.5,2,9.5,-3,198.6043231,69.18,676.75
334600,677.5,679,2,9.5,-3,198.7131343,69.18,678.25
334700,676,677.5,2,9.5,-3,198.4349783,69.18,676.75
334800,677.5,679,2,9.5,-3,198.1458542,69.18,678.25
334900,673,674.5,2,9.5,-3,198.0185071,69.19,673.75
335000,671,672.5,2,9.5,-3,197.9896879,69.19,671.75
335100,672.5,674,2,9.5,-3,198.2318464,69.19,673.25
335200,675,676.5,2,9.5,-3,198.3090565,69.19,675.75
335300,673.5,675,2,9.5,-3,198.2377155,69.19,674.25
335400,676.5,678,2,9.5,-3,198.4926052,69.19,677.25
335500,678,679.5,2,9.5,-3,198.3581906,69.19,678.75
335600,680,681.5,2,9.5,-3,198.6193217,69.19,680.75
335700,682.5,684,2,9.5,-3,198.6207219,69.2,683.25
335800,680,681.5,2,9.5,-3,198.561709,69.2,680.75
335900,679,680.5,2,9.5,-3,198.4735147,69.2,679.75
336000,680,681.5,2,9.5,-3,198.5136074,69.2,680.75
336100,680.5,682,2,9.5,-3,198.4774846,69.2,681.25
336200,682.5,684,2,9.5,-3,198.6813154,69.2,683.25
336300,678.5,680,2,9.5,-3,198.3765834,69.2,679.25
336400,676,677.5,2,9.5,-3,198.1504314,69.2,676.75
336500,681,682.5,2,9.5,-3,198.3288324,69.21,681.75
336600,683,684.5,2,9.5,-3,198.4396276,69.21,683.75
336700,686,687.5,2,9.5,-3,198.7351531,69.21,686.75
336800,691,692.5,2,9.5,-3,198.9144243,69.21,691.75
336900,690.5,692,2,9.5,-3,199.1282339,69.21,691.25
337000,691,692.5,2,9.5,-3,199.459989,69.21,691.75
337100,691.5,693,2,9.5,-3,199.6405769,69.21,692.25
337200,696,697.5,2,9.5,-3,199.7697367,69.22,696.75
337300,699,700.5,2,9.5,-3,200.1046049,69.22,699.75
337400,698,699.5,2,9.5,-3,200.0562345,69.22,698.75
337500,703,704.5,2,9.5,-3,200.1572189,69.22,703.75
337600,697,698.5,2,9.5,-3,200.0791031,69.22,697.75
337700,696.5,698.5,2,9.5,-3,200.1612253,69.22,697.5
337800,701.5,703,2,9.5,-3,200.3148955,69.22,702.25
337900,700,701.5,2,9.5,-3,200.1210472,69.22,700.75
338000,701,702.5,2,9.5,-3,200.1380508,69.22,701.75
338100,704,705.5,2,9.5,-3,200.2048238,69.23,704.75
338200,705,706.5,2,9.5,-3,200.1796724,69.23,705.75
338300,707.5,709,2,9.5,-3,200.3600076,69.23,708.25
338400,710,711.5,2,9.5,-3,200.5908851,69.23,710.75
338500,711,712.5,2,9.5,-3,200.751159,69.23,711.75
338600,710.5,712.5,2,9.5,-3,200.5671282,69.23,711.5
338700,716,717.5,2,9.5,-3,200.7298207,69.23,716.75
338800,718.5,720,2,9.5,-3,200.8328277,69.24,719.25
338900,720,721.5,2,9.5,-3,200.9180067,69.24,720.75
339000,719,720.5,2,9.5,-3,200.8338893,69.24,719.75
339100,717.5,719,2,9.5,-3,200.7258213,69.24,718.25
339200,721.5,723,2,9.5,-3,200.8022533,69.24,722.25
339300,718.5,720,2,9.5,-3,200.6047786,69.24,719.25
339400,717.5,719,2,9.5,-3,200.7336248,69.24,718.25
339500,713.5,715,2,9.5,-3,200.3213901,69.24,714.25
339600,711.5,713,2,9.5,-3,200.1722307,69.24,712.25
339700,706.5,708,2,9.5,-3,200.154694,69.25,707.25
339800,711,712.5,2,9.5,-3,200.1993591,69.25,711.75
339900,711,712.5,2,9.5,-3,200.1291142,69.25,711.75
340000,710,711.5,2,9.5,-3,200.2028703,69.25,710.75
340100,712.5,714,2,9.5,-3,200.2987027,69.25,713.25
340200,709,710.5,2,9.5,-3,200.0288367,69.25,709.75
340300,706.5,708,2,9.5,-3,200.0473777,69.25,707.25
340400,706,707.5,2,9.5,-3,199.7964983,69.26,706.75
340500,705,706.5,2,9.5,-3,199.8155395,69.26,705.75
340600,707.5,709,2,9.5,-3,200.1402716,69.26,708.25
340700,708,709.5,2,9.5,-3,200.1655753,69.26,708.75
340800,710.5,712,2,9.5,-3,200.3754734,69.26,711.25
340900,712,713.5,2,9.5,-3,200.4237663,69.26,712.75
341000,711.5,713.5,2,9.5,-3,200.1705705,69.26,712.5
341100,709,710.5,2,9.5,-3,200.2001395,69.26,709.75
341200,713.5,715,2,9.5,-3,200.6497151,69.26,714.25
341300,717,718.5,2,9.5,-3,200.8228928,69.27,717.75
341400,721.5,723,2,9.5,-3,200.9065725,69.27,722.25
341500,721.5,723,2,9.5,-3,200.8717413,69.27,722.25
341600,719.5,721,2,9.5,-3,200.4553756,69.27,720.25
341700,716.5,718,2,9.5,-3,200.2554969,69.27,717.25
341800,719.5,721,2,9.5,-3,200.6050316,69.27,720.25
341900,719,720.5,2,9.5,-3,200.2804627,69.27,719.75
342000,718,719.5,2,9.5,-3,200.0931203,69.28,718.75
342100,720.5,722,2,9.5,-3,200.4681713,69.28,721.25
342200,720.5,722,2,9.5,-3,200.3721854,69.28,721.25
342300,718,719.5,2,9.5,-3,200.2584208,69.28,718.75
342400,715.5,717,2,9.5,-3,200.1787193,69.28,716.25
342500,717.5,719,2,9.5,-3,200.5092483,69.28,718.25
342600,716.5,718,2,9.5,-3,200.3672895,69.28,717.25
342700,712.5,714,2,9.5,-3,200.2917093,69.28,713.25
342800,711,712.5,2,9.5,-3,200.143185,69.28,711.75
342900,708,709.5,2,9.5,-3,200.2551528,69.29,708.75
343000,704.5,706,2,9.5,-3,200.1517165,69.29,705.25
343100,703,704.5,2,9.5,-3,200.1495109,69.29,703.75
343200,701,702.5,2,9.5,-3,199.8947911,69.29,701.75
343300,702.5,704,2,9.5,-3,199.2963425,69.29,703.25
343400,703,704.5,2,9.5,-3,199.313375,69.29,703.75
343500,702.5,704,2,9.5,-3,199.1120242,69.29,703.25
343600,702,703.5,2,9.5,-3,199.1073586,69.3,702.75
343700,703,704.5,2,9.5,-3,199.1919733,69.3,703.75
343800,703,704.5,2,9.5,-3,199.1898955,69.3,703.75
343900,704,705.5,2,9.5,-3,199.4267371,69.3,704.75
344000,705,706.5,2,9.5,-3,199.7098531,69.3,705.75
344100,701.5,703,2,9.5,-3,199.3323646,69.3,702.25
344200,704,705.5,2,9.5,-3,199.5558704,69.3,704.75
344300,701,702.5,2,9.5,-3,199.5160916,69.3,701.75
344400,705,706.5,2,9.5,-3,199.5250338,69.31,705.75
344500,703,704.5,2,9.5,-3,199.6330105,69.31,703.75
344600,703,704.5,2,9.5,-3,199.532764,69.31,703.75
344700,702,703.5,2,9.5,-3,199.4477541,69.31,702.75
344800,702,703.5,2,9.5,-3,199.3805968,69.31,702.75
344900,705.5,707,2,9.5,-3,199.5582889,69.31,706.25
345000,709,710.5,2,9.5,-3,199.884936,69.31,709.75
345100,710,711.5,2,9.5,-3,199.5691723,69.31,710.75
345200,713.5,715,2,9.5,-3,199.7176311,69.32,714.25
345300,713,714.5,2,9.5,-3,199.5029297,69.32,713.75
345400,713.5,715,2,9.5,-3,199.4614379,69.32,714.25
345500,714,715.5,2,9.5,-3,199.3624813,69.32,714.75
345600,715.5,717,2,9.5,-3,199.6932608,69.32,716.25
345700,717.5,719,2,9.5,-3,199.7220296,69.32,718.25
345800,720.5,722,2,9.5,-3,200.0605807,69.32,721.25
345900,723.5,725,2,9.5,-3,200.1473492,69.32,724.25
346000,728.5,730,2,9.5,-3,200.2241375,69.32,729.25
346100,729.5,731,2,9.5,-3,200.3215319,69.33,730.25
346200,729.5,731,2,9.5,-3,200.5967886,69.33,730.25
346300,733,734.5,2,9.5,-3,200.8758641,69.33,733.75
346400,731,732.5,2,9.5,-3,201.1517892,69.33,731.75
346500,735,736.5,2,9.5,-3,201.2443672,69.33,735.75
346600,731,732.5,2,9.5,-3,201.2408607,69.33,731.75
346700,727,728.5,2,9.5,-3,200.888932,69.33,727.75
346800,725,726.5,2,9.5,-3,200.8718744,69.33,725.75
346900,725,726.5,2,9.5,-3,201.0831876,69.34,725.75
347000,724,725.5,2,9.5,-3,200.8920348,69.34,724.75
347100,725.5,727,2,9.5,-3,200.8948497,69.34,726.25
347200,725.5,727,2,9.5,-3,200.8854689,69.34,726.25
347300,729.5,731,2,9.5,-3,200.9225385,69.34,730.25
347400,723,724.5,2,9.5,-3,200.8044523,69.34,723.75
347500,726,727.5,2,9.5,-3,200.8800705,69.34,726.75
347600,725,726.5,2,9.5,-3,200.7271373,69.34,725.75
347700,725,726.5,2,9.5,-3,200.6637584,69.35,725.75
347800,726.5,728,2,9.5,-3,200.4716318,69.35,727.25
347900,723.5,725,2,9.5,-3,200.6848684,69.35,724.25
348000,723,725,2,9.5,-3,201.0333092,69.35,724
348100,726,727.5,2,9.5,-3,200.8356368,69.35,726.75
348200,728.5,730,2,9.5,-3,200.8455575,69.35,729.25
348300,729.5,731,2,9.5,-3,200.9555291,69.35,730.25
348400,731,732.5,2,9.5,-3,201.2667489,69.36,731.75
348500,732,733.5,2,9.5,-3,201.1727449,69.36,732.75
348600,731,732.5,2,9.5,-3,201.076015,69.36,731.75
348700,734,735.5,2,9.5,-3,201.0834041,69.36,734.75
348800,734.5,736,2,9.5,-3,201.2224288,69.36,735.25
348900,732,733.5,2,9.5,-3,201.344445,69.36,732.75
349000,733,734.5,2,9.5,-3,201.46729,69.36,733.75
349100,731,732.5,2,9.5,-3,201.4345536,69.36,731.75
349200,732.5,734,2,9.5,-3,201.5675961,69.36,733.25
349300,733,734.5,2,9.5,-3,201.4696208,69.37,733.75
349400,732.5,734,2,9.5,-3,201.7810503,69.37,733.25
349500,729,730.5,2,9.5,-3,201.3364039,69.37,729.75
349600,727.5,729,2,9.5,-3,201.257428,69.37,728.25
349700,729,730.5,2,9.5,-3,201.282843,69.37,729.75
349800,726,727.5,2,9.5,-3,201.2016807,69.37,726.75
349900,727,728.5,2,9.5,-3,201.1981657,69.37,727.75
350000,725.5,727,2,9.5,-3,201.0333979,69.38,726.25
350100,722.5,724,2,9.5,-3,200.8279739,69.38,723.25
350200,721,722.5,2,9.5,-3,200.9056825,69.38,721.75
350300,724,725.5,2,9.5,-3,200.925773,69.38,724.75
350400,725.5,727,2,9.5,-3,201.1989414,69.38,726.25
350500,719.5,721,2,9.5,-3,200.9555166,69.38,720.25
350600,716.5,718,2,9.5,-3,200.5275271,69.38,717.25
350700,719.5,721,2,9.5,-3,200.5983718,69.38,720.25
350800,716.5,718,2,9.5,-3,200.3602643,69.39,717.25
350900,716.5,718,2,9.5,-3,200.4467005,69.39,717.25
351000,717,718.5,2,9.5,-3,200.51495,69.39,717.75
351100,716,717.5,2,9.5,-3,200.5773701,69.39,716.75
351200,714,715.5,2.1,9.5,-3,200.3847184,69.39,714.75
351300,712.5,714,2.1,9.5,-3,200.2803423,69.39,713.25
351400,710,711.5,2.1,9.5,-3,200.2160913,69.39,710.75
351500,707,708.5,2.1,9.5,-3,199.795746,69.39,707.75
351600,704.5,706,2.1,9.5,-3,199.7769942,69.4,705.25
351700,703.5,705,2.1,9.5,-3,199.7574318,69.4,704.25
351800,703.5,705,2.1,9.5,-3,200.0132791,69.4,704.25
351900,709.5,711,2.1,9.5,-3,200.3414659,69.4,710.25
352000,712,713.5,2.1,9.5,-3,200.4885723,69.4,712.75
352100,713.5,715,2.1,9.5,-3,200.4872403,69.4,714.25
352200,714,715.5,2.1,9.5,-3,200.7772158,69.4,714.75
352300,713,714.5,2.1,9.5,-3,200.6391691,69.4,713.75
352400,712,713.5,2.1,9.5,-3,200.6647938,69.4,712.75
352500,710,711.5,2.1,9.5,-3,200.39361,69.41,710.75
352600,710,711.5,2.1,9.5,-3,200.4865845,69.41,710.75
352700,711,712.5,2.1,9.5,-3,200.6958593,69.41,711.75
352800,715,716.5,2.1,9.5,-3,200.9897644,69.41,715.75
352900,712,713.5,2.1,9.5,-3,201.1738246,69.41,712.75
353000,713,714.5,2.1,9.5,-3,201.0997858,69.41,713.75
353100,710,711.5,2.1,9.5,-3,201.1068283,69.41,710.75
353200,710,712,2.1,9.5,-3,200.888016,69.42,711
353300,712.5,714,2.1,9.5,-3,200.9827075,69.42,713.25
353400,713.5,715,2.1,9.5,-3,201.3045496,69.42,714.25
353500,713,714.5,2.1,9.5,-3,201.4139422,69.42,713.75
353600,711.5,713,2.1,9.5,-3,201.5636443,69.42,712.25
353700,718,719.5,2.1,9.5,-3,201.7186514,69.42,718.75
353800,720,721.5,2.1,9.5,-3,201.7994846,69.42,720.75
353900,722.5,724,2.1,9.5,-3,201.915988,69.42,723.25
354000,727.5,729,2.1,9.5,-3,202.0659603,69.42,728.25
354100,725,726.5,2.1,9.5,-3,201.8867918,69.43,725.75
354200,728,729.5,2.1,9.5,-3,202.1551778,69.43,728.75
354300,730,731.5,2.1,9.5,-3,201.9793831,69.43,730.75
354400,727.5,729,2.1,9.5,-3,201.8746541,69.43,728.25
354500,730,731.5,2.1,9.5,-3,202.1383966,69.43,730.75
354600,726,727.5,2.1,9.5,-3,201.6948369,69.43,726.75
354700,726.5,728,2.1,9.5,-3,201.7596962,69.43,727.25
354800,725,726.5,2.1,9.5,-3,201.7032255,69.44,725.75
354900,727,728.5,2.1,9.5,-3,201.8313485,69.44,727.75
355000,728.5,730,2.1,9.5,-3,201.855741,69.44,729.25
355100,725.5,727,2.1,9.5,-3,201.7716782,69.44,726.25
355200,726.5,728,2.1,9.5,-3,201.785224,69.44,727.25
355300,729.5,731,2.1,9.5,-3,201.9534632,69.44,730.25
355400,728,729.5,2.1,9.5,-3,201.7832514,69.44,728.75
355500,724,725.5,2.1,9.5,-3,201.4791594,69.44,724.75
355600,724.5,726,2.1,9.5,-3,201.5273003,69.44,725.25
355700,723,724.5,2.1,9.5,-3,201.2829534,69.45,723.75
355800,720.5,722,2.1,9.5,-3,201.2558126,69.45,721.25
355900,720,721.5,2.1,9.5,-3,201.2130681,69.45,720.75
356000,719,720.5,2.1,9.5,-3,201.2022065,69.45,719.75
356100,716,717.5,2.1,9.5,-3,200.8987027,69.45,716.75
356200,717,718.5,2.1,9.5,-3,200.9203591,69.45,717.75
356300,711.5,713,2.1,9.5,-3,200.7364773,69.45,712.25
356400,713,714.5,2.1,9.5,-3,200.6768557,69.46,713.75
356500,710,711.5,2.1,9.5,-3,200.3031667,69.46,710.75
356600,706.5,708,2.1,9.5,-3,200.012096,69.46,707.25
356700,704.5,706,2.1,9.5,-3,199.8061201,69.46,705.25
356800,703.5,705,2.1,9.5,-3,199.6600533,69.46,704.25
356900,704.5,706,2.1,9.5,-3,199.9536154,69.46,705.25
357000,706.5,708,2.1,9.5,-3,200.2302181,69.46,707.25
357100,712.5,714,2.1,9.5,-3,200.4220916,69.46,713.25
357200,711.5,713,2.1,9.5,-3,200.3999566,69.46,712.25
357300,707.5,709,2.1,9.5,-3,200.1369361,69.47,708.25
357400,707,709,2.1,9.5,-3,200.2241513,69.47,708
357500,707.5,709,2.1,9.5,-3,200.3620399,69.47,708.25
357600,708.5,710,2.1,9.5,-3,200.3627577,69.47,709.25
357700,707,708.5,2.1,9.5,-3,200.3056153,69.47,707.75
357800,707,708.5,2.1,9.5,-3,200.1963516,69.47,707.75
357900,709.5,711,2.1,9.5,-3,200.2477929,69.47,710.25
358000,707,708.5,2.1,9.5,-3,200.1868787,69.47,707.75
358100,707,709,2.1,9.5,-3,200.2688559,69.48,708
358200,708.5,710,2.1,9.5,-3,200.5668017,69.48,709.25
358300,709,710.5,2.1,9.5,-3,200.3197863,69.48,709.75
358400,714,715.5,2.1,9.5,-3,200.5385183,69.48,714.75
358500,711,712.5,2.1,9.5,-3,200.2737455,69.48,711.75
358600,709,710.5,2.1,9.5,-3,200.1775476,69.48,709.75
358700,711,712.5,2.1,9.5,-3,200.1893943,69.48,711.75
358800,713,714.5,2.1,9.5,-3,200.4990269,69.48,713.75
358900,714,715.5,2.1,9.5,-3,200.5200825,69.49,714.75
359000,709.5,711,2.1,9.5,-3,200.4169008,69.49,710.25
359100,709.5,711,2.1,9.5,-3,200.3371434,69.49,710.25
359200,709.5,711,2.1,9.5,-3,200.4875894,69.49,710.25
359300,711,712.5,2.1,9.5,-3,200.2873099,69.49,711.75
359400,711,712.5,2.1,9.5,-3,200.3502928,69.49,711.75
359500,710,711.5,2.1,9.5,-3,199.9829301,69.49,710.75
359600,708.5,710,2.1,9.5,-3,199.7150239,69.5,709.25
359700,710,711.5,2.1,9.5,-3,199.8555795,69.5,710.75
359800,713.5,715,2.1,9.5,-3,200.02941,69.5,714.25
359900,712.5,714,2.1,9.5,-3,199.8934038,69.5,713.25
360000,715.5,717,2.1,9.5,-3,200.1427721,69.5,716.25
360100,712.5,714,2.1,9.5,-3,199.5940876,69.5,713.25
360200,712.5,714,2.1,9.5,-3,199.6471826,69.5,713.25
360300,714.5,716,2.1,9.5,-3,200.0113084,69.5,715.25
360400,713.5,715,2.1,9.5,-3,200.1160304,69.5,714.25
360500,713.5,715,2.1,9.5,-3,199.9022821,69.51,714.25
360600,713.5,715,2.1,9.5,-3,199.9825217,69.51,714.25
360700,710,711.5,2.1,9.5,-3,199.8786781,69.51,710.75
360800,711,712.5,2.1,9.5,-3,199.6891466,69.51,711.75
360900,709,710.5,2.1,9.5,-3,199.4544702,69.51,709.75
361000,709.5,711,2.1,9.5,-3,199.4612644,69.51,710.25
361100,712,713.5,2.1,9.5,-3,199.7267712,69.51,712.75
361200,710,711.5,2.1,9.5,-3,199.5260922,69.52,710.75
361300,706,707.5,2.1,9.5,-3,199.5134153,69.52,706.75
361400,704,705.5,2.1,9.5,-3,199.5270234,69.52,704.75
361500,703,704.5,2.1,9.5,-3,199.6443496,69.52,703.75
361600,700.5,702,2.1,9.5,-3,199.3617631,69.52,701.25
361700,701,702.5,2.1,9.5,-3,199.1650632,69.52,701.75
361800,704,705.5,2.1,9.5,-3,199.4065101,69.52,704.75
361900,703,704.5,2.1,9.5,-3,199.2491192,69.52,703.75
362000,701.5,703,2.1,9.5,-3,199.0643116,69.53,702.25
362100,704.5,706,2.1,9.5,-3,198.83723,69.53,705.25
362200,706.5,708,2.1,9.5,-3,198.5339209,69.53,707.25
362300,701,702.5,2.1,9.5,-3,198.2988516,69.53,701.75
362400,705,706.5,2.1,9.5,-3,198.4587351,69.53,705.75
362500,705,706.5,2.1,9.5,-3,198.3694377,69.53,705.75
362600,702.5,704,2.1,9.5,-3,198.3573827,69.53,703.25
362700,708,709.5,2.1,9.5,-3,198.5501837,69.53,708.75
362800,708,709.5,2.1,9.5,-3,198.5089672,69.54,708.75
362900,703.5,705,2.1,9.5,-3,198.431077,69.54,704.25
363000,701.5,703,2.1,9.5,-3,198.4178509,69.54,702.25
363100,699.5,701,2.1,9.5,-3,198.2082794,69.54,700.25
363200,703,704.5,2.1,9.5,-3,198.1193342,69.54,703.75
363300,704,705.5,2.1,9.5,-3,198.1479726,69.54,704.75
363400,699,700.5,2.1,9.5,-3,197.8360957,69.54,699.75
363500,699.5,701,2.1,9.5,-3,197.872534,69.54,700.25
363600,699.5,701,2.1,9.5,-3,197.8147429,69.54,700.25
363700,703.5,705,2.1,9.5,-3,198.2726149,69.55,704.25
363800,703,705,2.1,9.5,-3,198.0029261,69.55,704
363900,704,705.5,2.1,9.5,-3,198.0466089,69.55,704.75
364000,705,706.5,2.1,9.5,-3,198.102855,69.55,705.75
364100,704,705.5,2.1,9.5,-3,198.0083303,69.55,704.75
364200,703.5,705,2.1,9.5,-3,198.0215139,69.55,704.25
364300,702,703.5,2.1,9.5,-3,198.2620949,69.55,702.75
364400,702.5,704,2.1,9.5,-3,198.3232998,69.56,703.25
364500,703.5,705,2.1,9.5,-3,198.4718154,69.56,704.25
364600,708,709.5,2.1,9.5,-3,198.7019831,69.56,708.75
364700,709,710.5,2.1,9.5,-3,198.6256784,69.56,709.75
364800,705.5,707,2.1,9.5,-3,198.4792024,69.56,706.25
364900,706,707.5,2.1,9.5,-3,198.1435406,69.56,706.75
365000,707.5,709,2.1,9.5,-3,198.1919545,69.56,708.25
365100,710.5,712,2.1,9.5,-3,198.5509375,69.56,711.25
365200,709.5,711,2.1,9.5,-3,198.5180431,69.56,710.25
365300,704.5,706,2.1,9.5,-3,198.1277571,69.57,705.25
365400,702.5,704,2.1,9.5,-3,197.8689342,69.57,703.25
365500,699,700.5,2.1,9.5,-3,197.7777004,69.57,699.75
365600,700,701.5,2.1,9.5,-3,198.0191852,69.57,700.75
365700,700,701.5,2.1,9.5,-3,198.1006974,69.57,700.75
365800,701,702.5,2.1,9.5,-3,198.2317177,69.57,701.75
365900,699.5,701,2.1,9.5,-3,197.9677588,69.57,700.25
366000,702,703.5,2.1,9.5,-3,198.0816189,69.58,702.75
366100,704,705.5,2.1,9.5,-3,198.3679238,69.58,704.75
366200,701,702.5,2.1,9.5,-3,198.2658174,69.58,701.75
366300,701,702.5,2.1,9.5,-3,198.3072459,69.58,701.75
366400,700,701.5,2.1,9.5,-3,198.109134,69.58,700.75
366500,699,700.5,2.1,9.5,-3,197.9001795,69.58,699.75
366600,702.5,704,2.1,9.5,-3,198.1567629,69.58,703.25
366700,700.5,702,2.1,9.5,-3,197.9923803,69.58,701.25
366800,698.5,700,2.1,9.5,-3,198.0077446,69.58,699.25
366900,699.5,701,2.1,9.5,-3,197.9707298,69.59,700.25
367000,700,701.5,2.1,9.5,-3,198.0827906,69.59,700.75
367100,701,702.5,2.1,9.5,-3,198.1422,69.59,701.75
367200,701,702.5,2.1,9.5,-3,197.9822734,69.59,701.75
367300,697.5,699,2.1,9.5,-3,197.9341413,69.59,698.25
367400,696.5,698,2.1,9.5,-3,197.6604234,69.59,697.25
367500,690.5,692,2.1,9.5,-3,197.5980922,69.59,691.25
367600,691.5,693,2.1,9.5,-3,197.6797583,69.6,692.25
367700,689.5,691,2.1,9.5,-3,197.5807225,69.6,690.25
367800,693.5,695,2.1,9.5,-3,197.8827855,69.6,694.25
367900,695,696.5,2.1,9.5,-3,198.0630256,69.6,695.75
368000,693,694.5,2.1,9.5,-3,197.962279,69.6,693.75
368100,694.5,696,2.1,9.5,-3,198.1882375,69.6,695.25
368200,693.5,695,2.1,9.5,-3,198.2257025,69.6,694.25
368300,691,692.5,2.1,9.5,-3,198.1843328,69.6,691.75
368400,692,693.5,2.1,9.5,-3,198.1956659,69.6,692.75
368500,693,694.5,2.1,9.5,-3,198.4470337,69.61,693.75
368600,691.5,693,2.1,9.5,-3,198.5023441,69.61,692.25
368700,691,692.5,2.1,9.5,-3,198.5255697,69.61,691.75
368800,695,696.5,2.1,9.5,-3,198.6895538,69.61,695.75
368900,692,693.5,2.1,9.5,-3,198.602121,69.61,692.75
369000,692.5,694,2.1,9.5,-3,198.62162,69.61,693.25
369100,693.5,695,2.1,9.5,-3,198.8260418,69.61,694.25
369200,694.5,696,2.1,9.5,-3,199.0569957,69.61,695.25
369300,695.5,697,2.1,9.5,-3,199.2230078,69.62,696.25
369400,692.5,694,2.1,9.5,-3,199.1485861,69.62,693.25
369500,690.5,692,2.1,9.5,-3,198.9315813,69.62,691.25
369600,689.5,691,2.1,9.5,-3,198.654832,69.62,690.25
369700,688,689.5,2.1,9.5,-3,198.5826638,69.62,688.75
369800,686,687.5,2.1,9.5,-3,198.3796762,69.62,686.75
369900,681.5,683,2.1,9.5,-3,198.175225,69.62,682.25
370000,679.5,681,2.1,9.5,-3,198.0962725,69.62,680.25
370100,677,678.5,2.1,9.5,-3,198.0141327,69.63,677.75
370200,674,675.5,2.1,9.5,-3,197.7691022,69.63,674.75
370300,677,678.5,2.1,9.5,-3,198.0330253,69.63,677.75
370400,676,677.5,2.1,9.5,-3,197.8971289,69.63,676.75
370500,674,675.5,2.1,9.5,-3,197.6871109,69.63,674.75
370600,678.5,680,2.1,9.5,-3,197.8216478,69.63,679.25
370700,684,685.5,2.1,9.5,-3,197.8369179,69.63,684.75
370800,679,680.5,2.1,9.5,-3,197.6858561,69.64,679.75
370900,679.5,681,2.1,9.5,-3,197.6501559,69.64,680.25
371000,682,683.5,2.1,9.5,-3,197.8460615,69.64,682.75
371100,680.5,682,2.1,9.5,-3,197.7798819,69.64,681.25
371200,681.5,683,2.1,9.5,-3,197.6887526,69.64,682.25
371300,680.5,682,2.1,9.5,-3,197.7013656,69.64,681.25
371400,683,684.5,2.1,9.5,-3,197.9087345,69.64,683.75
371500,684,685.5,2.1,9.5,-3,198.0470363,69.64,684.75
371600,684.5,686,2.1,9.5,-3,197.8371102,69.64,685.25
371700,685,686.5,2.1,9.5,-3,197.5175632,69.65,685.75
371800,686.5,688,2.1,9.5,-3,197.5629478,69.65,687.25
371900,682,683.5,2.1,9.5,-3,197.3483713,69.65,682.75
372000,684.5,686,2.1,9.5,-3,197.5918803,69.65,685.25
372100,682.5,684,2.1,9.5,-3,197.5532925,69.65,683.25
372200,679.5,681,2.1,9.5,-3,197.4427726,69.65,680.25
372300,680.5,682,2.1,9.5,-3,197.5024266,69.65,681.25
372400,681.5,683,2.1,9.5,-3,197.6057684,69.66,682.25
372500,681.5,683,2.1,9.5,-3,197.4246674,69.66,682.25
372600,684.5,686,2.1,9.5,-3,197.7138168,69.66,685.25
372700,685.5,687,2.1,9.5,-3,197.8224586,69.66,686.25
372800,682.5,684,2.1,9.5,-3,197.5939999,69.66,683.25
372900,681.5,683,2.1,9.5,-3,197.8127176,69.66,682.25
373000,677,678.5,2.1,9.5,-3,197.6648415,69.66,677.75
373100,680.5,682,2.1,9.5,-3,197.8139769,69.66,681.25
373200,679.5,681,2.1,9.5,-3,197.8457836,69.67,680.25
373300,679.5,681,2.1,9.5,-3,198.2879248,69.67,680.25
373400,680,681.5,2.1,9.5,-3,198.427411,69.67,680.75
373500,678.5,680,2.1,9.5,-3,198.3429367,69.67,679.25
373600,677.5,679,2.1,9.5,-3,198.4108405,69.67,678.25
373700,679.5,681,2.1,9.5,-3,198.4056663,69.67,680.25
373800,680,681.5,2.1,9.5,-3,198.370528,69.67,680.75
373900,680,681.5,2.1,9.5,-3,198.2940882,69.67,680.75
374000,676,677.5,2.1,9.5,-3,198.2020347,69.68,676.75
374100,673.5,675,2.1,9.5,-3,197.9535935,69.68,674.25
374200,675,676.5,2.1,9.5,-3,197.8450432,69.68,675.75
374300,671.5,673,2.1,9.5,-3,197.7696909,69.68,672.25
374400,668.5,670,2.1,9.5,-3,197.7362525,69.68,669.25
374500,671,672.5,2.1,9.5,-3,197.9825827,69.68,671.75
374600,673.5,675,2,9.5,-3,198.0431696,69.68,674.25
374700,672,673.5,2,9.5,-3,197.71705,69.68,672.75
374800,675.5,677,2,9.5,-3,197.837378,69.68,676.25
374900,674,675.5,2,9.5,-3,197.4875378,69.69,674.75
375000,673,674.5,2,9.5,-3,197.5697021,69.69,673.75
375100,668.5,670,2,9.5,-3,197.506916,69.69,669.25
375200,671.5,673,2,9.5,-3,197.5289101,69.69,672.25
375300,673,674.5,2,9.5,-3,197.5390456,69.69,673.75
375400,668.5,670,2,9.5,-3,197.387275,69.69,669.25
375500,669.5,671,2,9.5,-3,197.4406166,69.69,670.25
375600,668.5,670,2,9.5,-3,197.4685112,69.69,669.25
375700,671,672.5,2,9.5,-3,197.5584918,69.7,671.75
375800,673,674.5,2,9.5,-3,197.3270523,69.7,673.75
375900,677,678.5,2,9.5,-3,197.7236079,69.7,677.75
376000,673,674.5,2,9.5,-3,197.6309607,69.7,673.75
376100,669,670.5,2,9.5,-3,197.4044529,69.7,669.75
376200,670.5,672,2,9.5,-3,197.6509345,69.7,671.25
376300,668,669.5,2,9.5,-3,197.432471,69.7,668.75
376400,670,671.5,2,9.5,-3,197.5527734,69.7,670.75
376500,673,674.5,2,9.5,-3,197.6182964,69.71,673.75
376600,675,676.5,2,9.5,-3,197.5011637,69.71,675.75
376700,672.5,674,2,9.5,-3,197.2931933,69.71,673.25
376800,670.5,672,2,9.5,-3,197.1999682,69.71,671.25
376900,667.5,669,2,9.5,-3,197.0961539,69.71,668.25
377000,666.5,668,2,9.5,-3,196.8770149,69.71,667.25
377100,665,666.5,2,9.5,-3,196.5598885,69.71,665.75
377200,667,668.5,2,9.5,-3,196.8361112,69.72,667.75
377300,666.5,668,2,9.5,-3,197.0486933,69.72,667.25
377400,671,672.5,2,9.5,-3,197.2249834,69.72,671.75
377500,671,672.5,2,9.5,-3,197.2397133,69.72,671.75
377600,673.5,675,2,9.5,-3,197.4575868,69.72,674.25
377700,674.5,676,2,9.5,-3,197.5526199,69.72,675.25
377800,677,678.5,2,9.5,-3,197.6936965,69.72,677.75
377900,676,677.5,2,9.5,-3,197.572576,69.72,676.75
378000,675,676.5,2,9.5,-3,197.6772884,69.72,675.75
378100,673,674.5,2,9.5,-3,197.6218002,69.73,673.75
378200,669.5,671,2,9.5,-3,197.3284017,69.73,670.25
378300,669.5,671,2,9.5,-3,197.6092717,69.73,670.25
378400,672.5,674,2,9.5,-3,197.7833645,69.73,673.25
378500,671.5,673,2,9.5,-3,197.8242747,69.73,672.25
378600,671,673,2,9.5,-3,197.7695747,69.73,672
378700,670,671.5,2,9.5,-3,197.7776033,69.73,670.75
378800,670,671.5,2,9.5,-3,198.4425428,69.74,670.75
378900,670,671.5,2,9.5,-3,198.4167617,69.74,670.75
379000,670,671.5,2,9.5,-3,198.3212394,69.74,670.75
379100,664.5,666,2,9.5,-3,198.2402648,69.74,665.25
379200,668,669.5,2,9.5,-3,198.4311819,69.74,668.75
379300,668.5,670,2,9.5,-3,198.7319084,69.74,669.25
379400,667.5,669,2,9.5,-3,198.7323575,69.74,668.25
379500,669,670.5,2,9.5,-3,198.8990336,69.74,669.75
379600,669,670.5,2,9.5,-3,198.9974822,69.74,669.75
379700,671,672.5,2,9.5,-3,199.0079853,69.75,671.75
379800,669,670.5,2,9.5,-3,198.9761634,69.75,669.75
379900,670.5,672,2,9.5,-3,198.935789,69.75,671.25
380000,665.5,667,2,9.5,-3,198.7586026,69.75,666.25
380100,661,662.5,2,9.5,-3,198.3995994,69.75,661.75
380200,660,661.5,2,9.5,-3,198.282198,69.75,660.75
380300,658.5,660,2,9.5,-3,198.2092683,69.75,659.25
380400,661.5,663,2,9.5,-3,198.2973846,69.76,662.25
380500,660.5,662,2,9.5,-3,198.2006734,69.76,661.25
380600,660,661.5,2,9.5,-3,198.3395586,69.76,660.75
380700,657.5,659,2,9.5,-3,198.171489,69.76,658.25
380800,656.5,658,2,9.5,-3,198.017244,69.76,657.25
380900,656.5,658.5,2,9.5,-3,197.8906002,69.76,657.5
381000,658.5,660,2,9.5,-3,197.996292,69.76,659.25
381100,662.5,664,2,9.5,-3,198.0309878,69.76,663.25
381200,662.5,664,2,9.5,-3,198.0969234,69.76,663.25
381300,666,667.5,2,9.5,-3,198.3547674,69.77,666.75
381400,666.5,668,2,9.5,-3,198.2649467,69.77,667.25
381500,664,665.5,2,9.5,-3,198.2174924,69.77,664.75
381600,664.5,666,2,9.5,-3,198.4440698,69.77,665.25
381700,665,666.5,2,9.5,-3,198.4864318,69.77,665.75
381800,666,667.5,2,9.5,-3,198.554307,69.77,666.75
381900,664.5,666,2,9.5,-3,198.7218702,69.77,665.25
382000,664.5,666.5,2,9.5,-3,198.7374061,69.78,665.5
382100,665.5,667,2,9.5,-3,198.8052647,69.78,666.25
382200,665.5,667,2,9.5,-3,198.6259103,69.78,666.25
382300,666,667.5,2,9.5,-3,198.6764325,69.78,666.75
382400,670,671.5,2,9.5,-3,198.8361695,69.78,670.75
382500,671.5,673,2,9.5,-3,198.9440886,69.78,672.25
382600,668.5,670,2,9.5,-3,198.969135,69.78,669.25
382700,668.5,670.5,2,9.5,-3,199.40463,69.78,669.5
382800,671.5,673,2,9.5,-3,199.4963401,69.78,672.25
382900,670,671.5,2,9.5,-3,199.3109033,69.79,670.75
383000,670,671.5,2,9.5,-3,199.1292512,69.79,670.75
383100,671.5,673,2,9.5,-3,199.0929862,69.79,672.25
383200,672,673.5,2,9.5,-3,199.1080481,69.79,672.75
383300,675,676.5,2,9.5,-3,199.3415067,69.79,675.75
383400,674.5,676,2,9.5,-3,199.4202855,69.79,675.25
383500,676,677.5,2,9.5,-3,199.1870502,69.79,676.75
383600,678,679.5,2,9.5,-3,199.2836879,69.8,678.75
383700,680,681.5,2,9.5,-3,199.4195031,69.8,680.75
383800,680.5,682,2,9.5,-3,199.403105,69.8,681.25
383900,681,682.5,2,9.5,-3,199.2592396,69.8,681.75
384000,680,681.5,2,9.5,-3,199.4569906,69.8,680.75
384100,681,682.5,2,9.5,-3,199.4337572,69.8,681.75
384200,678.5,680,2,9.5,-3,199.5552667,69.8,679.25
384300,677,678.5,2,9.5,-3,199.5123941,69.8,677.75
384400,677.5,679,2,9.5,-3,199.4106862,69.81,678.25
384500,677.5,679,2,9.5,-3,199.732646,69.81,678.25
384600,672,673.5,2,9.5,-3,199.4643034,69.81,672.75
384700,670.5,672,2,9.5,-3,199.4098687,69.81,671.25
384800,675,676.5,2,9.5,-3,199.6091508,69.81,675.75
384900,677.5,679,2,9.5,-3,199.7033619,69.81,678.25
385000,677.5,679,2,9.5,-3,199.5718655,69.81,678.25
385100,675,676.5,2,9.5,-3,199.471041,69.81,675.75
385200,678.5,680,2,9.5,-3,199.7843768,69.82,679.25
385300,679.5,681,2,9.5,-3,200.066445,69.82,680.25
385400,676.5,678,2,9.5,-3,200.1614004,69.82,677.25
385500,672.5,674,2,9.5,-3,199.9302579,69.82,673.25
385600,672.5,674,2,9.5,-3,199.8052015,69.82,673.25
385700,675,676.5,2,9.5,-3,199.9141813,69.82,675.75
385800,669,670.5,2,9.5,-3,199.889452,69.82,669.75
385900,673.5,675,2,9.5,-3,200.0529044,69.82,674.25
386000,672,673.5,2,9.5,-3,200.0276104,69.82,672.75
386100,670.5,672,2,9.5,-3,199.8004905,69.83,671.25
386200,672.5,674,2,9.5,-3,200.0535594,69.83,673.25
386300,670,671.5,2,9.5,-3,199.8796876,69.83,670.75
386400,672.5,674,2,9.5,-3,199.9611571,69.83,673.25
386500,674.5,676,2,9.5,-3,200.0543224,69.83,675.25
386600,673.5,675,2,9.5,-3.5,199.9921988,69.83,674.25
386700,674,675.5,2,9.5,-3.5,199.9938229,69.83,674.75
386800,671,672.5,2,9.5,-3.5,199.6300115,69.83,671.75
386900,667,668.5,2,9.5,-3.5,199.6130987,69.84,667.75
387000,670,671.5,2,9.5,-3.5,199.6912443,69.84,670.75
387100,670,672,2,9.5,-3.5,199.7563108,69.84,671
387200,667,668.5,2,9.5,-3.5,199.4595927,69.84,667.75
387300,664.5,666,2,9.5,-3.5,199.2598209,69.84,665.25
387400,661,662.5,2,9.5,-3.5,199.3342405,69.84,661.75
387500,660,661.5,2,9.5,-3.5,199.3871449,69.84,660.75
387600,659,660.5,2,9.5,-3.5,199.4475356,69.84,659.75
387700,658.5,660,2,9.5,-3.5,199.1711871,69.85,659.25
387800,658,659.5,2,9.5,-3.5,198.9505276,69.85,658.75
387900,658.5,660,2,9.5,-3.5,199.1825693,69.85,659.25
388000,658.5,660,2,9.5,-3.5,199.2165417,69.85,659.25
388100,661.5,663,2,9.5,-3.5,199.3535649,69.85,662.25
388200,664.5,666,2,9.5,-3.5,199.5812189,69.85,665.25
388300,665.5,667,2,9.5,-3.5,199.6304738,69.85,666.25
388400,668.5,670,2,9.5,-3.5,199.8111784,69.86,669.25
388500,668,669.5,2,9.5,-3.5,199.7683942,69.86,668.75
388600,661.5,663,2,9.5,-3.5,199.7200751,69.86,662.25
388700,663.5,665,2,9.5,-3.5,199.8358312,69.86,664.25
388800,660,661.5,2,9.5,-3.5,199.3822688,69.86,660.75
388900,664.5,666,2,9.5,-3.5,199.5675508,69.86,665.25
389000,664,665.5,2,9.5,-3.5,199.5201817,69.86,664.75
389100,667.5,669,2,9.5,-3.5,199.6489828,69.86,668.25
389200,670.5,672,2,9.5,-3.5,199.9032069,69.86,671.25
389300,669.5,671,2,9.5,-3.5,199.9750525,69.87,670.25
389400,671.5,673,2,9.5,-3.5,199.8128035,69.87,672.25
389500,666.5,668,2,9.5,-3.5,199.6004011,69.87,667.25
389600,669,670.5,2,9.5,-3.5,199.623363,69.87,669.75
389700,665.5,667,2,9.5,-3.5,198.838453,69.87,666.25
389800,667.5,669,2,9.5,-3.5,198.7131772,69.87,668.25
389900,665,666.5,2,9.5,-3.5,198.6620757,69.87,665.75
390000,669.5,671,2,9.5,-3.5,198.777985,69.88,670.25
390100,668,669.5,2,9.5,-3.5,198.9921214,69.88,668.75
390200,666.5,668,2,9.5,-3.5,198.9370488,69.88,667.25
390300,660.5,662,2,9.5,-3.5,198.798089,69.88,661.25
390400,660.5,662,2,9.5,-3.5,198.8272002,69.88,661.25
390500,660.5,662,2,9.5,-3.5,198.7290763,69.88,661.25
390600,663.5,665,2,9.5,-3.5,198.83757,69.88,664.25
390700,666.5,668,2,9.5,-3.5,199.0198895,69.88,667.25
390800,664.5,666,2,9.5,-3.5,198.6208377,69.89,665.25
390900,669.5,671,2,9.5,-3.5,198.8128822,69.89,670.25
391000,674.5,676,2,9.5,-3.5,198.9420007,69.89,675.25
391100,680,681.5,2,9.5,-3.5,199.0632167,69.89,680.75
391200,676,677.5,2,9.5,-3.5,198.7494775,69.89,676.75
391300,678,679.5,2,9.5,-3.5,198.7852384,69.89,678.75
391400,680,681.5,2,9.5,-3.5,198.8162589,69.89,680.75
391500,684,685.5,2,9.5,-3.5,198.9645286,69.89,684.75
391600,680,681.5,2,9.5,-3.5,199.0434915,69.9,680.75
391700,683,684.5,2,9.5,-3.5,199.0298318,69.9,683.75
391800,684.5,686,2,9.5,-3.5,199.1999116,69.9,685.25
391900,679,680.5,2,9.5,-3.5,198.8359337,69.9,679.75
392000,680,681.5,2,9.5,-3.5,198.9332749,69.9,680.75
392100,683.5,685,2,9.5,-3.5,199.1102895,69.9,684.25
392200,683,684.5,2,9.5,-3.5,199.1752414,69.9,683.75
392300,684.5,686,2,9.5,-3.5,199.2621241,69.9,685.25
392400,687.5,689,2,9.5,-3.5,199.4422307,69.9,688.25
392500,685,686.5,2,9.5,-3.5,199.3384532,69.91,685.75
392600,690.5,692,2,9.5,-3.5,199.5087593,69.91,691.25
392700,693,694.5,2,9.5,-3.5,199.6496118,69.91,693.75
392800,690.5,692,2,9.5,-3.5,199.4162753,69.91,691.25
392900,687.5,689,2,9.5,-3.5,199.1979488,69.91,688.25
393000,686.5,688,2,9.5,-3.5,199.1765431,69.91,687.25
393100,687.5,689,2,9.5,-3.5,199.1516699,69.91,688.25
393200,691,692.5,2,9.5,-3.5,199.2789961,69.92,691.75
393300,691,692.5,2,9.5,-3.5,199.304931,69.92,691.75
393400,687,688.5,2,9.5,-3.5,198.9655183,69.92,687.75
393500,686.5,688,2,9.5,-3.5,198.9468369,69.92,687.25
393600,685,686.5,2,9.5,-3.5,198.799845,69.92,685.75
393700,685.5,687,2,9.5,-3.5,198.6975382,69.92,686.25
393800,693,694.5,2,9.5,-3.5,198.8483817,69.92,693.75
393900,694,695.5,2,9.5,-3.5,198.9262059,69.92,694.75
394000,692,693.5,2,9.5,-3.5,198.8844071,69.92,692.75
394100,689.5,691,2,9.5,-3.5,198.5976634,69.93,690.25
394200,689,690.5,2,9.5,-3.5,198.4867488,69.93,689.75
394300,687.5,689,2,9.5,-3.5,198.4637813,69.93,688.25
394400,685.5,687,2,9.5,-3.5,198.4277572,69.93,686.25
394500,685,687,2,9.5,-3.5,198.599866,69.93,686
394600,685,686.5,2,9.5,-3.5,198.6349812,69.93,685.75
394700,683.5,685,2,9.5,-3,198.3056318,69.93,684.25
394800,685,686.5,2,9.5,-3,198.4133077,69.94,685.75
394900,684.5,686,2,9.5,-3,198.3291736,69.94,685.25
395000,683.5,685,2,9.5,-3,198.2919171,69.94,684.25
395100,683,685,2,9.5,-3,198.4355321,69.94,684
395200,681.5,683,2,9.5,-3,198.2284423,69.94,682.25
395300,681.5,683,2,9.5,-3,198.2875891,69.94,682.25
395400,685,686.5,2,9.5,-3,198.3889017,69.94,685.75
395500,686,687.5,2,9.5,-3,198.4022715,69.94,686.75
395600,683,684.5,2,9.5,-3,198.206623,69.94,683.75
395700,686.5,688,2,9.5,-3,198.0266248,69.95,687.25
395800,684.5,686,2,9.5,-3,197.7523868,69.95,685.25
395900,680.5,682,2,9.5,-3,197.5815103,69.95,681.25
396000,678,679.5,2,9.5,-3,197.3523423,69.95,678.75
396100,675,676.5,2,9.5,-3,197.0243378,69.95,675.75
396200,676,677.5,2,9.5,-3,197.0242092,69.95,676.75
396300,672,673.5,2,9.5,-3,196.8205069,69.95,672.75
396400,670,671.5,2,9.5,-3,196.4175207,69.96,670.75
396500,667,668.5,2,9.5,-3,196.2872056,69.96,667.75
396600,670,671.5,2,9.5,-3,196.3856745,69.96,670.75
396700,670.5,672,2,9.5,-3,196.4403946,69.96,671.25
396800,673.5,675,2,9.5,-3,196.4435206,69.96,674.25
396900,673.5,675,2,9.5,-3,196.2531119,69.96,674.25
397000,676.5,678,2,9.5,-3,196.3554036,69.96,677.25
397100,679,680.5,2,9.5,-3,196.5924975,69.96,679.75
397200,676.5,678,2,9.5,-3,196.1274411,69.96,677.25
397300,672.5,674,2,9.5,-3,195.7971355,69.97,673.25
397400,671.5,673,2,9.5,-3,196.1549147,69.97,672.25
397500,668.5,670,2,9.5,-3,196.1210801,69.97,669.25
397600,660.5,662,2,9.5,-3,195.9710194,69.97,661.25
397700,665,666.5,2,9.5,-3,196.2824954,69.97,665.75
397800,661.5,663,2,9.5,-3,195.9318664,69.97,662.25
397900,663.5,665,2,9.5,-3,196.2471207,69.97,664.25
398000,668,669.5,2,9.5,-3,196.2997232,69.97,668.75
398100,665.5,667,2,9.5,-3,196.212722,69.98,666.25
398200,667,668.5,2,9.5,-3,196.023882,69.98,667.75
398300,667.5,669,2,9.5,-3,195.8176513,69.98,668.25
398400,665,666.5,2,9.5,-3,195.7649104,69.98,665.75
398500,662,663.5,2,9.5,-3,195.8038624,69.98,662.75
398600,663,664.5,2,9.5,-3,195.9439467,69.98,663.75
398700,657.5,659,2,9.5,-3,195.8793156,69.98,658.25
398800,660,661.5,2,9.5,-3,196.064262,69.98,660.75
398900,657.5,659,2,9.5,-3,195.7300746,69.99,658.25
399000,655.5,657,2,9.5,-3,195.6641144,69.99,656.25
399100,655.5,657,2,9.5,-3,195.6689109,69.99,656.25
399200,653,654.5,2,9.5,-3,195.430872,69.99,653.75
399300,652.5,654,2,9.5,-3,195.2962866,69.99,653.25
399400,654,655.5,2,9.5,-3,195.5203851,69.99,654.75
399500,654.5,656,2,9.5,-3,195.6788577,69.99,655.25
399600,652.5,654,2,9.5,-3,195.497945,70,653.25
399700,652,653.5,2,9.5,-3,195.5859831,70,652.75
399800,649.5,651,2,9.5,-3,195.2331655,70,650.25
399900,646.5,648,2,9.5,-3,195.1157591,70,647.25
400000,645.5,647,2,9.5,-3,195.2370401,70,646.25
400100,643,644.5,2,9.5,-3,195.1827362,70,643.75
400200,642,643.5,2,9.5,-3,195.1481262,69.99,642.75
400300,649.5,651,2,9.5,-3,195.6178706,69.98,650.25
400400,650.5,652,2,9.5,-3,195.4151222,69.98,651.25
400500,654,655.5,2,9.5,-3,195.4530619,69.97,654.75
400600,653,654.5,2,9.5,-3,195.2606385,69.97,653.75
400700,655,656.5,2,9.5,-3,195.6121572,69.96,655.75
400800,658,659.5,2,9.5,-3,196.1234717,69.96,658.75
400900,661,662.5,2,9.5,-3,196.1067031,69.96,661.75
401000,661,662.5,2,9.5,-3,196.2187897,69.95,661.75
401100,660.5,662.5,2,9.5,-3,196.382826,69.94,661.5
401200,663,664.5,2,9.5,-3,196.4721352,69.94,663.75
401300,662,663.5,2,9.5,-3,196.3218598,69.94,662.75
401400,660,661.5,2,9.5,-3,196.2579141,69.93,660.75
401500,663,664.5,2,9.5,-3,196.5006484,69.92,663.75
401600,665.5,667,2,9.5,-3,196.6530174,69.92,666.25
401700,662.5,664,2,9.5,-3,196.6415023,69.92,663.25
401800,661.5,663,2,9.5,-3,196.4913009,69.91,662.25
401900,662.5,664,2,9.5,-3,196.5045871,69.9,663.25
402000,661.5,663,2,9.5,-3,196.2792644,69.9,662.25
402100,661.5,663,2,9.5,-3,196.2785091,69.9,662.25
402200,665,666.5,2,9.5,-3,196.4564333,69.89,665.75
402300,665,666.5,2,9.5,-3,196.6640104,69.89,665.75
402400,666.5,668,2,9.5,-3,196.3795017,69.88,667.25
402500,664.5,666,2,9.5,-3,196.3082139,69.88,665.25
402600,666,667.5,2,9.5,-3,196.40356,69.87,666.75
402700,669,670.5,2,9.5,-3,196.7913072,69.86,669.75
402800,671,672.5,2,9.5,-3,196.8198551,69.86,671.75
402900,671,672.5,2,9.5,-3,196.8158831,69.86,671.75
403000,669.5,671,2,9.5,-3,196.7748651,69.85,670.25
403100,670.5,672,2,9.5,-3,197.050019,69.84,671.25
403200,670,672,2,9.5,-3,196.9731562,69.84,671
403300,667.5,669,2,9.5,-3,196.7744438,69.83,668.25
403400,667,668.5,2,9.5,-3,196.6839625,69.83,667.75
403500,665.5,667,2,9.5,-3,196.4109942,69.82,666.25
403600,667.5,669,2,9.5,-3,196.6258784,69.82,668.25
403700,669,670.5,2,9.5,-3,196.911887,69.82,669.75
403800,669.5,671,2,9.5,-3,196.8232789,69.81,670.25
403900,666.5,668,2,9.5,-3,196.4534988,69.81,667.25
404000,666,668,2,9.5,-3,196.4241788,69.8,667
404100,662,663.5,2,9.5,-3,196.1879523,69.8,662.75
404200,663,664.5,2,9,-3,196.0684609,69.79,663.75
404300,666,667.5,2,9,-3,196.1193602,69.78,666.75
404400,661.5,663,2,9,-3,196.0603836,69.78,662.25
404500,661,663,2,9,-3,196.0668359,69.78,662
404600,659,660.5,2,9,-3,196.0123645,69.77,659.75
404700,662.5,664,2,9,-3,196.2577333,69.76,663.25
404800,661.5,663,2,9,-3,196.2261469,69.76,662.25
404900,660,661.5,2,9,-3,196.0087062,69.76,660.75
405000,664,665.5,2,9,-3,196.0600245,69.75,664.75
405100,663.5,665,2,9,-3,195.8610154,69.74,664.25
405200,660,661.5,2,9,-3,195.7077534,69.74,660.75
405300,662.5,664,2,9,-3,195.9867303,69.74,663.25
405400,662,663.5,2,9,-3,196.1193477,69.73,662.75
405500,661.5,663,2,9,-3,196.1132923,69.72,662.25
405600,663,664.5,2,9,-3,196.0637531,69.72,663.75
405700,661,662.5,2,9,-3,195.8129244,69.72,661.75
405800,662.5,664,2,9,-3,195.9127473,69.71,663.25
405900,661,662.5,2,9,-3,195.9237239,69.7,661.75
406000,655.5,657,2,9,-3,195.8114347,69.7,656.25
406100,655,656.5,2,9,-3,195.8457502,69.69,655.75
406200,656.5,658,2,9,-3,195.8828399,69.69,657.25
406300,658,659.5,2,9,-3,195.8899418,69.68,658.75
406400,660.5,662,2,9,-3,196.0623017,69.68,661.25
406500,660,662,2,9,-3,195.9537228,69.68,661
406600,661.5,663,2,9,-3,196.0064868,69.67,662.25
406700,662,663.5,2,9,-3,196.1248682,69.67,662.75
406800,665.5,667,2,9,-3,196.5017042,69.66,666.25
406900,669.5,671,2,9,-3,196.5434142,69.66,670.25
407000,670.5,672,2,9,-3,196.4835228,69.65,671.25
407100,669,670.5,2,9,-3,196.3120041,69.64,669.75
407200,671,672.5,2,9,-3,196.5869631,69.64,671.75
407300,667.5,669,2,9,-3,196.414144,69.64,668.25
407400,668.5,670,2,9,-3,196.5153622,69.63,669.25
407500,672,673.5,2,9,-3,196.5987081,69.62,672.75
407600,674.5,676,2,9,-3,196.690076,69.62,675.25
407700,673,674.5,2,9,-3,196.970137,69.61,673.75
407800,674,675.5,2,9,-3,197.2759691,69.61,674.75
407900,672,673.5,2,9,-3,197.3285045,69.6,672.75
408000,674.5,676,2,9,-3,197.6461347,69.6,675.25
408100,674,675.5,2,9,-3,197.8189377,69.6,674.75
408200,672.5,674,2,9,-3,197.9443595,69.59,673.25
408300,670,671.5,2,9,-3,197.941934,69.58,670.75
408400,668.5,670,2,9,-3,198.0667054,69.58,669.25
408500,666,667.5,2,9,-3,198.1030765,69.58,666.75
408600,667.5,669,2,9,-3,198.4103481,69.57,668.25
408700,670,671.5,2,9,-3,198.569308,69.56,670.75
408800,668.5,670,2,9,-3,198.3169871,69.56,669.25
408900,672.5,674,2,9,-3,198.6581126,69.56,673.25
409000,674,675.5,2,9,-3,198.7924303,69.55,674.75
409100,676,677.5,2,9,-3,198.9861095,69.54,676.75
409200,677,678.5,2,9,-3,198.8657703,69.54,677.75
409300,677.5,679,2,9,-3,198.6279156,69.54,678.25
409400,682.5,684,2,9,-3,198.6553439,69.53,683.25
409500,683.5,685,2,9,-3,198.9211958,69.53,684.25
409600,683.5,685,2,9,-3,198.8384432,69.52,684.25
409700,685,686.5,2,9,-3,198.9709084,69.52,685.75
409800,683,684.5,2,9,-3,198.8321913,69.51,683.75
409900,683,685,2,9,-3,198.8048157,69.5,684
410000,690.5,692,2,9,-3,199.3328905,69.5,691.25
410100,694.5,696,2,9,-3,199.4810869,69.5,695.25
410200,695,696.5,2,9,-3,199.4894534,69.49,695.75
410300,694,695.5,2,9,-3,199.4286523,69.48,694.75
410400,691.5,693,2,9,-3,199.3445895,69.48,692.25
410500,692.5,694,2,9,-3,199.3458968,69.47,693.25
410600,693,694.5,2,9,-3,199.642294,69.47,693.75
410700,695,696.5,2,9,-3,199.6944981,69.46,695.75
410800,697.5,699,2,9,-3,199.6776523,69.46,698.25
410900,699.5,701,2,9,-3,199.8177241,69.46,700.25
411000,697,698.5,2,9,-3,199.7571726,69.45,697.75
411100,694.5,696,2,9,-3,199.723685,69.44,695.25
411200,691,692.5,2,9,-3,199.7901662,69.44,691.75
411300,689,690.5,2,9,-3,199.6120477,69.44,689.75
411400,686,687.5,2,9,-3,199.3709698,69.43,686.75
411500,682.5,684,2,9,-3,199.3132724,69.42,683.25
411600,686.5,688,2,9,-3,199.3783255,69.42,687.25
411700,690.5,692,2,9,-3,199.8661101,69.42,691.25
411800,688.5,690,2,9,-3,199.7116946,69.41,689.25
411900,693,694.5,2,9,-3,199.7587484,69.4,693.75
412000,692.5,694.5,2,9,-3,199.725371,69.4,693.5
412100,691.5,693,2,9,-3,199.4999377,69.4,692.25
412200,688,689.5,2,9,-3,199.4960314,69.39,688.75
412300,689.5,691,2,9,-3,199.5699642,69.39,690.25
412400,694,695.5,2,9,-3,199.6596444,69.38,694.75
412500,694,696,2,9,-3,199.8882931,69.38,695
412600,692,693.5,2,9,-3,199.6810339,69.37,692.75
412700,695.5,697,2,9,-3,199.794483,69.36,696.25
412800,693.5,695,2,9,-3,199.7307143,69.36,694.25
412900,692,693.5,2,9,-3,199.5243714,69.36,692.75
413000,697,698.5,2,9,-3,199.8564545,69.35,697.75
413100,699.5,701,2,9,-3,199.9031064,69.34,700.25
413200,704.5,706,2,9,-3,200.045338,69.34,705.25
413300,701,702.5,2,9,-3,199.8680959,69.33,701.75
413400,701,702.5,2,9,-3,199.5251226,69.33,701.75
413500,699.5,701,2,9,-3,199.2958706,69.32,700.25
413600,701.5,703,2,9,-3,199.3311202,69.32,702.25
413700,702.5,704,2,9,-3,199.4165416,69.32,703.25
413800,704,705.5,2,9,-3,199.652366,69.31,704.75
413900,701.5,703,2,9,-3,199.5733605,69.31,702.25
414000,700.5,702,2,9,-3,199.5383147,69.3,701.25
414100,699.5,701,2,9,-3,199.5704947,69.3,700.25
414200,705.5,707,2,9,-3,199.8599671,69.29,706.25
414300,707,708.5,2,9,-3,199.9818682,69.28,707.75
414400,708.5,710,2,9,-3,199.981416,69.28,709.25
414500,705.5,707,2,9,-3,199.9427985,69.28,706.25
414600,704,705.5,2,9,-3,199.9973334,69.27,704.75
414700,704.5,706,2,9,-3,199.9117742,69.26,705.25
414800,702,703.5,2,9,-3,199.8824543,69.26,702.75
414900,703.5,705,2,9,-3,200.1848742,69.26,704.25
415000,700.5,702,2,9,-3,199.9753919,69.25,701.25
415100,703,704.5,2,9,-3,200.1358089,69.24,703.75
415200,706,707.5,2,9,-3,200.2471136,69.24,706.75
415300,704,705.5,2,9,-3,200.2062598,69.24,704.75
415400,705,706.5,2,9,-3,200.3335776,69.23,705.75
415500,701.5,703,2,9,-3,200.1533667,69.22,702.25
415600,703,704.5,2,9,-3,200.0792271,69.22,703.75
415700,703,704.5,2,9,-3,199.9205296,69.22,703.75
415800,705.5,707,2,9,-3,199.9740528,69.21,706.25
415900,708,709.5,2,9,-3,200.1077267,69.2,708.75
416000,704.5,706,2,9,-3,200.0007496,69.2,705.25
416100,709,710.5,2,9,-3,200.1775866,69.19,709.75
416200,709.5,711,2,9,-3,200.1017635,69.19,710.25
416300,714,715.5,2,9,-3,200.2951441,69.18,714.75
416400,716,717.5,2,9,-3,200.3012791,69.18,716.75
416500,714,715.5,2,9,-3,199.9946097,69.18,714.75
416600,717,718.5,2,9,-3,200.066424,69.17,717.75
416700,716.5,718,2,9,-3,199.8110371,69.17,717.25
416800,713,714.5,2,9,-3,199.6236632,69.16,713.75
416900,714.5,716,2,9,-3,199.68609,69.16,715.25
417000,716,717.5,2,9,-3,199.8643416,69.15,716.75
417100,718.5,720,2,9,-3,200.146801,69.14,719.25
417200,715,716.5,2,9,-3,200.0876409,69.14,715.75
417300,715.5,717,2,9,-3,200.1322426,69.14,716.25
417400,715.5,717.5,2,9,-3,200.1247113,69.13,716.5
417500,719,720.5,2,9,-3,200.3711379,69.12,719.75
417600,717.5,719,2,9,-3,200.4342937,69.12,718.25
417700,716.5,718,2,9,-3,200.3198069,69.11,717.25
417800,716.5,718.5,2,9,-3,200.3152192,69.11,717.5
417900,715,716.5,2,9,-3,200.1955855,69.1,715.75
418000,713.5,715,2,9,-3,199.9325292,69.1,714.25
418100,715.5,717,2,9,-3,200.1090687,69.1,716.25
418200,715.5,717,2,9,-3,200.1818779,69.09,716.25
418300,718.5,720,2,9,-3,200.4737268,69.08,719.25
418400,718,719.5,2,9,-3,200.3626507,69.08,718.75
418500,717,718.5,2,9,-3,200.5863123,69.08,717.75
418600,717,718.5,2,9,-3,200.5434922,69.07,717.75
418700,716.5,718,2,9,-3,200.7808366,69.06,717.25
418800,715.5,717,2,9,-3,200.464078,69.06,716.25
418900,711.5,713,2,9,-3,200.3479355,69.06,712.25
419000,713,714.5,2,9,-3,200.3149243,69.05,713.75
419100,714,715.5,2,9,-3,200.2915864,69.04,714.75
419200,712.5,714,2,9,-3,200.2390736,69.04,713.25
419300,711.5,713,2,9,-3,200.2020508,69.04,712.25
419400,712,713.5,2,9,-3,200.3764124,69.03,712.75
419500,710.5,712,2,9,-3,200.3265114,69.03,711.25
419600,711.5,713,2,9,-3,200.4127097,69.02,712.25
419700,707.5,709,2,9,-3,200.3582085,69.02,708.25
419800,710,711.5,2,9,-3,200.4295843,69.01,710.75
419900,706,707.5,2,9,-3,200.388092,69,706.75
420000,705,706.5,2,9,-3,200.2490679,69,705.75
420100,703.5,705,2,9,-3,200.044576,69,704.25
420200,700.5,702,2,9,-3,199.671141,68.99,701.25
420300,701.5,703,2,9,-3,199.7119985,68.98,702.25
420400,700,701.5,2,9,-3,199.5998376,68.98,700.75
420500,696.5,698,2,9,-3,199.3905184,68.97,697.25
420600,693.5,695,2,9,-3,199.3109065,68.97,694.25
420700,691,692.5,2,9,-3,199.3068846,68.96,691.75
420800,690.5,692.5,2,9,-3,199.1022966,68.96,691.5
420900,690.5,692,2,9,-3,199.1565599,68.96,691.25
421000,687.5,689,2,9,-3,198.8456764,68.95,688.25
421100,684,685.5,2,9,-3,198.628267,68.94,684.75
421200,687,688.5,2,9,-3,198.6503213,68.94,687.75
421300,683.5,685,2,9,-3,198.5795565,68.94,684.25
421400,681.5,683,2,9,-3,198.5053639,68.93,682.25
421500,682,683.5,2,9,-3,198.6377622,68.92,682.75
421600,686.5,688,2,9,-3,198.9127206,68.92,687.25
421700,686,687.5,2,9,-3,198.9891139,68.92,686.75
421800,684,685.5,2,9,-3,199.0918799,68.91,684.75
421900,681.5,683,2,9,-3,198.7760181,68.9,682.25
422000,681.5,683,2,9,-3,198.6548883,68.9,682.25
422100,682.5,684,2,9,-3,198.6520867,68.9,683.25
422200,678.5,680,2,9,-3,198.4915667,68.89,679.25
422300,678.5,680,2,9,-3,198.3721085,68.89,679.25
422400,677.5,679,2,9,-3,198.5404236,68.88,678.25
422500,679,680.5,2,9,-3,198.5253445,68.88,679.75
422600,679,680.5,2,9,-3,198.770484,68.87,679.75
422700,679.5,681,2,9,-3,198.7157728,68.86,680.25
422800,678.5,680,2,9,-3,198.6825251,68.86,679.25
422900,674.5,676,2,9,-3,198.3271528,68.86,675.25
423000,674.5,676.5,2,9,-3,198.2774588,68.85,675.5
423100,679.5,681,2,9,-3,198.6653993,68.84,680.25
423200,677,678.5,2,9,-3,198.5891145,68.84,677.75
423300,677.5,679,2,9,-3,198.6202125,68.83,678.25
423400,682,683.5,2,9,-3,198.632662,68.83,682.75
423500,681,682.5,2,9,-3,198.3538219,68.82,681.75
423600,680.5,682,2,9,-3,198.3394096,68.82,681.25
423700,681,682.5,2,9,-3,198.4451048,68.82,681.75
423800,681.5,683,2,9,-3,198.5157491,68.81,682.25
423900,684,685.5,2,9,-3,198.7084762,68.81,684.75
424000,681,682.5,2,9,-3,198.6322414,68.8,681.75
424100,676,677.5,2,9,-3,198.38975,68.8,676.75
424200,677.5,679,2,9,-3,198.3378247,68.79,678.25
424300,678,679.5,2,9,-3,198.4570088,68.78,678.75
424400,681,682.5,2,9,-3,198.582522,68.78,681.75
424500,680,681.5,2,9,-3,198.1525263,68.78,680.75
424600,678.5,680,2,9,-3,198.0783263,68.77,679.25
424700,676.5,678,2,9,-3,198.0768866,68.76,677.25
424800,679,680.5,2,9,-3,198.2499834,68.76,679.75
424900,676,677.5,2,9,-3,197.9747556,68.76,676.75
425000,679.5,681,2,9,-3,198.2149083,68.75,680.25
425100,681.5,683,2,9,-3,198.3365205,68.74,682.25
425200,681.5,683,2,9,-3,198.310017,68.74,682.25
425300,683.5,685,2,9,-3,198.3557658,68.74,684.25
425400,686,687.5,2,9,-3,198.3777017,68.73,686.75
425500,682,683.5,2,9,-3,198.3254917,68.72,682.75
425600,680,681.5,2,9,-3,198.2728258,68.72,680.75
425700,678,679.5,2,9,-3,198.096265,68.72,678.75
425800,682,683.5,2,9,-3,198.2403223,68.71,682.75
425900,681,682.5,2,9,-3,198.1594849,68.7,681.75
426000,680,681.5,2,9,-3,198.0693112,68.7,680.75
426100,676.5,678,2,9,-3,197.6610484,68.69,677.25
426200,675.5,677,2,9,-3,197.4349515,68.69,676.25
426300,674,675.5,2,9,-3,197.2292386,68.68,674.75
426400,672,673.5,2,9,-3,196.8960912,68.68,672.75
426500,670,671.5,2,9,-3,196.6568974,68.68,670.75
426600,668.5,670,2,9,-3,196.5930479,68.67,669.25
426700,666,667.5,2,9,-3,196.3668283,68.67,666.75
426800,663.5,665,2,9,-3,196.5906201,68.66,664.25
426900,666,667.5,2,9,-3,196.88212,68.66,666.75
427000,664,665.5,2,9,-3,196.7096391,68.65,664.75
427100,662,663.5,2,9,-3,196.7059368,68.64,662.75
427200,661.5,663,2,9,-3,196.7949902,68.64,662.25
427300,660.5,662,2,9,-3,196.6696979,68.64,661.25
427400,657.5,659,2,9,-3,196.5616034,68.63,658.25
427500,656.5,658,1.9,9,-3,196.5120791,68.62,657.25
427600,653,654.5,1.9,9,-3,196.367963,68.62,653.75
427700,654,655.5,1.9,9,-3,196.4887207,68.61,654.75
427800,655,656.5,1.9,9,-3,196.78529,68.61,655.75
427900,657,658.5,1.9,9,-3,197.0581412,68.6,657.75
428000,661,662.5,1.9,9,-3,197.431317,68.6,661.75
428100,663.5,665,1.9,9,-3,197.2071438,68.6,664.25
428200,662.5,664,1.9,9,-3,197.1350546,68.59,663.25
428300,664.5,666,1.9,9,-3,197.2043588,68.58,665.25
428400,668,669.5,1.9,9,-3,197.3942425,68.58,668.75
428500,668,669.5,1.9,9,-3,197.3904729,68.58,668.75
428600,662,663.5,1.9,9,-3,197.244662,68.57,662.75
428700,658.5,660,1.9,9,-3,196.9896763,68.56,659.25
428800,660,661.5,1.9,9,-3,197.1212894,68.56,660.75
428900,662,663.5,1.9,9,-3,197.3079218,68.56,662.75
429000,661,662.5,1.9,9,-3,197.3213178,68.55,661.75
429100,660.5,662,1.9,9,-3,197.3185173,68.54,661.25
429200,658.5,660,1.9,9,-3,197.329992,68.54,659.25
429300,656,657.5,1.9,9,-3,197.2467577,68.54,656.75
429400,659.5,661,1.9,9,-3,197.475917,68.53,660.25
429500,653.5,655,1.9,9,-3,197.4296711,68.53,654.25
429600,656,657.5,1.9,9,-3,197.5931127,68.52,656.75
429700,655,656.5,1.9,9,-3,197.4608417,68.52,655.75
429800,654.5,656,1.9,9,-3,197.7592396,68.51,655.25
429900,654,655.5,1.9,9,-3,197.4487504,68.5,654.75
430000,653,654.5,1.9,9,-3,197.4884624,68.5,653.75
430100,655,656.5,1.9,9,-3,197.5103087,68.5,655.75
430200,659,660.5,1.9,9,-3,197.8265256,68.49,659.75
430300,658.5,660,1.9,9,-3,197.7671799,68.48,659.25
430400,656,657.5,1.9,9,-3,197.7392126,68.48,656.75
430500,657,658.5,1.9,9.5,-3,197.742563,68.47,657.75
430600,653,654.5,1.9,9.5,-3,197.6084324,68.47,653.75
430700,653.5,655,1.9,9.5,-3,197.716796,68.46,654.25
430800,656,657.5,1.9,9.5,-3,197.8680721,68.46,656.75
430900,657,658.5,1.9,9.5,-3,197.9370605,68.46,657.75
431000,655,656.5,1.9,9.5,-3,197.8218717,68.45,655.75
431100,656.5,658,1.9,9.5,-3,197.5460363,68.44,657.25
431200,657,658.5,1.9,9.5,-3,197.5384365,68.44,657.75
431300,658,659.5,1.9,9.5,-3,197.6236381,68.44,658.75
431400,660.5,662,1.9,9.5,-3,197.6482507,68.43,661.25
431500,659,660.5,1.9,9.5,-3,197.5287523,68.42,659.75
431600,658,659.5,1.9,9.5,-3,197.5127976,68.42,658.75
431700,653.5,655,1.9,9.5,-3,197.4451714,68.42,654.25
431800,647.5,649,1.9,9.5,-3,197.1033129,68.41,648.25
431900,652.5,654,1.9,9.5,-3,197.5377629,68.4,653.25
432000,649,650.5,1.9,9.5,-3,197.206037,68.4,649.75
432100,650.5,652,1.9,9.5,-3,197.3090267,68.4,651.25
432200,650,652,1.9,9.5,-3,197.1714856,68.39,651
432300,651,652.5,1.9,9.5,-3,197.1181109,68.39,651.75
432400,652.5,654,1.9,9.5,-3,197.3180073,68.38,653.25
432500,658,659.5,1.9,9.5,-3,197.4696976,68.38,658.75
432600,653.5,655,1.9,9.5,-3,197.2624627,68.37,654.25
432700,656,657.5,1.9,9.5,-3,197.5384272,68.36,656.75
432800,656,657.5,1.9,9.5,-3,197.4772411,68.36,656.75
432900,655.5,657,1.9,9.5,-3,197.2089011,68.36,656.25
433000,654.5,656,1.9,9.5,-3,197.0229904,68.35,655.25
433100,654,655.5,1.9,9.5,-3,196.9423172,68.34,654.75
433200,655.5,657,1.9,9.5,-3,197.217989,68.34,656.25
433300,660,661.5,1.9,9.5,-3,197.6143404,68.33,660.75
433400,658,659.5,1.9,9.5,-3,197.5797226,68.33,658.75
433500,659.5,661,1.9,9.5,-3,197.6916133,68.32,660.25
433600,659,660.5,1.9,9.5,-3,197.625012,68.32,659.75
433700,655,656.5,1.9,9.5,-3,197.1107772,68.32,655.75
433800,656,657.5,1.9,9.5,-3,197.1906012,68.31,656.75
433900,657.5,659,1.9,9.5,-3,197.2388075,68.31,658.25
434000,656,657.5,1.9,9.5,-3,197.457292,68.3,656.75
434100,656,657.5,1.9,9.5,-3,197.355048,68.3,656.75
434200,656,657.5,1.9,9.5,-3,197.4594003,68.29,656.75
434300,655.5,657,1.9,9.5,-3,197.4964352,68.28,656.25
434400,658.5,660,1.9,9.5,-3,197.7185913,68.28,659.25
434500,665.5,667,1.9,9.5,-3,197.8580877,68.28,666.25
434600,668,669.5,1.9,9.5,-3,198.2095827,68.27,668.75
434700,672,673.5,1.9,9.5,-3,198.329721,68.26,672.75
434800,674.5,676,1.9,9.5,-3,198.3992062,68.26,675.25
434900,677.5,679,1.9,9.5,-3,198.4951838,68.26,678.25
435000,671.5,673,1.9,9.5,-3,198.4788439,68.25,672.25
435100,673.5,675,1.9,9.5,-3,198.5777813,68.24,674.25
435200,671.5,673,1.9,9.5,-3,198.3880663,68.24,672.25
435300,669,670.5,1.9,9.5,-3,198.3853124,68.24,669.75
435400,667,668.5,1.9,9.5,-3,198.3011448,68.23,667.75
435500,667,669,1.9,9.5,-3,198.4314157,68.22,668
435600,664.5,666,1.9,9.5,-3,198.3780338,68.22,665.25
435700,667,668.5,1.9,9.5,-3,198.5542039,68.22,667.75
435800,668,669.5,1.9,9.5,-3,198.7027672,68.21,668.75
435900,671.5,673,1.9,9.5,-3,199.0382409,68.2,672.25
436000,672,673.5,1.9,9.5,-3,198.9877488,68.2,672.75
436100,671,672.5,1.9,9.5,-3,198.93561,68.19,671.75
436200,675.5,677,1.9,9.5,-3,199.2436869,68.19,676.25
436300,680,681.5,1.9,9.5,-3,199.4864853,68.18,680.75
436400,680.5,682,1.9,9.5,-3,199.4054777,68.18,681.25
436500,681.5,683,1.9,9.5,-3,199.2974214,68.18,682.25
436600,681.5,683,1.9,9.5,-3,199.3207518,68.17,682.25
436700,683,684.5,1.9,9.5,-3,199.5102637,68.17,683.75
436800,683,684.5,1.9,9.5,-3,199.5877847,68.16,683.75
436900,682,683.5,1.9,9.5,-3,199.3943778,68.16,682.75
437000,678.5,680,1.9,9.5,-3,199.3258057,68.15,679.25
437100,675,676.5,1.9,9.5,-3,198.789562,68.14,675.75
437200,675,676.5,1.9,9.5,-3,198.6266985,68.14,675.75
437300,674.5,676,1.9,9.5,-3,198.593482,68.14,675.25
437400,676,677.5,1.9,9.5,-3,198.6512099,68.13,676.75
437500,677,678.5,1.9,9.5,-3,198.8394886,68.12,677.75
437600,679,680.5,1.9,9.5,-3,198.7751118,68.12,679.75
437700,680,681.5,1.9,9.5,-3,198.9110137,68.11,680.75
437800,678,679.5,1.9,9.5,-3,198.6934712,68.11,678.75
437900,677,678.5,1.9,9.5,-3,198.8924647,68.1,677.75
438000,681,682.5,1.9,9.5,-3,198.9143248,68.1,681.75
438100,683,684.5,1.9,9.5,-3,198.9871443,68.1,683.75
438200,679,680.5,1.9,9.5,-3,198.7410767,68.09,679.75
438300,682,683.5,1.9,9.5,-3,198.9052388,68.08,682.75
438400,682,683.5,1.9,9.5,-3,198.8015408,68.08,682.75
438500,684.5,686,1.9,9.5,-3,198.923609,68.08,685.25
438600,682.5,684,1.9,9.5,-3,198.9219587,68.07,683.25
438700,679.5,681,1.9,9.5,-3,198.791604,68.06,680.25
438800,686,687.5,2,9.5,-3,199.2329773,68.06,686.75
438900,686,687.5,2,9.5,-3,199.4199096,68.06,686.75
439000,683,684.5,2,9.5,-3,199.1217782,68.05,683.75
439100,682,683.5,2,9.5,-3,199.1826183,68.04,682.75
439200,683.5,685,2,9.5,-3,199.3417375,68.04,684.25
439300,684.5,686,2,9.5,-3,199.328058,68.04,685.25
439400,684.5,686,2,9.5,-3,199.1133729,68.03,685.25
439500,685,686.5,2,9.5,-3,199.2084125,68.03,685.75
439600,684,685.5,2,9.5,-3,199.1212356,68.02,684.75
439700,683.5,685,2,9.5,-3,199.2397085,68.02,684.25
439800,681,682.5,2,9.5,-3,199.1241955,68.01,681.75
439900,680,681.5,2,9.5,-3,199.3802246,68,680.75
440000,680.5,682,2,9.5,-3,199.1720556,68,681.25
440100,683.5,685,2,9.5,-3,199.2880501,68,684.25
440200,686.5,688,2,9.5,-3,199.3680714,67.99,687.25
440300,688.5,690,2,9.5,-3,199.6695218,67.98,689.25
440400,686.5,688,2,9.5,-3,199.3837934,67.98,687.25
440500,684,685.5,2,9.5,-3,199.3508058,67.97,684.75
440600,682,683.5,2,9.5,-3,199.1517869,67.97,682.75
440700,681,682.5,2,9.5,-3,199.3370056,67.96,681.75
440800,681,682.5,2,9.5,-3,199.1545225,67.96,681.75
440900,681,683,2,9.5,-3,199.0520633,67.96,682
441000,680,681.5,2,9.5,-3,198.8783939,67.95,680.75
441100,678,679.5,2,9.5,-3,198.8405288,67.94,678.75
441200,676.5,678,2,9.5,-3,198.7044849,67.94,677.25
441300,675,676.5,2,9.5,-3,198.6463612,67.94,675.75
441400,679.5,681,2,9.5,-3,199.1424257,67.93,680.25
441500,679.5,681,2,9.5,-3,199.0307025,67.92,680.25
441600,680.5,682,2,9.5,-3,199.135045,67.92,681.25
441700,680,681.5,2,9.5,-3,199.2119184,67.92,680.75
441800,683,684.5,2,9.5,-3,199.4419991,67.91,683.75
441900,687.5,689,2,9.5,-3,199.4572135,67.9,688.25
442000,688,689.5,2,9.5,-3,199.3638259,67.9,688.75
442100,686,687.5,2,9.5,-3,198.8307486,67.9,686.75
442200,686,687.5,2,9.5,-3,198.8799791,67.89,686.75
442300,685,686.5,2,9.5,-3,198.7175235,67.89,685.75
442400,687,688.5,2,9.5,-3,198.8083657,67.88,687.75
442500,684,685.5,2,9.5,-3,198.4932,67.88,684.75
442600,681,682.5,2,9.5,-3,198.401638,67.87,681.75
442700,684.5,686,2,9.5,-3,198.5008931,67.86,685.25
442800,687,688.5,2,9.5,-3,198.7651398,67.86,687.75
442900,692,693.5,2,9.5,-3,199.3388128,67.86,692.75
443000,693,694.5,2,9.5,-3,199.4293662,67.85,693.75
443100,698.5,700,2,9.5,-3,199.651137,67.84,699.25
443200,698,699.5,2,9.5,-3,199.6248127,67.84,698.75
443300,701,702.5,2,9.5,-3,199.771564,67.83,701.75
443400,701,702.5,2,9.5,-3,199.6401296,67.83,701.75
443500,700,701.5,2,9.5,-3,199.5270279,67.82,700.75
443600,700,702,2,9.5,-3,199.2602204,67.82,701
443700,701,702.5,2,9.5,-3,199.3292379,67.82,701.75
443800,704,705.5,2,9.5,-3,199.5014519,67.81,704.75
443900,699,700.5,2,9.5,-3,199.1461992,67.81,699.75
444000,701,702.5,2,9.5,-3,199.3696041,67.8,701.75
444100,700,701.5,2,9.5,-3,199.3419913,67.8,700.75
444200,698,699.5,2,9.5,-3,199.5909764,67.79,698.75
444300,699.5,701,2,9.5,-3,199.7095771,67.78,700.25
444400,697,698.5,2,9,-3,199.4637037,67.78,697.75
444500,694,695.5,2,9,-3,199.1481679,67.78,694.75
444600,691.5,693,2,9,-3,199.1104691,67.77,692.25
444700,693.5,695,2,9,-3,199.1707521,67.76,694.25
444800,689.5,691,2,9,-3,199.0166216,67.76,690.25
444900,689.5,691,2,9,-3,198.8249185,67.76,690.25
445000,692.5,694,2,9,-3,199.2703787,67.75,693.25
445100,689,690.5,2,9,-3,199.2624561,67.74,689.75
445200,689,690.5,2,9,-3,199.1112086,67.74,689.75
445300,689.5,691,2,9,-3,199.4033968,67.74,690.25
445400,688,689.5,2,9,-3,199.6062812,67.73,688.75
445500,691,692.5,2,9,-3,199.9508406,67.72,691.75
445600,692,693.5,2,9,-3,200.1196026,67.72,692.75
445700,694,695.5,2,9,-3,200.2496844,67.72,694.75
445800,691.5,693,2,9,-3,200.193899,67.71,692.25
445900,692.5,694,2,9,-3,200.293679,67.7,693.25
446000,692.5,694,2,9,-3,200.2832069,67.7,693.25
446100,690,691.5,2,9,-3,200.0620721,67.69,690.75
446200,688,689.5,2,9,-3,200.0346569,67.69,688.75
446300,687,688.5,2,9,-3,199.9433259,67.68,687.75
446400,683.5,685,2,9,-3,199.8735135,67.68,684.25
446500,680.5,682,2,9,-3,199.7577154,67.68,681.25
446600,679.5,681,2,9,-3,199.6325192,67.67,680.25
446700,679,680.5,2,9,-3,199.3493815,67.67,679.75
446800,680.5,682,2,9,-3,199.5323223,67.66,681.25
446900,682,683.5,2,9,-3,199.6659494,67.66,682.75
447000,684.5,686,2,9,-3,199.8586797,67.65,685.25
447100,690,691.5,2,9,-3,199.9166559,67.64,690.75
447200,688,689.5,2,9,-3,199.7736047,67.64,688.75
447300,687.5,689,2,9,-3,199.829384,67.64,688.25
447400,687,688.5,2,9,-3,199.9429272,67.63,687.75
447500,692,693.5,2,9,-3,200.1323424,67.62,692.75
447600,692,693.5,2,9,-3,199.9381532,67.62,692.75
447700,687,688.5,2,9,-3,199.7008419,67.61,687.75
447800,686,687.5,2,9,-3,199.55438,67.61,686.75
447900,686,687.5,2,9,-3,199.6103267,67.6,686.75
448000,683,684.5,2,9,-3,199.1661695,67.6,683.75
448100,689,690.5,2,9,-3,199.4733983,67.6,689.75
448200,692,693.5,2,9,-3,199.5476679,67.59,692.75
448300,692,693.5,2,9,-3,199.4416628,67.58,692.75
448400,688,689.5,2,9,-3,199.1610098,67.58,688.75
448500,690.5,692,2,9,-3,199.3395347,67.58,691.25
448600,690,691.5,2,9,-3,199.0697619,67.57,690.75
448700,690.5,692,2,9,-3,199.4502146,67.56,691.25
448800,688.5,690,2,9,-3,199.2717418,67.56,689.25
448900,691,692.5,2,9,-3,199.388818,67.56,691.75
449000,689,690.5,2,9,-3,199.3230866,67.55,689.75
449100,690.5,692,2,9,-3,199.2657796,67.54,691.25
449200,690.5,692,2,9,-3,199.6402893,67.54,691.25
449300,688,689.5,2,9,-3,199.3544187,67.54,688.75
449400,688,689.5,2,9,-3,199.4554621,67.53,688.75
449500,689.5,691,2,9,-3,199.5070652,67.53,690.25
449600,692,693.5,2,9,-3,199.760406,67.52,692.75
449700,693,694.5,2,9,-3,199.7660743,67.52,693.75
449800,689.5,691,2,9,-3,199.6176559,67.51,690.25
449900,689.5,691,2,9,-3,199.708232,67.5,690.25
450000,692,693.5,2,9,-3,199.8749847,67.5,692.75
450100,689,690.5,2,9,-3,199.6579084,67.5,689.75
450200,691,692.5,2,9,-3,199.7598704,67.49,691.75
450300,691,692.5,2,9,-3,199.4687918,67.48,691.75
450400,692.5,694,2,9,-3,199.3096244,67.48,693.25
450500,690.5,692,2,9,-3,199.1732327,67.47,691.25
450600,688.5,690,2,9,-3,198.9598853,67.47,689.25
450700,688,690,2,9,-3,198.8811525,67.46,689
450800,687.5,689,2,9,-3,198.7592582,67.46,688.25
450900,690.5,692,2,9,-3,198.9107293,67.46,691.25
451000,691.5,693,2,9,-3,199.0543019,67.45,692.25
451100,692.5,694,2,9,-3,199.1928599,67.44,693.25
451200,694.5,696,2,9,-3,199.4506313,67.44,695.25
451300,693.5,695,2,9,-3,199.2300059,67.44,694.25
451400,695,696.5,2,9,-3,199.5043558,67.43,695.75
451500,691.5,693,2,9,-3,199.3078645,67.42,692.25
451600,699,700.5,2,9,-3,199.3168528,67.42,699.75
451700,696,697.5,2,9,-3,199.226586,67.42,696.75
451800,694,695.5,2,9,-3,199.1124764,67.41,694.75
451900,694,695.5,2,9,-3,199.1226661,67.4,694.75
452000,692,693.5,2,9,-3,199.0050042,67.4,692.75
452100,689.5,691,2,9,-3,198.79561,67.4,690.25
452200,688,689.5,2,9,-3,198.6918051,67.39,688.75
452300,683,684.5,2,9,-3,198.1931035,67.39,683.75
452400,684,685.5,2,9,-3,198.2076976,67.38,684.75
452500,688,689.5,2,9,-3,198.3219588,67.38,688.75
452600,685,686.5,2,9,-3,198.0404564,67.37,685.75
452700,685,687,2,9,-3,198.3111597,67.36,686
452800,684,685.5,2,9,-3,198.2984694,67.36,684.75
452900,680,681.5,2,9,-3,198.2171895,67.36,680.75
453000,677.5,679,2,9,-3,198.1805245,67.35,678.25
453100,679,680.5,2,9,-3,198.3272345,67.34,679.75
453200,681,682.5,2,9,-3,198.3355291,67.34,681.75
453300,678,679.5,2,9,-3,198.091833,67.33,678.75
453400,676.5,678,2,9,-3,197.8772793,67.33,677.25
453500,680.5,682,2,9,-3,198.1806202,67.32,681.25
453600,681.5,683,2,9,-3,198.4548941,67.32,682.25
453700,683,684.5,2,9,-3,198.7162586,67.32,683.75
453800,683.5,685,2,9,-3,198.5293511,67.31,684.25
453900,682,683.5,2,9,-3,198.6594998,67.31,682.75
454000,685.5,687,2,9,-3,198.807132,67.3,686.25
454100,683.5,685,2,9,-3,198.643385,67.3,684.25
454200,687,688.5,2,9,-3,199.0123278,67.29,687.75
454300,684.5,686,2,9,-3,198.9353361,67.28,685.25
454400,687,688.5,2,9,-3,198.9804874,67.28,687.75
454500,689.5,691,2,9,-3,198.8431249,67.28,690.25
454600,690.5,692,2,9,-3,199.1459435,67.27,691.25
454700,693.5,695,2,9,-3,199.2002192,67.26,694.25
454800,694,695.5,2,9,-3,199.26956,67.26,694.75
454900,692.5,694,2,9,-3,199.2449596,67.26,693.25
455000,695.5,697,2,9,-3,199.2953053,67.25,696.25
455100,696,697.5,2,9,-2.5,199.346616,67.24,696.75
455200,699,700.5,2,9,-2.5,199.3970994,67.24,699.75
455300,703,704.5,2,9,-2.5,199.5568885,67.24,703.75
455400,703.5,705,2,9,-2.5,199.5882305,67.23,704.25
455500,706,707.5,2,9,-2.5,199.5749984,67.22,706.75
455600,709.5,711,2,9,-2.5,199.7498249,67.22,710.25
455700,707.5,709,2,9,-2.5,199.6556658,67.22,708.25
455800,711.5,713,2,9,-2.5,199.7983994,67.21,712.25
455900,714,715.5,2,9,-2.5,199.8720409,67.2,714.75
456000,714,715.5,2,9,-2.5,200.0750527,67.2,714.75
456100,711,712.5,2,9,-2.5,199.8784845,67.19,711.75
456200,711,712.5,2,9,-2.5,199.9949368,67.19,711.75
456300,708.5,710,2,9,-2.5,199.9541943,67.18,709.25
456400,709,710.5,2,9,-2.5,200.1627188,67.18,709.75
456500,710.5,712,2,9,-2.5,200.2015877,67.18,711.25
456600,710.5,712,2,9,-2.5,200.3208893,67.17,711.25
456700,710.5,712,2,9,-2.5,200.2999835,67.17,711.25
456800,708.5,710,2,9,-2.5,200.2942047,67.16,709.25
456900,711.5,713,2,9,-2.5,200.5820056,67.16,712.25
457000,708.5,710,2,9,-2.5,200.4442862,67.15,709.25
457100,706,707.5,2,9,-2.5,200.0861225,67.14,706.75
457200,706.5,708,2,9,-2.5,200.0845698,67.14,707.25
457300,706,708,2,9,-2.5,200.0682138,67.14,707
457400,709,710.5,2,9,-2.5,200.1568705,67.13,709.75
457500,712.5,714,2,9,-2.5,200.4092398,67.12,713.25
457600,715,716.5,2,9,-2.5,200.5486604,67.12,715.75
457700,713,714.5,2,9,-2.5,200.4234668,67.11,713.75
457800,711.5,713,2,9,-2.5,200.2515471,67.11,712.25
457900,708.5,710,2,9,-2.5,200.2305797,67.1,709.25
458000,707,708.5,2,9,-2.5,199.9959338,67.1,707.75
458100,708,709.5,2,9,-2.5,200.0535318,67.1,708.75
458200,706.5,708,2,9,-2.5,199.8100348,67.09,707.25
458300,705,706.5,2,9,-2.5,199.6367711,67.08,705.75
458400,703,704.5,2,9,-2.5,199.5018282,67.08,703.75
458500,700.5,702,2,9,-2.5,199.4336006,67.08,701.25
458600,703.5,705,2,9,-2.5,199.5653422,67.07,704.25
458700,700.5,702,2,9,-2.5,199.2333049,67.06,701.25
458800,698.5,700,2,9,-2.5,199.0808863,67.06,699.25
458900,700,701.5,2,9,-2.5,199.235304,67.06,700.75
459000,701.5,703,2,9,-2.5,199.2349847,67.05,702.25
459100,704,705.5,2,9,-2.5,199.4093506,67.04,704.75
459200,700,701.5,2,9,-2.5,199.3250723,67.04,700.75
459300,699,700.5,2,9,-2.5,199.1869424,67.04,699.75
459400,697.5,699,2,9,-2.5,199.0923419,67.03,698.25
459500,694.5,696,2,9,-2.5,198.7463468,67.03,695.25
459600,697,698.5,2,9,-2.5,198.9109257,67.02,697.75
459700,701,702.5,2,9,-2.5,198.9516703,67.02,701.75
459800,702.5,704,2,9,-2.5,199.3024692,67.01,703.25
459900,705.5,707,2,9,-2.5,199.4877798,67,706.25
460000,708.5,710,2,9,-2.5,199.556493,67,709.25
460100,709,710.5,2,9,-2.5,199.647844,67,709.75
460200,710.5,712,2,9,-2.5,199.6448745,66.99,711.25
460300,714.5,716,2,9,-2.5,199.8081287,66.98,715.25
460400,717.5,719,2,9,-2.5,200.0802646,66.98,718.25
460500,721,722.5,2,9,-2.5,200.2034778,66.97,721.75
460600,716,717.5,2,9,-2.5,200.1343686,66.97,716.75
460700,715.5,717,2,9,-2.5,199.9269156,66.96,716.25
460800,712.5,714,2,9,-2.5,199.8571866,66.96,713.25
460900,714.5,716,2,9,-2.5,199.9802362,66.96,715.25
461000,714.5,716,2,9,-2.5,199.9137464,66.95,715.25
461100,718,719.5,2,9,-2.5,199.9418942,66.94,718.75
461200,722.5,724,2,9,-2.5,199.9461783,66.94,723.25
461300,722.5,724,2,9,-2.5,199.749451,66.94,723.25
461400,724.5,726,2,9,-2.5,199.7807325,66.93,725.25
461500,724.5,726,2,9,-2.5,199.8607616,66.92,725.25
461600,726,727.5,2,9,-2.5,200.0518706,66.92,726.75
461700,726,728,2,9,-2.5,199.8491559,66.92,727
461800,723,724.5,2,9,-2.5,199.6196176,66.91,723.75
461900,724,725.5,2,9,-2.5,199.8210133,66.9,724.75
462000,726.5,728,2,9,-2.5,199.823784,66.9,727.25
462100,724,725.5,2,9,-2.5,199.7758591,66.9,724.75
462200,721.5,723,2,9,-2.5,199.9329143,66.89,722.25
462300,719.5,721,2,9,-2.5,199.8715354,66.89,720.25
462400,716.5,718,2,9,-2.5,199.6785244,66.88,717.25
462500,716.5,718,2,9,-2.5,199.7249855,66.88,717.25
462600,723,724.5,2,9,-2.5,199.9330741,66.87,723.75
462700,720.5,722,2,9,-2.5,200.140561,66.86,721.25
462800,718.5,720,2,9,-2.5,200.0715829,66.86,719.25
462900,723,724.5,2,9,-2.5,200.3537274,66.86,723.75
463000,725,726.5,2,9,-2.5,200.5752123,66.85,725.75
463100,723.5,725,2,9,-2.5,200.0899406,66.84,724.25
463200,720,721.5,2,9,-2.5,199.6923701,66.84,720.75
463300,720.5,722,2,9,-2.5,199.6499359,66.83,721.25
463400,719,720.5,2,9,-2.5,199.5716765,66.83,719.75
463500,717,718.5,2,9,-2.5,199.3620316,66.82,717.75
463600,718,719.5,2,9,-2.5,199.4037635,66.82,718.75
463700,716,717.5,2,9,-2.5,199.4031981,66.82,716.75
463800,719,720.5,2,9,-2.5,199.6945065,66.81,719.75
463900,716.5,718,2,9,-2.5,199.8969326,66.81,717.25
464000,718,719.5,2,9,-2.5,200.0451382,66.8,718.75
464100,718,719.5,2,9,-2.5,200.0622529,66.8,718.75
464200,719.5,721,2,9,-2.5,200.1143722,66.79,720.25
464300,725.5,727,2,9,-2.5,200.1203631,66.78,726.25
464400,728,729.5,2,9,-2.5,200.1137103,66.78,728.75
464500,731,732.5,2,9,-2.5,200.1742801,66.78,731.75
464600,730.5,732,2,9,-2.5,199.9792019,66.77,731.25
464700,731.5,733,2,9,-2.5,200.0993603,66.76,732.25
464800,731,733,2,9,-2.5,200.0058499,66.76,732
464900,730,731.5,2,9,-2.5,200.102773,66.76,730.75
465000,727,728.5,2,9,-2.5,199.9858728,66.75,727.75
465100,728.5,730,2,9,-2.5,200.1114566,66.74,729.25
465200,728,730,2,9,-2.5,199.664814,66.74,729
465300,724,725.5,2,9,-2.5,199.5527639,66.74,724.75
465400,722.5,724,2,9,-2.5,199.4381677,66.73,723.25
465500,723.5,725,2,9,-2.5,199.5336105,66.72,724.25
465600,724,725.5,2,9,-2.5,199.6755906,66.72,724.75
465700,725.5,727,2,9,-2.5,199.6981227,66.72,726.25
465800,726,727.5,2,9,-2.5,199.9652869,66.71,726.75
465900,725.5,727,2,9,-2.5,199.7338354,66.7,726.25
466000,720.5,722,2,9,-2.5,199.6416776,66.7,721.25
466100,719.5,721,2,9,-2.5,199.5430211,66.69,720.25
466200,718,719.5,2,9,-2.5,199.425342,66.69,718.75
466300,714,715.5,2,9,-2.5,199.1518994,66.68,714.75
466400,714,716,2,9,-2.5,199.3123317,66.68,715
466500,717,718.5,2,9,-2.5,199.3552524,66.68,717.75
466600,715.5,717,2,9,-2.5,199.3602345,66.67,716.25
466700,713,714.5,2,9,-2.5,199.291677,66.67,713.75
466800,715.5,717,2,9,-2.5,199.3941651,66.66,716.25
466900,717,718.5,2,9,-2.5,199.4122775,66.66,717.75
467000,719,720.5,2,9,-2.5,199.4970641,66.65,719.75
467100,720.5,722,2,9,-2.5,199.3453416,66.64,721.25
467200,724,725.5,2,9,-2.5,199.4799344,66.64,724.75
467300,722,723.5,2,9,-2.5,198.9386574,66.64,722.75
467400,724.5,726,2,9,-2.5,198.9001364,66.63,725.25
467500,722,723.5,2,9,-2.5,198.6973609,66.62,722.75
467600,722,723.5,2,9,-2.5,198.7278258,66.62,722.75
467700,718.5,720,2,9,-2.5,198.6193475,66.61,719.25
467800,719,720.5,2,9,-2.5,198.5533628,66.61,719.75
467900,719.5,721,2,9,-2.5,198.7813371,66.6,720.25
468000,721,722.5,2,9,-2.5,198.8544015,66.6,721.75
468100,723.5,725,2,9,-2.5,198.8503285,66.6,724.25
468200,721.5,723,2,9,-2.5,198.607523,66.59,722.25
468300,721,722.5,2,9,-2.5,198.5878457,66.58,721.75
468400,725,726.5,2,9,-2.5,198.6498063,66.58,725.75
468500,725,726.5,2,9,-2.5,198.762338,66.58,725.75
468600,727.5,729,2,9,-2.5,198.8212498,66.57,728.25
468700,726,727.5,2,9,-2.5,198.6185749,66.56,726.75
468800,722.5,724,2,9,-2.5,198.5808211,66.56,723.25
468900,721.5,723,2,9,-2.5,198.4940479,66.56,722.25
469000,718.5,720,2,9,-2.5,198.2986719,66.55,719.25
469100,719.5,721,2,9,-2.5,198.2575162,66.54,720.25
469200,725,726.5,2,9,-2.5,198.4526704,66.54,725.75
469300,725.5,727,2,9,-2.5,198.6456638,66.54,726.25
469400,724,725.5,2,9,-2.5,198.6710915,66.53,724.75
469500,728,729.5,2,9,-2.5,199.1783412,66.53,728.75
469600,728,730,2,9,-2.5,199.1792167,66.52,729
469700,732.5,734,2,9,-2.5,199.2179526,66.52,733.25
469800,734.5,736,2,9,-2.5,199.5897828,66.51,735.25
469900,735.5,737,2,9,-2.5,199.7540983,66.5,736.25
470000,735.5,737,2,9,-2.5,199.9444326,66.5,736.25
470100,741.5,743,2,9,-2.5,200.0659711,66.5,742.25
470200,741.5,743,2,9,-2.5,200.0120824,66.49,742.25
470300,746.5,748,2,9,-2.5,200.3844801,66.48,747.25
470400,745.5,747,2,9,-2.5,200.4210237,66.48,746.25
470500,747.5,749,2,9,-2.5,200.7122714,66.47,748.25
470600,749.5,751,2,9,-2.5,200.9244667,66.47,750.25
470700,754,755.5,2,9,-2.5,201.0185395,66.46,754.75
470800,754,755.5,2,9,-2.5,201.0397725,66.46,754.75
470900,752.5,754,2,9,-2.5,201.0346105,66.46,753.25
471000,750,751.5,2,9,-2.5,200.9598354,66.45,750.75
471100,749.5,751.5,2,9,-2.5,201.1177199,66.44,750.5
471200,749,750.5,2,9,-2.5,200.8882109,66.44,749.75
471300,751,752.5,2,9,-2.5,200.9424282,66.44,751.75
471400,755,756.5,2,9,-2.5,201.3406655,66.43,755.75
471500,758.5,760,2,9,-2.5,201.4767061,66.42,759.25
471600,758.5,760,2,9,-2.5,201.6636325,66.42,759.25
471700,759.5,761,2,9,-2.5,201.6026259,66.42,760.25
471800,757.5,759,2,9,-2.5,201.5024452,66.41,758.25
471900,756.5,758,2,9,-2.5,201.3328417,66.4,757.25
472000,756.5,758,2,9,-2.5,201.0778689,66.4,757.25
472100,755.5,757,2,9,-2.5,201.0350636,66.4,756.25
472200,756,757.5,2,9,-2.5,201.0066489,66.39,756.75
472300,756,757.5,2,9,-2.5,201.0381963,66.39,756.75
472400,755,756.5,2,9,-2.5,200.9641231,66.38,755.75
472500,755,756.5,2,9,-2.5,201.0998084,66.38,755.75
472600,753.5,755,2,9,-2.5,201.416757,66.37,754.25
472700,751,752.5,2,9,-2.5,201.2413437,66.36,751.75
472800,753,754.5,2,9,-2.5,201.3564277,66.36,753.75
472900,750,751.5,2,9,-2.5,201.0188346,66.36,750.75
473000,746.5,748,2,9,-2.5,200.797652,66.35,747.25
473100,743.5,745,2,9,-2.5,200.6745488,66.34,744.25
473200,742,743.5,2,9,-2.5,200.581858,66.34,742.75
473300,743.5,745,2,9,-2.5,200.8459101,66.33,744.25
473400,743.5,745,2,9,-2.5,200.8334913,66.33,744.25
473500,743,744.5,2,9,-2.5,201.4375946,66.32,743.75
473600,741.5,743,2,9,-2.5,201.4355707,66.32,742.25
473700,742.5,744,2,9,-2.5,201.5851751,66.32,743.25
473800,744.5,746,2,9,-2.5,201.6121279,66.31,745.25
473900,748,749.5,2,9,-2.5,201.8693385,66.31,748.75
474000,750.5,752,2,9,-2.5,202.2217765,66.3,751.25
474100,753.5,755,2,9,-2.5,202.4789417,66.3,754.25
474200,752.5,754,2,9,-2.5,202.0002667,66.29,753.25
474300,753.5,755,2,9,-2.5,202.2613887,66.28,754.25
474400,754.5,756,2,9,-2.5,202.3017716,66.28,755.25
474500,752,753.5,2,9,-2.5,202.2904963,66.28,752.75
474600,750,751.5,2,9,-2.5,202.11193,66.27,750.75
474700,748.5,750,2,9,-2.5,201.9706277,66.26,749.25
474800,751,752.5,2,9,-2.5,201.8766184,66.26,751.75
474900,752,753.5,2,9,-2.5,201.9641192,66.26,752.75
475000,746.5,748,2,9,-2.5,201.4749106,66.25,747.25
475100,750.5,752,2,9,-2.5,201.4289958,66.24,751.25
475200,744,745.5,2,9,-2.5,201.291692,66.24,744.75
475300,743.5,745.5,2,9,-2.5,201.156486,66.24,744.5
475400,738,739.5,2,9,-2.5,200.9173148,66.23,738.75
475500,737.5,739,2,9,-2.5,201.2051352,66.22,738.25
475600,736.5,738,2,9,-2.5,201.3971193,66.22,737.25
475700,733.5,735,2,9,-2.5,201.1170723,66.22,734.25
475800,736,737.5,2,9,-2.5,201.3663238,66.21,736.75
475900,737,738.5,2,9,-2.5,201.5398018,66.2,737.75
476000,735.5,737,2,9,-2.5,201.2630211,66.2,736.25
476100,734.5,736,2,9,-2.5,200.6950502,66.19,735.25
476200,734,735.5,2,9,-2.5,200.5492477,66.19,734.75
476300,737.5,739,2,9,-2.5,200.7963651,66.18,738.25
476400,738,739.5,2,9,-2.5,200.7257433,66.18,738.75
476500,739.5,741,2,9,-2.5,200.938177,66.18,740.25
476600,743,744.5,2,9,-2.5,201.2784107,66.17,743.75
476700,739,740.5,2,9,-2.5,200.9924514,66.17,739.75
476800,736.5,738,2,9,-2.5,200.4350042,66.16,737.25
476900,732,733.5,2,9,-2.5,200.0293343,66.16,732.75
477000,727.5,729,2,9,-2.5,199.7641119,66.15,728.25
477100,729,730.5,2,9,-2.5,199.8191137,66.14,729.75
477200,728.5,730,2,9,-2.5,199.9258071,66.14,729.25
477300,731.5,733,2,9,-2.5,200.0500141,66.14,732.25
477400,730.5,732,2,9,-2.5,199.938236,66.13,731.25
477500,729,730.5,2,9,-2.5,199.9083452,66.12,729.75
477600,730.5,732,2,9,-2.5,200.1632307,66.12,731.25
477700,731.5,733,2,9,-2.5,200.2628194,66.11,732.25
477800,732,733.5,2,9,-2.5,200.4219474,66.11,732.75
477900,732.5,734,2,9,-2.5,200.521249,66.1,733.25
478000,733.5,735,2,9,-2.5,200.5498386,66.1,734.25
478100,730,731.5,2,9,-2.5,200.4217347,66.1,730.75
478200,728.5,730,2,9,-2.5,200.2855152,66.09,729.25
478300,729,730.5,2,9,-2.5,200.3280101,66.08,729.75
478400,729,730.5,2,9,-2.5,200.5629105,66.08,729.75
478500,725.5,727,2,9,-2.5,200.3446802,66.08,726.25
478600,725.5,727,2,9,-2.5,200.1547287,66.07,726.25
478700,721.5,723,2,9,-2.5,199.8441822,66.06,722.25
478800,718.5,720,2,9,-2.5,199.7532527,66.06,719.25
478900,718.5,720,2,9,-2.5,199.9137544,66.06,719.25
479000,716.5,718,2,9,-2.5,199.8722818,66.05,717.25
479100,718.5,720,2,9,-2.5,200.2754922,66.04,719.25
479200,717.5,719,2,9,-2.5,199.8988423,66.04,718.25
479300,715,716.5,2,9,-2.5,199.3197206,66.04,715.75
479400,714.5,716,2,9,-2.5,199.4101659,66.03,715.25
479500,714,715.5,2,9,-2.5,199.4246781,66.03,714.75
479600,714,716,2,9,-2.5,198.9953478,66.02,715
479700,716,717.5,2,9,-2.5,199.1158583,66.02,716.75
479800,714.5,716,2,9,-2.5,198.9968781,66.01,715.25
479900,714,715.5,2,9,-2.5,198.8201572,66,714.75
480000,714.5,716,2,9,-2.5,198.77331,66,715.25
480100,717.5,719,2,9,-2.5,199.103406,66,718.25
480200,718.5,720,2,9,-2.5,199.2989965,65.99,719.25
480300,718.5,720,2,9,-2.5,199.2334875,65.98,719.25
480400,718.5,720,2,9,-2.5,199.175118,65.98,719.25
480500,718.5,720.5,2,9,-2.5,199.1250276,65.97,719.5
480600,719.5,721,2,9,-2.5,199.0952778,65.97,720.25
480700,723.5,725,2,9,-2.5,199.1254304,65.96,724.25
480800,721,722.5,2,9,-2.5,198.8931434,65.96,721.75
480900,719,720.5,2,9,-2.5,198.5448633,65.96,719.75
481000,720.5,722,2,9,-2.5,198.4864508,65.95,721.25
481100,719,720.5,2,9,-2.5,198.3787376,65.94,719.75
481200,719,720.5,2,9,-2.5,198.1738679,65.94,719.75
481300,719.5,721,2,9,-2.5,197.8260916,65.94,720.25
481400,721,722.5,2,9,-2.5,197.9623853,65.93,721.75
481500,719,720.5,2,9,-2.5,197.8172733,65.92,719.75
481600,718.5,720,2,9,-2.5,197.8374268,65.92,719.25
481700,718,719.5,2,9,-2.5,197.9840903,65.92,718.75
481800,716,717.5,2,9,-2.5,197.954528,65.91,716.75
481900,718,719.5,2,9,-2.5,198.3261515,65.9,718.75
482000,720,721.5,2,9,-2.5,198.3669526,65.9,720.75
482100,719.5,721,2,9,-2.5,198.3389018,65.9,720.25
482200,720.5,722,2,9,-2.5,198.4885517,65.89,721.25
482300,723.5,725,2,9,-2.5,198.8258944,65.89,724.25
482400,723.5,725,2,9,-2.5,198.6811954,65.88,724.25
482500,723,725,2,9,-2.5,198.730754,65.88,724
482600,724.5,726,2,9,-2.5,198.8044294,65.87,725.25
482700,727.5,729,2,9,-2.5,199.0303242,65.86,728.25
482800,730,731.5,2,9,-2.5,199.1327627,65.86,730.75
482900,728.5,730,2,9,-2.5,198.7858084,65.86,729.25
483000,731,732.5,2,9,-2.5,199.0497094,65.85,731.75
483100,734,735.5,2,9,-2.5,199.1187222,65.84,734.75
483200,731,732.5,2,9,-2.5,199.0005012,65.84,731.75
483300,730,731.5,2,9,-2.5,198.9563623,65.83,730.75
483400,730,731.5,2,9,-2.5,198.9409439,65.83,730.75
483500,729,730.5,2,9,-2.5,199.099704,65.82,729.75
483600,729,730.5,2,9,-2.5,199.2230923,65.82,729.75
483700,727.5,729,2,9,-2.5,199.182031,65.82,728.25
483800,728.5,730,2,9,-2.5,199.0801113,65.81,729.25
483900,732,733.5,2,9,-2.5,199.1929347,65.81,732.75
484000,728.5,730,2,9,-2.5,198.7465818,65.8,729.25
484100,727.5,729,2,9,-2.5,198.6272455,65.8,728.25
484200,729.5,731,2,9,-2.5,199.0269684,65.79,730.25
484300,729.5,731,2,9,-2.5,199.0228913,65.78,730.25
484400,733,734.5,2,9,-2.5,199.1306041,65.78,733.75
484500,737.5,739,2,9,-2.5,199.2523285,65.78,738.25
484600,733.5,735,2,9,-2.5,199.1760453,65.77,734.25
484700,733,734.5,2,9,-2.5,199.0751959,65.76,733.75
484800,732.5,734,2,9,-2.5,198.7758818,65.76,733.25
484900,730.5,732,2,9,-2.5,198.8002076,65.76,731.25
485000,730.5,732,2,9,-2.5,198.7412501,65.75,731.25
485100,727.5,729,2,9,-2.5,198.3094564,65.74,728.25
485200,726.5,728,2,9,-2.5,198.2779005,65.74,727.25
485300,725.5,727,2,9,-2.5,198.2605165,65.74,726.25
485400,726,727.5,2,9,-2.5,198.3289465,65.73,726.75
485500,727,728.5,2,9,-2.5,198.4364314,65.72,727.75
485600,725,726.5,2,9,-2.5,198.2758996,65.72,725.75
485700,728,729.5,2,9,-2.5,198.493786,65.72,728.75
485800,725.5,727,2,9,-2.5,198.5013996,65.71,726.25
485900,723,724.5,2,9,-2.5,198.3860526,65.7,723.75
486000,725.5,727,2,9,-2.5,198.500338,65.7,726.25
486100,725,726.5,2,9,-2.5,198.7009801,65.69,725.75
486200,721,722.5,2,9,-2.5,198.5101763,65.69,721.75
486300,718.5,720,2,9,-2.5,198.4649051,65.68,719.25
486400,719.5,721,2,9,-2.5,198.533996,65.68,720.25
486500,721,722.5,2,9,-2.5,198.5339631,65.68,721.75
486600,717,718.5,2,9,-2.5,198.695837,65.67,717.75
486700,716.5,718,2,9,-2.5,198.5656954,65.67,717.25
486800,716,717.5,2,9,-2.5,198.6553187,65.66,716.75
486900,711.5,713,2,9,-2.5,198.5243831,65.66,712.25
487000,714,715.5,2,9,-2.5,198.5819043,65.65,714.75
487100,710.5,712,2,9,-2.5,198.5295998,65.64,711.25
487200,712,713.5,2,9,-2.5,198.477536,65.64,712.75
487300,707.5,709,2,9,-2.5,198.2377107,65.64,708.25
487400,707,708.5,2,9,-2.5,198.217401,65.63,707.75
487500,706,707.5,2,9,-2.5,198.2567386,65.62,706.75
487600,707,708.5,2,9,-2.5,198.2530791,65.62,707.75
487700,708,709.5,2,9,-2.5,198.5109038,65.61,708.75
487800,707,708.5,2,9,-2.5,198.1501329,65.61,707.75
487900,705,706.5,2,9,-2.5,198.1449204,65.6,705.75
488000,709.5,711,2,9,-2.5,198.5901031,65.6,710.25
488100,706,707.5,2,9,-2.5,198.4091452,65.6,706.75
488200,707,708.5,2,9,-2.5,198.4229742,65.59,707.75
488300,708.5,710,2,9,-2.5,198.5409321,65.58,709.25
488400,706.5,708,2,9,-2.5,198.4325104,65.58,707.25
488500,706.5,708,2,9,-2.5,198.1786606,65.58,707.25
488600,714,715.5,2,9,-2.5,198.4011554,65.57,714.75
488700,710.5,712,2,9,-2.5,198.0240362,65.56,711.25
488800,713.5,715,2,9,-2.5,198.447321,65.56,714.25
488900,717.5,719,2,9,-2.5,198.5529318,65.56,718.25
489000,717,718.5,2,9,-2.5,198.2137709,65.55,717.75
489100,717,718.5,2,9,-2.5,198.1102036,65.54,717.75
489200,718,719.5,2,9,-2.5,198.1629663,65.54,718.75
489300,717,718.5,2,9,-2.5,197.9308588,65.54,717.75
489400,713,714.5,2,9,-2.5,197.8702155,65.53,713.75
489500,709.5,711,2,9,-2.5,197.7479112,65.53,710.25
489600,711,712.5,2,9,-2.5,197.7501982,65.52,711.75
489700,710.5,712,2,9,-2.5,197.8500947,65.52,711.25
489800,709,710.5,2,9,-2.5,197.9401146,65.51,709.75
489900,704.5,706,2,9,-2.5,197.7269218,65.5,705.25
490000,705,706.5,2,9,-2.5,197.826955,65.5,705.75
490100,704,705.5,2,9,-2.5,197.7983774,65.5,704.75
490200,705,706.5,2,9,-2.5,197.9122414,65.49,705.75
490300,704,705.5,2,9,-2.5,197.6843203,65.48,704.75
490400,706,707.5,2,9,-2.5,197.7533677,65.48,706.75
490500,708,709.5,2,9,-2.5,197.6549612,65.47,708.75
490600,708,709.5,2,9,-2.5,197.5475833,65.47,708.75
490700,711.5,713,2,9,-2.5,197.6201414,65.46,712.25
490800,714,715.5,2,9,-2.5,197.6551068,65.46,714.75
490900,714,715.5,2,9,-2.5,197.792719,65.46,714.75
491000,713.5,715,2,9,-2.5,197.6386647,65.45,714.25
491100,711.5,713,2,9,-2.5,197.7309318,65.44,712.25
491200,706.5,708,2,9,-2.5,197.3917726,65.44,707.25
491300,709.5,711,2,9,-2.5,197.4051242,65.44,710.25
491400,705.5,707,2,9,-2.5,197.2217798,65.43,706.25
491500,707.5,709,2,9,-2.5,197.1205482,65.42,708.25
491600,706,707.5,2,9,-2.5,196.9347859,65.42,706.75
491700,709.5,711,2,9,-2.5,197.0826763,65.42,710.25
491800,708.5,710,2,9,-2.5,197.0879366,65.41,709.25
491900,708,709.5,2,9,-2.5,197.1340144,65.4,708.75
492000,705,706.5,2,9,-2.5,197.557069,65.4,705.75
492100,704.5,706,2,9,-2.5,197.5278344,65.4,705.25
492200,706,707.5,2,9,-2.5,197.6505262,65.39,706.75
492300,708.5,710,2,9,-2.5,197.8085088,65.39,709.25
492400,710.5,712,2,9,-2.5,198.2732789,65.38,711.25
492500,708,709.5,2,9,-2.5,197.9520034,65.38,708.75
492600,708,709.5,2,9,-2.5,197.9721452,65.37,708.75
492700,711,712.5,2,9,-2.5,198.2578944,65.36,711.75
492800,711,713,2,9,-2.5,198.2867835,65.36,712
492900,712,713.5,2,9,-2.5,198.636403,65.36,712.75
493000,708.5,710,2,9,-2.5,198.400882,65.35,709.25
493100,708.5,710,2,9,-2.5,198.5472254,65.34,709.25
493200,706.5,708,2,9,-2.5,198.4224536,65.34,707.25
493300,703.5,705,2,9,-2.5,198.2784358,65.33,704.25
493400,707,708.5,2,9,-2.5,198.5438533,65.33,707.75
493500,707,708.5,2,9,-2.5,198.5593657,65.32,707.75
493600,710,711.5,2,9,-2.5,198.7811099,65.32,710.75
493700,705.5,707,2,9,-2.5,198.4534563,65.32,706.25
493800,705,707,2,9,-2.5,198.5712503,65.31,706
493900,707,708.5,2,9,-2.5,198.6552083,65.31,707.75
494000,708,709.5,2,9,-2.5,198.9213351,65.3,708.75
494100,704.5,706,2,9,-2.5,198.843251,65.3,705.25
494200,702,703.5,2,9,-2.5,198.9647615,65.29,702.75
494300,701.5,703,2,9,-2.5,198.8096033,65.28,702.25
494400,701.5,703,2,9,-2.5,198.8516154,65.28,702.25
494500,702.5,704,2,9,-2.5,198.8682088,65.28,703.25
494600,702.5,704.5,2,9,-2.5,198.8619158,65.27,703.5
494700,705,706.5,2,9,-2.5,198.5626463,65.26,705.75
494800,700.5,702,2,9,-2.5,198.3110249,65.26,701.25
494900,703,704.5,2,9,-2.5,198.3479861,65.26,703.75
495000,710.5,712,2,9,-2.5,198.4614732,65.25,711.25
495100,712.5,714,2,9,-2.5,198.5000517,65.24,713.25
495200,712,713.5,2,9,-2.5,198.4837119,65.24,712.75
495300,716.5,718,2,9,-2.5,198.945887,65.24,717.25
495400,716.5,718,2,9,-2.5,198.9055876,65.23,717.25
495500,717.5,719,2,9,-2.5,198.7707442,65.22,718.25
495600,714.5,716,2,9,-2.5,198.6848227,65.22,715.25
495700,709.5,711,2,9,-2.5,198.4575688,65.22,710.25
495800,712,713.5,2,9,-2.5,198.4933976,65.21,712.75
495900,715,716.5,2,9,-2.5,198.8809388,65.2,715.75
496000,714,715.5,2,9,-2.5,198.8832786,65.2,714.75
496100,712.5,714,2,9,-2.5,198.772763,65.19,713.25
496200,712.5,714,2,9,-2.5,199.0584904,65.19,713.25
496300,709.5,711,2,9,-2.5,198.9647624,65.18,710.25
496400,708,709.5,2,9,-2.5,198.8245631,65.18,708.75
496500,707,708.5,2,9,-2.5,198.7126936,65.18,707.75
496600,708,709.5,2,9,-2.5,198.569742,65.17,708.75
496700,706.5,708,2,9,-2.5,198.3214209,65.17,707.25
496800,703,704.5,2,9,-2.5,198.1915904,65.16,703.75
496900,702,703.5,2,9,-2.5,197.7295409,65.16,702.75
497000,703,704.5,2,9,-2.5,197.8068142,65.15,703.75
497100,702,703.5,2,9,-2.5,197.7956566,65.14,702.75
497200,698.5,700,2,9,-2.5,197.3736136,65.14,699.25
497300,696.5,698,2,9,-2.5,197.1776887,65.14,697.25
497400,692,693.5,2,9,-2.5,196.8305528,65.13,692.75
497500,693.5,695,2,9,-2.5,197.1152712,65.12,694.25
497600,695.5,697,2,9,-2.5,197.2483881,65.12,696.25
497700,699,700.5,2,9,-2.5,197.4505148,65.11,699.75
497800,705,706.5,2,9,-2.5,197.663751,65.11,705.75
497900,702,703.5,2,9,-2.5,197.6345273,65.1,702.75
498000,705.5,707,2,9,-2.5,197.7088934,65.1,706.25
498100,701,702.5,2,9,-2.5,197.2750912,65.1,701.75
498200,703,704.5,2,9,-2.5,197.3220219,65.09,703.75
498300,701.5,703,2,9,-2.5,197.4066652,65.08,702.25
498400,700,701.5,2,9,-2.5,197.3135744,65.08,700.75
498500,695,696.5,2,9,-2.5,197.079587,65.08,695.75
498600,695.5,697,2,9,-2.5,197.6050316,65.07,696.25
498700,694,695.5,2,9,-2.5,197.3572928,65.06,694.75
498800,697,698.5,2,9,-2.5,197.6193596,65.06,697.75
498900,698.5,700,2,9,-2.5,197.3454357,65.06,699.25
499000,697.5,699,2,9,-2.5,197.4497231,65.05,698.25
499100,695.5,697,2,9,-2.5,197.4389991,65.04,696.25
499200,694.5,696,2,9,-2.5,197.5907861,65.04,695.25
499300,690.5,692,2,9,-2.5,197.1907621,65.04,691.25
499400,690.5,692,2,9,-2.5,197.3780728,65.03,691.25
499500,690.5,692.5,2,9,-2.5,197.411872,65.03,691.5
499600,691,692.5,2,9,-2.5,197.472828,65.02,691.75
499700,687,688.5,2,9,-2.5,197.3890501,65.02,687.75
499800,684,685.5,2,9,-2.5,197.3857129,65.01,684.75
499900,684,685.5,2,9,-2.5,197.4190444,65,684.75
500000,679,680.5,2,9,-2.5,197.0094587,65,679.75
500100,679.5,681,2,9,-2.5,197.1876014,65,680.25
500200,677,678.5,2,9,-2.5,197.1544754,64.99,677.75
500300,673,674.5,2,9,-2.5,196.7974777,64.98,673.75
500400,672.5,674,2,9,-2.5,196.7858114,64.98,673.25
500500,669.5,671,2,9,-2.5,196.7102304,64.97,670.25
500600,668,669.5,2,9,-2.5,196.2797953,64.97,668.75
500700,670,671.5,2,9,-2.5,196.4299067,64.96,670.75
500800,666.5,668,2,9,-2.5,196.1743573,64.96,667.25
500900,663.5,665,2,9,-2.5,196.0289156,64.96,664.25
501000,665,666.5,2,9,-2.5,196.3082262,64.95,665.75
501100,660.5,662,2,9,-2.5,196.117401,64.94,661.25
501200,663,664.5,2,9,-2.5,196.2645054,64.94,663.75
501300,661.5,663,2,9,-2.5,196.1405855,64.94,662.25
501400,660,661.5,2,9,-2.5,195.83376,64.93,660.75
501500,661.5,663,2,9,-2.5,195.8426611,64.92,662.25
501600,659.5,661,2,9,-2.5,195.7538469,64.92,660.25
501700,659.5,661.5,2,9,-2.5,195.8206067,64.92,660.5
501800,660,661.5,2,9,-2.5,195.5768169,64.91,660.75
501900,664,665.5,2,9,-2.5,195.8239262,64.9,664.75
502000,664.5,666,2,9,-2.5,195.8492614,64.9,665.25
502100,665,666.5,2,9,-2.5,195.9326327,64.9,665.75
502200,667,668.5,2,9,-2.5,196.1594845,64.89,667.75
502300,667.5,669,2,9,-2.5,196.029835,64.89,668.25
502400,668,669.5,2,9,-2.5,196.2272354,64.88,668.75
502500,664,665.5,2,9,-2.5,195.9431359,64.88,664.75
502600,663,664.5,2,9,-2.5,195.8373397,64.87,663.75
502700,665.5,667,2,9,-2.5,195.8989891,64.86,666.25
502800,669,670.5,2,9,-2.5,196.121972,64.86,669.75
502900,666.5,668,2,9,-2.5,195.8553766,64.86,667.25
503000,669,670.5,2,9,-2.5,196.0297193,64.85,669.75
503100,667,668.5,2,9,-2.5,195.9517979,64.84,667.75
503200,668.5,670,2,9,-2.5,195.9709865,64.84,669.25
503300,666,667.5,2,9,-2.5,195.8300281,64.83,666.75
503400,668.5,670,2,9,-2.5,195.986064,64.83,669.25
503500,668,669.5,2,9,-2.5,196.109333,64.82,668.75
503600,667.5,669,2,9,-2.5,196.0072419,64.82,668.25
503700,666,667.5,2,9,-2.5,196.3750363,64.82,666.75
503800,671,672.5,2,9,-2.5,196.7939069,64.81,671.75
503900,668,669.5,2,9,-2.5,196.738725,64.81,668.75
504000,670,671.5,2,9,-2.5,196.7691679,64.8,670.75
504100,666.5,668,2,9,-2.5,196.55622,64.8,667.25
504200,668.5,670,2,9,-2.5,196.6494307,64.79,669.25
504300,664.5,666,2,9,-2.5,196.5760578,64.78,665.25
504400,661.5,663,2,9,-2.5,196.2253791,64.78,662.25
504500,659.5,661,2,9,-2.5,196.2169847,64.78,660.25
504600,657,658.5,2,9,-2.5,195.9524262,64.77,657.75
504700,660,661.5,2,9,-2.5,196.2902128,64.76,660.75
504800,655.5,657,2,9,-2.5,196.1474498,64.76,656.25
504900,654,655.5,2,9,-2.5,196.1554805,64.76,654.75
505000,656,657.5,2,9,-2.5,196.474398,64.75,656.75
505100,658,659.5,2,9,-2.5,196.3334293,64.74,658.75
505200,658.5,660,2,9,-2.5,196.4198618,64.74,659.25
505300,656,657.5,2,9,-2.5,196.3235373,64.74,656.75
505400,655,656.5,2,9,-2.5,196.1445112,64.73,655.75
505500,653.5,655,2,9,-2.5,196.0399489,64.72,654.25
505600,655.5,657,2,9,-2.5,196.1962155,64.72,656.25
505700,654.5,656,2,9,-2.5,195.9059216,64.72,655.25
505800,649,650.5,2,9,-2.5,195.6438166,64.71,649.75
505900,645.5,647,2,9,-2.5,195.5242036,64.7,646.25
506000,647.5,649,2,9,-2.5,195.5872252,64.7,648.25
506100,651,652.5,2,9,-2.5,195.770335,64.69,651.75
506200,646,647.5,2,9,-2.5,195.7661274,64.69,646.75
506300,651,652.5,2,9,-2.5,195.8605965,64.68,651.75
506400,652,653.5,2,9,-2.5,195.9087373,64.68,652.75
506500,652.5,654,2,9,-2.5,195.9866926,64.68,653.25
506600,649.5,651,2,9,-2.5,195.9480496,64.67,650.25
506700,650.5,652,2,9,-2.5,196.1618277,64.67,651.25
506800,650,652,2,9,-2.5,196.1896778,64.66,651
506900,653,654.5,2,9,-2.5,196.229645,64.66,653.75
507000,655.5,657,2,9,-2.5,196.1446712,64.65,656.25
507100,658,659.5,2,9,-2.5,196.4239399,64.64,658.75
507200,656.5,658,2,9,-2.5,196.3839264,64.64,657.25
507300,652.5,654,2,9,-2.5,196.3636969,64.64,653.25
507400,652,653.5,2,9,-2.5,196.1053637,64.63,652.75
507500,651,652.5,2,9,-2.5,196.3873364,64.62,651.75
507600,652,653.5,2,9,-2.5,196.166521,64.62,652.75
507700,649,650.5,2,9,-2.5,195.8695248,64.61,649.75
507800,653.5,655,2,9,-2.5,195.9817094,64.61,654.25
507900,656,657.5,2,9,-2.5,196.1711496,64.6,656.75
508000,660,661.5,2,9,-2.5,196.2547714,64.6,660.75
508100,661,662.5,2,9,-2.5,196.4186694,64.6,661.75
508200,660.5,662.5,2,9,-2.5,196.3232328,64.59,661.5
508300,659,660.5,2,9,-2.5,196.2083645,64.58,659.75
508400,655.5,657,2,9,-2.5,196.0892635,64.58,656.25
508500,655,656.5,2,9,-2.5,196.0185392,64.58,655.75
508600,656.5,658,2,9,-2.5,196.3786421,64.57,657.25
508700,660.5,662,2,9,-2.5,196.8316333,64.56,661.25
508800,661.5,663,2,9,-2.5,196.8007417,64.56,662.25
508900,662,663.5,2,9,-2.5,196.7801251,64.56,662.75
509000,661.5,663,2,9,-2.5,196.9209694,64.55,662.25
509100,662.5,664,2,9,-2.5,196.9439325,64.54,663.25
509200,664,665.5,2,9,-2.5,197.0189595,64.54,664.75
509300,667,668.5,2,9,-2.5,197.1575929,64.54,667.75
509400,664.5,666,2,9,-2.5,196.9114357,64.53,665.25
509500,662,663.5,2,9,-2.5,197.0753042,64.53,662.75
509600,660.5,662,2,9,-2.5,197.1005826,64.52,661.25
509700,663,664.5,2,9,-2.5,197.3603821,64.52,663.75
509800,661.5,663,2,9,-2.5,197.1524822,64.51,662.25
509900,656.5,658,2,9,-2.5,196.9034347,64.5,657.25
510000,656,657.5,2,9,-2.5,196.7052213,64.5,656.75
510100,655.5,657,2,9,-2.5,196.6022134,64.5,656.25
510200,656.5,658,2,9,-2.5,196.256439,64.49,657.25
510300,656.5,658,2,9,-2.5,196.2926566,64.48,657.25
510400,658,659.5,2,9,-2.5,196.337672,64.48,658.75
510500,657.5,659,2,9,-2.5,196.1224889,64.47,658.25
510600,659,660.5,2,9,-2.5,196.2129155,64.47,659.75
510700,662,663.5,2,9,-2.5,196.1734685,64.46,662.75
510800,658.5,660,2,9,-2.5,196.0215883,64.46,659.25
510900,658.5,660.5,2,9,-2.5,195.9817606,64.46,659.5
511000,662,663.5,2,9,-2.5,196.4477626,64.45,662.75
511100,661.5,663,2,9,-2.5,196.194265,64.44,662.25
511200,662.5,664,2,9,-2.5,196.1719194,64.44,663.25
511300,663.5,665,2,9,-2.5,196.4379128,64.44,664.25
511400,658.5,660,2,9,-2.5,196.4290983,64.43,659.25
511500,660.5,662,2,9,-2.5,196.6154726,64.42,661.25
511600,659,660.5,2,9,-2.5,196.6614582,64.42,659.75
511700,657.5,659,2,9,-2.5,196.4848966,64.42,658.25
511800,656,657.5,2,9,-2.5,196.416226,64.41,656.75
511900,655,656.5,2,9,-2.5,196.1688142,64.4,655.75
512000,655,656.5,2,9,-2.5,195.9569114,64.4,655.75
512100,657,658.5,2,9,-2.5,196.1336191,64.4,657.75
512200,658,659.5,2,9,-2.5,196.0524738,64.39,658.75
512300,657,658.5,2,9,-2.5,196.0466784,64.39,657.75
512400,658.5,660,2,9,-2.5,196.0975008,64.38,659.25
512500,660,661.5,2,9,-2.5,196.3462383,64.38,660.75
512600,660.5,662,2,9,-2.5,196.6112331,64.37,661.25
512700,663.5,665,2,9,-2.5,196.7825665,64.36,664.25
512800,659.5,661,2,9,-2.5,196.3328693,64.36,660.25
512900,654.5,656,2,9,-2.5,196.326623,64.36,655.25
513000,652.5,654,2,9,-2.5,196.1162034,64.35,653.25
513100,658.5,660,2,9,-2.5,196.5165773,64.34,659.25
513200,661,662.5,2,9,-2.5,196.6446139,64.34,661.75
513300,661.5,663,2,9,-2.5,196.7607959,64.33,662.25
513400,663,664.5,2,9,-2.5,197.1017405,64.33,663.75
513500,665,666.5,2,9,-2.5,197.380694,64.32,665.75
513600,667,668.5,2,9,-2.5,197.4294588,64.32,667.75
513700,668.5,670,2,9,-2.5,197.6740095,64.32,669.25
513800,667.5,669,2,9,-2.5,197.4983569,64.31,668.25
513900,663,664.5,2,9,-2.5,197.2070471,64.31,663.75
514000,662.5,664,2,9,-2.5,197.2627827,64.3,663.25
514100,663,664.5,2,9,-2.5,197.0608058,64.3,663.75
514200,664.5,666,2,9,-2.5,197.0521971,64.29,665.25
514300,662.5,664,2,9,-2.5,196.9557362,64.28,663.25
514400,665.5,667,2,9,-2.5,197.0054783,64.28,666.25
514500,663.5,665,2,9,-2.5,196.9825226,64.28,664.25
514600,665.5,667,2,9,-2.5,197.0795329,64.27,666.25
514700,662,663.5,2,9,-2.5,196.9979741,64.26,662.75
514800,657.5,659,2,9,-2.5,196.8687891,64.26,658.25
514900,654.5,656,2,9,-2.5,196.5147492,64.26,655.25
515000,653.5,655,2,9,-2.5,196.4506358,64.25,654.25
515100,653,654.5,2,9,-2.5,196.40422,64.24,653.75
515200,656.5,658,2,9,-2.5,196.597017,64.24,657.25
515300,656.5,658,2,9,-2.5,196.3874626,64.24,657.25
515400,659.5,661,2,9,-2.5,196.6018309,64.23,660.25
515500,656.5,658,2,9,-2.5,196.3077923,64.22,657.25
515600,656.5,658,2,9,-2.5,196.2070231,64.22,657.25
515700,655.5,657,2,9,-2.5,196.43231,64.22,656.25
515800,654,655.5,2,9,-2.5,196.7277808,64.21,654.75
515900,655,656.5,2,9,-2.5,196.8897796,64.2,655.75
516000,652.5,654,2,9,-2.5,196.7033853,64.2,653.25
516100,650.5,652,2,9,-2.5,196.6000173,64.19,651.25
516200,654,655.5,2,9,-2.5,196.7913553,64.19,654.75
516300,651,652.5,2,9,-2.5,196.5643357,64.18,651.75
516400,649,650.5,2,9,-2.5,196.5251685,64.18,649.75
516500,651,652.5,2,9,-2.5,196.7528406,64.18,651.75
516600,652,653.5,2,9,-2.5,197.0036918,64.17,652.75
516700,648.5,650,2,9,-2.5,196.7607902,64.17,649.25
516800,647,648.5,2,9,-2.5,196.6212177,64.16,647.75
516900,647.5,649,2,9,-2.5,196.9611011,64.16,648.25
517000,650.5,652,2,9,-2.5,197.2016107,64.15,651.25
517100,651.5,653,2,9,-2.5,197.340508,64.14,652.25
517200,652.5,654,2,9,-2.5,197.4841561,64.14,653.25
517300,648.5,650,2,9,-2.5,197.2687526,64.14,649.25
517400,651.5,653,2,9,-2.5,197.365198,64.13,652.25
517500,647.5,649,2,9,-2.5,197.267964,64.12,648.25
517600,647,649,2,9,-2.5,197.0531252,64.12,648
517700,648.5,650,2,9,-2.5,197.0601793,64.11,649.25
517800,648,649.5,2,9,-2.5,197.1299256,64.11,648.75
517900,650,651.5,2,9,-2.5,197.2047435,64.1,650.75
518000,650,651.5,2,9,-2.5,197.2853532,64.1,650.75
518100,648.5,650,2,9,-2.5,197.285949,64.1,649.25
518200,647.5,649,2,9,-2.5,197.1014765,64.09,648.25
518300,649,650.5,2,9,-2.5,196.9996253,64.08,649.75
518400,651.5,653,2,9,-2.5,197.192531,64.08,652.25
518500,649,650.5,2,9,-2.5,197.0945369,64.08,649.75
518600,648,649.5,2,9,-2.5,196.8571823,64.07,648.75
518700,647,648.5,2,9,-2.5,196.7559398,64.06,647.75
518800,648.5,650,2,9,-2.5,196.8201313,64.06,649.25
518900,647.5,649,2,9,-2.5,196.6628559,64.06,648.25
519000,645,646.5,2,9,-2.5,196.5378733,64.05,645.75
519100,640,641.5,2,9,-2.5,196.3461023,64.04,640.75
519200,639,640.5,2,9,-2.5,196.6222007,64.04,639.75
519300,639,640.5,2,9,-2.5,196.4079131,64.04,639.75
519400,633.5,635,2,9,-2.5,195.9467694,64.03,634.25
519500,636,637.5,2,9,-2.5,196.0522735,64.03,636.75
519600,639,640.5,2,9,-2.5,196.0724534,64.02,639.75
519700,638,639.5,2,9,-2.5,195.7903184,64.02,638.75
519800,637,638.5,2,9,-2.5,195.8549196,64.01,637.75
519900,636.5,638,2,9,-2.5,195.719689,64,637.25
520000,636,637.5,2,9,-2.5,195.9229689,64,636.75
520100,641,642.5,2,9,-2.5,195.9036222,64,641.75
520200,636,637.5,2,9,-2.5,195.6402043,63.99,636.75
520300,633,634.5,2,9,-2.5,195.656023,63.98,633.75
520400,631,632.5,2,9,-2.5,195.6058182,63.98,631.75
520500,636.5,638,2,9,-2.5,195.9561388,63.98,637.25
520600,637.5,639,2,9,-2.5,196.204497,63.97,638.25
520700,635,636.5,2,9,-2.5,195.8595967,63.96,635.75
520800,630.5,632,2,9,-2.5,195.776309,63.96,631.25
520900,634.5,636,2,9,-2.5,195.7911063,63.96,635.25
521000,636.5,638,2,9,-2.5,195.8177974,63.95,637.25
521100,633.5,635,2,9,-2.5,195.6746267,63.94,634.25
521200,630,631.5,2,9,-2.5,195.5890064,63.94,630.75
521300,630,631.5,2,9,-2.5,195.8154176,63.94,630.75
521400,634,635.5,2,9,-2.5,195.8352406,63.93,634.75
521500,633.5,635,2,9,-2.5,195.7967548,63.92,634.25
521600,639,640.5,2,9,-2.5,196.2728935,63.92,639.75
521700,640.5,642,2,9,-2.5,196.3597602,63.92,641.25
521800,638,639.5,2,9,-2.5,196.2729437,63.91,638.75
521900,640,641.5,2,9,-2.5,196.6013362,63.9,640.75
522000,644,645.5,2,9,-2.5,196.8016755,63.9,644.75
522100,644.5,646,2,9,-2.5,196.9771772,63.9,645.25
522200,643.5,645,2,9,-2.5,196.9185063,63.89,644.25
522300,645,646.5,2,9,-2.5,196.8192525,63.88,645.75
522400,645,647,2,9,-2.5,196.8031775,63.88,646
522500,650.5,652,2,9,-2.5,196.9426525,63.88,651.25
522600,650.5,652,2,9,-2.5,197.0433107,63.87,651.25
522700,653,654.5,2,9,-2.5,197.1362466,63.86,653.75
522800,653.5,655,2,9,-2.5,197.3609293,63.86,654.25
522900,655.5,657,2,9,-2.5,197.3852432,63.86,656.25
523000,654.5,656,2,9,-2.5,197.1991696,63.85,655.25
523100,659,660.5,2,9,-2.5,197.3373663,63.84,659.75
523200,655,656.5,2,9,-2.5,196.9290996,63.84,655.75
523300,652,653.5,2,9,-2.5,196.7578942,63.84,652.75
523400,654,655.5,2,9,-2.5,196.9136494,63.83,654.75
523500,655.5,657,2,9,-2.5,197.3539901,63.82,656.25
523600,657,658.5,2,9,-2.5,197.5556227,63.82,657.75
523700,660.5,662,2,9,-2.5,197.7870105,63.82,661.25
523800,659.5,661,2,9,-2.5,197.7053726,63.81,660.25
523900,658.5,660,2,9,-2.5,197.9269884,63.8,659.25
524000,661.5,663,2,9,-2.5,198.0659192,63.8,662.25
524100,662,663.5,2,9,-2.5,197.7991012,63.8,662.75
524200,666,667.5,2,9,-2.5,198.0760992,63.79,666.75
524300,668,669.5,2,9,-2.5,197.9506266,63.78,668.75
524400,667.5,669,2,9,-2.5,197.8786514,63.78,668.25
524500,671,672.5,2,9,-2.5,197.9294896,63.78,671.75
524600,673,674.5,2,9,-2.5,197.9263283,63.77,673.75
524700,674.5,676,2,9,-2.5,197.9845994,63.76,675.25
524800,674,675.5,2,9,-2.5,197.93186,63.76,674.75
524900,675,676.5,2,9,-2.5,197.9999724,63.76,675.75
525000,671.5,673,2,9,-2.5,197.7887891,63.75,672.25
525100,673.5,675,2,9,-2.5,197.9077574,63.74,674.25
525200,674,675.5,2,9,-2.5,198.0849387,63.74,674.75
525300,673,674.5,2,9,-2.5,197.9531843,63.74,673.75
525400,678,679.5,2,9,-2.5,198.1313939,63.73,678.75
525500,676.5,678,2,9,-2.5,198.1162778,63.72,677.25
525600,678.5,680,2,9,-2.5,198.1308074,63.72,679.25
525700,674.5,676,2,9,-2.5,197.7226788,63.72,675.25
525800,675.5,677,2,9,-2.5,197.7947717,63.71,676.25
525900,675,676.5,2,9,-2.5,197.9231752,63.7,675.75
526000,672,673.5,2,9,-2.5,197.8045078,63.7,672.75
526100,674.5,676,2,9,-2.5,197.9823014,63.7,675.25
526200,677.5,679,2,9,-2.5,198.2306473,63.69,678.25
526300,672.5,674,2,9,-2.5,198.1126915,63.68,673.25
526400,677.5,679,2,9,-2.5,198.3058382,63.68,678.25
526500,677.5,679,2,9,-2.5,198.2929143,63.68,678.25
526600,675.5,677,2,9,-2.5,198.0844825,63.67,676.25
526700,674.5,676,2,9,-2.5,197.718929,63.66,675.25
526800,673.5,675,2,9,-2.5,197.7399306,63.66,674.25
526900,674.5,676,2,9,-2.5,197.7693195,63.66,675.25
527000,676.5,678,2,9,-2.5,197.7947712,63.65,677.25
527100,678.5,680,2,9,-2.5,197.8403249,63.64,679.25
527200,680,681.5,2,9,-2.5,197.920577,63.64,680.75
527300,679.5,681,2,9,-2.5,197.8786403,63.64,680.25
527400,676,677.5,2,9,-2.5,197.7258166,63.63,676.75
527500,679,680.5,2,9,-2.5,197.804734,63.62,679.75
527600,680,681.5,2,9,-2.5,197.7831771,63.62,680.75
527700,681.5,683,2,9,-2.5,198.2304819,63.62,682.25
527800,685.5,687,2,9,-2.5,198.3650241,63.61,686.25
527900,684.5,686,2,9,-2.5,198.4711209,63.6,685.25
528000,681.5,683,2,9,-2.5,197.9871945,63.6,682.25
528100,687,688.5,2,9,-2.5,198.0054531,63.6,687.75
528200,691,692.5,2,9,-2.5,198.0764375,63.59,691.75
528300,691,692.5,2,9,-2.5,198.1879165,63.58,691.75
528400,694.5,696,2,9,-2.5,198.3762703,63.58,695.25
528500,691.5,693,2,9,-2.5,198.1084789,63.58,692.25
528600,691.5,693,2,9,-2.5,198.4545169,63.57,692.25
528700,689.5,691,2,9,-2.5,198.5283702,63.56,690.25
528800,687.5,689,2,9,-2.5,198.3604787,63.56,688.25
528900,690.5,692,2,9,-2.5,198.3927546,63.56,691.25
529000,685.5,687,2,9,-2.5,198.2749697,63.55,686.25
529100,682.5,684,2,9,-2.5,198.1519569,63.54,683.25
529200,686.5,688,2,9,-2.5,198.2641839,63.54,687.25
529300,686.5,688,2,9,-2.5,198.0438067,63.54,687.25
529400,688,689.5,2,9,-2.5,198.2659447,63.53,688.75
529500,687.5,689,2,9,-2.5,198.4482205,63.52,688.25
529600,683,684.5,2,9,-2.5,198.337257,63.52,683.75
529700,686,687.5,2,9,-2.5,198.4774304,63.52,686.75
529800,684,685.5,2,9,-2.5,198.4741952,63.51,684.75
529900,683,684.5,2,9,-2.5,198.3866484,63.5,683.75
530000,688.5,690,2,9,-2.5,198.4870893,63.5,689.25
530100,688,689.5,2,9,-2.5,198.108113,63.5,688.75
530200,689.5,691,2,9,-2.5,198.1527527,63.49,690.25
530300,692,693.5,2,9,-2.5,198.3828727,63.48,692.75
530400,692.5,694,2,9,-2.5,198.3752384,63.48,693.25
530500,693,694.5,2,9,-2.5,198.5215999,63.48,693.75
530600,687.5,689,2,9,-2.5,198.0474915,63.47,688.25
530700,690,691.5,2,9,-2.5,198.0590921,63.46,690.75
530800,691.5,693,2,9,-2.5,198.1525394,63.46,692.25
530900,692.5,694,2,9,-2.5,198.1864596,63.46,693.25
531000,696.5,698,2,9,-2.5,198.26133,63.45,697.25
531100,692.5,694,2,9,-2.5,198.123261,63.44,693.25
531200,690,691.5,2,9,-2.5,197.8438316,63.44,690.75
531300,690.5,692,2,9,-2.5,197.7726694,63.44,691.25
531400,687.5,689,2,9,-2.5,197.5509116,63.43,688.25
531500,688.5,690,2,9,-2.5,197.5979835,63.42,689.25
531600,692.5,694,2,9,-2.5,197.6956824,63.42,693.25
531700,693,694.5,2,9,-2.5,197.5754217,63.42,693.75
531800,686,687.5,2,9,-2.5,197.3305688,63.41,686.75
531900,688.5,690,2,9,-2.5,197.6031183,63.4,689.25
532000,692.5,694,2,9,-2.5,197.8406602,63.4,693.25
532100,694,695.5,2,9,-2.5,197.99526,63.4,694.75
532200,693.5,695,2,9,-2.5,197.8617229,63.39,694.25
532300,697,698.5,2,9,-2.5,198.0829343,63.38,697.75
532400,697,698.5,2,9,-2.5,198.0896575,63.38,697.75
532500,696,697.5,2,9,-2.5,198.1376673,63.38,696.75
532600,698,699.5,2,9,-2.5,198.4958779,63.37,698.75
532700,702,703.5,2,9,-2.5,198.9438464,63.36,702.75
532800,702,704,2,9,-2.5,198.8156218,63.36,703
532900,703,704.5,2,9,-2.5,198.8061946,63.36,703.75
533000,698.5,700,2,9,-2.5,198.741974,63.35,699.25
533100,703,704.5,2,9,-2.5,198.940173,63.34,703.75
533200,703.5,705,2,9,-2.5,199.1494583,63.34,704.25
533300,704.5,706,2,9,-2.5,199.0486306,63.34,705.25
533400,702.5,704,2,9,-2.5,199.0276168,63.33,703.25
533500,703,704.5,2,9,-2.5,198.9143162,63.32,703.75
533600,703.5,705,2,9,-2.5,198.6338777,63.32,704.25
533700,707,708.5,2,9,-2.5,198.7353255,63.32,707.75
533800,705.5,707,2,9,-2.5,198.8083218,63.31,706.25
533900,709.5,711,2,9,-2.5,199.0306221,63.3,710.25
534000,709,710.5,2,9,-2.5,199.0129419,63.3,709.75
534100,707,708.5,2,9,-2.5,198.6790966,63.3,707.75
534200,705.5,707,2,9,-2.5,198.4523831,63.29,706.25
534300,704,705.5,2,9,-2.5,198.4405893,63.28,704.75
534400,701.5,703,2,9,-2.5,198.3335541,63.28,702.25
534500,699.5,701,2,9,-2.5,198.1321458,63.28,700.25
534600,697,698.5,2,9,-2.5,198.1779201,63.27,697.75
534700,700.5,702,2,9,-2.5,198.3947305,63.26,701.25
534800,701,702.5,2,9,-2.5,198.4546226,63.26,701.75
534900,700,701.5,2,9,-2.5,198.436899,63.26,700.75
535000,697,698.5,2,9,-2.5,198.3087922,63.25,697.75
535100,697,699,2,9,-2.5,198.6702882,63.24,698
535200,697.5,699,2,9,-2.5,198.7829427,63.24,698.25
535300,702,703.5,2,9,-2.5,198.9245288,63.24,702.75
535400,701.5,703,2,9,-2.5,199.0343852,63.23,702.25
535500,702,703.5,2,9,-2.5,198.8529406,63.22,702.75
535600,699.5,701,2,9,-2.5,198.761975,63.22,700.25
535700,699,700.5,2,9,-2.5,198.5824704,63.22,699.75
535800,698,699.5,2,9,-2.5,198.5799552,63.21,698.75
535900,693.5,695,2,9,-2.5,198.1563563,63.2,694.25
536000,697,698.5,2,9,-2.5,198.513931,63.2,697.75
536100,696,697.5,2,9,-2.5,198.524726,63.2,696.75
536200,695.5,697,2,9,-2.5,198.4980178,63.19,696.25
536300,699,700.5,2,9,-2.5,198.1842396,63.18,699.75
536400,701,702.5,2,9,-2.5,198.0529909,63.18,701.75
536500,698.5,700,2,9,-2.5,197.8750697,63.18,699.25
536600,697,698.5,2,9,-2.5,197.7557437,63.17,697.75
536700,699,700.5,2,9,-2.5,197.9451329,63.16,699.75
536800,701.5,703,2,9,-2.5,198.0535049,63.16,702.25
536900,698,699.5,2,9,-2.5,197.9580165,63.16,698.75
537000,695.5,697,2,9,-2.5,197.9771357,63.15,696.25
537100,695.5,697,2,9,-2.5,198.0349328,63.14,696.25
537200,693,694.5,2,9,-2.5,197.9832348,63.14,693.75
537300,691,692.5,2,9,-2.5,197.8853786,63.14,691.75
537400,694,695.5,2,9,-2.5,198.04792,63.13,694.75
537500,695.5,697,2,9,-2.5,198.0071532,63.12,696.25
537600,695.5,697,2,9,-2.5,198.1320266,63.12,696.25
537700,697,698.5,2,9,-2.5,198.2960658,63.12,697.75
537800,700,701.5,2,9,-2.5,198.680485,63.11,700.75
537900,700,702,2,9,-2.5,198.7895433,63.1,701
538000,702.5,704,2,9,-2.5,198.9585613,63.1,703.25
538100,704.5,706,2,9,-2.5,199.324513,63.1,705.25
538200,707,708.5,2,9,-2.5,199.3502585,63.09,707.75
538300,710.5,712,2,9,-2.5,199.4945602,63.08,711.25
538400,712.5,714,2,9,-2.5,199.8502376,63.08,713.25
538500,712.5,714,2,9,-2.5,199.6334858,63.08,713.25
538600,712,713.5,2,9,-2.5,199.5835858,63.07,712.75
538700,711.5,713,2,9,-2.5,199.5956709,63.06,712.25
538800,713.5,715,2,9,-2.5,199.9073201,63.06,714.25
538900,708.5,710,2,9,-2.5,199.7859905,63.06,709.25
539000,709.5,711,2,9,-2.5,200.1546678,63.05,710.25
539100,707.5,709,2,9,-2.5,200.0036379,63.04,708.25
539200,705,706.5,2,9,-2.5,199.9703142,63.04,705.75
539300,705.5,707,2,9,-2.5,200.1484345,63.04,706.25
539400,706,707.5,2,9,-2.5,199.964655,63.03,706.75
539500,705.5,707,2,9,-2.5,199.7073858,63.02,706.25
539600,703.5,705,2,9,-2.5,199.4534644,63.02,704.25
539700,704,705.5,2,9,-2.5,199.4842052,63.02,704.75
539800,703.5,705,2,9,-2.5,199.2275166,63.01,704.25
539900,704.5,706,2,9,-2.5,199.2572961,63,705.25
540000,706.5,708,2,9,-2.5,199.4552081,63,707.25
540100,701,702.5,2,9,-2.5,199.3133372,63,701.75
540200,703,704.5,2,9,-2.5,199.6287129,62.99,703.75
540300,705,706.5,2,9,-2.5,199.6884712,62.98,705.75
540400,707,708.5,2,9,-2.5,199.6898551,62.98,707.75
540500,708,709.5,2,9,-2.5,199.4471127,62.98,708.75
540600,706.5,708,2,9,-2.5,199.2797431,62.97,707.25
540700,711,712.5,2,9,-2.5,199.3815023,62.96,711.75
540800,712,713.5,2,9,-2.5,199.2960773,62.96,712.75
540900,712,714,2,9,-2.5,199.422536,62.96,713
541000,713,714.5,2,9,-2.5,199.5006558,62.95,713.75
541100,714,715.5,2,9,-2.5,199.6605123,62.94,714.75
541200,712.5,714,2,9,-2.5,199.6640822,62.94,713.25
541300,713.5,715,2,9,-2.5,199.699744,62.94,714.25
541400,714.5,716,2,9,-2.5,199.7242628,62.93,715.25
541500,717,718.5,2,9,-2.5,199.8071781,62.92,717.75
541600,719,720.5,2,9,-2.5,200.0049413,62.92,719.75
541700,718,719.5,2,9,-2.5,199.783902,62.92,718.75
541800,715.5,717,2,9,-2.5,199.7350089,62.91,716.25
541900,717,718.5,2,9,-2.5,199.7453736,62.9,717.75
542000,717.5,719,1.9,9,-2.5,199.7938123,62.9,718.25
542100,711.5,713,1.9,9,-2.5,199.6355594,62.9,712.25
542200,712,713.5,1.9,9,-2.5,199.5436103,62.89,712.75
542300,714.5,716,1.9,9,-2.5,199.5627681,62.88,715.25
542400,712,713.5,1.9,9,-2.5,199.463021,62.88,712.75
542500,710.5,712,1.9,9,-2.5,199.2900378,62.88,711.25
542600,709.5,711,1.9,9,-2.5,199.3890105,62.87,710.25
542700,708.5,710,1.9,9,-2.5,199.3077697,62.86,709.25
542800,706,707.5,1.9,9,-2.5,199.2842961,62.86,706.75
542900,709.5,711,1.9,9,-2.5,199.41692,62.86,710.25
543000,707.5,709,1.9,9,-2.5,199.179491,62.85,708.25
543100,708,709.5,1.9,9,-2.5,199.1885567,62.84,708.75
543200,704.5,706,1.9,9,-2.5,199.0661614,62.84,705.25
543300,702,703.5,1.9,9,-2.5,199.0464171,62.84,702.75
543400,705,706.5,1.9,9,-2.5,199.0747851,62.83,705.75
543500,705.5,707,1.9,9,-2.5,198.9071518,62.82,706.25
543600,706.5,708,1.9,9,-2.5,199.0812221,62.82,707.25
543700,708.5,710,1.9,9,-2.5,199.295717,62.82,709.25
543800,711.5,713,1.9,9,-2.5,199.5266279,62.81,712.25
543900,709.5,711,1.9,9,-2.5,199.3532625,62.8,710.25
544000,708,709.5,1.9,9,-2.5,199.2609646,62.8,708.75
544100,708,709.5,1.9,9,-2.5,199.1244645,62.8,708.75
544200,706.5,708,1.9,9,-2.5,198.9038159,62.79,707.25
544300,706.5,708.5,1.9,9,-2.5,198.8422174,62.78,707.5
544400,707,708.5,1.9,9,-2.5,198.9308318,62.78,707.75
544500,701.5,703,1.9,9,-2.5,198.614026,62.78,702.25
544600,702,703.5,1.9,9,-2.5,198.5223171,62.77,702.75
544700,705,706.5,1.9,9,-2.5,198.6054632,62.76,705.75
544800,704.5,706,1.9,9,-2.5,198.6289662,62.76,705.25
544900,704.5,706,1.9,9,-2.5,198.9494706,62.76,705.25
545000,706,707.5,1.9,9,-2.5,199.2063318,62.75,706.75
545100,707,708.5,1.9,9,-2.5,199.0829151,62.74,707.75
545200,704.5,706,1.9,9,-2.5,199.2404866,62.74,705.25
545300,702,703.5,1.9,9,-2.5,199.0463597,62.74,702.75
545400,703,704.5,1.9,9,-2.5,199.0887683,62.73,703.75
545500,703,704.5,1.9,9,-2.5,199.4746763,62.72,703.75
545600,703,705,1.9,9,-2.5,199.7886117,62.72,704
545700,701,702.5,1.9,9,-2.5,199.5687561,62.72,701.75
545800,700.5,702,1.9,9,-2.5,199.2818108,62.71,701.25
545900,703,704.5,1.9,9,-2.5,199.3903853,62.7,703.75
546000,704,705.5,1.9,9,-2.5,199.4172964,62.7,704.75
546100,703.5,705,1.9,9,-2.5,199.3021761,62.7,704.25
546200,705,706.5,1.9,9,-2.5,199.453827,62.69,705.75
546300,699,700.5,1.9,9,-2.5,199.124129,62.68,699.75
546400,700,701.5,1.9,9,-2.5,199.2310023,62.68,700.75
546500,702,703.5,1.9,9,-2.5,199.5107701,62.68,702.75
546600,699,700.5,1.9,9,-2.5,199.3771808,62.67,699.75
546700,697,698.5,1.9,9,-2.5,199.4344165,62.66,697.75
546800,695,696.5,1.9,9,-2.5,199.2558203,62.66,695.75
546900,697.5,699,1.9,9,-2.5,199.4349575,62.66,698.25
547000,696,697.5,1.9,9,-2.5,199.2698889,62.65,696.75
547100,694.5,696,1.9,9,-2.5,199.1642941,62.64,695.25
547200,698,699.5,1.9,9,-2.5,199.2065302,62.64,698.75
547300,698.5,700,1.9,9,-2.5,199.2868802,62.64,699.25
547400,696.5,698,1.9,9,-2.5,199.1124141,62.63,697.25
547500,693,694.5,1.9,9,-2.5,198.989746,62.62,693.75
547600,690.5,692,1.9,9,-2.5,198.9558061,62.62,691.25
547700,690.5,692,1.9,9,-2.5,199.2802086,62.62,691.25
547800,693,694.5,1.9,9,-2.5,199.4363701,62.61,693.75
547900,693,695,1.9,9,-2.5,199.2428922,62.6,694
548000,692,693.5,1.9,9,-2.5,199.2138692,62.6,692.75
548100,692,693.5,1.9,9.5,-2.5,199.2962296,62.6,692.75
548200,692.5,694,1.9,9.5,-2.5,199.557729,62.59,693.25
548300,693.5,695,1.9,9.5,-2.5,199.7140855,62.58,694.25
548400,697,698.5,1.9,9.5,-2.5,199.8460153,62.58,697.75
548500,694.5,696,1.9,9.5,-2.5,199.3999198,62.58,695.25
548600,692.5,694,1.9,9.5,-2.5,199.4992725,62.57,693.25
548700,692.5,694,1.9,9.5,-2.5,199.4961469,62.56,693.25
548800,689.5,691,1.9,9.5,-2.5,199.3386056,62.56,690.25
548900,692,693.5,1.9,9.5,-2.5,199.3425745,62.56,692.75
549000,690.5,692,1.9,9.5,-2.5,199.042728,62.55,691.25
549100,689,690.5,1.9,9.5,-2.5,199.0147289,62.54,689.75
549200,684,685.5,1.9,9.5,-2.5,198.9837027,62.54,684.75
549300,682.5,684,1.9,9.5,-2.5,199.0619951,62.54,683.25
549400,687.5,689,1.9,9.5,-2.5,199.1690096,62.53,688.25
549500,686.5,688,1.9,9.5,-2.5,199.1237478,62.52,687.25
549600,685.5,687,1.9,9.5,-2.5,199.2821591,62.52,686.25
549700,684,685.5,1.9,9.5,-2.5,199.1832105,62.52,684.75
549800,681,682.5,1.9,9.5,-2.5,199.0736081,62.51,681.75
549900,679.5,681,1.9,9.5,-2.5,198.8805213,62.5,680.25
550000,677,678.5,1.9,9.5,-2.5,198.8189191,62.5,677.75
550100,676,677.5,1.9,9.5,-2.5,198.6075452,62.5,676.75
550200,673.5,675,1.9,9.5,-2.5,198.3741883,62.49,674.25
550300,673.5,675,1.9,9.5,-2.5,198.7521926,62.48,674.25
550400,679,680.5,1.9,9.5,-2.5,198.9965791,62.48,679.75
550500,680,681.5,1.9,9.5,-2.5,198.982411,62.48,680.75
550600,679.5,681,1.9,9.5,-2.5,198.8087474,62.47,680.25
550700,682,683.5,1.9,9.5,-2.5,198.8727257,62.46,682.75
550800,677.5,679,1.9,9.5,-2.5,198.6675954,62.46,678.25
550900,676,677.5,1.9,9.5,-2.5,198.7374136,62.46,676.75
551000,674.5,676,1.9,9.5,-2.5,198.8043066,62.45,675.25
551100,680.5,682,1.9,9.5,-2.5,199.045848,62.44,681.25
551200,679,680.5,1.9,9.5,-2.5,199.0612807,62.44,679.75
551300,680,681.5,1.9,9.5,-2.5,199.0760094,62.44,680.75
551400,677.5,679,1.9,9.5,-2.5,199.1488099,62.43,678.25
551500,676.5,678,1.9,9.5,-2.5,198.9846714,62.42,677.25
551600,679.5,681,1.9,9.5,-2.5,199.1585975,62.42,680.25
551700,678.5,680,1.9,9.5,-2.5,199.0720485,62.42,679.25
551800,678.5,680,1.9,9.5,-2.5,198.8039772,62.41,679.25
551900,678.5,680,1.9,9.5,-2.5,198.961695,62.4,679.25
552000,675,676.5,1.9,9.5,-2.5,198.9044289,62.4,675.75
552100,679,680.5,1.9,9.5,-2.5,198.9770712,62.4,679.75
552200,679,680.5,1.9,9.5,-2.5,199.2801731,62.39,679.75
552300,680.5,682,1.9,9.5,-2.5,199.5264807,62.38,681.25
552400,684.5,686,1.9,9.5,-2.5,199.7511013,62.38,685.25
552500,688.5,690,1.9,9.5,-2.5,199.9482836,62.38,689.25
552600,686.5,688,1.9,9.5,-2.5,200.12995,62.37,687.25
552700,692.5,694,1.9,9.5,-2.5,200.2479086,62.36,693.25
552800,689,690.5,1.9,9.5,-2.5,200.1791204,62.36,689.75
552900,687.5,689,1.9,9.5,-2.5,200.0045291,62.36,688.25
553000,689.5,691,1.9,9.5,-2.5,200.4337249,62.35,690.25
553100,689,690.5,1.9,9.5,-2.5,200.5168837,62.34,689.75
553200,691,692.5,1.9,9.5,-2.5,200.4984555,62.34,691.75
553300,691,692.5,1.9,9.5,-2.5,200.630091,62.34,691.75
553400,691,692.5,1.9,9.5,-2.5,200.3799119,62.33,691.75
553500,691,692.5,1.9,9.5,-2.5,200.3140827,62.32,691.75
553600,692,693.5,1.9,9.5,-2.5,200.2881255,62.32,692.75
553700,689,690.5,1.9,9.5,-2.5,200.2352147,62.32,689.75
553800,690.5,692,1.9,9.5,-2.5,200.1224217,62.31,691.25
553900,691.5,693,1.9,9.5,-2.5,200.1485641,62.3,692.25
554000,697,698.5,1.9,9.5,-2.5,200.4362514,62.3,697.75
554100,694.5,696,1.9,9.5,-2.5,200.3035614,62.3,695.25
554200,695,696.5,1.9,9.5,-2.5,200.5993074,62.29,695.75
554300,693,694.5,1.9,9.5,-2.5,200.565876,62.28,693.75
554400,694,695.5,1.9,9.5,-2.5,200.5623239,62.28,694.75
554500,694.5,696,1.9,9.5,-2.5,200.2947266,62.28,695.25
554600,691.5,693,1.9,9.5,-2.5,200.1599701,62.27,692.25
554700,692.5,694,1.9,9.5,-2.5,200.2109869,62.26,693.25
554800,692,693.5,1.9,9.5,-2.5,200.3523082,62.26,692.75
554900,689,690.5,1.9,9.5,-2.5,200.1064166,62.26,689.75
555000,686.5,688,1.9,9.5,-2.5,200.0043531,62.25,687.25
555100,685.5,687,1.9,9.5,-2.5,199.7688298,62.24,686.25
555200,686,687.5,1.9,9.5,-2.5,199.7162344,62.24,686.75
555300,684.5,686,1.9,9.5,-2.5,199.5803912,62.24,685.25
555400,686.5,688,1.9,9.5,-2.5,199.8876689,62.23,687.25
555500,688.5,690,1.9,9.5,-2.5,199.9838292,62.22,689.25
555600,690,691.5,1.9,9.5,-2.5,200.2231081,62.22,690.75
555700,686.5,688,1.9,9.5,-2.5,200.078831,62.22,687.25
555800,687.5,689,1.9,9.5,-2.5,200.1823402,62.21,688.25
555900,689.5,691,1.9,9.5,-2.5,200.3407707,62.2,690.25
556000,687,688.5,1.9,9.5,-2.5,200.1667657,62.2,687.75
556100,688,689.5,1.9,9.5,-2.5,200.2363415,62.2,688.75
556200,687.5,689,1.9,9.5,-2.5,200.0488848,62.19,688.25
556300,686,687.5,1.9,9.5,-2.5,199.7956392,62.18,686.75
556400,687.5,689,1.9,9.5,-2.5,199.8993189,62.18,688.25
556500,686,687.5,1.9,9.5,-2.5,199.76554,62.18,686.75
556600,689.5,691,1.9,9.5,-2.5,199.9767812,62.17,690.25
556700,690.5,692,1.9,9.5,-2.5,199.8149881,62.16,691.25
556800,695.5,697,1.9,9.5,-2.5,200.008651,62.16,696.25
556900,693,694.5,1.9,9.5,-2.5,199.7715073,62.16,693.75
557000,690.5,692,1.9,9.5,-2.5,199.7205135,62.15,691.25
557100,687.5,689,1.9,9.5,-2.5,199.6576547,62.14,688.25
557200,686,687.5,1.9,9.5,-2.5,199.5422904,62.14,686.75
557300,686,687.5,1.9,9.5,-2.5,199.4040166,62.14,686.75
557400,689.5,691,1.9,9.5,-2.5,199.4587913,62.13,690.25
557500,690,691.5,1.9,9.5,-2.5,199.5542678,62.12,690.75
557600,685.5,687,1.9,9.5,-2.5,199.358642,62.12,686.25
557700,685.5,687,1.9,9.5,-2.5,199.2418935,62.12,686.25
557800,685.5,687,1.9,9.5,-2.5,199.1034869,62.11,686.25
557900,688,689.5,1.9,9.5,-2.5,199.4147321,62.1,688.75
558000,684,685.5,1.9,9.5,-2.5,199.2522083,62.1,684.75
558100,685,686.5,1.9,9.5,-2.5,199.0392808,62.1,685.75
558200,682,683.5,1.9,9.5,-2.5,198.99758,62.09,682.75
558300,682.5,684,1.9,9.5,-2.5,199.0186766,62.08,683.25
558400,685.5,687,1.9,9.5,-2.5,199.281321,62.08,686.25
558500,682.5,684,1.9,9.5,-2.5,199.0074403,62.08,683.25
558600,687,688.5,1.9,9.5,-2.5,199.1654594,62.07,687.75
558700,688.5,690,1.9,9.5,-2.5,199.2138297,62.06,689.25
558800,689,690.5,1.9,9.5,-2.5,199.3392564,62.06,689.75
558900,687,688.5,1.9,9.5,-2.5,199.0252942,62.06,687.75
559000,684,685.5,1.9,9.5,-2.5,198.7324502,62.05,684.75
559100,682,683.5,1.9,9.5,-2.5,198.6737944,62.04,682.75
559200,675.5,677,1.9,9.5,-2.5,198.3809187,62.04,676.25
559300,677.5,679,1.9,9.5,-2.5,198.4396336,62.04,678.25
559400,676,677.5,1.9,9.5,-2.5,198.2639127,62.03,676.75
559500,677.5,679,1.9,9.5,-2.5,198.4247066,62.02,678.25
559600,678.5,680,1.9,9.5,-2.5,198.6734503,62.02,679.25
559700,678.5,680,1.9,9.5,-2.5,198.644064,62.02,679.25
559800,681,682.5,1.9,9.5,-2.5,198.8142118,62.01,681.75
559900,680,681.5,1.9,9.5,-2.5,198.8022349,62,680.75
560000,679.5,681,1.9,9.5,-2.5,198.5415572,62,680.25
560100,680.5,682,1.9,9.5,-2.5,198.6019904,62,681.25
560200,680.5,682,1.9,9.5,-2.5,198.5770234,61.99,681.25
560300,678,679.5,1.9,9.5,-2.5,198.3678929,61.98,678.75
560400,675,676.5,1.9,9.5,-2.5,198.2491544,61.98,675.75
560500,671.5,673,1.9,9.5,-2.5,198.1199472,61.98,672.25
560600,669,670.5,1.9,9.5,-2.5,197.9527417,61.97,669.75
560700,667.5,669,1.9,9.5,-2.5,197.9674467,61.96,668.25
560800,665.5,667,1.9,9.5,-2.5,197.8371156,61.96,666.25
560900,661,662.5,1.9,9.5,-2.5,197.6941055,61.96,661.75
561000,663.5,665,1.9,9.5,-2.5,197.7407045,61.95,664.25
561100,663.5,665,1.9,9.5,-2.5,197.7287519,61.94,664.25
561200,664.5,666,1.9,9.5,-2.5,197.8836361,61.94,665.25
561300,664.5,666,1.9,9.5,-2.5,198.3734214,61.94,665.25
561400,667,668.5,1.9,9.5,-2.5,198.5677473,61.93,667.75
561500,666,667.5,1.9,9.5,-2.5,198.4292374,61.92,666.75
561600,665.5,667,1.9,9.5,-2.5,198.7591591,61.92,666.25
561700,662,663.5,1.9,9.5,-2.5,198.6194415,61.92,662.75
561800,660.5,662,1.9,9.5,-2.5,198.4757061,61.91,661.25
561900,658.5,660,1.9,9.5,-2.5,198.5445782,61.9,659.25
562000,659,660.5,1.9,9.5,-2.5,198.622287,61.9,659.75
562100,660.5,662,1.9,9.5,-2.5,198.6558118,61.9,661.25
562200,663,664.5,1.9,9.5,-2.5,198.6972205,61.89,663.75
562300,657.5,659,1.9,9.5,-2.5,198.6257212,61.88,658.25
562400,658,659.5,1.9,9.5,-2.5,198.9000894,61.88,658.75
562500,659,660.5,1.9,9.5,-2.5,199.0323692,61.88,659.75
562600,658,659.5,1.9,9.5,-2.5,198.9080417,61.87,658.75
562700,654.5,656,1.9,9.5,-2.5,198.9590468,61.86,655.25
562800,655,656.5,1.9,9.5,-2.5,198.7340485,61.86,655.75
562900,653,654.5,1.9,9.5,-2.5,198.6052245,61.86,653.75
563000,655,656.5,1.9,9.5,-2.5,198.5848974,61.85,655.75
563100,649.5,651,1.9,9.5,-2.5,198.4475325,61.84,650.25
563200,650,651.5,1.9,9.5,-2.5,198.3411548,61.84,650.75
563300,652,653.5,1.9,9.5,-2.5,198.4920483,61.84,652.75
563400,655.5,657,1.9,9.5,-2.5,198.5759838,61.83,656.25
563500,655.5,657,1.9,9.5,-2.5,198.7528716,61.82,656.25
563600,653,654.5,1.9,9.5,-2.5,199.2534121,61.82,653.75
563700,652.5,654.5,1.9,9.5,-2.5,199.244357,61.82,653.5
563800,652,653.5,1.9,9.5,-2.5,199.2000183,61.81,652.75
563900,655,656.5,1.9,9.5,-2.5,199.2822637,61.8,655.75
564000,659,660.5,1.9,9.5,-2.5,199.4351472,61.8,659.75
564100,658.5,660,1.9,9.5,-2.5,199.2586296,61.8,659.25
564200,660,661.5,1.9,9.5,-2.5,199.4598311,61.79,660.75
564300,663,664.5,1.9,9.5,-2.5,199.5215764,61.78,663.75
564400,661,662.5,1.9,9.5,-2.5,199.1824745,61.78,661.75
564500,660,661.5,1.9,9.5,-2.5,199.1131064,61.78,660.75
564600,657,658.5,1.9,9.5,-2.5,199.000685,61.77,657.75
564700,658.5,660,1.9,9.5,-2.5,199.1004368,61.76,659.25
564800,654,655.5,1.9,9.5,-2.5,198.9235916,61.76,654.75
564900,654,655.5,1.9,9.5,-2.5,199.1487999,61.76,654.75
565000,656,657.5,1.9,9.5,-2.5,199.3855457,61.75,656.75
565100,657.5,659,1.9,9.5,-2.5,199.593677,61.74,658.25
565200,659,660.5,1.9,9.5,-2.5,199.5742039,61.74,659.75
565300,660.5,662,1.9,9.5,-2.5,199.5975393,61.74,661.25
565400,662,663.5,1.9,9.5,-2.5,199.8321091,61.73,662.75
565500,663.5,665,1.9,9.5,-2.5,199.8450963,61.72,664.25
565600,666,667.5,1.9,9.5,-2.5,199.9459589,61.72,666.75
565700,664.5,666,1.9,9.5,-2.5,199.6778853,61.72,665.25
565800,662,663.5,1.9,9.5,-2.5,199.5116402,61.71,662.75
565900,662,663.5,1.9,9.5,-2.5,199.9946882,61.7,662.75
566000,660.5,662,1.9,9.5,-2.5,199.9117451,61.7,661.25
566100,662,663.5,1.9,9.5,-2.5,199.7598645,61.7,662.75
566200,660.5,662,1.9,9.5,-2.5,200.1649374,61.69,661.25
566300,657.5,659,1.9,9.5,-2.5,199.7266747,61.68,658.25
566400,655,656.5,1.9,9.5,-2.5,199.6265543,61.68,655.75
566500,655,656.5,1.9,9.5,-2.5,199.5714322,61.68,655.75
566600,650,651.5,1.9,9.5,-2.5,199.320437,61.67,650.75
566700,648.5,650,1.9,9.5,-2.5,199.2688631,61.66,649.25
566800,650.5,652,1.9,9.5,-2.5,199.3724061,61.66,651.25
566900,655,656.5,1.9,9.5,-2.5,199.6125571,61.66,655.75
567000,654.5,656,1.9,9.5,-2.5,199.7799697,61.65,655.25
567100,654,655.5,1.9,9.5,-2.5,199.8461446,61.64,654.75
567200,652,653.5,1.9,9.5,-2.5,199.4136201,61.64,652.75
567300,650.5,652,1.9,9.5,-2.5,199.2968383,61.64,651.25
567400,647.5,649,1.9,9.5,-2.5,199.1277624,61.63,648.25
567500,648,649.5,1.9,9.5,-2.5,199.2458241,61.62,648.75
567600,645.5,647,1.9,9.5,-2.5,199.1886046,61.62,646.25
567700,647.5,649,1.9,9.5,-2.5,199.2320111,61.62,648.25
567800,650,651.5,1.9,9.5,-2.5,199.3554451,61.61,650.75
567900,650,651.5,1.9,9.5,-2.5,199.2996436,61.6,650.75
568000,651.5,653,1.9,9.5,-2.5,199.6246187,61.6,652.25
568100,653,654.5,1.9,9.5,-2.5,199.7541326,61.6,653.75
568200,653,654.5,1.9,9.5,-2.5,199.640866,61.59,653.75
568300,651.5,653,1.9,9.5,-2.5,199.6252917,61.58,652.25
568400,650,651.5,1.9,9.5,-2.5,199.5866733,61.58,650.75
568500,647.5,649,1.9,9.5,-2.5,199.5748571,61.58,648.25
568600,647,648.5,1.9,9.5,-2.5,199.5392335,61.57,647.75
568700,649,650.5,1.9,9.5,-2.5,199.6681373,61.56,649.75
568800,648.5,650,1.9,9.5,-2.5,199.52512,61.56,649.25
568900,650.5,652,1.9,9.5,-2.5,199.5760627,61.56,651.25
569000,649,650.5,1.9,9.5,-2.5,199.461673,61.55,649.75
569100,653.5,655,1.9,9.5,-2.5,199.5394867,61.54,654.25
569200,654,655.5,1.9,9.5,-2.5,199.223167,61.54,654.75
569300,655,656.5,1.9,9.5,-2.5,199.4346492,61.54,655.75
569400,656.5,658,1.9,9.5,-2.5,199.6532332,61.53,657.25
569500,656.5,658,1.9,9.5,-2.5,199.5911279,61.52,657.25
569600,655.5,657,1.9,9.5,-2.5,199.6333092,61.52,656.25
569700,657,658.5,1.9,9.5,-2,199.8221365,61.52,657.75
569800,659,660.5,1.9,9.5,-2,200.1104977,61.51,659.75
569900,662.5,664,1.9,9.5,-2,200.2637843,61.5,663.25
570000,664,665.5,1.9,9.5,-2,200.4139269,61.5,664.75
570100,664,665.5,1.9,9.5,-2,200.4214316,61.5,664.75
570200,662.5,664,1.9,9.5,-2,200.2854388,61.49,663.25
570300,658,659.5,1.9,9.5,-2,200.0887603,61.48,658.75
570400,656.5,658,1.9,9.5,-2,199.8786344,61.48,657.25
570500,652.5,654,1.9,9.5,-2,199.6423515,61.48,653.25
570600,652,653.5,1.9,9.5,-2,199.4778505,61.47,652.75
570700,655.5,657,1.9,9.5,-2,199.8436061,61.46,656.25
570800,658.5,660,1.9,9.5,-2,199.9742572,61.46,659.25
570900,658.5,660,1.9,9.5,-2,199.9145911,61.46,659.25
571000,657.5,659,1.9,9.5,-2,200.0517208,61.45,658.25
571100,656.5,658,1.9,9.5,-2,200.2235121,61.44,657.25
571200,654.5,656,1.9,9.5,-2,200.0916777,61.44,655.25
571300,653.5,655,1.9,9.5,-2,199.8549806,61.44,654.25
571400,656.5,658,1.9,9.5,-2,200.1243548,61.43,657.25
571500,654.5,656,1.9,9.5,-2,200.0410295,61.42,655.25
571600,651.5,653,1.9,9.5,-2,199.9811957,61.42,652.25
571700,648,649.5,1.9,9.5,-2,199.9575791,61.42,648.75
571800,646.5,648,1.9,9.5,-2,199.808088,61.41,647.25
571900,649.5,651,1.9,9.5,-2,199.7266779,61.4,650.25
572000,648.5,650,1.9,9.5,-2,199.8933742,61.4,649.25
572100,647.5,649,1.9,9.5,-2,199.7436857,61.4,648.25
572200,646.5,648,1.9,9.5,-2,199.6355778,61.39,647.25
572300,643.5,645,1.9,9.5,-2,199.6048044,61.38,644.25
572400,642,643.5,1.9,9.5,-2,199.3282831,61.38,642.75
572500,637,638.5,1.9,9.5,-2,199.1128883,61.38,637.75
572600,633.5,635,1.9,9.5,-2,199.0656138,61.37,634.25
572700,630,631.5,1.9,9.5,-2,198.8540262,61.36,630.75
572800,629.5,631,1.9,9.5,-2,198.7351895,61.36,630.25
572900,630,631.5,1.9,9.5,-2,198.9881803,61.36,630.75
573000,631,632.5,1.9,9.5,-2,199.032003,61.35,631.75
573100,633.5,635,1.9,9.5,-2,199.1283561,61.34,634.25
573200,637,638.5,1.9,9.5,-2,199.1695437,61.34,637.75
573300,633.5,635,1.9,9.5,-2,198.9525835,61.34,634.25
573400,630,631.5,1.9,9.5,-2,198.8933754,61.33,630.75
573500,627,628.5,1.9,9.5,-2,198.7769693,61.32,627.75
573600,632,633.5,1.9,9.5,-2,198.9254854,61.32,632.75
573700,631.5,633,1.9,9.5,-2,198.9651734,61.32,632.25
573800,632,633.5,1.9,9.5,-2,198.8473084,61.31,632.75
573900,634.5,636,1.9,9.5,-2,198.7947559,61.3,635.25
574000,637,638.5,1.9,9.5,-2,198.6384474,61.3,637.75
574100,640.5,642,1.9,9.5,-2,198.7364843,61.3,641.25
574200,640.5,642,1.9,9.5,-2,198.7186149,61.29,641.25
574300,635.5,637,1.9,9.5,-2,198.4157313,61.28,636.25
574400,636,637.5,1.9,9.5,-2,198.4562104,61.28,636.75
574500,640,641.5,1.9,9.5,-2,198.716468,61.28,640.75
574600,640.5,642,1.9,9.5,-2,198.9159378,61.27,641.25
574700,639.5,641,1.9,9.5,-2,198.9651952,61.26,640.25
574800,637.5,639,1.9,9.5,-2,198.7227975,61.26,638.25
574900,640.5,642,1.9,9.5,-2,198.506648,61.26,641.25
575000,638,639.5,1.9,9.5,-2,198.1092872,61.25,638.75
575100,632.5,634,1.9,9.5,-2,197.5984214,61.24,633.25
575200,632,633.5,1.9,9.5,-2,197.8535578,61.24,632.75
575300,634.5,636,1.9,9.5,-2,197.971396,61.24,635.25
575400,634,635.5,1.9,9.5,-2,197.701249,61.23,634.75
575500,638.5,640,1.9,9.5,-2,197.8771324,61.22,639.25
575600,637,638.5,1.9,9.5,-2,197.6537695,61.22,637.75
575700,635.5,637,1.9,9.5,-2,197.3116661,61.22,636.25
575800,638.5,640,1.9,9.5,-2,197.3932575,61.21,639.25
575900,636.5,638,1.9,9.5,-2,197.1929734,61.2,637.25
576000,637.5,639,1.9,9.5,-2,197.3104724,61.2,638.25
576100,640.5,642,1.9,9.5,-2,197.5470129,61.2,641.25
576200,643.5,645,1.9,9.5,-2,197.6945662,61.19,644.25
576300,640.5,642,1.9,9.5,-2,197.5932722,61.18,641.25
576400,640.5,642,1.9,9.5,-2,197.6082804,61.18,641.25
576500,641.5,643,1.9,9.5,-2,197.573839,61.18,642.25
576600,641.5,643.5,1.9,9.5,-2,197.5491452,61.17,642.5
576700,641.5,643,1.9,9.5,-2,197.6985293,61.16,642.25
576800,641.5,643,1.9,9.5,-2,197.9557061,61.16,642.25
576900,642,643.5,1.9,9.5,-2,198.1993882,61.16,642.75
577000,642,643.5,1.9,9.5,-2,198.1743384,61.15,642.75
577100,638.5,640,1.9,9.5,-2,197.9370485,61.14,639.25
577200,638,639.5,1.9,9.5,-2,198.2789684,61.14,638.75
577300,639.5,641,1.9,9.5,-2,198.4684058,61.14,640.25
577400,643,644.5,1.9,9.5,-2,198.8927212,61.13,643.75
577500,645.5,647,1.9,9.5,-2,199.018246,61.12,646.25
577600,648.5,650,1.9,9.5,-2,199.2327587,61.12,649.25
577700,648.5,650,1.9,9.5,-2,199.2056075,61.12,649.25
577800,644.5,646,1.9,9.5,-2,199.1290259,61.11,645.25
577900,646,647.5,1.9,9.5,-2,199.4024142,61.1,646.75
578000,645,646.5,1.9,9.5,-2,199.1063423,61.1,645.75
578100,647.5,649,1.9,9.5,-2,199.2433549,61.1,648.25
578200,648,649.5,1.9,9.5,-2,199.4322431,61.09,648.75
578300,652,653.5,1.9,9.5,-2,199.8264777,61.08,652.75
578400,655,656.5,1.9,9.5,-2,199.8450325,61.08,655.75
578500,658,659.5,1.9,9.5,-2,199.9646657,61.08,658.75
578600,660.5,662,1.9,9.5,-2,199.999815,61.07,661.25
578700,660,662,1.9,9.5,-2,199.7315136,61.06,661
578800,659.5,661,1.9,9.5,-2,199.8687997,61.06,660.25
578900,660,661.5,1.9,9.5,-2,199.8908902,61.06,660.75
579000,663.5,665,1.9,9.5,-2,200.0304602,61.05,664.25
579100,661.5,663,1.9,9.5,-2,199.9146098,61.04,662.25
579200,658,659.5,1.9,9.5,-2,199.3647095,61.04,658.75
579300,656,657.5,1.9,9.5,-2,199.2103031,61.04,656.75
579400,656,657.5,1.9,9.5,-2,199.5333116,61.03,656.75
579500,653,654.5,1.9,9.5,-2,199.1440483,61.02,653.75
579600,652.5,654,1.9,9.5,-2,199.2927992,61.02,653.25
579700,655,656.5,1.9,9.5,-2,199.2961045,61.02,655.75
579800,650.5,652,1.9,9.5,-2,199.0815765,61.01,651.25
579900,652,653.5,1.9,9.5,-2,199.0015725,61,652.75
580000,654.5,656,1.9,9.5,-2,199.0342135,61,655.25
580100,655.5,657,1.9,9.5,-2,199.0983331,61,656.25
580200,654.5,656,1.9,9.5,-2,198.8664623,60.99,655.25
580300,651.5,653,1.9,9.5,-2,198.6907919,60.98,652.25
580400,651,653,1.9,9.5,-2,198.4488861,60.98,652
580500,648,649.5,1.9,9.5,-2,198.3131157,60.98,648.75
580600,647.5,649,1.9,9.5,-2,197.9798399,60.97,648.25
580700,649,650.5,1.9,9.5,-2,198.1668434,60.96,649.75
580800,649,650.5,1.9,9.5,-2,198.1217086,60.96,649.75
580900,646.5,648,1.9,9.5,-2,197.9013221,60.96,647.25
581000,643,644.5,1.9,9.5,-2,197.8828227,60.95,643.75
581100,640.5,642,1.9,9.5,-2,197.8034513,60.94,641.25
581200,638,639.5,1.9,9.5,-2,197.5713797,60.94,638.75
581300,640,641.5,1.9,9.5,-2,197.8560187,60.94,640.75
581400,642,643.5,1.9,9.5,-2,197.8666554,60.93,642.75
581500,644,645.5,1.9,9.5,-2,197.8862979,60.92,644.75
581600,647,648.5,1.9,9.5,-2,197.910379,60.92,647.75
581700,652,653.5,1.9,9.5,-2,198.080222,60.92,652.75
581800,656,657.5,1.9,9.5,-2,198.2287228,60.91,656.75
581900,656,657.5,1.9,9.5,-2,198.3241245,60.9,656.75
582000,655,656.5,1.9,9.5,-2,198.3130965,60.9,655.75
582100,652,653.5,1.9,9.5,-2,198.2582571,60.9,652.75
582200,656,657.5,1.9,9.5,-2,198.5039698,60.89,656.75
582300,658.5,660,1.9,9.5,-2,198.7891551,60.88,659.25
582400,658,659.5,1.9,9.5,-2,198.8287916,60.88,658.75
582500,657.5,659,1.9,9.5,-2,198.7110565,60.88,658.25
582600,657.5,659,1.9,9.5,-2,198.7154463,60.87,658.25
582700,663,664.5,1.9,9.5,-2,198.8421325,60.86,663.75
582800,663.5,665,1.9,9.5,-2,199.0683004,60.86,664.25
582900,667,668.5,1.9,9.5,-2,199.2608278,60.86,667.75
583000,665.5,667,1.9,9.5,-2,199.2760468,60.85,666.25
583100,668,669.5,1.9,9.5,-2,199.4404857,60.84,668.75
583200,667.5,669,1.9,9.5,-2,199.1744064,60.84,668.25
583300,669.5,671,1.9,9.5,-2,199.2091914,60.84,670.25
583400,671,672.5,1.9,9.5,-2,199.6405594,60.83,671.75
583500,671,672.5,1.9,9.5,-2,199.7599452,60.82,671.75
583600,669.5,671,1.9,9.5,-2,199.756765,60.82,670.25
583700,670,671.5,1.9,9.5,-2,199.4492266,60.82,670.75
583800,672,673.5,1.9,9.5,-2,199.5978366,60.81,672.75
583900,674,675.5,1.9,9.5,-2,199.7306788,60.8,674.75
584000,676.5,678,1.9,9.5,-2,199.8936974,60.8,677.25
584100,675,676.5,1.9,9.5,-2,199.8161712,60.8,675.75
584200,680.5,682,1.9,9.5,-2,199.9182206,60.79,681.25
584300,679.5,681,1.9,9.5,-2,199.8678373,60.78,680.25
584400,679.5,681,1.9,9.5,-2,199.8959787,60.78,680.25
584500,678,679.5,1.9,9.5,-2,199.6173901,60.78,678.75
584600,675,676.5,1.9,9.5,-2,199.513477,60.77,675.75
584700,674,675.5,1.9,9.5,-2,199.382118,60.76,674.75
584800,674,675.5,1.9,9.5,-2,199.384264,60.76,674.75
584900,673.5,675,1.9,9.5,-2,198.991745,60.76,674.25
585000,673.5,675.5,1.9,9.5,-2,199.1619916,60.75,674.5
585100,674,675.5,1.9,9.5,-2,199.1527191,60.74,674.75
585200,675,676.5,1.9,9.5,-2,199.1351176,60.74,675.75
585300,673,674.5,1.9,9.5,-2,199.1072542,60.74,673.75
585400,677,678.5,1.9,9.5,-2,199.3413484,60.73,677.75
585500,679.5,681,1.9,9.5,-2,199.3753231,60.72,680.25
585600,679,680.5,1.9,9.5,-2,199.7526919,60.72,679.75
585700,675,676.5,1.9,9.5,-2,199.1228137,60.72,675.75
585800,673.5,675,1.9,9.5,-2,198.9343128,60.71,674.25
585900,671.5,673,1.9,9.5,-2,198.9937025,60.7,672.25
586000,674,675.5,1.9,9.5,-2,199.0397006,60.7,674.75
586100,672,673.5,1.9,9.5,-2,198.880356,60.7,672.75
586200,671.5,673.5,1.9,9.5,-2,198.6291375,60.69,672.5
586300,669,670.5,1.9,9.5,-2,198.5450621,60.68,669.75
586400,672,673.5,1.9,9.5,-2,198.7868245,60.68,672.75
586500,671.5,673,1.9,9.5,-2,198.7040184,60.68,672.25
586600,669,670.5,1.9,9.5,-2,198.5388074,60.67,669.75
586700,673.5,675,1.9,9.5,-2,198.6444072,60.66,674.25
586800,674,675.5,1.9,9.5,-2,199.0850758,60.66,674.75
586900,673,674.5,1.9,9.5,-2,198.8047355,60.66,673.75
587000,675,676.5,1.9,9.5,-2,198.9293756,60.65,675.75
587100,675,676.5,1.9,9.5,-2,199.0447809,60.64,675.75
587200,670.5,672,1.9,9.5,-2,198.9508137,60.64,671.25
587300,667,668.5,1.9,9.5,-2,198.4024626,60.64,667.75
587400,668,669.5,1.9,9.5,-2,198.7989246,60.63,668.75
587500,667,668.5,1.9,9.5,-2,198.7992544,60.62,667.75
587600,667,668.5,1.9,9.5,-2,198.8343226,60.62,667.75
587700,671.5,673,1.9,9.5,-2,199.197815,60.62,672.25
587800,673,674.5,1.9,9.5,-2,199.2416687,60.61,673.75
587900,674.5,676,1.9,9.5,-2,199.1884572,60.6,675.25
588000,680,681.5,1.9,9.5,-2,199.3763709,60.6,680.75
588100,679,680.5,1.9,9.5,-2,199.3057073,60.6,679.75
588200,679.5,681,1.9,9.5,-2,199.3770936,60.59,680.25
588300,679.5,681,1.9,9.5,-2,199.2190059,60.58,680.25
588400,677.5,679,1.9,9.5,-2,199.0555311,60.58,678.25
588500,678,679.5,1.9,9.5,-2,199.1021984,60.58,678.75
588600,681.5,683,1.9,9.5,-2,199.3583719,60.57,682.25
588700,680.5,682,1.9,9.5,-2,199.2531879,60.56,681.25
588800,682,683.5,1.9,9.5,-2,199.3546752,60.56,682.75
588900,679,680.5,1.9,9.5,-2,199.1432342,60.56,679.75
589000,683,684.5,1.9,9.5,-2,199.2972478,60.55,683.75
589100,680,681.5,1.9,9.5,-2,199.1981863,60.54,680.75
589200,682,683.5,1.9,9.5,-2,199.7229438,60.54,682.75
589300,676,677.5,1.9,9.5,-2,199.6702218,60.54,676.75
589400,679.5,681,1.9,9.5,-2,199.9650766,60.53,680.25
589500,675.5,677,1.9,9.5,-2,199.7326644,60.52,676.25
589600,674,675.5,1.9,9.5,-2,199.5058651,60.52,674.75
589700,673,674.5,1.9,9.5,-2,199.4068058,60.52,673.75
589800,673.5,675,1.9,9.5,-2,199.1695529,60.51,674.25
589900,670.5,672,1.9,9.5,-2,199.2451333,60.5,671.25
590000,670.5,672,1.9,9.5,-2,199.3483284,60.5,671.25
590100,672,673.5,1.9,9.5,-2,199.5381139,60.5,672.75
590200,668.5,670,1.9,9.5,-2,199.3076778,60.49,669.25
590300,673,674.5,1.9,9.5,-2,199.4312789,60.48,673.75
590400,674.5,676,1.9,9.5,-2,199.5479607,60.48,675.25
590500,676.5,678,1.9,9.5,-2,199.5948945,60.48,677.25
590600,676,677.5,1.9,9.5,-2,199.5139257,60.47,676.75
590700,680,681.5,1.9,9.5,-2,199.7691536,60.46,680.75
590800,676.5,678,1.9,9.5,-2,199.4949249,60.46,677.25
590900,674.5,676,1.9,9.5,-2,199.3713082,60.46,675.25
591000,675,676.5,1.9,9.5,-2,199.2488857,60.45,675.75
591100,675.5,677,1.9,9.5,-2,199.2878012,60.44,676.25
591200,675,676.5,1.9,9.5,-2,199.5468835,60.44,675.75
591300,672.5,674,1.9,9.5,-2,199.3300263,60.44,673.25
591400,676.5,678,1.9,9.5,-2,199.4168226,60.43,677.25
591500,680,681.5,1.9,9.5,-2,199.4792983,60.42,680.75
591600,679.5,681,1.9,9.5,-2,199.3102053,60.42,680.25
591700,683.5,685,1.9,9.5,-2,199.5691994,60.42,684.25
591800,681.5,683,1.9,9.5,-2,199.88029,60.41,682.25
591900,682.5,684,1.9,9.5,-2,199.7352313,60.4,683.25
592000,681.5,683,1.9,9.5,-2,199.858492,60.4,682.25
592100,680.5,682,1.9,9.5,-2,199.5867279,60.4,681.25
592200,676.5,678,1.9,9.5,-2,199.4443234,60.39,677.25
592300,678.5,680,1.9,9.5,-2,199.2322947,60.38,679.25
592400,680.5,682,1.9,9.5,-2,199.5754227,60.38,681.25
592500,682.5,684,1.9,9.5,-2,199.8857575,60.38,683.25
592600,681,682.5,1.9,9.5,-2,199.6823373,60.37,681.75
592700,682.5,684,1.9,9.5,-2,199.8269372,60.36,683.25
592800,682.5,684,1.9,9.5,-2,199.7943331,60.36,683.25
592900,681,682.5,1.9,9.5,-2,199.8916928,60.36,681.75
593000,680,681.5,1.9,9.5,-2,199.8478456,60.35,680.75
593100,676.5,678,1.9,9.5,-2,199.6930151,60.34,677.25
593200,672.5,674,1.9,9.5,-2,199.1721513,60.34,673.25
593300,672.5,674,1.9,9.5,-2,199.0601552,60.34,673.25
593400,670.5,672,1.9,9.5,-2,198.8074994,60.33,671.25
593500,670,671.5,1.9,9.5,-2,198.9126315,60.32,670.75
593600,670.5,672,1.9,9.5,-2,198.6636827,60.32,671.25
593700,671,672.5,1.9,9.5,-2,198.7711158,60.32,671.75
593800,666,667.5,1.9,9.5,-2,198.7087131,60.31,666.75
593900,665.5,667,1.9,9.5,-2,198.7596085,60.3,666.25
594000,666.5,668,1.9,9.5,-2,199.1280435,60.3,667.25
594100,662.5,664,1.9,9.5,-2,199.0310182,60.3,663.25
594200,661.5,663,1.9,9.5,-2,198.8840411,60.29,662.25
594300,661.5,663,1.9,9.5,-2,199.2986862,60.28,662.25
594400,658.5,660,1.9,9.5,-2,199.1862729,60.28,659.25
594500,657,658.5,1.9,9.5,-2,199.4225824,60.28,657.75
594600,655,656.5,1.9,9.5,-2,199.2869703,60.27,655.75
594700,650,651.5,1.9,9.5,-2,199.2538653,60.26,650.75
594800,647,648.5,1.9,9.5,-2,198.7065035,60.26,647.75
594900,644,645.5,1.9,9.5,-2,198.5874262,60.26,644.75
595000,643.5,645,1.9,9.5,-2,198.3636151,60.25,644.25
595100,645,646.5,1.9,9.5,-2,198.3704016,60.24,645.75
595200,643,644.5,1.9,9.5,-2,198.1163442,60.24,643.75
595300,646,647.5,1.9,9.5,-2,198.3348172,60.24,646.75
595400,647.5,649,1.9,9.5,-2,198.3639008,60.23,648.25
595500,650,651.5,1.9,9.5,-2,198.3926947,60.22,650.75
595600,648.5,650,1.9,9.5,-2,198.3862073,60.22,649.25
595700,648.5,650.5,1.9,9.5,-2,198.2906215,60.22,649.5
595800,651.5,653,1.9,9.5,-2,198.350455,60.21,652.25
595900,651.5,653,1.9,9.5,-2,198.4156273,60.2,652.25
596000,650,651.5,1.9,9.5,-2,198.2453272,60.2,650.75
596100,646,647.5,1.9,9.5,-2,198.1615957,60.2,646.75
596200,646.5,648,1.9,9.5,-2,198.4905861,60.19,647.25
596300,648.5,650,1.9,9.5,-2,198.5702496,60.18,649.25
596400,648.5,650,1.9,9.5,-2,198.5897724,60.18,649.25
596500,648.5,650,1.9,9.5,-2,198.4389048,60.18,649.25
596600,649.5,651,1.9,9.5,-2,198.4602733,60.17,650.25
596700,651,652.5,1.9,9.5,-2,198.6874363,60.16,651.75
596800,652,653.5,1.9,9.5,-2,198.8431385,60.16,652.75
596900,651.5,653,1.9,9.5,-2,199.0200365,60.16,652.25
597000,652.5,654,1.9,9.5,-2,198.92382,60.15,653.25
597100,653.5,655,1.9,9.5,-2,199.3053995,60.14,654.25
597200,654.5,656,1.9,9.5,-2,199.1625589,60.14,655.25
597300,654,655.5,1.9,9.5,-2,199.1679753,60.14,654.75
597400,650,651.5,1.9,9.5,-2,199.1083796,60.13,650.75
597500,648.5,650,1.9,9.5,-2,199.0078398,60.12,649.25
597600,651,652.5,1.9,9.5,-2,199.0364958,60.12,651.75
597700,649.5,651,1.9,9.5,-2,199.0263446,60.12,650.25
597800,651,652.5,1.9,9.5,-2,199.3421355,60.11,651.75
597900,654,655.5,1.9,9.5,-2,199.3503523,60.1,654.75
598000,654.5,656,1.9,9.5,-2,199.4491582,60.1,655.25
598100,654.5,656,1.9,9.5,-2,199.2727439,60.1,655.25
598200,650.5,652,1.9,9.5,-2,199.1968816,60.09,651.25
598300,652.5,654,1.9,9.5,-2,199.2207305,60.08,653.25
598400,647.5,649,1.9,9.5,-2,199.1678168,60.08,648.25
598500,649.5,651,1.9,9.5,-2,199.1486301,60.08,650.25
598600,651,652.5,1.9,9.5,-2,199.2227032,60.07,651.75
598700,646,647.5,1.9,9.5,-2,199.2339209,60.06,646.75
598800,646,648,1.9,9.5,-2,199.3682673,60.06,647
598900,646,648,1.9,9.5,-2,199.3276426,60.06,647
599000,643.5,645,1.9,9.5,-2,199.1041175,60.05,644.25
599100,640,641.5,1.9,9.5,-2,199.0353848,60.04,640.75
599200,644,645.5,1.9,9.5,-2,199.188313,60.04,644.75
599300,647.5,649,1.9,9.5,-2,199.6335304,60.04,648.25
599400,646.5,648,1.9,9.5,-2,199.6416845,60.03,647.25
599500,649,650.5,1.9,9.5,-2,199.8789133,60.02,649.75
599600,645.5,647,1.9,9.5,-2,199.7778636,60.02,646.25
599700,646.5,648,1.9,9.5,-2,199.7268934,60.02,647.25
599800,642,643.5,1.9,9.5,-2,199.6605785,60.01,642.75
599900,643.5,645,1.9,9.5,-2,199.7444378,60,644.25
600000,643.5,645.5,1.9,9.5,-2,199.6772797,60,644.5
600100,644.5,646,1.9,9.5,-2,199.6727751,60,645.25
600200,642,643.5,1.9,9.5,-2,199.5910152,59.99,642.75
600300,644.5,646,1.9,9.5,-2,199.6524711,59.98,645.25
600400,644,645.5,1.9,9.5,-2,199.6356934,59.98,644.75
600500,643.5,645.5,1.9,9.5,-2,199.4340366,59.98,644.5
600600,641.5,643,1.9,9.5,-2,199.3643038,59.97,642.25
600700,644,645.5,1.9,9.5,-2,199.6201066,59.96,644.75
600800,642.5,644,1.9,9.5,-2,199.5053507,59.96,643.25
600900,639.5,641,1.9,9.5,-2,199.2488339,59.96,640.25
601000,637.5,639,1.9,9.5,-2,199.1767511,59.95,638.25
601100,638.5,640,1.9,9.5,-2,199.266072,59.94,639.25
601200,638.5,640,1.9,9.5,-2,199.2900232,59.94,639.25
601300,640.5,642,1.9,9.5,-2,199.3728422,59.94,641.25
601400,640.5,642,1.9,9.5,-2,199.3991423,59.93,641.25
601500,641.5,643,1.9,9.5,-2,199.6731235,59.92,642.25
601600,645.5,647,1.9,9.5,-2,199.9199398,59.92,646.25
601700,645.5,647.5,1.9,9.5,-2,199.8767907,59.92,646.5
601800,645.5,647.5,1.9,9.5,-2,199.8883365,59.91,646.5
601900,644,645.5,1.9,9.5,-2,199.7579131,59.9,644.75
602000,647.5,649,1.9,9.5,-2,199.8926663,59.9,648.25
602100,646,647.5,1.9,9.5,-2,200.0695131,59.9,646.75
602200,649.5,651,1.9,9.5,-2,200.2952287,59.89,650.25
602300,650.5,652,1.9,9.5,-2,200.409702,59.88,651.25
602400,648.5,650,1.9,9.5,-2,200.3498229,59.88,649.25
602500,649.5,651,1.9,9.5,-2,200.3790749,59.88,650.25
602600,654.5,656,1.9,9.5,-2,200.7716459,59.87,655.25
602700,654,655.5,1.9,9.5,-2,200.7502562,59.86,654.75
602800,655,656.5,1.9,9.5,-2,201.0833034,59.86,655.75
602900,651.5,653,1.9,9.5,-2,200.9262598,59.86,652.25
603000,650.5,652,1.9,9.5,-2,200.8864933,59.85,651.25
603100,653.5,655,1.9,9.5,-2,201.100702,59.84,654.25
603200,651.5,653,1.9,9.5,-2,201.056481,59.84,652.25
603300,653,654.5,1.9,9.5,-2,201.1824673,59.84,653.75
603400,651,652.5,1.9,9.5,-2,201.0421994,59.83,651.75
603500,656,657.5,1.9,9.5,-2,201.2495908,59.82,656.75
603600,657,658.5,1.9,9.5,-2,201.1331775,59.82,657.75
603700,656,657.5,1.9,9.5,-2,201.2207262,59.82,656.75
603800,655,656.5,1.9,9.5,-2,200.9950306,59.81,655.75
603900,656,657.5,1.9,9.5,-2,201.215094,59.8,656.75
604000,656,657.5,1.9,9.5,-2,201.3693321,59.8,656.75
604100,654,655.5,1.9,9.5,-2,201.3130741,59.8,654.75
604200,654,656,1.9,9.5,-2,201.3539677,59.79,655
604300,653,654.5,1.9,9.5,-2,201.0368157,59.78,653.75
604400,652,653.5,1.9,9.5,-2,201.1451627,59.78,652.75
604500,651,652.5,1.9,9.5,-2,201.1238367,59.78,651.75
604600,647.5,649,1.9,9.5,-2,200.6475695,59.77,648.25
604700,648,649.5,1.9,9.5,-2,200.7565064,59.76,648.75
604800,648,649.5,1.9,9.5,-2,200.465053,59.76,648.75
604900,649.5,651,1.9,9.5,-2,200.6403671,59.76,650.25
605000,647,648.5,1.9,9.5,-2,200.7766619,59.75,647.75
605100,647.5,649,1.9,9.5,-2,201.0796911,59.74,648.25
605200,646.5,648,1.9,9.5,-2,201.0649928,59.74,647.25
605300,647.5,649,1.9,9.5,-2,201.0960841,59.74,648.25
605400,651.5,653,1.9,9.5,-2,201.2743794,59.73,652.25
605500,650,651.5,1.9,9.5,-2,201.2474074,59.72,650.75
605600,650,651.5,1.9,9.5,-2,201.3276592,59.72,650.75
605700,649,650.5,1.9,9.5,-2,201.1065708,59.72,649.75
605800,644.5,646,1.9,9.5,-2,200.975828,59.71,645.25
605900,641.5,643,1.9,9.5,-2,200.8001595,59.7,642.25
606000,638.5,640,1.9,9.5,-2,200.6143579,59.7,639.25
606100,635,636.5,1.9,9.5,-2,200.4656261,59.7,635.75
606200,633.5,635,1.9,9.5,-2,200.4222669,59.69,634.25
606300,633.5,635,1.9,9.5,-2,200.2590086,59.68,634.25
606400,633,634.5,1.9,9.5,-2,199.8687271,59.68,633.75
606500,634.5,636,1.9,9.5,-2,200.0119785,59.68,635.25
606600,635,636.5,1.9,9.5,-2,200.2495409,59.67,635.75
606700,636,637.5,1.9,9.5,-2,200.5085508,59.66,636.75
606800,635,636.5,1.9,9.5,-2,200.9765188,59.66,635.75
606900,636,637.5,1.9,9.5,-2,200.9522086,59.66,636.75
607000,640,641.5,1.9,9.5,-2,201.0170557,59.65,640.75
607100,639.5,641,1.9,9.5,-2,200.8233942,59.64,640.25
607200,639.5,641,1.9,9.5,-2,200.6938183,59.64,640.25
607300,637.5,639,1.9,9.5,-2,200.5537601,59.64,638.25
607400,631.5,633,1.9,9.5,-2,200.3347392,59.63,632.25
607500,628,629.5,1.9,9.5,-2,199.7733259,59.62,628.75
607600,627.5,629.5,1.9,9.5,-2,200.1192608,59.62,628.5
607700,631,632.5,1.9,9.5,-2,200.0890134,59.62,631.75
607800,631.5,633,1.9,9.5,-2,200.0882738,59.61,632.25
607900,632.5,634,1.9,9.5,-2,200.3391563,59.6,633.25
608000,637,638.5,1.9,9.5,-2,200.4192498,59.6,637.75
608100,633.5,635,1.9,9.5,-2,200.3314006,59.6,634.25
608200,633,634.5,1.9,9.5,-2,200.1035994,59.59,633.75
608300,636,637.5,1.9,9.5,-2,200.1257755,59.58,636.75
608400,639.5,641,1.9,9.5,-2,200.2207625,59.58,640.25
608500,640,641.5,1.9,9.5,-2,200.1091435,59.58,640.75
608600,641.5,643,1.9,9.5,-2,200.6392196,59.57,642.25
608700,640.5,642,1.9,9.5,-2,200.5079715,59.56,641.25
608800,639.5,641,1.9,9.5,-2,200.6551735,59.56,640.25
608900,641.5,643,1.9,9.5,-2,200.8241802,59.56,642.25
609000,640,641.5,1.9,9.5,-2,200.6504775,59.55,640.75
609100,642,643.5,1.9,9.5,-2,200.8202848,59.54,642.75
609200,640.5,642,1.9,9.5,-2,200.450481,59.54,641.25
609300,641,642.5,1.9,9.5,-2,200.08505,59.54,641.75
609400,644,645.5,1.9,9.5,-2,200.1885228,59.53,644.75
609500,644.5,646,1.9,9.5,-2,200.2946414,59.52,645.25
609600,646,647.5,1.9,9.5,-2,200.3626664,59.52,646.75
609700,643.5,645,1.9,9.5,-2,200.2098691,59.52,644.25
609800,641,642.5,1.9,9.5,-2,200.1522916,59.51,641.75
609900,638.5,640,1.9,9.5,-2,200.0876982,59.5,639.25
610000,637.5,639,1.9,9.5,-2,200.2771841,59.5,638.25
610100,640,641.5,1.9,9.5,-2,200.2668425,59.5,640.75
610200,640,641.5,1.9,9.5,-2,200.2829909,59.49,640.75
610300,638,639.5,1.9,9.5,-2,200.2047967,59.48,638.75
610400,635.5,637,1.9,9.5,-2,200.1576109,59.48,636.25
610500,635.5,637,1.9,9.5,-2,200.0613534,59.48,636.25
610600,631.5,633,1.9,9.5,-2,199.8669721,59.47,632.25
610700,630.5,632,1.9,9.5,-2,199.8838582,59.46,631.25
610800,627,628.5,1.9,9.5,-2,200.0339144,59.46,627.75
610900,623,624.5,1.9,9.5,-2,199.5629363,59.46,623.75
611000,624,625.5,1.9,9.5,-2,199.740941,59.45,624.75
611100,626.5,628,1.9,9.5,-2,199.9083986,59.44,627.25
611200,628,629.5,1.9,9.5,-2,200.0856751,59.44,628.75
611300,631,632.5,1.9,9.5,-2,200.4338338,59.44,631.75
611400,627,628.5,1.9,9.5,-2,200.2595824,59.43,627.75
611500,627.5,629,1.9,9.5,-2,200.2717309,59.42,628.25
611600,624.5,626,1.9,9.5,-2,199.9911103,59.42,625.25
611700,623,624.5,1.9,9.5,-2,199.7063863,59.42,623.75
611800,622,623.5,1.9,9.5,-2,199.5870683,59.41,622.75
611900,622,624,1.9,9.5,-2,199.6402437,59.4,623
612000,622,623.5,1.9,9.5,-2,199.5072654,59.4,622.75
612100,627,628.5,1.9,9.5,-2,199.6141018,59.4,627.75
612200,625,626.5,1.9,9.5,-2,199.3522337,59.39,625.75
612300,623.5,625,1.9,9.5,-2,199.2909664,59.38,624.25
612400,625.5,627,1.9,9.5,-2,199.7792014,59.38,626.25
612500,625.5,627,1.9,9.5,-2,199.6688879,59.38,626.25
612600,623,624.5,1.9,9.5,-2,199.3771938,59.37,623.75
612700,623,625,1.9,9.5,-2,199.6740431,59.36,624
612800,623.5,625,1.9,9.5,-2,199.6064031,59.36,624.25
612900,621.5,623,1.9,9.5,-2,199.4529685,59.36,622.25
613000,622.5,624,1.9,9.5,-2,199.6757277,59.35,623.25
613100,621.5,623,1.9,9.5,-2,199.5049233,59.34,622.25
613200,620,621.5,1.9,9.5,-2,199.3892205,59.34,620.75
613300,624,625.5,1.9,9.5,-2,199.6183011,59.34,624.75
613400,624.5,626,1.9,9.5,-2,199.3665434,59.33,625.25
613500,623.5,625,1.9,9.5,-2,199.1661552,59.32,624.25
613600,625.5,627,1.9,9.5,-2,199.3273081,59.32,626.25
613700,625.5,627,1.9,9.5,-2,199.1757001,59.32,626.25
613800,627,628.5,1.9,9.5,-2,199.1937594,59.31,627.75
613900,632.5,634,1.9,9.5,-2,199.2427472,59.3,633.25
614000,630,631.5,1.9,9.5,-2,199.0447112,59.3,630.75
614100,631,632.5,1.9,9.5,-2,198.9990404,59.3,631.75
614200,636,637.5,1.9,9.5,-2,199.0999339,59.29,636.75
614300,634.5,636,1.9,9.5,-2,199.0811708,59.28,635.25
614400,634,635.5,1.9,9.5,-2,198.5061669,59.28,634.75
614500,633,634.5,1.9,9.5,-2,198.1658087,59.28,633.75
614600,630.5,632,1.9,9.5,-2,197.9534273,59.27,631.25
614700,630,631.5,1.9,9.5,-2,197.7695884,59.26,630.75
614800,632.5,634,1.9,9.5,-2,197.7710167,59.26,633.25
614900,630,631.5,1.9,9.5,-2,197.4853827,59.26,630.75
615000,629.5,631,1.9,9.5,-2,197.8081342,59.25,630.25
615100,629.5,631,1.9,9.5,-2,197.5330626,59.24,630.25
615200,628,629.5,1.9,9.5,-2,197.4102264,59.24,628.75
615300,631.5,633,1.9,9.5,-2,197.496974,59.24,632.25
615400,636,637.5,1.9,9.5,-2,197.6629296,59.23,636.75
615500,634.5,636,1.9,9.5,-2,197.3603203,59.22,635.25
615600,631.5,633,1.9,9.5,-2,197.1035815,59.22,632.25
615700,630,631.5,1.9,9.5,-2,197.1113003,59.22,630.75
615800,632.5,634,1.9,9.5,-2,197.414564,59.21,633.25
615900,628,629.5,1.9,9.5,-2,197.3323582,59.2,628.75
616000,626.5,628,1.9,9.5,-2,197.4538595,59.2,627.25
616100,627.5,629,1.9,9.5,-2,197.6451625,59.2,628.25
616200,626.5,628,1.9,9.5,-2,197.6380916,59.19,627.25
616300,630,631.5,1.9,9.5,-2,197.6844042,59.18,630.75
616400,632.5,634,1.9,9.5,-2,197.737869,59.18,633.25
616500,631,632.5,1.9,9.5,-2,197.5848035,59.18,631.75
616600,632.5,634,1.9,9.5,-2,197.5838554,59.17,633.25
616700,632,634,1.9,9.5,-2,197.5066873,59.16,633
616800,634.5,636,1.9,9.5,-2,197.9238136,59.16,635.25
616900,631,632.5,1.9,9.5,-2,197.851231,59.16,631.75
617000,628,629.5,1.9,9.5,-2,197.6785437,59.15,628.75
617100,626.5,628,1.9,9.5,-2,197.5379874,59.14,627.25
617200,625,626.5,1.9,9.5,-2,197.7088761,59.14,625.75
617300,625.5,627,1.9,9.5,-2,197.6946883,59.14,626.25
617400,627.5,629,1.9,9.5,-2,197.8547416,59.13,628.25
617500,623,624.5,1.9,9.5,-2,197.9340179,59.12,623.75
617600,621,622.5,1.9,9.5,-2,197.8120751,59.12,621.75
617700,618,619.5,1.9,9.5,-2,197.7142047,59.12,618.75
617800,620.5,622,1.9,9.5,-2,198.0059405,59.11,621.25
617900,617.5,619,1.9,10,-2,197.8246337,59.1,618.25
618000,618.5,620,1.9,10,-2,197.8515549,59.1,619.25
618100,621.5,623,1.9,10,-2,197.9423374,59.1,622.25
618200,620,621.5,1.9,10,-2,197.5521532,59.09,620.75
618300,620,622,1.9,10,-2,197.5299729,59.08,621
618400,623,624.5,1.9,10,-2,197.6737981,59.08,623.75
618500,618.5,620,1.9,10,-2,197.6512535,59.08,619.25
618600,618.5,620,1.9,10,-2,197.8659751,59.07,619.25
618700,620,621.5,1.9,10,-2,197.9894436,59.06,620.75
618800,616,617.5,1.9,10,-2,197.9645484,59.06,616.75
618900,615,616.5,1.9,10,-2,198.0366937,59.06,615.75
619000,616,617.5,1.9,10,-2,198.0512987,59.05,616.75
619100,613.5,615,1.9,10,-2,197.9177798,59.04,614.25
619200,618,619.5,1.9,10,-2,198.3488646,59.04,618.75
619300,618,619.5,1.9,10,-2,198.4751635,59.04,618.75
619400,618.5,620,1.9,10,-2,198.4882004,59.03,619.25
619500,619,620.5,1.9,10,-2,198.6417152,59.02,619.75
619600,624.5,626,1.9,10,-2,198.8437759,59.02,625.25
619700,624,625.5,1.9,10,-2,199.102611,59.02,624.75
619800,624.5,626,1.9,10,-2,199.1468177,59.01,625.25
619900,622.5,624,1.9,10,-2,199.0495364,59,623.25
620000,618.5,620,1.9,10,-2,199.0731828,59,619.25
620100,618,619.5,1.9,10,-2,199.0946467,59,618.75
620200,617,618.5,1.9,10,-2,199.0249729,58.99,617.75
620300,615,616.5,1.9,10,-2,198.9401633,58.98,615.75
620400,611.5,613,1.9,10,-2,198.8025933,58.98,612.25
620500,609,610.5,1.9,10,-2,198.6755555,58.98,609.75
620600,608,609.5,1.9,10,-2,198.4921671,58.97,608.75
620700,611.5,613,1.9,10,-2,198.6607486,58.96,612.25
620800,613,614.5,1.9,10,-2,198.9367906,58.96,613.75
620900,616.5,618,1.9,10,-2,199.1616066,58.96,617.25
621000,612,613.5,1.9,10,-2,199.2747889,58.95,612.75
621100,611,612.5,1.9,10,-2,199.2825125,58.94,611.75
621200,613,614.5,1.9,10,-2,199.4625989,58.94,613.75
621300,614.5,616,1.9,10,-2,199.3530887,58.94,615.25
621400,616,617.5,1.9,10,-2,199.3667093,58.93,616.75
621500,616,617.5,1.9,10,-2,199.3368149,58.92,616.75
621600,612.5,614,1.9,10,-2,199.3247953,58.92,613.25
621700,612.5,614,1.9,10,-2,199.1049414,58.92,613.25
621800,610.5,612,1.9,10,-2,198.9563671,58.91,611.25
621900,614,615.5,1.9,10,-2,199.1376892,58.9,614.75
622000,615,616.5,1.9,10,-2,199.0317636,58.9,615.75
622100,617.5,619,1.9,10,-2,199.2113876,58.9,618.25
622200,614.5,616,1.9,10,-2,198.7184169,58.89,615.25
622300,611.5,613,1.9,10,-2,198.3236284,58.88,612.25
622400,612.5,614,1.9,10,-2,198.3487626,58.88,613.25
622500,614.5,616,1.9,10,-2,198.364851,58.88,615.25
622600,612.5,614,1.9,10,-2,198.1582499,58.87,613.25
622700,611,612.5,1.9,10,-2,198.1460422,58.86,611.75
622800,609.5,611,1.9,10,-2,198.0122431,58.86,610.25
622900,609.5,611,1.9,10,-2,197.9835876,58.86,610.25
623000,608,609.5,1.9,10,-2,197.7630044,58.85,608.75
623100,606,607.5,1.9,10,-2,197.6300655,58.84,606.75
623200,609.5,611,1.9,10,-2,197.6746685,58.84,610.25
623300,609.5,611,1.9,10,-2,197.7637204,58.84,610.25
623400,611,612.5,1.9,10,-2,197.8655664,58.83,611.75
623500,616,617.5,1.9,10,-2,198.0978217,58.82,616.75
623600,614,615.5,1.9,10,-2,198.0556481,58.82,614.75
623700,612.5,614,1.9,10,-2,198.3291669,58.82,613.25
623800,617,618.5,1.9,10,-2,198.5875641,58.81,617.75
623900,618,619.5,1.9,10,-2,198.6406382,58.8,618.75
624000,617,618.5,1.9,10,-2,198.6361654,58.8,617.75
624100,616,617.5,1.9,10,-2,198.676258,58.8,616.75
624200,617,618.5,1.9,10,-2,198.9666135,58.79,617.75
624300,619,620.5,1.9,10,-2,198.8546656,58.78,619.75
624400,618,619.5,1.9,10,-2,198.8069325,58.78,618.75
624500,622,623.5,1.9,10,-2,199.0147398,58.78,622.75
624600,620,621.5,1.9,10,-2,198.9935198,58.77,620.75
624700,619.5,621.5,1.9,10,-2,198.8212437,58.76,620.5
624800,622,623.5,1.9,10,-2,198.9607805,58.76,622.75
624900,627,628.5,1.9,10,-2,199.0078903,58.76,627.75
625000,624.5,626,1.9,10,-2,199.0390473,58.75,625.25
625100,619,620.5,1.9,10,-2,198.92619,58.74,619.75
625200,619,620.5,1.9,10,-2,198.9831685,58.74,619.75
625300,618,619.5,1.9,10,-2,198.8742374,58.74,618.75
625400,617,618.5,1.9,10,-2,198.7879662,58.73,617.75
625500,615,616.5,1.9,10,-2.5,198.7480928,58.72,615.75
625600,614.5,616,1.9,10,-2.5,198.5553533,58.72,615.25
625700,615.5,617,1.9,10,-2.5,198.7275718,58.72,616.25
625800,614.5,616,1.9,10,-2.5,198.4359669,58.71,615.25
625900,612.5,614,1.9,10,-2.5,198.3587656,58.7,613.25
626000,614.5,616,1.9,10,-2.5,198.6186222,58.7,615.25
626100,609,610.5,1.9,10,-2.5,198.4735897,58.7,609.75
626200,609,611,1.9,10,-2.5,198.7712714,58.69,610
626300,609.5,611,1.9,10,-2.5,199.0002158,58.68,610.25
626400,603.5,605,1.9,10,-2.5,198.7460725,58.68,604.25
626500,606.5,608,1.9,10,-2.5,198.8920341,58.68,607.25
626600,606,608,1.9,10,-2.5,198.8480025,58.67,607
626700,604.5,606,1.9,10,-2.5,198.7626266,58.66,605.25
626800,602.5,604,1.9,10,-2.5,198.7467883,58.66,603.25
626900,603.5,605,1.9,10,-2.5,198.8158635,58.66,604.25
627000,604,605.5,1.9,10,-2.5,199.146167,58.65,604.75
627100,607.5,609,1.9,10,-2.5,199.3598249,58.64,608.25
627200,603,604.5,1.9,10,-2.5,199.0433569,58.64,603.75
627300,605,606.5,1.9,10,-2.5,199.242444,58.64,605.75
627400,603.5,605,1.9,10,-2.5,199.193574,58.63,604.25
627500,606.5,608,1.9,10,-2.5,199.2909313,58.62,607.25
627600,605.5,607,1.9,10,-2.5,199.4080966,58.62,606.25
627700,600.5,602,1.9,10,-2.5,199.1835806,58.62,601.25
627800,604.5,606,1.9,10,-2.5,199.3057248,58.61,605.25
627900,605.5,607,1.9,10,-2.5,199.0122162,58.6,606.25
628000,605.5,607,1.9,10,-2.5,198.7965426,58.6,606.25
628100,606.5,608,1.9,10,-2.5,198.8726355,58.6,607.25
628200,605,606.5,1.9,10,-2.5,198.5100837,58.59,605.75
628300,607.5,609,1.9,10,-2.5,198.612124,58.58,608.25
628400,609.5,611,1.9,10,-2.5,198.823553,58.58,610.25
628500,612,613.5,1.9,10,-2.5,198.9479928,58.58,612.75
628600,612,613.5,1.9,10,-2.5,198.8849834,58.57,612.75
628700,614.5,616,1.9,10,-2.5,198.9555444,58.56,615.25
628800,614.5,616,1.9,10,-2.5,198.7942658,58.56,615.25
628900,618,619.5,1.9,10,-2.5,198.9147396,58.56,618.75
629000,615.5,617,1.9,10,-2.5,198.7994692,58.55,616.25
629100,614,615.5,1.9,10,-2.5,198.4902786,58.54,614.75
629200,612.5,614,1.9,10,-2.5,198.4440467,58.54,613.25
629300,615,616.5,1.9,10,-2.5,198.4784155,58.54,615.75
629400,613,614.5,1.9,10,-2.5,198.1766272,58.53,613.75
629500,609.5,611,1.9,10,-2.5,197.8697904,58.52,610.25
629600,611,612.5,1.9,10,-2.5,198.236834,58.52,611.75
629700,608,609.5,1.9,10,-2.5,197.8793295,58.52,608.75
629800,611.5,613,1.9,10,-2.5,197.997638,58.51,612.25
629900,611.5,613,1.9,10,-2.5,197.9031044,58.5,612.25
630000,607.5,609,1.9,10,-2.5,197.6408381,58.5,608.25
630100,606.5,608,1.9,10,-2.5,197.5800796,58.5,607.25
630200,604,605.5,1.9,10,-2.5,197.5538247,58.49,604.75
630300,606,607.5,1.9,10,-2.5,197.5780502,58.48,606.75
630400,603,604.5,1.9,10,-2.5,197.1777286,58.48,603.75
630500,600.5,602,1.9,10,-2.5,197.0332533,58.48,601.25
630600,598,599.5,1.9,10,-2.5,196.983497,58.47,598.75
630700,596,597.5,1.9,10,-2.5,197.0299291,58.46,596.75
630800,596,597.5,1.9,10,-2.5,197.0740374,58.46,596.75
630900,597,598.5,1.9,10,-2.5,197.1500387,58.46,597.75
631000,597,598.5,1.9,10,-2.5,197.1483485,58.45,597.75
631100,597.5,599,1.9,10,-2.5,197.4322916,58.44,598.25
631200,598,599.5,1.9,10,-2.5,197.404015,58.44,598.75
631300,597,598.5,1.9,10,-2.5,197.1376622,58.44,597.75
631400,595,596.5,1.9,10,-2.5,197.1314948,58.43,595.75
631500,598,599.5,1.9,10,-2.5,197.1477738,58.42,598.75
631600,601.5,603,1.9,10,-2.5,197.2460215,58.42,602.25
631700,600.5,602,1.9,10,-2.5,197.4217129,58.42,601.25
631800,604.5,606,1.9,10,-2.5,197.4512622,58.41,605.25
631900,607,608.5,1.9,10,-2.5,197.4827669,58.4,607.75
632000,610,611.5,1.9,10,-2.5,197.6065229,58.4,610.75
632100,610.5,612,1.9,10,-2.5,197.6906082,58.4,611.25
632200,606,607.5,1.9,10,-2.5,197.5242928,58.39,606.75
632300,604.5,606,1.9,10,-2.5,197.4043743,58.38,605.25
632400,605.5,607,1.9,10,-2.5,197.575857,58.38,606.25
632500,604,605.5,1.9,10,-2.5,197.5380636,58.38,604.75
632600,607,608.5,1.9,10,-2.5,197.6455904,58.37,607.75
632700,605,606.5,1.9,10,-2.5,197.4649305,58.36,605.75
632800,607,608.5,1.9,10,-2.5,197.5477039,58.36,607.75
632900,606,607.5,1.9,10,-2.5,197.6224821,58.36,606.75
633000,603,604.5,1.9,10,-2.5,197.6088779,58.35,603.75
633100,601.5,603,1.9,10,-2.5,197.4533432,58.34,602.25
633200,601,602.5,1.9,10,-2.5,197.4411302,58.34,601.75
633300,601.5,603,1.9,10,-2.5,197.5913829,58.34,602.25
633400,601.5,603,1.9,10,-2.5,197.7427338,58.33,602.25
633500,601,602.5,1.9,10,-2.5,197.4351951,58.32,601.75
633600,599,600.5,1.9,10,-2.5,197.5420334,58.32,599.75
633700,598.5,600,1.9,10,-2.5,197.6221053,58.32,599.25
633800,602,603.5,1.9,10,-2.5,197.7716628,58.31,602.75
633900,603,604.5,1.9,10,-2.5,197.5082715,58.3,603.75
634000,600.5,602,1.9,10,-2.5,197.5313358,58.3,601.25
634100,598.5,600,1.9,10,-2.5,197.2217048,58.3,599.25
634200,597,598.5,1.9,10,-2.5,197.0264502,58.29,597.75
634300,595,596.5,1.9,10,-2.5,196.9941817,58.28,595.75
634400,597.5,599,1.9,10,-2.5,197.1043856,58.28,598.25
634500,594.5,596,1.9,10,-2.5,196.786958,58.28,595.25
634600,595,596.5,1.9,10,-2.5,197.0417621,58.27,595.75
634700,595,596.5,1.9,10,-2.5,196.7363641,58.26,595.75
634800,596,597.5,1.9,10,-2.5,196.8512581,58.26,596.75
634900,596,598,1.9,10,-2.5,196.9116533,58.26,597
635000,596.5,598,1.9,10,-2.5,196.8762142,58.25,597.25
635100,596,597.5,1.9,10,-2.5,196.6900541,58.24,596.75
635200,598,599.5,1.9,10,-2.5,196.8148504,58.24,598.75
635300,596.5,598,1.9,10,-2.5,196.8693144,58.24,597.25
635400,596.5,598,1.9,10,-2.5,196.9643734,58.23,597.25
635500,596.5,598,1.9,10,-2.5,196.6320904,58.22,597.25
635600,599,600.5,1.9,10,-2.5,196.8768235,58.22,599.75
635700,593.5,595,1.9,10,-2.5,196.551848,58.22,594.25
635800,596.5,598,1.9,10,-2.5,196.6088693,58.21,597.25
635900,595.5,597,1.9,10,-2.5,196.9562028,58.2,596.25
636000,590.5,592,1.9,10,-2.5,196.889713,58.2,591.25
636100,597.5,599,1.9,10,-2.5,197.2941808,58.2,598.25
636200,600,601.5,1.9,10,-2.5,197.4056281,58.19,600.75
636300,599,600.5,1.9,10,-2.5,197.1634361,58.18,599.75
636400,594,595.5,1.9,10,-2.5,196.9888906,58.18,594.75
636500,595.5,597,1.9,10,-2.5,196.998241,58.18,596.25
636600,594,595.5,1.9,10,-2.5,197.0066154,58.17,594.75
636700,594.5,596,1.9,10,-2.5,197.0584894,58.16,595.25
636800,593.5,595,1.9,10,-2.5,196.8938254,58.16,594.25
636900,595.5,597,1.9,10,-2.5,196.9057721,58.16,596.25
637000,598,599.5,1.9,10,-2.5,197.2702328,58.15,598.75
637100,596,597.5,1.9,10,-2.5,197.3583057,58.14,596.75
637200,596.5,598,1.9,10,-2.5,197.6247426,58.14,597.25
637300,596,597.5,1.9,10,-2.5,197.4283431,58.14,596.75
637400,595,596.5,1.9,10,-2.5,197.3642174,58.13,595.75
637500,591,592.5,1.9,10,-2.5,197.3264956,58.12,591.75
637600,587.5,589,1.9,10,-2.5,196.9470975,58.12,588.25
637700,584.5,586,1.9,10,-2.5,196.8082445,58.12,585.25
637800,583.5,585,1.9,10,-2.5,196.6952691,58.11,584.25
637900,583,584.5,1.9,10,-2.5,197.0406605,58.1,583.75
638000,584,585.5,1.9,10,-2.5,197.2156197,58.1,584.75
638100,582,583.5,1.9,10,-2.5,197.1251204,58.1,582.75
638200,578.5,580,1.9,10,-2.5,196.8087412,58.09,579.25
638300,582.5,584,1.9,10,-2.5,196.9516505,58.08,583.25
638400,584,585.5,1.9,10,-2.5,197.021372,58.08,584.75
638500,584.5,586,1.9,10,-2.5,196.9224413,58.08,585.25
638600,586.5,588,1.9,10,-2.5,197.013804,58.07,587.25
638700,584,585.5,1.9,10,-2.5,196.7559178,58.06,584.75
638800,587,588.5,1.9,10,-2.5,196.7912681,58.06,587.75
638900,590,591.5,1.9,10,-2.5,197.0609329,58.06,590.75
639000,588.5,590,1.9,10,-2.5,196.6351931,58.05,589.25
639100,587,588.5,1.9,10,-2.5,196.4614089,58.04,587.75
639200,588,589.5,1.9,10,-2.5,196.9263985,58.04,588.75
639300,587.5,589,1.9,10,-2.5,196.850786,58.04,588.25
639400,588,589.5,1.9,10,-2.5,196.8547506,58.03,588.75
639500,586.5,588,1.9,10,-2.5,196.726271,58.02,587.25
639600,590,591.5,1.9,10,-2.5,196.852334,58.02,590.75
639700,588,589.5,1.9,10,-2.5,196.8086133,58.02,588.75
639800,589.5,591,1.9,10,-2.5,196.6471997,58.01,590.25
639900,588.5,590,1.9,10,-2.5,196.4838234,58,589.25
640000,589,590.5,1.9,10,-2.5,196.6121086,58,589.75
640100,589.5,591,1.9,10,-2.5,196.7677798,58,590.25
640200,591,592.5,1.9,10,-2.5,196.7756899,57.99,591.75
640300,592,593.5,1.9,10,-2.5,196.7884194,57.98,592.75
640400,591.5,593,1.9,10,-2.5,196.7700841,57.98,592.25
640500,592.5,594,1.9,10,-2.5,196.800992,57.98,593.25
640600,598,599.5,1.9,10,-2.5,197.086002,57.97,598.75
640700,599.5,601,1.9,10,-2.5,196.9865829,57.96,600.25
640800,599,600.5,1.9,10,-2.5,196.9397989,57.96,599.75
640900,596.5,598,1.9,10,-2.5,196.4032629,57.96,597.25
641000,595,596.5,1.9,10,-2.5,196.4431437,57.95,595.75
641100,598,599.5,1.9,10,-2.5,196.6854543,57.94,598.75
641200,596.5,598,1.9,10,-2.5,196.4022277,57.94,597.25
641300,597,598.5,1.9,10,-2.5,196.3675729,57.94,597.75
641400,594.5,596,1.9,10,-2.5,196.2602764,57.93,595.25
641500,594,596,1.9,10,-2.5,196.1698884,57.92,595
641600,592,593.5,1.9,10,-2.5,196.106971,57.92,592.75
641700,593.5,595,1.9,10,-2.5,196.1856929,57.92,594.25
641800,595.5,597,1.9,10,-2.5,196.2214349,57.91,596.25
641900,597.5,599,1.9,10,-2.5,196.2700886,57.9,598.25
642000,601.5,603,1.9,10,-2.5,196.1663665,57.9,602.25
642100,603.5,605,1.9,10,-2.5,196.2184762,57.9,604.25
642200,607.5,609,1.9,10,-2.5,196.4565372,57.89,608.25
642300,608,609.5,1.9,10,-2.5,196.5317695,57.88,608.75
642400,608,609.5,1.9,10,-2.5,196.9130008,57.88,608.75
642500,608,609.5,1.9,10,-2.5,197.0188367,57.88,608.75
642600,607.5,609,1.9,10,-2.5,197.1282968,57.87,608.25
642700,604,605.5,1.9,10,-2.5,196.7098323,57.86,604.75
642800,608.5,610,1.9,10,-2.5,196.818328,57.86,609.25
642900,611.5,613,1.9,10,-2.5,197.0787255,57.86,612.25
643000,613,614.5,1.9,10,-2.5,197.0176022,57.85,613.75
643100,617.5,619,1.9,10,-2.5,197.347559,57.84,618.25
643200,619.5,621,1.9,10,-2.5,197.6551631,57.84,620.25
643300,620.5,622,1.9,10,-2.5,197.6580553,57.84,621.25
643400,618.5,620,1.9,10,-2.5,197.6047556,57.83,619.25
643500,620.5,622,1.9,10,-2.5,197.6696888,57.82,621.25
643600,618.5,620,1.9,10,-2.5,197.8713266,57.82,619.25
643700,621,622.5,1.9,10,-2.5,197.9379541,57.82,621.75
643800,624,625.5,1.9,10,-2.5,198.0856098,57.81,624.75
643900,623,624.5,1.9,10,-2.5,198.0883085,57.8,623.75
644000,624.5,626,1.9,10,-2.5,198.1376685,57.8,625.25
644100,624,625.5,1.9,10,-2.5,198.103091,57.8,624.75
644200,619,620.5,1.9,10,-2.5,197.9277031,57.79,619.75
644300,620.5,622,1.9,10,-2.5,198.0162053,57.78,621.25
644400,622.5,624,1.9,10,-2.5,197.8491152,57.78,623.25
644500,621,622.5,1.9,10,-2.5,198.058986,57.78,621.75
644600,622,623.5,1.9,10,-2.5,197.9997327,57.77,622.75
644700,619,620.5,1.9,10,-2.5,197.8254168,57.76,619.75
644800,619.5,621,1.9,10,-2.5,197.8704469,57.76,620.25
644900,616.5,618,1.9,10,-2.5,197.480731,57.76,617.25
645000,619,620.5,1.9,10,-2.5,197.5074271,57.75,619.75
645100,620,621.5,1.9,10,-2.5,197.6184106,57.74,620.75
645200,620,622,1.9,10,-2.5,197.6370585,57.74,621
645300,620,621.5,1.9,10,-2.5,197.5974859,57.74,620.75
645400,621.5,623,1.9,10,-2.5,197.8572309,57.73,622.25
645500,623,624.5,1.9,10,-2.5,197.7640673,57.72,623.75
645600,626.5,628,1.9,10,-2.5,197.8208617,57.72,627.25
645700,624,625.5,1.9,10,-2.5,197.5302892,57.72,624.75
645800,621.5,623,1.9,10,-2.5,197.4350654,57.71,622.25
645900,628.5,630,1.9,10,-2.5,197.5571083,57.7,629.25
646000,626.5,628,1.9,10,-2.5,197.5573188,57.7,627.25
646100,625.5,627,1.9,10,-2.5,197.2228305,57.7,626.25
646200,626,627.5,1.9,10,-2.5,197.2584358,57.69,626.75
646300,626,627.5,1.9,10,-2.5,197.3995753,57.68,626.75
646400,627.5,629,1.9,10,-2.5,197.6702965,57.68,628.25
646500,625,626.5,1.9,10,-2.5,197.6207637,57.68,625.75
646600,622.5,624,1.9,10,-2.5,197.527499,57.67,623.25
646700,620.5,622,1.9,10,-2.5,197.4559278,57.66,621.25
646800,622.5,624,1.9,10,-2.5,197.5327097,57.66,623.25
646900,623.5,625,1.9,10,-2.5,197.6755703,57.66,624.25
647000,622,623.5,1.9,10,-2.5,197.6545258,57.65,622.75
647100,623,624.5,1.9,10,-2.5,197.8833957,57.64,623.75
647200,621.5,623,1.9,10,-2.5,197.7947485,57.64,622.25
647300,623,624.5,1.9,10,-2.5,197.937652,57.64,623.75
647400,623.5,625,1.9,10,-2.5,198.1619688,57.63,624.25
647500,620.5,622,1.9,10,-2.5,197.9552967,57.62,621.25
647600,620,621.5,1.9,10,-2.5,198.0192992,57.62,620.75
647700,617.5,619,1.9,10,-2.5,197.8450023,57.62,618.25
647800,617,618.5,1.9,10,-2.5,197.7027237,57.61,617.75
647900,621,622.5,1.9,10,-2.5,197.8630927,57.6,621.75
648000,623.5,625,1.9,10,-2.5,197.9236547,57.6,624.25
648100,622.5,624,1.9,10,-2.5,197.9212042,57.6,623.25
648200,624,625.5,1.9,10,-2.5,197.9405642,57.59,624.75
648300,621,622.5,1.9,10,-2.5,197.8986643,57.58,621.75
648400,623.5,625,1.9,10,-2.5,198.1628277,57.58,624.25
648500,619.5,621,1.9,10,-2.5,197.9295677,57.58,620.25
648600,618.5,620,1.9,10,-2.5,197.8911713,57.57,619.25
648700,615.5,617,1.9,10,-2.5,197.6340211,57.56,616.25
648800,617,618.5,1.9,10,-2.5,197.5636641,57.56,617.75
648900,618,619.5,1.9,10,-2.5,197.5889613,57.56,618.75
649000,620.5,622,1.9,10,-2.5,197.8029272,57.55,621.25
649100,622.5,624,1.9,10,-2.5,197.8148411,57.54,623.25
649200,623.5,625,1.9,10,-2.5,197.549385,57.54,624.25
649300,622.5,624,1.9,10,-2.5,197.3519549,57.54,623.25
649400,617,618.5,1.9,10,-2.5,197.0221969,57.53,617.75
649500,614,615.5,1.9,10,-2.5,196.9968536,57.52,614.75
649600,619,620.5,1.9,10,-2.5,197.1038157,57.52,619.75
649700,620,621.5,1.9,10,-2.5,197.5926266,57.52,620.75
649800,620.5,622,1.9,10,-2.5,197.6979859,57.51,621.25
649900,620,622,1.9,10,-2.5,197.6058213,57.5,621
650000,619,620.5,1.9,10,-2.5,197.6250067,57.5,619.75
650100,622,623.5,1.9,10,-2.5,197.6142858,57.5,622.75
650200,621,622.5,1.9,10,-2.5,197.6046575,57.49,621.75
650300,621,622.5,1.9,10,-2.5,197.6224057,57.48,621.75
650400,623.5,625,1.9,10,-2.5,197.7863246,57.48,624.25
650500,625.5,627,1.9,10,-2.5,197.9048105,57.48,626.25
650600,625.5,627,1.9,10,-2.5,197.9014108,57.47,626.25
650700,622.5,624,1.9,10,-2.5,197.72456,57.46,623.25
650800,622,624,1.9,10,-2.5,196.934882,57.46,623
650900,623,624.5,1.9,10,-2.5,196.8700711,57.46,623.75
651000,627,628.5,1.9,10,-2.5,197.0006534,57.45,627.75
651100,630.5,632,1.9,10,-2.5,197.0324764,57.44,631.25
651200,627,628.5,1.9,10,-2.5,196.9722173,57.44,627.75
651300,628,629.5,1.9,10,-2.5,196.8823547,57.44,628.75
651400,623.5,625,1.9,10,-2.5,196.6722411,57.43,624.25
651500,620.5,622,1.9,10,-2.5,196.4395529,57.42,621.25
651600,616.5,618,1.9,10,-2.5,196.4283643,57.42,617.25
651700,616,617.5,1.9,10,-2.5,196.3873704,57.42,616.75
651800,618.5,620,1.9,10,-2.5,196.6038785,57.41,619.25
651900,620.5,622,1.9,10,-2.5,196.6833682,57.4,621.25
652000,617,618.5,1.9,10,-2.5,196.6583202,57.4,617.75
652100,616,617.5,1.9,10,-2.5,196.3614699,57.4,616.75
652200,616,618,1.9,10,-2.5,196.5021275,57.39,617
652300,618,619.5,1.9,10,-2.5,196.457054,57.38,618.75
652400,617,618.5,1.9,10,-2.5,195.9631749,57.38,617.75
652500,616,617.5,1.9,10,-2.5,195.8499183,57.38,616.75
652600,614.5,616,1.9,10,-2.5,195.806825,57.37,615.25
652700,612.5,614,1.9,10,-2.5,195.6251845,57.36,613.25
652800,612,613.5,1.9,10,-2.5,195.7482788,57.36,612.75
652900,610.5,612,1.9,10,-2.5,195.6177491,57.36,611.25
653000,613.5,615,1.9,10,-2.5,195.8282108,57.35,614.25
653100,610,611.5,1.9,10,-2.5,195.8132458,57.34,610.75
653200,614,615.5,1.9,10,-2.5,196.1965348,57.34,614.75
653300,612.5,614,1.9,10,-2.5,196.0675878,57.34,613.25
653400,615,616.5,1.9,10,-2.5,196.2000262,57.33,615.75
653500,613.5,615,1.9,10,-2.5,195.8822254,57.32,614.25
653600,612,613.5,1.9,10,-2.5,195.9188682,57.32,612.75
653700,609,610.5,1.9,10,-2.5,195.6167155,57.32,609.75
653800,611,612.5,1.9,10,-2.5,195.544509,57.31,611.75
653900,611,612.5,1.9,10,-2.5,195.5453216,57.3,611.75
654000,610,611.5,1.9,10,-2.5,195.4567425,57.3,610.75
654100,606.5,608,1.9,10,-2.5,195.3313091,57.3,607.25
654200,605.5,607,1.9,10,-2.5,195.0210119,57.29,606.25
654300,608,609.5,1.9,10,-2.5,195.2237566,57.28,608.75
654400,605.5,607,1.9,10,-2.5,194.9703123,57.28,606.25
654500,606,607.5,1.9,10,-2.5,194.8998145,57.28,606.75
654600,603,604.5,1.9,10,-2.5,194.8454711,57.27,603.75
654700,602,603.5,1.8,10,-2.5,194.5058065,57.26,602.75
654800,599.5,601,1.8,10,-2.5,194.3478829,57.26,600.25
654900,601.5,603,1.8,10,-2.5,194.4041489,57.26,602.25
655000,601,602.5,1.8,10,-2.5,194.2648608,57.25,601.75
655100,601.5,603,1.8,10,-2.5,194.2735246,57.24,602.25
655200,604.5,606,1.8,10,-2.5,194.7674372,57.24,605.25
655300,606,607.5,1.8,10,-2.5,194.7656682,57.24,606.75
655400,607,608.5,1.8,10,-2.5,195.0351787,57.23,607.75
655500,608.5,610,1.8,10,-2.5,195.1957614,57.22,609.25
655600,608.5,610,1.8,10,-2.5,195.202958,57.22,609.25
655700,608.5,610,1.8,10,-2.5,195.2091734,57.22,609.25
655800,610,611.5,1.8,10,-2.5,195.2145991,57.21,610.75
655900,608.5,610,1.8,10,-2.5,195.1292311,57.2,609.25
656000,603.5,605,1.8,10,-2.5,194.9444081,57.2,604.25
656100,599.5,601,1.8,10,-2.5,194.7956697,57.2,600.25
656200,595.5,597,1.8,10,-2.5,194.6354589,57.19,596.25
656300,593,594.5,1.8,10,-2.5,194.537901,57.18,593.75
656400,597,598.5,1.8,10,-2.5,194.6347646,57.18,597.75
656500,595,596.5,1.8,10,-2.5,194.4045905,57.18,595.75
656600,594,595.5,1.8,10,-2.5,194.356966,57.17,594.75
656700,593.5,595,1.8,10,-2.5,194.2765726,57.16,594.25
656800,593,594.5,1.8,10,-2.5,194.2546204,57.16,593.75
656900,591.5,593,1.8,10,-2.5,193.8931623,57.16,592.25
657000,588.5,590,1.8,10,-2.5,193.743117,57.15,589.25
657100,590.5,592,1.8,10,-2.5,193.7363087,57.14,591.25
657200,588,589.5,1.8,10,-2.5,193.5219746,57.14,588.75
657300,588.5,590,1.8,10,-2.5,193.6240157,57.14,589.25
657400,589.5,591,1.8,10,-2.5,193.577794,57.13,590.25
657500,586,587.5,1.8,10,-2.5,193.4286054,57.12,586.75
657600,587.5,589,1.8,10,-2.5,193.6897668,57.12,588.25
657700,587,588.5,1.8,10,-2.5,193.8106528,57.12,587.75
657800,586.5,588,1.8,10,-2.5,194.0261004,57.11,587.25
657900,587.5,589,1.8,10,-2.5,193.9597784,57.1,588.25
658000,584,585.5,1.8,10,-2.5,193.6902118,57.1,584.75
658100,587.5,589,1.8,10,-2.5,193.8610793,57.1,588.25
658200,589.5,591,1.8,10,-2.5,193.8533456,57.09,590.25
658300,585,586.5,1.8,10,-2.5,193.7455607,57.08,585.75
658400,586,587.5,1.8,10,-2.5,193.9933636,57.08,586.75
658500,583.5,585,1.8,10,-2.5,193.9686116,57.08,584.25
658600,584,585.5,1.8,10,-2.5,193.9365951,57.07,584.75
658700,581.5,583,1.8,10,-2.5,193.5569298,57.06,582.25
658800,583.5,585,1.8,10,-2.5,193.7421739,57.06,584.25
658900,583.5,585.5,1.8,10,-2.5,193.7729115,57.06,584.5
659000,588.5,590,1.8,10,-2.5,194.0954528,57.05,589.25
659100,589,590.5,1.8,10,-2.5,194.3013699,57.04,589.75
659200,588.5,590,1.8,10,-2.5,193.9385642,57.04,589.25
659300,588.5,590,1.8,10,-2.5,193.9706539,57.04,589.25
659400,587.5,589,1.8,10,-2.5,193.8011103,57.03,588.25
659500,588,589.5,1.8,10,-2.5,194.3714885,57.02,588.75
659600,588,589.5,1.8,10,-2.5,194.2461794,57.02,588.75
659700,584.5,586,1.8,10,-2.5,194.1433528,57.02,585.25
659800,582.5,584,1.8,10,-2.5,193.6952255,57.01,583.25
659900,584,585.5,1.8,10,-2.5,193.5049779,57,584.75
660000,584,585.5,1.8,10,-2.5,193.3978551,57,584.75
660100,581.5,583,1.8,10,-2.5,193.1893195,57,582.25
660200,576,577.5,1.8,10,-2.5,193.0929332,56.99,576.75
660300,574,575.5,1.8,10,-2.5,193.115516,56.98,574.75
660400,578.5,580,1.8,10,-2.5,193.2308103,56.98,579.25
660500,580,581.5,1.8,10,-2.5,193.1926316,56.98,580.75
660600,582.5,584,1.8,10,-2.5,193.2664421,56.97,583.25
660700,583,584.5,1.8,10,-2.5,193.4344996,56.96,583.75
660800,582.5,584,1.8,10,-2.5,193.5659678,56.96,583.25
660900,582.5,584,1.8,10,-2.5,193.5000567,56.96,583.25
661000,582.5,584,1.8,10,-2.5,193.4929536,56.95,583.25
661100,581.5,583,1.8,10,-2.5,193.2437015,56.94,582.25
661200,578.5,580,1.8,10,-2.5,193.0537752,56.94,579.25
661300,576.5,578,1.8,10,-2.5,192.9172662,56.94,577.25
661400,574,575.5,1.8,10,-2.5,192.8788645,56.93,574.75
661500,573.5,575.5,1.8,10,-2.5,192.7653014,56.92,574.5
661600,571.5,573,1.8,10,-2.5,192.6400263,56.92,572.25
661700,569.5,571,1.8,10,-2.5,192.5163784,56.92,570.25
661800,569,570.5,1.8,10,-2.5,192.5438642,56.91,569.75
661900,572.5,574,1.8,10,-2.5,192.6620157,56.9,573.25
662000,571.5,573,1.8,10,-2.5,192.6920606,56.9,572.25
662100,575,576.5,1.8,10,-2.5,192.7912349,56.9,575.75
662200,575,576.5,1.8,10,-2.5,192.9759487,56.89,575.75
662300,575,576.5,1.8,10,-2.5,192.8308377,56.88,575.75
662400,571.5,573,1.8,10,-2.5,192.6910718,56.88,572.25
662500,571,572.5,1.8,10,-2.5,192.6560178,56.88,571.75
662600,570,571.5,1.8,10,-2.5,192.6197374,56.87,570.75
662700,572.5,574,1.8,10,-2.5,192.6312004,56.86,573.25
662800,571.5,573,1.8,10,-2.5,192.4077358,56.86,572.25
662900,575,576.5,1.8,10,-2.5,192.5851948,56.86,575.75
663000,573.5,575,1.8,10,-2.5,192.2385053,56.85,574.25
663100,575,576.5,1.8,10,-2.5,192.3710985,56.84,575.75
663200,575,576.5,1.8,10,-2.5,192.6541927,56.84,575.75
663300,575.5,577,1.8,10,-2.5,192.6486121,56.84,576.25
663400,577.5,579,1.8,10,-2.5,192.6853922,56.83,578.25
663500,573,574.5,1.8,10,-2.5,192.5815127,56.82,573.75
663600,572,573.5,1.8,10,-2.5,192.7672352,56.82,572.75
663700,573.5,575,1.8,10,-2.5,192.7699793,56.82,574.25
663800,575,576.5,1.8,10,-2.5,192.9701886,56.81,575.75
663900,575,576.5,1.8,10,-2.5,193.169726,56.8,575.75
664000,575.5,577,1.8,10,-2.5,193.0170269,56.8,576.25
664100,575.5,577,1.8,10,-2.5,192.8337866,56.8,576.25
664200,579,580.5,1.8,10,-2.5,193.0294588,56.79,579.75
664300,583,584.5,1.8,10,-2.5,193.2323409,56.78,583.75
664400,584.5,586,1.8,10,-2.5,193.1491905,56.78,585.25
664500,581.5,583,1.8,10,-2.5,192.9824946,56.78,582.25
664600,581.5,583,1.8,10,-2.5,193.2208067,56.77,582.25
664700,582.5,584,1.8,10,-2.5,193.2533312,56.76,583.25
664800,583,584.5,1.8,10,-2.5,193.5370864,56.76,583.75
664900,582.5,584,1.8,10,-2.5,193.2731615,56.76,583.25
665000,584.5,586,1.8,10,-2.5,193.5985773,56.75,585.25
665100,581,582.5,1.8,10,-2.5,193.4974515,56.74,581.75
665200,581,583,1.8,10,-2.5,193.3213334,56.74,582
665300,577,578.5,1.8,10,-2.5,193.1604237,56.74,577.75
665400,572.5,574,1.8,10,-2.5,193.0991241,56.73,573.25
665500,575.5,577,1.8,10,-2.5,193.2273954,56.72,576.25
665600,577.5,579,1.8,10,-2.5,193.3783459,56.72,578.25
665700,579,580.5,1.8,10,-2.5,193.067018,56.72,579.75
665800,580,581.5,1.8,10,-2.5,193.3621699,56.71,580.75
665900,577.5,579,1.8,10,-2.5,193.1380698,56.7,578.25
666000,582.5,584,1.8,10,-2.5,193.3569275,56.7,583.25
666100,583.5,585,1.8,10,-2.5,193.3985385,56.7,584.25
666200,583.5,585,1.8,10,-2.5,193.7194148,56.69,584.25
666300,583,584.5,1.8,10,-2.5,193.4772288,56.68,583.75
666400,586.5,588,1.8,10,-2.5,193.6465286,56.68,587.25
666500,588,589.5,1.8,10,-2.5,193.6531242,56.68,588.75
666600,584,585.5,1.8,10,-2.5,193.4551855,56.67,584.75
666700,587,588.5,1.8,10,-2.5,193.6861367,56.66,587.75
666800,586.5,588,1.8,10,-2.5,193.5593496,56.66,587.25
666900,584.5,586,1.8,10,-2.5,193.3961159,56.66,585.25
667000,589,590.5,1.8,10,-2.5,193.7206609,56.65,589.75
667100,587,588.5,1.8,10,-2.5,193.5330813,56.64,587.75
667200,586,587.5,1.8,10,-2.5,193.601964,56.64,586.75
667300,587.5,589,1.8,10,-2.5,193.6795737,56.64,588.25
667400,587.5,589,1.8,10,-2.5,193.607803,56.63,588.25
667500,584,585.5,1.8,10,-2.5,193.090335,56.62,584.75
667600,581,582.5,1.8,10,-2.5,192.9621608,56.62,581.75
667700,576.5,578,1.8,10,-2.5,192.6057254,56.62,577.25
667800,576,577.5,1.8,10,-2.5,192.5779054,56.61,576.75
667900,573.5,575,1.8,10,-2.5,192.3118817,56.6,574.25
668000,576,577.5,1.8,10,-2.5,192.4138087,56.6,576.75
668100,576,577.5,1.8,10,-2.5,192.7207095,56.6,576.75
668200,575.5,577,1.8,10,-2.5,192.867215,56.59,576.25
668300,572,573.5,1.8,10,-2.5,192.6538286,56.58,572.75
668400,572,573.5,1.8,10,-2.5,192.627512,56.58,572.75
668500,568.5,570,1.8,10,-2.5,192.5964253,56.58,569.25
668600,567,568.5,1.8,10,-2.5,192.6199981,56.57,567.75
668700,567,568.5,1.8,10,-2.5,192.4142635,56.56,567.75
668800,567.5,569,1.8,10,-2.5,192.4673349,56.56,568.25
668900,569.5,571,1.8,10,-2.5,192.9104774,56.56,570.25
669000,573.5,575,1.8,10,-2.5,193.239077,56.55,574.25
669100,572,573.5,1.8,10,-2.5,193.2369062,56.54,572.75
669200,572.5,574,1.8,10,-2.5,193.3265826,56.54,573.25
669300,571.5,573,1.8,10,-2.5,193.1549822,56.54,572.25
669400,569.5,571,1.8,10,-2.5,192.9879062,56.53,570.25
669500,569,570.5,1.8,10,-2.5,192.9729335,56.52,569.75
669600,568.5,570,1.8,10,-2.5,192.7511062,56.52,569.25
669700,571,572.5,1.8,10,-2.5,193.0437395,56.52,571.75
669800,575,576.5,1.8,10,-2.5,193.1227734,56.51,575.75
669900,579,580.5,1.8,10,-2.5,193.2919098,56.5,579.75
670000,580.5,582,1.8,10,-2.5,193.3237271,56.5,581.25
670100,579.5,581,1.8,10,-2.5,193.2418171,56.5,580.25
670200,582,583.5,1.8,10,-2.5,193.6678603,56.49,582.75
670300,583.5,585,1.8,10,-2.5,193.8522517,56.48,584.25
670400,586.5,588,1.8,10,-2.5,194.0151043,56.48,587.25
670500,584.5,586,1.8,10,-2.5,194.1094131,56.48,585.25
670600,587.5,589,1.8,10,-2.5,194.3279205,56.47,588.25
670700,592.5,594,1.8,10,-2.5,194.4813716,56.46,593.25
670800,593.5,595,1.8,10,-2.5,194.4857598,56.46,594.25
670900,594.5,596,1.8,10,-2.5,194.4420636,56.46,595.25
671000,597,598.5,1.8,10,-2.5,194.4596542,56.45,597.75
671100,598.5,600,1.8,10,-2.5,194.2840867,56.44,599.25
671200,593.5,595,1.8,10,-2.5,194.1458755,56.44,594.25
671300,594,595.5,1.8,10,-2.5,194.338051,56.44,594.75
671400,598,599.5,1.8,10,-2.5,194.3808106,56.43,598.75
671500,600.5,602,1.8,10,-2.5,194.4134311,56.42,601.25
671600,602,603.5,1.8,10,-2.5,194.7483432,56.42,602.75
671700,604,605.5,1.8,10,-2.5,195.0653772,56.42,604.75
671800,607,608.5,1.8,10,-2.5,195.2536253,56.41,607.75
671900,606.5,608,1.8,10,-2.5,195.3114406,56.4,607.25
672000,605,606.5,1.8,10,-2.5,195.0786469,56.4,605.75
672100,603,604.5,1.8,10,-2.5,194.616303,56.4,603.75
672200,605,606.5,1.8,10,-2.5,194.6018266,56.39,605.75
672300,603.5,605,1.8,10,-2.5,194.6419328,56.38,604.25
672400,610,611.5,1.8,10,-2.5,194.7730278,56.38,610.75
672500,610,611.5,1.8,10,-2.5,195.06655,56.38,610.75
672600,606.5,608,1.8,10,-2.5,194.8180207,56.37,607.25
672700,609.5,611,1.8,10,-2.5,195.3034671,56.36,610.25
672800,609.5,611.5,1.8,10,-2.5,195.6410554,56.36,610.5
672900,613.5,615,1.8,10,-2.5,195.809187,56.36,614.25
673000,609,610.5,1.8,10,-2.5,195.5914272,56.35,609.75
673100,609,610.5,1.8,10,-2.5,195.5545705,56.34,609.75
673200,608.5,610,1.8,10,-2.5,195.4248214,56.34,609.25
673300,608,609.5,1.8,10,-2.5,195.0824611,56.34,608.75
673400,608,609.5,1.8,10,-2.5,195.1656253,56.33,608.75
673500,611.5,613,1.8,10,-2.5,195.3746207,56.32,612.25
673600,610,611.5,1.8,10,-2.5,195.364089,56.32,610.75
673700,613,614.5,1.8,10,-2.5,195.352305,56.32,613.75
673800,611,612.5,1.8,10,-2.5,195.3282518,56.31,611.75
673900,609,610.5,1.8,10,-2.5,195.5148213,56.3,609.75
674000,612,613.5,1.8,10,-2.5,195.5380363,56.3,612.75
674100,613,614.5,1.8,10,-2.5,195.6990769,56.3,613.75
674200,608.5,610,1.8,10,-2.5,195.4037871,56.29,609.25
674300,609,610.5,1.8,10,-2.5,195.3285773,56.28,609.75
674400,608,609.5,1.8,10,-2.5,195.3497522,56.28,608.75
674500,608.5,610,1.8,10,-2.5,195.4586052,56.28,609.25
674600,601.5,603,1.8,10,-2.5,195.3569381,56.27,602.25
674700,601.5,603,1.8,10,-2.5,195.3238088,56.26,602.25
674800,603,604.5,1.8,10,-2.5,195.2809063,56.26,603.75
674900,604.5,606,1.8,10,-2.5,195.2229843,56.26,605.25
675000,602,603.5,1.8,10,-2.5,195.0755279,56.25,602.75
675100,603.5,605,1.8,10,-2.5,195.2629716,56.24,604.25
675200,604.5,606,1.8,10,-2.5,195.3981616,56.24,605.25
675300,604.5,606,1.8,10,-2.5,195.4460647,56.24,605.25
675400,605.5,607,1.8,10,-2.5,195.2991432,56.23,606.25
675500,608,609.5,1.8,10,-2.5,195.3473614,56.22,608.75
675600,611.5,613,1.8,10,-2.5,195.3690381,56.22,612.25
675700,613,614.5,1.8,10,-2.5,195.488006,56.22,613.75
675800,617.5,619,1.8,10,-2.5,195.6521051,56.21,618.25
675900,617,619,1.8,10,-2.5,195.5784454,56.2,618
676000,619,620.5,1.8,10,-2.5,195.7108325,56.2,619.75
676100,614,615.5,1.8,10,-2.5,195.6115354,56.2,614.75
676200,610.5,612,1.8,10,-2.5,195.6021149,56.19,611.25
676300,609,610.5,1.8,10,-2.5,195.5429529,56.18,609.75
676400,609,610.5,1.8,10,-2.5,195.7326584,56.18,609.75
676500,611,612.5,1.8,10,-2.5,196.1981879,56.18,611.75
676600,611,612.5,1.8,10,-2.5,196.1739079,56.17,611.75
676700,608.5,610,1.8,10,-2.5,196.1696865,56.16,609.25
676800,605.5,607,1.8,10,-2.5,196.1511246,56.16,606.25
676900,605,606.5,1.8,10,-2.5,196.00793,56.16,605.75
677000,603,604.5,1.8,10,-2.5,196.035036,56.15,603.75
677100,601.5,603,1.8,10,-2.5,195.8450523,56.14,602.25
677200,602.5,604,1.8,10,-2.5,195.9826012,56.14,603.25
677300,601,602.5,1.8,10,-2.5,195.9028564,56.14,601.75
677400,598,599.5,1.8,10,-2.5,195.8292615,56.13,598.75
677500,598,599.5,1.8,10,-2.5,195.7015743,56.12,598.75
677600,593,594.5,1.8,10,-2.5,195.6059663,56.12,593.75
677700,592,593.5,1.8,10,-2.5,195.5374523,56.12,592.75
677800,592,593.5,1.8,10,-2.5,195.3834002,56.11,592.75
677900,592.5,594,1.8,10,-2.5,195.7993437,56.1,593.25
678000,596,597.5,1.8,10,-2.5,195.8183034,56.1,596.75
678100,597.5,599,1.8,10,-2.5,195.8295586,56.1,598.25
678200,597.5,599,1.8,10,-2.5,195.9528663,56.09,598.25
678300,595,596.5,1.8,10,-2.5,195.6841842,56.08,595.75
678400,597,598.5,1.8,10,-2.5,195.9010508,56.08,597.75
678500,599.5,601,1.8,10,-2.5,195.9058394,56.08,600.25
678600,596,597.5,1.8,10,-2.5,195.8506593,56.07,596.75
678700,595.5,597,1.8,10,-2.5,195.8728361,56.06,596.25
678800,594,595.5,1.8,10,-2.5,196.1299333,56.06,594.75
678900,596.5,598,1.8,10,-2.5,196.3575003,56.06,597.25
679000,595,596.5,1.8,10,-2.5,196.2899878,56.05,595.75
679100,593,594.5,1.8,10,-2.5,196.0081052,56.04,593.75
679200,591.5,593,1.8,10,-2.5,196.2610544,56.04,592.25
679300,591,592.5,1.8,10,-2.5,196.2232051,56.04,591.75
679400,588.5,590,1.8,10,-2.5,196.5277106,56.03,589.25
679500,585,586.5,1.8,10,-2.5,196.3279864,56.02,585.75
679600,586.5,588,1.8,10,-2.5,196.393204,56.02,587.25
679700,586.5,588,1.8,10,-2.5,196.6688804,56.02,587.25
679800,585,586.5,1.8,10,-2.5,196.5300748,56.01,585.75
679900,587.5,589,1.8,10,-2.5,196.5881632,56,588.25
680000,584.5,586,1.8,10,-2.5,196.1801026,56,585.25
680100,588,589.5,1.8,10,-2.5,196.3050274,56,588.75
680200,589,590.5,1.8,10,-2.5,196.3772485,55.99,589.75
680300,589,590.5,1.8,10,-2.5,196.3548845,55.98,589.75
680400,588.5,590,1.8,10,-2.5,196.2964156,55.98,589.25
680500,588,590,1.8,10,-2.5,196.1386044,55.98,589
680600,589.5,591,1.8,10,-2.5,196.4058381,55.97,590.25
680700,584.5,586,1.8,10,-2.5,196.2113064,55.96,585.25
680800,586,587.5,1.8,10,-2.5,196.3052141,55.96,586.75
680900,587.5,589,1.8,10,-2.5,196.1901544,55.96,588.25
681000,585,586.5,1.8,10,-2.5,196.0063924,55.95,585.75
681100,582.5,584,1.8,10,-2.5,196.0772796,55.94,583.25
681200,580.5,582,1.8,10,-2.5,195.9366944,55.94,581.25
681300,583,584.5,1.8,10,-2.5,195.9971346,55.94,583.75
681400,583,584.5,1.8,10,-2.5,196.0819458,55.93,583.75
681500,581.5,583,1.8,10,-2.5,196.0404056,55.92,582.25
681600,583,584.5,1.8,10,-2.5,195.8354607,55.92,583.75
681700,580.5,582,1.8,10,-2.5,195.7227363,55.92,581.25
681800,581,582.5,1.8,10,-2.5,195.9372987,55.91,581.75
681900,583.5,585,1.8,10,-2.5,195.9510363,55.9,584.25
682000,585,586.5,1.8,10,-2.5,196.1960212,55.9,585.75
682100,586.5,588,1.8,10,-2.5,196.4595783,55.9,587.25
682200,589.5,591,1.8,10,-2.5,196.5558503,55.89,590.25
682300,587,588.5,1.8,10,-2.5,196.597535,55.88,587.75
682400,588,589.5,1.8,10,-2.5,196.6168319,55.88,588.75
682500,587,588.5,1.8,10,-2.5,196.6193199,55.88,587.75
682600,586,587.5,1.8,10,-2.5,196.7327821,55.87,586.75
682700,589,590.5,1.8,10,-2.5,197.0223501,55.86,589.75
682800,591.5,593,1.8,10,-2.5,197.1934928,55.86,592.25
682900,590.5,592,1.8,10,-2.5,197.1449486,55.86,591.25
683000,593.5,595,1.8,10,-2.5,197.435659,55.85,594.25
683100,597,598.5,1.8,10,-2.5,197.5541911,55.84,597.75
683200,596,597.5,1.8,10,-2.5,197.9226197,55.84,596.75
683300,590.5,592,1.8,10,-2.5,197.6381409,55.84,591.25
683400,592.5,594,1.8,10,-2.5,197.7197381,55.83,593.25
683500,593,594.5,1.8,10,-2.5,197.9172771,55.82,593.75
683600,594.5,596,1.8,10,-2.5,197.9161076,55.82,595.25
683700,597,598.5,1.8,10,-2.5,198.0809664,55.82,597.75
683800,598.5,600,1.8,10,-2.5,198.2128604,55.81,599.25
683900,600.5,602,1.8,10,-2.5,198.5968313,55.8,601.25
684000,597.5,599,1.8,10,-2.5,198.6142977,55.8,598.25
684100,599,600.5,1.8,10,-2.5,198.7097205,55.8,599.75
684200,600,601.5,1.8,10,-2.5,198.8966172,55.79,600.75
684300,597.5,599,1.8,10,-2.5,198.626585,55.78,598.25
684400,593,594.5,1.8,10,-2.5,198.2224359,55.78,593.75
684500,590,591.5,1.8,10,-2.5,198.1207964,55.78,590.75
684600,586,587.5,1.8,10,-2.5,197.7798685,55.77,586.75
684700,586,588,1.8,10,-2.5,197.8374476,55.76,587
684800,583,584.5,1.8,10,-2.5,197.5661367,55.76,583.75
684900,581.5,583,1.8,10,-2.5,197.5398773,55.76,582.25
685000,583,584.5,1.8,10,-2.5,197.820013,55.75,583.75
685100,584,585.5,1.8,10,-2.5,197.6262119,55.74,584.75
685200,583,584.5,1.8,10,-2.5,197.5988701,55.74,583.75
685300,588,589.5,1.8,10,-2.5,198.0478119,55.74,588.75
685400,590,591.5,1.8,10,-2.5,198.311585,55.73,590.75
685500,585.5,587,1.8,10,-2.5,198.1540917,55.72,586.25
685600,581,582.5,1.8,10,-2.5,197.942535,55.72,581.75
685700,579.5,581,1.8,10,-2.5,197.8629755,55.72,580.25
685800,579.5,581,1.8,10,-2.5,197.8922002,55.71,580.25
685900,577,578.5,1.8,10,-2.5,197.9144718,55.7,577.75
686000,572.5,574,1.8,10,-2.5,197.7558229,55.7,573.25
686100,575.5,577,1.8,10,-2.5,198.1433157,55.7,576.25
686200,579,580.5,1.8,10,-2.5,198.2093236,55.69,579.75
686300,580,581.5,1.8,10,-2.5,198.2867019,55.68,580.75
686400,580,581.5,1.8,10,-2.5,198.2850919,55.68,580.75
686500,581,582.5,1.8,10,-2.5,198.3589642,55.68,581.75
686600,585.5,587,1.8,10,-2.5,198.5145318,55.67,586.25
686700,588.5,590,1.8,10,-2.5,198.8828323,55.66,589.25
686800,590.5,592,1.8,10,-2.5,199.0302354,55.66,591.25
686900,587.5,589,1.8,10,-2.5,198.9489082,55.66,588.25
687000,587.5,589,1.8,10,-2.5,199.2832702,55.65,588.25
687100,585,586.5,1.8,10,-2.5,199.3068158,55.64,585.75
687200,584,585.5,1.8,10,-2.5,199.3714541,55.64,584.75
687300,587.5,589,1.8,10,-2.5,199.5563048,55.64,588.25
687400,588.5,590,1.8,10,-2.5,199.6988229,55.63,589.25
687500,587.5,589,1.8,10,-2.5,199.8903742,55.62,588.25
687600,589,590.5,1.8,10,-2.5,200.3307911,55.62,589.75
687700,586,587.5,1.8,10,-2.5,199.9321553,55.62,586.75
687800,585,586.5,1.8,10,-2.5,200.2251488,55.61,585.75
687900,578.5,580,1.8,10,-2.5,200.1249495,55.6,579.25
688000,580,581.5,1.8,10,-2.5,200.1317031,55.6,580.75
688100,580.5,582,1.8,10,-2.5,200.2214402,55.6,581.25
688200,580.5,582.5,1.8,10,-2.5,200.1262916,55.59,581.5
688300,581.5,583,1.8,10,-2.5,200.1072272,55.58,582.25
688400,584.5,586,1.8,10,-2.5,200.3972831,55.58,585.25
688500,584.5,586.5,1.8,10,-2.5,200.3655851,55.58,585.5
688600,586,587.5,1.8,10,-2.5,200.4519616,55.57,586.75
688700,589,590.5,1.8,10,-2.5,200.7519992,55.56,589.75
688800,584,585.5,1.8,10,-2.5,200.4676357,55.56,584.75
688900,587.5,589,1.8,10,-2.5,200.6588465,55.56,588.25
689000,588,589.5,1.8,10,-2.5,200.6476997,55.55,588.75
689100,587,588.5,1.8,10,-2.5,200.3982076,55.54,587.75
689200,588,589.5,1.8,10,-2.5,200.4680204,55.54,588.75
689300,586,587.5,1.8,10,-2.5,200.4355134,55.54,586.75
689400,589.5,591,1.8,10,-2.5,200.8482767,55.53,590.25
689500,587.5,589,1.8,10,-2.5,200.6478649,55.52,588.25
689600,583,584.5,1.8,10,-2.5,200.4385296,55.52,583.75
689700,578.5,580,1.8,10,-2.5,200.1788383,55.52,579.25
689800,578.5,580,1.8,10,-2.5,200.1569139,55.51,579.25
689900,578,579.5,1.8,10,-2.5,200.2081919,55.5,578.75
690000,578.5,580,1.8,10,-2.5,200.2812644,55.5,579.25
690100,577.5,579,1.8,10,-2.5,199.9281737,55.5,578.25
690200,577.5,579,1.8,10,-2.5,200.1295157,55.49,578.25
690300,576,577.5,1.8,10,-2.5,199.8276659,55.48,576.75
690400,575,576.5,1.8,10,-2.5,199.9739231,55.48,575.75
690500,571.5,573,1.8,10,-2.5,199.9507981,55.48,572.25
690600,572.5,574,1.8,10,-2.5,200.125541,55.47,573.25
690700,575,576.5,1.8,10,-2.5,200.1998214,55.46,575.75
690800,573,574.5,1.8,10,-2.5,200.497432,55.46,573.75
690900,572.5,574,1.8,10,-2.5,200.2925978,55.46,573.25
691000,576.5,578,1.8,10,-2.5,200.7662512,55.45,577.25
691100,574.5,576,1.9,10,-2.5,200.6564593,55.44,575.25
691200,571,572.5,1.9,10,-2.5,200.2828966,55.44,571.75
691300,573.5,575,1.9,10,-2.5,200.3453961,55.44,574.25
691400,574.5,576,1.9,10,-2.5,200.3052487,55.43,575.25
691500,576.5,578,1.9,10,-2.5,200.3025561,55.42,577.25
691600,572,573.5,1.9,10,-2.5,200.1475985,55.42,572.75
691700,573,574.5,1.9,10,-2.5,200.201304,55.42,573.75
691800,573,574.5,1.9,10,-2.5,200.2893115,55.41,573.75
691900,570.5,572,1.9,10,-2.5,200.2442755,55.4,571.25
692000,572.5,574,1.9,10,-2.5,200.3684437,55.4,573.25
692100,569.5,571,1.9,10,-2.5,200.3622502,55.4,570.25
692200,571,572.5,1.9,10,-2.5,200.4793421,55.39,571.75
692300,572.5,574,1.9,10,-2.5,200.625682,55.38,573.25
692400,572.5,574,1.9,10,-2.5,200.6067645,55.38,573.25
692500,569.5,571,1.9,10,-2.5,200.5761423,55.38,570.25
692600,568,569.5,1.9,10,-2.5,200.1650444,55.37,568.75
692700,566,567.5,1.9,10,-2.5,200.1495718,55.36,566.75
692800,567,568.5,1.9,10,-2.5,200.4276924,55.36,567.75
692900,572,573.5,1.9,10,-2.5,200.839127,55.36,572.75
693000,572.5,574,1.9,10,-2.5,201.0363209,55.35,573.25
693100,570.5,572,1.9,10,-2.5,200.7635764,55.34,571.25
693200,568,569.5,1.9,10,-2.5,200.7364761,55.34,568.75
693300,569,570.5,1.9,10,-2.5,200.6108154,55.34,569.75
693400,566,567.5,1.9,10,-2.5,200.4610539,55.33,566.75
693500,566,567.5,1.9,10,-2.5,200.58367,55.32,566.75
693600,569,570.5,1.9,10,-2.5,200.71318,55.32,569.75
693700,569,570.5,1.9,10,-2.5,200.7452073,55.32,569.75
693800,567,568.5,1.9,10,-2.5,200.6541992,55.31,567.75
693900,565,566.5,1.9,10,-2.5,200.3297621,55.3,565.75
694000,569.5,571,1.9,10,-2.5,200.4627936,55.3,570.25
694100,570.5,572,1.9,10,-2.5,200.3438791,55.3,571.25
694200,572.5,574,1.9,10,-2.5,200.3064359,55.29,573.25
694300,574.5,576,1.9,10,-2.5,200.3525018,55.28,575.25
694400,576.5,578,1.9,10,-2.5,200.4764447,55.28,577.25
694500,577,578.5,1.9,10,-2.5,200.5187992,55.28,577.75
694600,575.5,577,1.9,10,-2.5,200.2977051,55.27,576.25
694700,575,576.5,1.9,10,-2.5,200.3248376,55.26,575.75
694800,573.5,575,1.9,10,-2.5,200.1517668,55.26,574.25
694900,574,575.5,1.9,10,-2.5,200.162868,55.26,574.75
695000,574,575.5,1.9,10,-2.5,200.3710242,55.25,574.75
695100,574,575.5,1.9,10,-2.5,200.4533951,55.24,574.75
695200,573,574.5,1.9,10,-2.5,200.5275503,55.24,573.75
695300,574.5,576,1.9,10,-2.5,200.6864149,55.24,575.25
695400,576,577.5,1.9,10,-2.5,200.9627953,55.23,576.75
695500,574.5,576,1.9,10,-2.5,200.8818175,55.22,575.25
695600,575,576.5,1.9,10,-2.5,201.0058415,55.22,575.75
695700,578.5,580,1.9,10,-2.5,201.1301172,55.22,579.25
695800,580.5,582,1.9,10,-2.5,201.137794,55.21,581.25
695900,582.5,584,1.9,10,-2.5,201.3696364,55.2,583.25
696000,585.5,587,1.9,10,-2.5,201.8893381,55.2,586.25
696100,590,591.5,1.9,10,-2.5,201.9075076,55.2,590.75
696200,587.5,589,1.9,10,-2.5,201.7556797,55.19,588.25
696300,589.5,591,1.9,10,-2.5,201.7622184,55.18,590.25
696400,591,592.5,1.9,10,-2.5,201.7772491,55.18,591.75
696500,588,589.5,1.9,10,-2.5,201.4709425,55.18,588.75
696600,587.5,589.5,1.9,10,-2.5,201.4764687,55.17,588.5
696700,589.5,591,1.9,10,-2.5,201.5530729,55.16,590.25
696800,590.5,592,1.9,10,-2.5,201.5051723,55.16,591.25
696900,589,590.5,1.9,10,-2.5,201.4546586,55.16,589.75
697000,591,592.5,1.9,10,-2.5,201.5542522,55.15,591.75
697100,594.5,596,1.9,10,-2.5,201.5849768,55.14,595.25
697200,593.5,595,1.9,10,-2.5,201.6045589,55.14,594.25
697300,588,589.5,1.9,10,-2.5,201.5833791,55.14,588.75
697400,589,590.5,1.9,10,-2.5,201.5851097,55.13,589.75
697500,588,589.5,1.9,10,-2.5,201.394704,55.12,588.75
697600,586.5,588,1.9,10,-2.5,201.3724966,55.12,587.25
697700,589,590.5,1.9,10,-2.5,201.3919599,55.12,589.75
697800,592,593.5,1.9,10,-2.5,201.5596053,55.11,592.75
697900,593.5,595,1.9,10,-2.5,201.9245995,55.1,594.25
698000,595,596.5,1.9,10,-2.5,201.771398,55.1,595.75
698100,599.5,601,1.9,10,-2.5,202.0336751,55.1,600.25
698200,599,600.5,1.9,10,-2.5,201.9017301,55.09,599.75
698300,599,600.5,1.9,10,-2.5,201.7828889,55.08,599.75
698400,596,597.5,1.9,10,-2.5,201.6299075,55.08,596.75
698500,596,597.5,1.9,10,-2.5,201.6306713,55.08,596.75
698600,597,598.5,1.9,10,-2.5,201.7120143,55.07,597.75
698700,597,598.5,1.9,10,-2.5,201.6929065,55.06,597.75
698800,594,595.5,1.9,10,-2.5,201.4997879,55.06,594.75
698900,596,597.5,1.9,10,-2.5,201.4723178,55.06,596.75
699000,596,597.5,1.9,10,-2.5,201.3049963,55.05,596.75
699100,592.5,594,1.9,10,-2.5,201.2349088,55.04,593.25
699200,592,593.5,1.9,10,-2.5,201.1256441,55.04,592.75
699300,590.5,592,1.9,10,-2.5,201.1294477,55.04,591.25
699400,589,590.5,1.9,10,-2.5,200.9320839,55.03,589.75
699500,593,594.5,1.9,10,-2.5,201.1694992,55.02,593.75
699600,595,596.5,1.9,10,-2.5,201.212744,55.02,595.75
699700,596,597.5,1.9,10,-2.5,201.3020955,55.02,596.75
699800,595.5,597.5,1.9,10,-2.5,201.2765247,55.01,596.5
699900,595.5,597.5,1.9,10,-2.5,201.0268728,55,596.5
700000,599,600.5,1.9,10,-2.5,201.1972921,55,599.75
700100,598,599.5,1.9,10,-2.5,201.0398154,55,598.75
700200,595,596.5,1.9,10,-2.5,200.5383153,54.99,595.75
700300,592.5,594,1.9,10,-2.5,200.2600609,54.98,593.25
700400,591.5,593,1.9,10,-2.5,200.3000715,54.98,592.25
700500,588,589.5,1.9,10,-2.5,200.2666431,54.98,588.75
700600,589.5,591,1.9,10,-2.5,200.3340923,54.97,590.25
700700,588,589.5,1.9,10,-2.5,200.3052781,54.96,588.75
700800,588.5,590,1.9,10,-2.5,200.2957803,54.96,589.25
700900,590.5,592,1.9,10,-2.5,200.4608265,54.96,591.25
701000,596.5,598,1.9,10,-2.5,200.5552281,54.95,597.25
701100,599.5,601,1.9,10,-2.5,200.773564,54.94,600.25
701200,601,602.5,1.9,10,-2.5,200.8148755,54.94,601.75
701300,602.5,604,1.9,10,-2.5,200.9285473,54.94,603.25
701400,604,605.5,1.9,10,-2.5,201.0329341,54.93,604.75
701500,599,600.5,1.9,10,-2.5,200.730632,54.92,599.75
701600,601.5,603,1.9,10,-2.5,200.9778467,54.92,602.25
701700,601,602.5,1.9,10,-2.5,201.0659343,54.92,601.75
701800,599,600.5,1.9,10,-2.5,200.9785804,54.91,599.75
701900,596.5,598,1.9,10,-2.5,200.6083273,54.9,597.25
702000,593,594.5,1.9,10,-2.5,200.2789371,54.9,593.75
702100,590,591.5,1.9,10,-2.5,200.3584393,54.9,590.75
702200,590.5,592,1.9,10,-2.5,200.3953255,54.89,591.25
702300,595.5,597,1.9,10,-2.5,200.7306719,54.88,596.25
702400,594.5,596,1.9,10,-2.5,200.6629958,54.88,595.25
702500,597,598.5,1.9,10,-2.5,200.6918249,54.88,597.75
702600,597,598.5,1.9,10,-2.5,200.9658999,54.87,597.75
702700,600.5,602,1.9,10,-2.5,201.1585999,54.86,601.25
702800,600,601.5,1.9,10,-2.5,201.299415,54.86,600.75
702900,599,600.5,1.9,10,-2.5,201.2127516,54.86,599.75
703000,604,605.5,1.9,10,-2.5,201.2529165,54.85,604.75
703100,601.5,603,1.9,10,-2.5,200.9292755,54.84,602.25
703200,602.5,604,1.9,10,-2.5,200.4801127,54.84,603.25
703300,604.5,606,1.9,10,-2.5,200.6494304,54.84,605.25
703400,603.5,605,1.9,10,-2.5,200.6673311,54.83,604.25
703500,601.5,603,1.9,10,-2.5,200.6174223,54.82,602.25
703600,600.5,602,1.9,10,-2.5,200.5968573,54.82,601.25
703700,599,600.5,1.9,10,-2.5,200.7238782,54.82,599.75
703800,601,602.5,1.9,10,-2.5,200.8481416,54.81,601.75
703900,603,604.5,1.9,10,-2.5,200.9328403,54.8,603.75
704000,606,607.5,1.9,10,-2.5,201.0265321,54.8,606.75
704100,608.5,610,1.9,10,-2.5,200.8933986,54.8,609.25
704200,604.5,606,1.9,10,-2.5,200.6885983,54.79,605.25
704300,606.5,608,1.9,10,-2.5,200.738088,54.78,607.25
704400,609,610.5,1.9,10,-2.5,200.9414102,54.78,609.75
704500,612,613.5,1.9,10,-2.5,201.1429058,54.78,612.75
704600,609.5,611,1.9,10,-2.5,200.7630957,54.77,610.25
704700,610,611.5,1.9,10,-2.5,200.9323871,54.76,610.75
704800,605.5,607,1.9,10,-2.5,200.7263126,54.76,606.25
704900,606,607.5,1.9,10,-2.5,200.920529,54.76,606.75
705000,609,610.5,1.9,10,-2.5,201.4337027,54.75,609.75
705100,612,613.5,1.9,10,-2.5,201.6767552,54.74,612.75
705200,607.5,609,1.9,10,-2.5,201.5234475,54.74,608.25
705300,608,609.5,1.9,10,-2.5,201.51535,54.74,608.75
705400,609.5,611,1.9,10,-2.5,201.799394,54.73,610.25
705500,612.5,614,1.9,10,-2.5,202.031051,54.72,613.25
705600,613.5,615,1.9,10,-2.5,201.9809141,54.72,614.25
705700,615,616.5,1.9,10,-2.5,201.7508946,54.72,615.75
705800,613.5,615,1.9,10,-2.5,201.6546051,54.71,614.25
705900,613.5,615,1.9,10,-2.5,201.4642137,54.7,614.25
706000,612.5,614,1.9,10,-2.5,201.3313859,54.7,613.25
706100,611.5,613,1.9,10,-2.5,201.3575071,54.7,612.25
706200,616,617.5,1.9,10,-2.5,201.6667512,54.69,616.75
706300,615,616.5,1.9,10,-2.5,201.6262388,54.68,615.75
706400,612.5,614,1.9,10,-2.5,201.3511913,54.68,613.25
706500,611.5,613,1.9,10,-2.5,201.1210552,54.68,612.25
706600,610.5,612,1.9,10,-2.5,201.1647231,54.67,611.25
706700,610.5,612,1.9,10,-2.5,201.1611837,54.66,611.25
706800,609,610.5,1.9,10,-2.5,201.0618832,54.66,609.75
706900,612,613.5,1.9,10,-2.5,201.3415037,54.66,612.75
707000,613,614.5,1.9,10,-2.5,201.4300935,54.65,613.75
707100,613,614.5,1.9,10,-2.5,201.3734437,54.64,613.75
707200,612.5,614,1.9,10,-2.5,201.3709551,54.64,613.25
707300,614,615.5,1.9,10,-2.5,201.3422355,54.64,614.75
707400,617.5,619,1.9,10,-2.5,201.4510312,54.63,618.25
707500,618,619.5,1.9,10,-2.5,201.2890988,54.62,618.75
707600,616.5,618,1.9,10,-2.5,201.2939496,54.62,617.25
707700,615.5,617,1.9,10,-2.5,201.1301971,54.62,616.25
707800,612.5,614,1.9,10,-2.5,201.0986655,54.61,613.25
707900,615.5,617,1.9,10,-2.5,201.1043713,54.6,616.25
708000,617,618.5,1.9,10,-2.5,201.3393787,54.6,617.75
708100,615.5,617,1.9,10,-2.5,201.1385819,54.6,616.25
708200,617.5,619,1.9,10,-2.5,201.2975178,54.59,618.25
708300,619.5,621,1.8,10,-2.5,201.3961976,54.58,620.25
708400,617.5,619,1.8,10,-2.5,201.3955844,54.58,618.25
708500,614,615.5,1.8,10,-2.5,201.2600295,54.58,614.75
708600,611.5,613,1.8,10,-2.5,201.0206114,54.57,612.25
708700,613.5,615,1.8,10,-2.5,201.4729714,54.56,614.25
708800,610.5,612,1.8,10,-2.5,201.1579327,54.56,611.25
708900,608,609.5,1.8,10,-2.5,201.1185414,54.56,608.75
709000,604,605.5,1.8,10,-2.5,200.9617121,54.55,604.75
709100,606.5,608,1.8,10,-2.5,201.068789,54.54,607.25
709200,605,606.5,1.8,10,-2.5,201.0293392,54.54,605.75
709300,605.5,607,1.8,10,-2.5,201.1372411,54.54,606.25
709400,608,609.5,1.8,10,-2.5,201.2196801,54.53,608.75
709500,612,613.5,1.8,10,-2.5,201.5479231,54.52,612.75
709600,613.5,615,1.8,10,-2.5,202.0238639,54.52,614.25
709700,616,617.5,1.8,10,-2.5,202.4690883,54.52,616.75
709800,615,616.5,1.8,10,-2.5,202.3647443,54.51,615.75
709900,614,615.5,1.8,10,-2.5,202.2060543,54.5,614.75
710000,615.5,617,1.8,10,-2.5,202.3471443,54.5,616.25
710100,617,618.5,1.8,10,-2.5,202.2422223,54.5,617.75
710200,618,619.5,1.8,10,-2.5,202.3301864,54.49,618.75
710300,614.5,616,1.8,10,-2.5,202.1072785,54.48,615.25
710400,618,619.5,1.8,10,-2.5,202.185055,54.48,618.75
710500,615,616.5,1.8,10,-2.5,202.0790275,54.48,615.75
710600,613,614.5,1.8,10,-2.5,202.1158505,54.47,613.75
710700,615.5,617,1.8,10,-2.5,202.1730398,54.46,616.25
710800,617.5,619,1.8,10,-2.5,202.3788891,54.46,618.25
710900,618.5,620,1.8,10,-2.5,202.6152633,54.46,619.25
711000,622,623.5,1.8,10,-2.5,202.6336095,54.45,622.75
711100,623,624.5,1.8,10,-2.5,202.7093673,54.44,623.75
711200,622,623.5,1.8,10,-2.5,202.7209398,54.44,622.75
711300,624.5,626,1.8,10,-2.5,202.9047756,54.44,625.25
711400,627,628.5,1.8,10,-2.5,203.1910504,54.43,627.75
711500,627.5,629,1.8,10,-2.5,203.3947452,54.42,628.25
711600,624,625.5,1.8,10,-2.5,203.3748627,54.42,624.75
711700,620,621.5,1.8,10,-2.5,203.337959,54.42,620.75
711800,621.5,623,1.8,10,-2.5,203.3905628,54.41,622.25
711900,623.5,625,1.8,10,-2.5,203.3200294,54.4,624.25
712000,626.5,628,1.8,10,-2.5,203.3374271,54.4,627.25
712100,628.5,630,1.8,10,-2.5,203.4660812,54.4,629.25
712200,634.5,636,1.8,10,-2.5,203.6970122,54.39,635.25
712300,636.5,638,1.8,10,-2.5,203.8444248,54.38,637.25
712400,635.5,637,1.8,10,-2.5,203.7646697,54.38,636.25
712500,636.5,638,1.8,10,-2.5,203.8003378,54.38,637.25
712600,637,638.5,1.8,10,-2.5,204.0151677,54.37,637.75
712700,635,636.5,1.8,10,-2.5,203.9651475,54.36,635.75
712800,634,635.5,1.8,10,-2.5,203.5460117,54.36,634.75
712900,630,631.5,1.8,10,-2.5,203.2352558,54.36,630.75
713000,634.5,636,1.8,10,-2.5,203.3393319,54.35,635.25
713100,635,636.5,1.8,10,-2.5,203.3170212,54.34,635.75
713200,629.5,631,1.8,10,-2.5,202.9165351,54.34,630.25
713300,625.5,627,1.8,10,-2.5,202.695757,54.34,626.25
713400,628.5,630,1.8,10,-2.5,202.8254521,54.33,629.25
713500,629.5,631,1.8,10,-2.5,202.7428899,54.32,630.25
713600,628.5,630,1.8,10,-2.5,202.7943027,54.32,629.25
713700,629.5,631,1.8,10,-2.5,202.9346113,54.32,630.25
713800,632.5,634,1.8,10,-2.5,203.2291113,54.31,633.25
713900,632,633.5,1.8,10,-2.5,203.1967637,54.3,632.75
714000,634.5,636,1.8,10,-2.5,203.586133,54.3,635.25
714100,633,634.5,1.8,10,-2.5,203.5274516,54.3,633.75
714200,637,638.5,1.8,10,-2.5,203.7698711,54.29,637.75
714300,634.5,636,1.8,10,-2.5,203.7036984,54.28,635.25
714400,633,634.5,1.8,10,-2.5,203.8140519,54.28,633.75
714500,633,634.5,1.8,10,-2.5,203.757906,54.28,633.75
714600,635,636.5,1.8,10,-2.5,203.7271731,54.27,635.75
714700,637,638.5,1.8,10,-2.5,203.6252947,54.26,637.75
714800,635,636.5,1.8,10,-2.5,203.1859955,54.26,635.75
714900,634,635.5,1.8,10,-2.5,203.0001583,54.26,634.75
715000,633,634.5,1.8,10,-2.5,202.813186,54.25,633.75
715100,636.5,638,1.8,10,-2.5,203.1071946,54.24,637.25
715200,638.5,640,1.8,10,-2.5,203.3762268,54.24,639.25
715300,636.5,638,1.8,10,-2.5,203.3283944,54.24,637.25
715400,640.5,642,1.8,10,-2.5,203.4653244,54.23,641.25
715500,641.5,643,1.8,10,-2.5,203.5298855,54.22,642.25
715600,642.5,644,1.8,10,-2.5,203.6969748,54.22,643.25
715700,645,646.5,1.8,10,-2.5,203.7265423,54.22,645.75
715800,643,644.5,1.8,10,-2.5,203.7013382,54.21,643.75
715900,642,643.5,1.8,10,-2.5,203.6135893,54.2,642.75
716000,643,644.5,1.8,10,-2.5,203.74997,54.2,643.75
716100,644.5,646,1.8,10,-2.5,203.7023513,54.2,645.25
716200,640.5,642,1.8,10,-2.5,203.5307205,54.19,641.25
716300,643.5,645,1.8,10,-2.5,203.7689006,54.18,644.25
716400,644.5,646,1.8,10,-2.5,203.9764005,54.18,645.25
716500,646,647.5,1.8,10,-2.5,204.0888486,54.18,646.75
716600,644,645.5,1.8,10,-2.5,204.3144017,54.17,644.75
716700,646.5,648,1.8,10,-2.5,204.350759,54.16,647.25
716800,646.5,648,1.8,10,-2.5,204.4529109,54.16,647.25
716900,651.5,653,1.8,10,-2.5,204.7384324,54.16,652.25
717000,651.5,653.5,1.8,10,-2.5,204.7207154,54.15,652.5
717100,652.5,654,1.8,10,-2.5,204.877348,54.14,653.25
717200,652.5,654,1.8,10,-2.5,204.5998219,54.14,653.25
717300,651.5,653,1.8,10,-2.5,204.5741297,54.14,652.25
717400,648,649.5,1.8,10,-2.5,204.4532714,54.13,648.75
717500,650.5,652,1.8,10,-2.5,204.6539263,54.12,651.25
717600,651,652.5,1.8,10,-2.5,204.7263194,54.12,651.75
717700,655.5,657,1.8,10,-2.5,204.8385189,54.12,656.25
717800,656,657.5,1.8,10,-2.5,205.1596715,54.11,656.75
717900,657.5,659,1.8,10,-2.5,205.4059506,54.1,658.25
718000,658.5,660,1.8,10,-2.5,205.3914996,54.1,659.25
718100,658.5,660,1.8,10,-2.5,205.6240114,54.1,659.25
718200,658,659.5,1.8,10,-2.5,205.5570822,54.09,658.75
718300,656.5,658,1.8,10,-2.5,205.534437,54.08,657.25
718400,651,652.5,1.8,10,-2.5,205.301158,54.08,651.75
718500,653.5,655,1.8,10,-2.5,205.4969791,54.08,654.25
718600,654.5,656,1.8,10,-2.5,205.5890719,54.07,655.25
718700,653,654.5,1.8,10,-2.5,205.4366474,54.06,653.75
718800,653,654.5,1.8,10,-2.5,205.3469168,54.06,653.75
718900,653,654.5,1.8,10,-2.5,205.1624357,54.06,653.75
719000,653,654.5,1.8,10,-2.5,204.9422197,54.05,653.75
719100,654,655.5,1.8,10,-2.5,204.6967824,54.04,654.75
719200,651.5,653,1.8,10,-2.5,204.8161308,54.04,652.25
719300,653.5,655,1.8,10,-2.5,204.785868,54.04,654.25
719400,655.5,657,1.8,10,-2.5,205.0252455,54.03,656.25
719500,653,654.5,1.8,10,-2.5,204.8472912,54.02,653.75
719600,652.5,654,1.8,10,-2.5,204.8581868,54.02,653.25
719700,653.5,655,1.8,10,-2.5,204.8654494,54.02,654.25
719800,653.5,655.5,1.8,10,-2.5,204.8406921,54.01,654.5
719900,655.5,657,1.8,10,-2.5,204.9602765,54,656.25
720000,656,657.5,1.8,10,-2.5,205.0082477,54,656.75
720100,657,658.5,1.8,10,-2.5,205.08752,54,657.75
720200,658.5,660,1.8,10,-2.5,204.8854186,53.99,659.25
720300,657,658.5,1.8,10,-2.5,204.9353018,53.98,657.75
720400,656.5,658.5,1.8,10,-2.5,204.548288,53.98,657.5
720500,657.5,659,1.8,10,-2.5,204.6412185,53.98,658.25
720600,655.5,657,1.8,10,-2.5,204.5712322,53.97,656.25
720700,654.5,656,1.8,10,-2.5,204.5940302,53.96,655.25
720800,654.5,656,1.8,10,-2.5,204.4407952,53.96,655.25
720900,653,654.5,1.8,10,-2.5,204.4933591,53.96,653.75
721000,652,653.5,1.8,10,-2.5,204.5458996,53.95,652.75
721100,654.5,656,1.8,10,-2.5,204.3967711,53.94,655.25
721200,654.5,656,1.8,10,-2.5,204.2055139,53.94,655.25
721300,653,654.5,1.8,10,-2.5,203.9875194,53.94,653.75
721400,651.5,653,1.8,10,-2.5,203.9779271,53.93,652.25
721500,649,650.5,1.8,10,-2.5,204.0869029,53.92,649.75
721600,647,648.5,1.8,10,-2.5,204.0539723,53.92,647.75
721700,647,648.5,1.8,10,-2.5,203.9154531,53.92,647.75
721800,646,647.5,1.8,10,-2.5,204.1130369,53.91,646.75
721900,649,650.5,1.8,10,-2.5,204.1498811,53.9,649.75
722000,649,650.5,1.8,10,-2.5,204.4673775,53.9,649.75
722100,652,653.5,1.8,10,-2.5,204.682696,53.9,652.75
722200,652,653.5,1.8,10,-2.5,204.6552636,53.89,652.75
722300,652,653.5,1.8,10,-2.5,204.7090854,53.88,652.75
722400,652.5,654,1.8,10,-2.5,204.7918123,53.88,653.25
722500,654,655.5,1.8,10,-2.5,205.0524611,53.88,654.75
722600,656,657.5,1.8,10,-2.5,205.1452385,53.87,656.75
722700,656,657.5,1.8,10,-2.5,205.2510116,53.86,656.75
722800,656.5,658,1.8,10,-2.5,205.3737666,53.86,657.25
722900,658.5,660,1.8,10,-2.5,205.404883,53.86,659.25
723000,658,659.5,1.8,10,-2.5,205.5103317,53.85,658.75
723100,662,663.5,1.8,10,-2.5,205.6170689,53.84,662.75
723200,660.5,662,1.8,10,-2.5,205.5164395,53.84,661.25
723300,661,662.5,1.8,10,-2.5,205.5898686,53.84,661.75
723400,662,663.5,1.8,10,-2.5,205.8150494,53.83,662.75
723500,665,666.5,1.8,10,-2.5,205.9990196,53.82,665.75
723600,662.5,664,1.8,10,-2.5,205.9755551,53.82,663.25
723700,663,664.5,1.8,10,-2.5,206.009036,53.82,663.75
723800,660,661.5,1.8,10,-2.5,205.8726002,53.81,660.75
723900,660,662,1.8,10,-2.5,205.9040923,53.8,661
724000,659.5,661,1.8,10,-2.5,205.7850225,53.8,660.25
724100,660,661.5,1.8,10,-2.5,205.8170122,53.8,660.75
724200,658,659.5,1.8,10,-2.5,205.5896846,53.79,658.75
724300,659,660.5,1.8,10,-2.5,205.567181,53.78,659.75
724400,658,659.5,1.8,10,-2.5,205.4736912,53.78,658.75
724500,657,658.5,1.8,10,-2.5,205.775165,53.78,657.75
724600,657.5,659,1.8,10,-2.5,205.7651724,53.77,658.25
724700,655,656.5,1.8,10,-2.5,205.6635488,53.76,655.75
724800,653.5,655,1.8,10,-2.5,205.5760749,53.76,654.25
724900,653.5,655.5,1.8,10,-2.5,205.8189939,53.76,654.5
725000,651,652.5,1.8,10,-2.5,205.827014,53.75,651.75
725100,648,649.5,1.8,10,-2.5,205.7440158,53.74,648.75
725200,642.5,644,1.8,10,-2.5,205.6649345,53.74,643.25
725300,640.5,642,1.8,10,-2.5,205.5777796,53.74,641.25
725400,642,643.5,1.8,10,-2.5,205.8629735,53.73,642.75
725500,639.5,641,1.8,10,-2.5,205.8620134,53.72,640.25
725600,638.5,640,1.8,10,-2.5,206.1022824,53.72,639.25
725700,641.5,643,1.8,10,-2.5,206.3652037,53.72,642.25
725800,640,641.5,1.8,10,-2.5,206.1237304,53.71,640.75
725900,639,640.5,1.8,10,-2.5,205.8465851,53.7,639.75
726000,636.5,638,1.8,10,-2.5,205.6692775,53.7,637.25
726100,640.5,642,1.8,10,-2.5,205.7570525,53.7,641.25
726200,641.5,643,1.8,10,-2.5,205.8504975,53.69,642.25
726300,646.5,648,1.8,10,-2.5,205.9436375,53.68,647.25
726400,644,645.5,1.8,10,-2.5,205.9214165,53.68,644.75
726500,640.5,642,1.8,10,-2.5,205.6003965,53.68,641.25
726600,642.5,644,1.8,10,-2.5,205.620244,53.67,643.25
726700,641,642.5,1.8,10,-2.5,205.6114547,53.66,641.75
726800,639.5,641,1.8,10,-2.5,205.5174868,53.66,640.25
726900,642.5,644,1.8,10,-2.5,205.5490341,53.66,643.25
727000,639.5,641,1.8,10,-2.5,205.2563328,53.65,640.25
727100,640,641.5,1.8,10,-2.5,205.3005504,53.64,640.75
727200,636.5,638,1.8,10,-2.5,205.2494334,53.64,637.25
727300,633,634.5,1.8,10,-2.5,205.1441056,53.64,633.75
727400,632,633.5,1.8,10,-2.5,205.1829984,53.63,632.75
727500,632,633.5,1.8,10,-2.5,205.3184627,53.62,632.75
727600,629,630.5,1.8,10,-2.5,205.1461056,53.62,629.75
727700,630.5,632,1.8,10,-2.5,205.2412116,53.62,631.25
727800,630.5,632,1.8,10,-2.5,205.3096345,53.61,631.25
727900,633.5,635,1.8,10,-2.5,205.3983998,53.6,634.25
728000,635,636.5,1.8,10,-2.5,205.7231668,53.6,635.75
728100,638,639.5,1.8,10,-2.5,206.1694412,53.6,638.75
728200,642,643.5,1.8,10,-2.5,206.4754076,53.59,642.75
728300,637.5,639,1.8,10,-2.5,206.4222958,53.58,638.25
728400,639.5,641,1.8,10,-2.5,206.5292953,53.58,640.25
728500,640.5,642,1.8,10,-2.5,206.4491606,53.58,641.25
728600,637.5,639,1.8,10,-2.5,206.0900873,53.57,638.25
728700,635,636.5,1.8,10,-2.5,206.028771,53.56,635.75
728800,638,639.5,1.8,10,-2.5,205.9613884,53.56,638.75
728900,637,638.5,1.8,10,-2.5,205.79716,53.56,637.75
729000,636,637.5,1.8,10,-2.5,205.7104998,53.55,636.75
729100,637,638.5,1.8,10,-2.5,205.7798947,53.54,637.75
729200,639,640.5,1.8,10,-2.5,205.9434761,53.54,639.75
729300,637.5,639,1.8,10,-2.5,205.7175717,53.54,638.25
729400,636.5,638,1.8,10,-2.5,205.4872494,53.53,637.25
729500,634.5,636,1.8,10,-2.5,205.3722857,53.52,635.25
729600,636.5,638,1.8,10,-2.5,205.5018151,53.52,637.25
729700,631.5,633,1.8,10,-2.5,205.3158044,53.52,632.25
729800,629.5,631,1.8,10,-2.5,205.2289823,53.51,630.25
729900,628,629.5,1.8,10,-2.5,204.9754471,53.5,628.75
730000,628.5,630,1.8,10,-2.5,204.9183328,53.5,629.25
730100,628.5,630,1.8,10,-2.5,205.1376986,53.5,629.25
730200,624.5,626,1.8,10,-2.5,204.8596212,53.49,625.25
730300,628,629.5,1.8,10,-2.5,204.7903137,53.48,628.75
730400,625,626.5,1.8,10,-2.5,204.640886,53.48,625.75
730500,624,625.5,1.8,10,-2.5,204.616273,53.48,624.75
730600,626.5,628,1.8,10,-2.5,204.7064452,53.47,627.25
730700,624.5,626,1.8,10,-2.5,204.5715829,53.46,625.25
730800,620.5,622,1.8,10,-2.5,204.5359229,53.46,621.25
730900,620,621.5,1.8,10,-2.5,204.6647994,53.46,620.75
731000,618.5,620,1.8,10,-2.5,204.1788162,53.45,619.25
731100,613.5,615,1.8,10,-2.5,203.9595666,53.44,614.25
731200,615.5,617,1.8,10,-2.5,204.073276,53.44,616.25
731300,615,616.5,1.8,10,-2.5,203.9242328,53.44,615.75
731400,618.5,620,1.8,10,-2.5,204.0422392,53.43,619.25
731500,618.5,620,1.8,10,-2.5,203.521035,53.42,619.25
731600,616,617.5,1.8,10,-2.5,203.4439473,53.42,616.75
731700,615,616.5,1.8,10,-2.5,203.3621539,53.42,615.75
731800,617.5,619,1.8,10,-2.5,203.561832,53.41,618.25
731900,614.5,616,1.8,10,-2.5,203.3522281,53.4,615.25
732000,615.5,617,1.8,10,-2.5,203.4414327,53.4,616.25
732100,616,617.5,1.8,10,-2.5,203.2387123,53.4,616.75
732200,612,613.5,1.8,10,-2.5,202.9637647,53.39,612.75
732300,610,611.5,1.8,10,-2.5,202.8509453,53.38,610.75
732400,611.5,613,1.8,10,-2.5,203.1516869,53.38,612.25
732500,611.5,613,1.8,10,-2.5,202.8745022,53.38,612.25
732600,610,611.5,1.8,10,-2.5,202.9250956,53.37,610.75
732700,610,611.5,1.8,10,-2.5,203.0550693,53.36,610.75
732800,607.5,609,1.8,10,-2.5,202.9189571,53.36,608.25
732900,604,605.5,1.8,10,-2.5,202.7392665,53.36,604.75
733000,603,604.5,1.8,10,-2.5,202.6924374,53.35,603.75
733100,603,605,1.8,10,-2.5,202.3442445,53.34,604
733200,603,604.5,1.8,10,-2.5,202.2756892,53.34,603.75
733300,604.5,606,1.8,10,-2.5,202.1482548,53.34,605.25
733400,603,604.5,1.8,10,-2.5,202.339484,53.33,603.75
733500,605.5,607,1.8,10,-2.5,202.7615466,53.32,606.25
733600,601.5,603,1.8,10,-2.5,202.5185085,53.32,602.25
733700,602,603.5,1.8,10,-2.5,202.525352,53.32,602.75
733800,601.5,603,1.8,10,-2.5,202.5336598,53.31,602.25
733900,605,606.5,1.8,10,-2.5,202.6150075,53.3,605.75
734000,608,609.5,1.8,10,-2.5,202.6411186,53.3,608.75
734100,608,610,1.8,10,-2.5,202.4545368,53.3,609
734200,609,610.5,1.8,10,-2.5,202.5491001,53.29,609.75
734300,607,608.5,1.8,10,-2.5,202.6301617,53.28,607.75
734400,609,610.5,1.8,10,-2.5,202.4973152,53.28,609.75
734500,608,609.5,1.8,10,-2.5,202.5666125,53.28,608.75
734600,608,609.5,1.8,10,-2.5,202.3677256,53.27,608.75
734700,606.5,608,1.8,10,-2.5,202.2693789,53.26,607.25
734800,604.5,606,1.8,10,-2.5,202.2332059,53.26,605.25
734900,607.5,609,1.8,10,-2.5,202.2620479,53.26,608.25
735000,611,612.5,1.8,10,-2.5,202.2619407,53.25,611.75
735100,607,608.5,1.8,10,-2.5,202.0051145,53.24,607.75
735200,606.5,608.5,1.8,10,-2.5,202.0602616,53.24,607.5
735300,604.5,606,1.8,10,-2.5,201.9898205,53.24,605.25
735400,599,600.5,1.8,10,-2.5,201.6937624,53.23,599.75
735500,597.5,599,1.8,10,-2.5,201.4087705,53.22,598.25
735600,599.5,601,1.8,10,-2.5,201.7501054,53.22,600.25
735700,601,602.5,1.8,10,-2.5,201.7059405,53.22,601.75
735800,600,601.5,1.8,10,-2.5,201.3492212,53.21,600.75
735900,596,597.5,1.8,10,-2.5,201.2996912,53.2,596.75
736000,596.5,598,1.8,10,-2.5,200.8812837,53.2,597.25
736100,595.5,597,1.8,10,-2.5,200.6127311,53.2,596.25
736200,597,598.5,1.8,10,-2.5,200.691903,53.19,597.75
736300,596.5,598,1.8,10,-2.5,200.5763717,53.18,597.25
736400,597,598.5,1.8,10,-2.5,200.2196527,53.18,597.75
736500,597,598.5,1.8,10,-2.5,200.2255335,53.18,597.75
736600,593.5,595,1.8,10,-2.5,200.1471425,53.17,594.25
736700,596,597.5,1.8,10,-2.5,200.5577637,53.16,596.75
736800,592.5,594,1.8,10,-2.5,200.3834875,53.16,593.25
736900,592.5,594,1.8,10,-2.5,200.5637354,53.16,593.25
737000,587.5,589,1.8,10,-2.5,200.5297102,53.15,588.25
737100,587,588.5,1.8,10,-2.5,200.5933091,53.14,587.75
737200,584.5,586,1.8,10,-2.5,200.5392119,53.14,585.25
737300,588,589.5,1.8,10,-2.5,200.6849197,53.14,588.75
737400,589.5,591,1.8,10,-2.5,201.0413688,53.13,590.25
737500,594,595.5,1.8,10,-2.5,201.2557356,53.12,594.75
737600,595,596.5,1.8,10,-2.5,201.5323124,53.12,595.75
737700,600,601.5,1.8,10,-2.5,201.7096505,53.12,600.75
737800,597.5,599,1.8,10,-2.5,201.5330427,53.11,598.25
737900,598,599.5,1.8,10,-2.5,201.6721606,53.1,598.75
738000,598,599.5,1.8,10,-2.5,201.707018,53.1,598.75
738100,600.5,602,1.8,10,-2.5,201.6709889,53.1,601.25
738200,602.5,604,1.8,10,-2.5,201.8732156,53.09,603.25
738300,597.5,599,1.8,10,-2.5,201.7621829,53.08,598.25
738400,600.5,602,1.8,10,-2.5,201.7852159,53.08,601.25
738500,600.5,602,1.8,10,-2.5,201.9177957,53.08,601.25
738600,603,604.5,1.8,10,-2.5,202.0242224,53.07,603.75
738700,611,612.5,1.8,10,-2.5,202.3987266,53.06,611.75
738800,610.5,612,1.8,10,-2.5,202.3633899,53.06,611.25
738900,612.5,614,1.8,10,-2.5,202.300751,53.06,613.25
739000,617.5,619,1.8,10,-2.5,202.4119653,53.05,618.25
739100,615,616.5,1.8,10,-2.5,201.9835444,53.04,615.75
739200,614,615.5,1.8,10,-2.5,201.6152696,53.04,614.75
739300,608.5,610,1.8,10,-2.5,201.1939914,53.04,609.25
739400,606.5,608,1.8,10,-2.5,201.3738838,53.03,607.25
739500,606.5,608,1.8,10,-2.5,201.4698408,53.02,607.25
739600,606,608,1.8,10,-2.5,201.0997653,53.02,607
739700,603.5,605,1.8,10,-2.5,200.8278412,53.02,604.25
739800,605,606.5,1.8,10,-2.5,200.9234665,53.01,605.75
739900,607,608.5,1.8,10,-2.5,201.0586205,53,607.75
740000,605.5,607,1.8,10,-2.5,200.915815,53,606.25
740100,605.5,607.5,1.8,10,-2.5,201.0104308,53,606.5
740200,603.5,605,1.8,10,-2.5,200.6444298,52.99,604.25
740300,603.5,605,1.8,10,-2.5,200.6923169,52.98,604.25
740400,601.5,603,1.8,10,-2.5,200.5843483,52.98,602.25
740500,602,603.5,1.8,10,-2.5,200.7024605,52.98,602.75
740600,599.5,601,1.8,10,-2.5,200.6457371,52.97,600.25
740700,601,602.5,1.8,10,-2.5,200.6133996,52.96,601.75
740800,599,600.5,1.8,10,-2.5,200.2948437,52.96,599.75
740900,597.5,599,1.8,10,-2.5,200.2312369,52.96,598.25
741000,598.5,600,1.8,10,-2.5,200.3921015,52.95,599.25
741100,595,596.5,1.8,10,-2.5,200.0612945,52.94,595.75
741200,594.5,596.5,1.8,10,-2.5,199.9053528,52.94,595.5
741300,592.5,594,1.8,10,-2.5,199.9132123,52.94,593.25
741400,590,591.5,1.8,10,-2.5,199.9006464,52.93,590.75
741500,593.5,595,1.8,10,-2.5,200.3419745,52.92,594.25
741600,597.5,599,1.8,10,-2.5,200.4545565,52.92,598.25
741700,594.5,596,1.8,10,-2.5,200.4095588,52.92,595.25
741800,595.5,597,1.8,10,-2.5,200.5894943,52.91,596.25
741900,598.5,600,1.8,10,-2.5,200.7838797,52.9,599.25
742000,596,597.5,1.8,10,-2.5,200.7433963,52.9,596.75
742100,597,598.5,1.8,10,-2.5,200.7788356,52.9,597.75
742200,595,596.5,1.8,10,-2.5,200.6649879,52.89,595.75
742300,591,592.5,1.8,10,-2.5,200.3118514,52.88,591.75
742400,593,594.5,1.8,10,-2.5,200.3953512,52.88,593.75
742500,592.5,594,1.8,10,-2.5,200.3394424,52.88,593.25
742600,593,594.5,1.8,10,-2.5,200.4902847,52.87,593.75
742700,593,594.5,1.8,10,-2.5,200.3366276,52.86,593.75
742800,596,597.5,1.8,10,-2.5,200.4782569,52.86,596.75
742900,594,595.5,1.8,10,-2.5,200.3606493,52.86,594.75
743000,593.5,595,1.8,10,-2.5,200.3983318,52.85,594.25
743100,595.5,597,1.8,10,-2.5,200.5091434,52.84,596.25
743200,600.5,602,1.8,10,-2.5,200.6713064,52.84,601.25
743300,601.5,603,1.8,10,-2.5,200.8402234,52.84,602.25
743400,600.5,602,1.8,10,-2.5,200.8947037,52.83,601.25
743500,597.5,599,1.8,10,-2.5,200.8687623,52.82,598.25
743600,597.5,599.5,1.8,10,-2.5,200.9329174,52.82,598.5
743700,598.5,600,1.8,10,-2.5,200.8225719,52.82,599.25
743800,597.5,599,1.8,10,-2.5,200.5973372,52.81,598.25
743900,600,601.5,1.8,10,-2.5,200.6391015,52.8,600.75
744000,600.5,602,1.8,10,-2.5,200.6673274,52.8,601.25
744100,598,599.5,1.8,10,-2.5,200.5752178,52.8,598.75
744200,597,598.5,1.8,10,-2.5,200.3297906,52.79,597.75
744300,596,597.5,1.8,10,-2.5,200.0347647,52.78,596.75
744400,594.5,596,1.8,10,-2.5,200.0543951,52.78,595.25
744500,593.5,595,1.8,10,-2.5,199.9751507,52.78,594.25
744600,594.5,596,1.8,10,-2.5,199.6876385,52.77,595.25
744700,593,594.5,1.8,10,-2.5,199.5941891,52.76,593.75
744800,594.5,596,1.8,10,-2.5,199.7746759,52.76,595.25
744900,599,600.5,1.8,10,-2.5,199.991063,52.76,599.75
745000,599.5,601,1.8,10,-2.5,199.9157708,52.75,600.25
745100,598,599.5,1.8,10,-2.5,199.7544074,52.74,598.75
745200,594,595.5,1.8,10,-2.5,199.686239,52.74,594.75
745300,595,596.5,1.8,10,-2.5,199.7726808,52.74,595.75
745400,589,590.5,1.8,10,-2.5,199.6583409,52.73,589.75
745500,587.5,589,1.8,10,-2.5,199.5694122,52.72,588.25
745600,587,588.5,1.8,10,-2.5,199.3718708,52.72,587.75
745700,587,589,1.8,10,-2.5,199.3997229,52.72,588
745800,586,587.5,1.8,10,-2.5,199.1288213,52.71,586.75
745900,587.5,589,1.8,10,-2.5,199.4778094,52.7,588.25
746000,589.5,591,1.8,10,-2.5,199.7806678,52.7,590.25
746100,591.5,593,1.8,10,-2.5,199.8771287,52.7,592.25
746200,588,589.5,1.8,10,-2.5,199.6217535,52.69,588.75
746300,582,583.5,1.8,10,-2.5,199.3693809,52.68,582.75
746400,581.5,583,1.8,10,-2.5,199.0515432,52.68,582.25
746500,583.5,585,1.8,10,-2.5,199.0538523,52.68,584.25
746600,585,586.5,1.8,10,-2.5,198.8552601,52.67,585.75
746700,586,587.5,1.8,10,-2.5,198.9868078,52.66,586.75
746800,580.5,582,1.8,10,-2.5,198.6912063,52.66,581.25
746900,582.5,584,1.8,10,-2.5,198.6486921,52.66,583.25
747000,583,584.5,1.8,10,-2.5,198.6203512,52.65,583.75
747100,587.5,589,1.8,10,-2.5,198.8318902,52.64,588.25
747200,588.5,590,1.8,10,-2.5,199.022665,52.64,589.25
747300,590.5,592,1.8,10,-2.5,199.2924068,52.64,591.25
747400,589,590.5,1.8,10,-2.5,199.0315683,52.63,589.75
747500,589,590.5,1.8,10,-2.5,198.9702507,52.62,589.75
747600,587.5,589,1.8,10,-2.5,198.9342618,52.62,588.25
747700,589,590.5,1.8,10,-2.5,198.9710108,52.62,589.75
747800,588,589.5,1.8,10,-2.5,198.8987554,52.61,588.75
747900,587,588.5,1.8,10,-2.5,198.8484134,52.6,587.75
748000,587,588.5,1.8,10,-2.5,198.9362957,52.6,587.75
748100,583,584.5,1.8,10,-2.5,198.6967316,52.6,583.75
748200,586,587.5,1.8,10,-2.5,198.7305173,52.59,586.75
748300,590,591.5,1.8,10,-2.5,199.3016269,52.58,590.75
748400,591,592.5,1.8,10,-2.5,199.6578683,52.58,591.75
748500,588.5,590,1.8,10,-2.5,199.5624493,52.58,589.25
748600,592.5,594,1.8,10,-2.5,199.6844709,52.57,593.25
748700,593,594.5,1.8,10,-2.5,200.1218701,52.56,593.75
748800,589,590.5,1.8,10,-2.5,199.8204216,52.56,589.75
748900,587,588.5,1.8,10,-2.5,199.9712365,52.56,587.75
749000,584.5,586,1.8,10,-2.5,199.7986368,52.55,585.25
749100,582.5,584,1.8,10,-2.5,199.5322347,52.54,583.25
749200,584.5,586,1.8,10,-2.5,199.6752443,52.54,585.25
749300,587.5,589,1.8,10,-2.5,199.8015186,52.54,588.25
749400,588.5,590,1.8,10,-2.5,199.9781114,52.53,589.25
749500,587.5,589,1.8,10,-2.5,200.1850197,52.52,588.25
749600,588.5,590,1.8,10,-2.5,200.2842637,52.52,589.25
749700,590,591.5,1.8,10,-2.5,200.3805577,52.52,590.75
749800,592,593.5,1.8,10,-2.5,200.6363329,52.51,592.75
749900,588,589.5,1.8,10,-2.5,200.2476629,52.5,588.75
750000,585,586.5,1.8,10,-2.5,200.1746114,52.5,585.75
750100,590,591.5,1.8,10,-2.5,200.2345576,52.5,590.75
750200,587.5,589,1.8,10,-2.5,200.021263,52.49,588.25
750300,588.5,590,1.8,10,-2.5,200.1808837,52.48,589.25
750400,591,592.5,1.8,10,-2.5,200.4949227,52.48,591.75
750500,591,593,1.8,10,-2.5,200.3850377,52.48,592
750600,593,594.5,1.8,10,-2.5,200.2778852,52.47,593.75
750700,592.5,594,1.8,10,-2.5,200.0718495,52.46,593.25
750800,590,591.5,1.8,10,-2.5,200.0486521,52.46,590.75
750900,589,590.5,1.8,10,-2.5,199.9410601,52.46,589.75
751000,586,587.5,1.8,10,-2.5,199.7352786,52.45,586.75
751100,587.5,589,1.8,10,-2.5,199.8560964,52.44,588.25
751200,588,589.5,1.8,10,-2.5,200.0970444,52.44,588.75
751300,585,586.5,1.8,10,-2.5,200.0269449,52.44,585.75
751400,584.5,586,1.8,10,-2.5,199.9529792,52.43,585.25
751500,585.5,587,1.8,10,-2.5,200.3079773,52.42,586.25
751600,584.5,586,1.8,10,-2.5,200.3350313,52.42,585.25
751700,590.5,592,1.8,10,-2.5,200.7600133,52.42,591.25
751800,592.5,594,1.8,10,-2.5,201.0280944,52.41,593.25
751900,597,598.5,1.8,10,-2.5,201.224037,52.4,597.75
752000,599,600.5,1.8,10,-2.5,201.3271284,52.4,599.75
752100,599.5,601,1.8,10,-2.5,201.6364903,52.4,600.25
752200,600.5,602,1.8,10,-2.5,201.7217843,52.39,601.25
752300,604.5,606,1.8,10,-2.5,202.0138877,52.38,605.25
752400,602.5,604,1.8,10,-2.5,202.0438524,52.38,603.25
752500,604,605.5,1.9,10,-2.5,201.8362208,52.38,604.75
752600,607.5,609,1.9,10,-2.5,201.8361205,52.37,608.25
752700,614,615.5,1.9,10,-2.5,201.9996321,52.36,614.75
752800,613,614.5,1.9,10,-2.5,201.9716819,52.36,613.75
752900,611.5,613,1.9,10,-2.5,201.8878161,52.36,612.25
753000,613,614.5,1.9,10,-2.5,201.8775751,52.35,613.75
753100,613,614.5,1.9,10,-2.5,201.8970514,52.34,613.75
753200,611.5,613,1.9,10,-2.5,201.6019834,52.34,612.25
753300,608.5,610,1.9,10,-2.5,201.5069593,52.34,609.25
753400,606.5,608,1.9,10,-2.5,201.2096719,52.33,607.25
753500,612,613.5,1.9,10,-2.5,201.8052427,52.32,612.75
753600,613.5,615,1.9,10,-2.5,201.8208811,52.32,614.25
753700,610,611.5,1.9,10,-2.5,201.8023378,52.32,610.75
753800,613,614.5,1.9,10,-2.5,202.072174,52.31,613.75
753900,609.5,611,1.9,10,-2.5,201.784744,52.3,610.25
754000,611,612.5,1.9,10,-2.5,201.8837806,52.3,611.75
754100,608,609.5,1.9,10,-2.5,201.5973743,52.3,608.75
754200,607.5,609,1.9,10,-2.5,201.6838546,52.29,608.25
754300,608,609.5,1.9,10,-2.5,201.5750623,52.28,608.75
754400,613,614.5,1.9,10,-2.5,201.8432324,52.28,613.75
754500,610.5,612,1.9,10,-2.5,201.7112402,52.28,611.25
754600,608,609.5,1.9,10,-2.5,201.6071648,52.27,608.75
754700,605.5,607,1.9,10,-2.5,201.5296912,52.26,606.25
754800,600.5,602,1.9,10,-2.5,201.1434873,52.26,601.25
754900,600.5,602,1.9,10,-2.5,201.0010022,52.26,601.25
755000,601,602.5,1.9,10,-2.5,201.1643587,52.25,601.75
755100,602.5,604,1.9,10,-2.5,201.2408331,52.24,603.25
755200,606.5,608,1.9,10,-2.5,201.413979,52.24,607.25
755300,609,610.5,1.9,10,-2.5,201.471484,52.24,609.75
755400,608,609.5,1.9,10,-2.5,201.2112713,52.23,608.75
755500,607.5,609,1.9,10,-2.5,201.1264779,52.22,608.25
755600,607.5,609,1.9,10,-2.5,201.0729263,52.22,608.25
755700,601.5,603,1.9,10,-2.5,200.917949,52.22,602.25
755800,602,603.5,1.9,10,-2.5,200.8092152,52.21,602.75
755900,605.5,607,1.9,10,-2.5,200.9189396,52.2,606.25
756000,607.5,609,1.9,10,-2.5,200.8111235,52.2,608.25
756100,605,606.5,1.9,10,-2.5,200.5448337,52.2,605.75
756200,603.5,605,1.9,10,-2.5,200.2525479,52.19,604.25
756300,605.5,607,1.9,10,-2.5,200.316381,52.18,606.25
756400,604.5,606,1.9,10,-2.5,200.3070341,52.18,605.25
756500,609,610.5,1.9,10,-2.5,200.6581011,52.18,609.75
756600,611,612.5,1.9,10,-2.5,200.7459071,52.17,611.75
756700,611.5,613,1.9,10,-2.5,200.9095116,52.16,612.25
756800,615,616.5,1.9,10,-2.5,200.9261646,52.16,615.75
756900,614,615.5,1.9,10,-2.5,200.7482826,52.16,614.75
757000,614.5,616,1.9,10,-2.5,201.0706841,52.15,615.25
757100,616.5,618,1.9,10,-2.5,201.1284311,52.14,617.25
757200,619,620.5,1.9,10,-2.5,201.2946644,52.14,619.75
757300,615,616.5,1.9,10,-2.5,201.16933,52.14,615.75
757400,617.5,619,1.9,10,-2.5,201.179104,52.13,618.25
757500,621,622.5,1.9,10,-2.5,201.3527541,52.12,621.75
757600,617,618.5,1.9,10,-2.5,201.350677,52.12,617.75
757700,614.5,616,1.9,10,-2.5,200.8396803,52.12,615.25
757800,617.5,619,1.9,10,-2.5,201.0654315,52.11,618.25
757900,613,614.5,1.9,10,-2.5,200.7576465,52.1,613.75
758000,612,613.5,1.9,10,-2.5,200.6998253,52.1,612.75
758100,611.5,613,1.9,10,-2.5,200.9323448,52.1,612.25
758200,605.5,607,1.9,10,-2.5,200.8085668,52.09,606.25
758300,602,603.5,1.9,10,-2.5,200.6175487,52.08,602.75
758400,603.5,605,1.9,10,-2.5,200.6369091,52.08,604.25
758500,601,602.5,1.9,10,-2.5,200.6175137,52.08,601.75
758600,597,598.5,1.9,10,-2.5,200.475463,52.07,597.75
758700,598.5,600,1.9,10,-2.5,200.8487714,52.06,599.25
758800,597.5,599,1.9,10,-2.5,200.763193,52.06,598.25
758900,597.5,599,1.9,10,-2.5,200.7980657,52.06,598.25
759000,594.5,596,1.9,10,-2.5,200.6497291,52.05,595.25
759100,597.5,599,1.9,10,-2.5,200.6742346,52.04,598.25
759200,600.5,602,1.9,10,-2.5,200.9439384,52.04,601.25
759300,599.5,601,1.9,10,-2.5,201.2415683,52.04,600.25
759400,603.5,605,1.9,10,-2.5,201.4414864,52.03,604.25
759500,603,604.5,1.9,10,-2.5,201.2515862,52.02,603.75
759600,603,604.5,1.9,10,-2.5,201.3131717,52.02,603.75
759700,606,607.5,1.9,10,-2.5,201.4787856,52.02,606.75
759800,607,608.5,1.9,10,-2.5,201.5552972,52.01,607.75
759900,608.5,610,1.9,10,-2.5,201.6203696,52,609.25
760000,608.5,610,1.9,10,-2.5,201.5751829,52,609.25
760100,608,609.5,1.9,10,-2.5,201.5473659,52,608.75
760200,609,610.5,1.9,10,-2.5,201.5129702,51.99,609.75
760300,610.5,612,1.9,10,-2.5,201.5841027,51.98,611.25
760400,611.5,613,1.9,10,-2.5,201.6944683,51.98,612.25
760500,610.5,612,1.9,10,-2.5,201.8229125,51.98,611.25
760600,611,612.5,1.9,10,-2.5,201.862461,51.97,611.75
760700,610.5,612,1.9,10,-2.5,201.7400224,51.96,611.25
760800,614.5,616,1.9,10,-2.5,202.0976485,51.96,615.25
760900,613,614.5,1.9,10,-2.5,201.8496544,51.96,613.75
761000,608.5,610,1.9,10,-2.5,201.8436525,51.95,609.25
761100,609.5,611,1.9,10,-2.5,201.8665374,51.94,610.25
761200,606,607.5,1.9,10,-2.5,201.7674192,51.94,606.75
761300,607.5,609,1.9,10,-2.5,201.5095982,51.94,608.25
761400,603.5,605,1.9,10,-2.5,201.5471077,51.93,604.25
761500,601.5,603,1.9,10,-2.5,201.0989338,51.92,602.25
761600,605,606.5,1.9,10,-2.5,201.347971,51.92,605.75
761700,606,607.5,1.9,10,-2.5,201.3860088,51.92,606.75
761800,607.5,609,1.9,10,-2.5,201.376984,51.91,608.25
761900,605.5,607,1.9,10,-2.5,201.2842127,51.9,606.25
762000,607.5,609,1.9,10,-2.5,201.6382141,51.9,608.25
762100,606,607.5,1.9,10,-2.5,201.6241034,51.9,606.75
762200,610,611.5,1.9,10,-2.5,201.9774649,51.89,610.75
762300,607,608.5,1.9,10,-2.5,201.7490063,51.88,607.75
762400,604,605.5,1.9,10,-2.5,201.5693402,51.88,604.75
762500,606,607.5,1.9,10,-2.5,201.7973295,51.88,606.75
762600,607.5,609,1.9,10,-2.5,201.6561159,51.87,608.25
762700,605.5,607,1.9,10,-2.5,201.4896104,51.86,606.25
762800,609.5,611,1.9,10,-2.5,201.579298,51.86,610.25
762900,614,615.5,1.9,10,-2.5,202.0665166,51.86,614.75
763000,613,614.5,1.9,10,-2.5,201.9439343,51.85,613.75
763100,612.5,614.5,1.9,10,-2.5,201.9451139,51.84,613.5
763200,612.5,614,1.9,10,-2.5,201.8171772,51.84,613.25
763300,618,619.5,1.9,10,-2.5,201.8915112,51.84,618.75
763400,615,616.5,1.9,10,-2.5,201.3382161,51.83,615.75
763500,613,614.5,1.9,10,-2.5,201.305951,51.82,613.75
763600,609,610.5,1.9,10,-2.5,200.8857561,51.82,609.75
763700,612,613.5,1.9,10,-2.5,200.8977994,51.82,612.75
763800,617,618.5,1.9,10,-2.5,201.0547735,51.81,617.75
763900,614,615.5,1.9,10,-2.5,200.9120941,51.8,614.75
764000,614.5,616,1.9,10,-2.5,200.5896402,51.8,615.25
764100,615,616.5,1.9,10,-2.5,200.5808393,51.8,615.75
764200,614,615.5,1.9,10,-2.5,200.3819905,51.79,614.75
764300,616.5,618,1.9,10,-2.5,200.6170811,51.78,617.25
764400,617.5,619,1.9,10,-2.5,200.7075798,51.78,618.25
764500,621,622.5,1.9,10,-2.5,200.8582696,51.78,621.75
764600,618.5,620,1.9,10,-2.5,200.7962054,51.77,619.25
764700,619.5,621,1.9,10,-2.5,200.8055875,51.76,620.25
764800,616.5,618,1.9,10,-2.5,200.6503836,51.76,617.25
764900,618.5,620,1.9,10,-2.5,200.6783313,51.76,619.25
765000,618.5,620,1.9,10,-2.5,200.7985047,51.75,619.25
765100,621,622.5,1.9,10,-2.5,200.9968622,51.74,621.75
765200,620,621.5,1.9,10,-2.5,200.7463965,51.74,620.75
765300,616.5,618,1.9,10,-2.5,200.6686493,51.74,617.25
765400,618,619.5,1.9,10,-2.5,200.6847837,51.73,618.75
765500,615,616.5,1.9,10,-2.5,200.5142764,51.72,615.75
765600,615.5,617,1.9,10,-2.5,200.6314218,51.72,616.25
765700,616,617.5,1.9,10,-2.5,200.6472478,51.72,616.75
765800,614,615.5,1.9,10,-2.5,200.5526209,51.71,614.75
765900,613.5,615.5,1.9,10,-2.5,200.6398751,51.7,614.5
766000,612.5,614,1.9,10,-2.5,200.6899645,51.7,613.25
766100,612,614,1.9,10,-2.5,201.2010711,51.7,613
766200,608.5,610,1.9,10,-2.5,200.8134987,51.69,609.25
766300,609.5,611,1.9,10,-2.5,200.9011576,51.68,610.25
766400,610,611.5,1.9,10,-2.5,200.9462943,51.68,610.75
766500,606.5,608,1.9,10,-2.5,200.8166194,51.68,607.25
766600,609,610.5,1.9,10,-2.5,200.8264985,51.67,609.75
766700,610.5,612,1.9,10,-2.5,201.3119781,51.66,611.25
766800,609.5,611,1.9,10,-2.5,201.1080646,51.66,610.25
766900,605.5,607,1.9,10,-2.5,200.784089,51.66,606.25
767000,604.5,606,1.9,10,-2.5,200.6739113,51.65,605.25
767100,601.5,603,1.9,10,-2.5,200.5956541,51.64,602.25
767200,597.5,599,1.9,10,-2.5,200.4528465,51.64,598.25
767300,599.5,601,1.9,10,-2.5,200.4760826,51.64,600.25
767400,599,600.5,1.9,10,-2.5,200.0624172,51.63,599.75
767500,598.5,600,1.9,10,-2.5,199.8642281,51.62,599.25
767600,595,596.5,1.9,10,-2.5,199.6176108,51.62,595.75
767700,592,593.5,1.9,10,-2.5,199.4062026,51.62,592.75
767800,594.5,596,1.9,10,-2.5,199.6096314,51.61,595.25
767900,593.5,595,1.9,10,-2.5,199.5237426,51.6,594.25
768000,592,593.5,1.9,10,-2.5,199.4667739,51.6,592.75
768100,590,591.5,1.9,10,-2.5,199.4547607,51.6,590.75
768200,588,589.5,1.9,10,-2.5,199.3284182,51.59,588.75
768300,588.5,590,1.9,10,-2.5,199.3045393,51.58,589.25
768400,589.5,591,1.9,10,-2.5,199.224674,51.58,590.25
768500,590.5,592,1.9,10,-2.5,199.3838526,51.58,591.25
768600,589.5,591,1.9,10,-2.5,199.6685991,51.57,590.25
768700,587,588.5,1.9,10,-2.5,199.3964831,51.56,587.75
768800,581.5,583,1.9,10,-2.5,198.789455,51.56,582.25
768900,584.5,586,1.9,10,-2.5,199.3008362,51.56,585.25
769000,584.5,586,1.9,10,-2.5,199.2959675,51.55,585.25
769100,581.5,583,1.9,10,-2.5,199.0670691,51.54,582.25
769200,578,579.5,1.9,10,-2.5,199.007836,51.54,578.75
769300,576.5,578,1.9,10,-2.5,198.8631837,51.54,577.25
769400,576.5,578.5,1.9,10,-2.5,198.5677763,51.53,577.5
769500,578.5,580,1.9,10,-2.5,199.0295901,51.52,579.25
769600,577.5,579,1.9,10,-2.5,199.0660715,51.52,578.25
769700,574,575.5,1.9,10,-2.5,199.0571656,51.52,574.75
769800,576.5,578,1.9,10,-2.5,199.1564123,51.51,577.25
769900,576,578,1.9,10,-2.5,199.0969681,51.5,577
770000,577,578.5,1.9,10,-2.5,199.114531,51.5,577.75
770100,578.5,580,1.9,10,-2.5,199.1054117,51.5,579.25
770200,578,579.5,1.9,10,-2.5,199.2786276,51.49,578.75
770300,577.5,579,1.9,10,-2.5,199.192611,51.48,578.25
770400,578,579.5,1.9,10,-2.5,199.468773,51.48,578.75
770500,579.5,581,1.9,10,-2.5,199.3749889,51.48,580.25
770600,581.5,583,1.9,10,-2.5,199.3934871,51.47,582.25
770700,581.5,583,1.9,10,-2.5,199.2568746,51.46,582.25
770800,581,583,1.9,10,-2.5,199.2497447,51.46,582
770900,579,580.5,1.9,10,-2.5,198.9020786,51.46,579.75
771000,578,579.5,1.9,10,-2.5,198.8400367,51.45,578.75
771100,575.5,577,1.9,10,-2.5,198.5039433,51.44,576.25
771200,575,576.5,1.9,10,-2.5,198.3693931,51.44,575.75
771300,576.5,578,1.9,10,-2.5,198.4151005,51.44,577.25
771400,577.5,579,1.9,10,-2.5,198.5593831,51.43,578.25
771500,576.5,578,1.9,10,-2.5,198.3062045,51.42,577.25
771600,570,571.5,1.9,10,-2.5,198.2098775,51.42,570.75
771700,573.5,575,1.9,10,-2.5,198.5788181,51.42,574.25
771800,570.5,572,1.9,10,-2.5,198.2119237,51.41,571.25
771900,572,573.5,1.9,10,-2.5,198.3302219,51.4,572.75
772000,574,575.5,1.9,10,-2.5,198.3779357,51.4,574.75
772100,574,575.5,1.9,10,-2.5,198.3261247,51.4,574.75
772200,572,573.5,1.9,10,-2.5,198.3453193,51.39,572.75
772300,573.5,575,1.9,10,-2.5,198.3913312,51.38,574.25
772400,574.5,576,1.9,10,-2.5,198.3975098,51.38,575.25
772500,574.5,576,1.9,10,-2.5,198.1387503,51.38,575.25
772600,578.5,580,1.9,10,-2.5,198.2979401,51.37,579.25
772700,578,579.5,1.9,10,-2.5,198.1781734,51.36,578.75
772800,574.5,576,1.9,10,-2.5,197.9496285,51.36,575.25
772900,573,574.5,1.9,10,-2.5,197.8446716,51.36,573.75
773000,569.5,571,1.9,10,-2.5,197.7354217,51.35,570.25
773100,568,569.5,1.9,10,-2.5,197.7520022,51.34,568.75
773200,568,569.5,1.9,10,-2.5,197.8089486,51.34,568.75
773300,566.5,568,1.9,10,-2.5,197.7352891,51.34,567.25
773400,564,565.5,1.9,10,-2.5,197.6569397,51.33,564.75
773500,561,562.5,1.9,10,-2.5,197.8107335,51.32,561.75
773600,561.5,563,1.9,10,-2.5,197.9380577,51.32,562.25
773700,562.5,564,1.9,10,-2.5,198.0006201,51.32,563.25
773800,564,565.5,1.9,10,-2.5,198.1913329,51.31,564.75
773900,566,567.5,1.9,10,-2.5,198.2740692,51.3,566.75
774000,568,569.5,1.9,10,-2.5,198.3413882,51.3,568.75
774100,571,572.5,1.9,10,-2.5,198.7729224,51.3,571.75
774200,567.5,569,1.9,10,-2.5,198.7083596,51.29,568.25
774300,570.5,572,1.9,10,-2.5,198.9863234,51.28,571.25
774400,572,573.5,1.9,10,-2.5,199.0453738,51.28,572.75
774500,571,572.5,1.9,10,-2.5,198.8299327,51.28,571.75
774600,572.5,574,1.9,10,-2.5,198.5855161,51.27,573.25
774700,573.5,575,1.9,10,-2.5,198.5713206,51.26,574.25
774800,573,574.5,1.9,10,-2.5,198.5427478,51.26,573.75
774900,573,574.5,1.9,10,-2.5,198.6582295,51.26,573.75
775000,574.5,576,1.9,10,-2.5,198.7962838,51.25,575.25
775100,571,572.5,1.9,10,-2.5,198.6933378,51.24,571.75
775200,576.5,578,1.9,10,-2.5,198.8778168,51.24,577.25
775300,580.5,582,1.9,10,-2.5,198.9761845,51.24,581.25
775400,576.5,578,1.9,10,-2.5,198.6876122,51.23,577.25
775500,574.5,576,1.9,10,-2.5,198.3386174,51.22,575.25
775600,572,573.5,1.9,10,-2.5,198.0698481,51.22,572.75
775700,571.5,573,1.9,10,-2.5,197.8054448,51.22,572.25
775800,573,574.5,1.9,10,-2.5,198.1298408,51.21,573.75
775900,569.5,571,1.9,10,-2.5,198.1288222,51.2,570.25
776000,570.5,572,1.9,10,-2.5,198.4976919,51.2,571.25
776100,568.5,570,1.9,10,-2.5,198.2815116,51.2,569.25
776200,570,571.5,1.9,10,-2.5,198.3055547,51.19,570.75
776300,572.5,574,1.9,10,-2.5,198.4017881,51.18,573.25
776400,571.5,573,1.9,10,-2.5,198.4304932,51.18,572.25
776500,578,579.5,1.9,10,-2.5,198.7050994,51.18,578.75
776600,580,581.5,1.9,10,-2.5,198.6784359,51.17,580.75
776700,578.5,580,1.9,10,-2.5,198.350544,51.16,579.25
776800,575.5,577,1.9,10,-2.5,198.3373729,51.16,576.25
776900,574.5,576,1.9,10,-2.5,198.2886604,51.16,575.25
777000,575,576.5,1.9,10,-2.5,198.4837582,51.15,575.75
777100,573.5,575,1.9,10,-2.5,198.3382265,51.14,574.25
777200,573,574.5,1.9,10,-2.5,198.2369812,51.14,573.75
777300,572.5,574,1.9,10,-2.5,198.1140617,51.14,573.25
777400,570,571.5,1.9,10,-2.5,197.8216333,51.13,570.75
777500,573,574.5,1.9,10,-2.5,197.8397211,51.12,573.75
777600,572,573.5,1.9,10,-2.5,197.696195,51.12,572.75
777700,576,577.5,1.9,10,-2.5,197.7376515,51.12,576.75
777800,580.5,582,1.9,10,-2.5,197.9517887,51.11,581.25
777900,583,584.5,1.9,10,-2.5,197.9513819,51.1,583.75
778000,584.5,586,1.9,10,-2.5,197.4768964,51.1,585.25
778100,585,586.5,1.9,10,-2.5,197.636977,51.1,585.75
778200,584,585.5,1.9,10,-2.5,197.6040299,51.09,584.75
778300,586.5,588,1.9,10,-2.5,197.7179944,51.08,587.25
778400,587.5,589,1.9,10,-2.5,197.7972597,51.08,588.25
778500,588.5,590,1.9,10,-2.5,198.0136635,51.08,589.25
778600,590.5,592,1.9,10,-2.5,198.1622899,51.07,591.25
778700,593,594.5,1.9,10,-2.5,198.1977024,51.06,593.75
778800,593,594.5,1.9,10,-2.5,198.0989782,51.06,593.75
778900,594,595.5,1.9,10,-2.5,198.231233,51.06,594.75
779000,598,599.5,1.9,10,-2.5,198.4639626,51.05,598.75
779100,599,600.5,1.9,10,-2.5,198.5350909,51.04,599.75
779200,597,598.5,1.9,10,-2.5,198.4570357,51.04,597.75
779300,598,599.5,1.9,10,-2.5,198.544735,51.04,598.75
779400,599,600.5,1.9,10,-2.5,198.5544032,51.03,599.75
779500,597,598.5,1.9,10,-2.5,198.1541471,51.02,597.75
779600,596,597.5,1.9,10,-2.5,197.8936556,51.02,596.75
779700,595,596.5,1.9,10,-2.5,197.7330622,51.02,595.75
779800,595.5,597,1.9,10,-2.5,197.891738,51.01,596.25
779900,595,596.5,1.9,10,-2.5,197.9789261,51,595.75
780000,595,597,1.9,10,-2.5,197.7846875,51,596
780100,599.5,601,1.9,10,-2.5,198.0160106,51,600.25
780200,598,599.5,1.9,10,-2.5,197.9795826,50.99,598.75
780300,596.5,598,1.9,10,-2.5,197.7253242,50.98,597.25
780400,596,597.5,1.9,10,-2.5,197.6540233,50.98,596.75
780500,598,599.5,1.9,10,-2.5,197.7312625,50.98,598.75
780600,603.5,605,1.9,10,-2.5,198.3677591,50.97,604.25
780700,608,609.5,1.9,10,-2.5,198.7592333,50.96,608.75
780800,607.5,609,1.9,10,-2.5,198.6923891,50.96,608.25
780900,611,612.5,1.9,10,-2.5,198.7585748,50.96,611.75
781000,612,613.5,1.9,10,-2.5,198.8647004,50.95,612.75
781100,612,614,1.9,10,-2.5,198.8924203,50.94,613
781200,612.5,614,1.9,10,-2.5,198.8566339,50.94,613.25
781300,611.5,613,1.9,10,-2.5,198.7687099,50.94,612.25
781400,610,611.5,1.9,10,-2.5,198.4933181,50.93,610.75
781500,611,612.5,1.9,10,-2.5,198.5121538,50.92,611.75
781600,609.5,611,1.9,10,-2.5,198.4263231,50.92,610.25
781700,611,612.5,1.9,10,-2.5,198.4875148,50.92,611.75
781800,608.5,610,1.9,10,-2.5,198.3755426,50.91,609.25
781900,608.5,610,1.9,10,-2.5,198.4611273,50.9,609.25
782000,608.5,610,1.9,10,-2.5,198.5377679,50.9,609.25
782100,609,610.5,1.9,10,-2.5,198.8882428,50.9,609.75
782200,607,608.5,1.9,10,-2.5,198.8640079,50.89,607.75
782300,612,613.5,1.9,10,-2.5,198.9985384,50.88,612.75
782400,610.5,612,1.9,10,-2.5,198.7213523,50.88,611.25
782500,611,612.5,1.9,10,-2.5,198.9142384,50.88,611.75
782600,612.5,614,1.9,10,-2.5,199.0720646,50.87,613.25
782700,611.5,613,1.9,10,-2.5,199.3087294,50.86,612.25
782800,611.5,613.5,1.9,10,-2.5,199.1181509,50.86,612.5
782900,614.5,616,1.9,10,-2.5,199.241676,50.86,615.25
783000,610,611.5,1.9,10,-2.5,199.1970482,50.85,610.75
783100,608.5,610,1.9,10,-2.5,199.3722925,50.84,609.25
783200,610,611.5,1.9,10,-2.5,199.3072158,50.84,610.75
783300,612.5,614,1.9,10,-2.5,199.429754,50.84,613.25
783400,613.5,615,1.9,10,-2.5,199.8289973,50.83,614.25
783500,612.5,614,1.9,10,-2.5,200.2410853,50.82,613.25
783600,608,609.5,1.9,10,-2.5,200.0699414,50.82,608.75
783700,608,609.5,1.9,10,-2.5,200.097806,50.82,608.75
783800,610.5,612,1.9,10,-2.5,200.1589655,50.81,611.25
783900,610.5,612.5,1.9,10,-2.5,200.2744947,50.8,611.5
784000,608.5,610,1.9,10,-2.5,200.0230692,50.8,609.25
784100,606,607.5,1.9,10,-2.5,199.8380256,50.8,606.75
784200,606.5,608,1.9,10,-2.5,199.8832942,50.79,607.25
784300,610.5,612,1.9,10,-2.5,200.1587439,50.78,611.25
784400,616.5,618,1.9,10,-2.5,200.245697,50.78,617.25
784500,615,616.5,1.9,10,-2.5,200.1288392,50.78,615.75
784600,612.5,614,1.9,10,-2.5,200.159602,50.77,613.25
784700,609,610.5,1.9,10,-2.5,200.2246169,50.76,609.75
784800,609,610.5,1.9,10,-2.5,200.2647188,50.76,609.75
784900,609.5,611,1.9,10,-2.5,200.6741811,50.76,610.25
785000,606,607.5,1.9,10,-2.5,200.6167998,50.75,606.75
785100,608.5,610,1.9,10,-2.5,200.7115812,50.74,609.25
785200,606.5,608,1.9,10,-2.5,200.5939448,50.74,607.25
785300,603.5,605,1.9,10,-2.5,200.2410215,50.74,604.25
785400,604.5,606,1.9,10,-2.5,200.2351525,50.73,605.25
785500,604,606,1.9,10,-2.5,200.5301351,50.72,605
785600,605,606.5,1.9,10,-2.5,200.5155934,50.72,605.75
785700,604,605.5,1.9,10,-2.5,200.4982923,50.72,604.75
785800,608,609.5,1.9,10,-2.5,200.5505126,50.71,608.75
785900,611,612.5,1.9,10,-2.5,200.6693268,50.7,611.75
786000,612,613.5,1.9,10,-2.5,200.9699012,50.7,612.75
786100,617.5,619,1.9,10,-2.5,201.1048452,50.7,618.25
786200,619,620.5,1.9,10,-2.5,201.3321702,50.69,619.75
786300,618,619.5,1.9,10,-2.5,201.2108508,50.68,618.75
786400,618,620,1.9,10,-2.5,201.0814745,50.68,619
786500,619,620.5,1.9,10,-2.5,201.0873904,50.68,619.75
786600,617.5,619,1.9,10,-2.5,201.0045354,50.67,618.25
786700,617,619,1.9,10,-2.5,200.6725155,50.66,618
786800,617.5,619,1.9,10,-2.5,200.9371462,50.66,618.25
786900,617.5,619,1.9,10,-2.5,201.046803,50.66,618.25
787000,617.5,619,1.9,10,-2.5,200.9146722,50.65,618.25
787100,620.5,622,1.9,10,-2.5,201.0030529,50.64,621.25
787200,625.5,627,1.9,10,-2.5,201.1215866,50.64,626.25
787300,626,627.5,1.9,10,-2.5,201.0697783,50.64,626.75
787400,626,627.5,1.9,10,-2.5,201.0193697,50.63,626.75
787500,629.5,631,1.9,10,-2.5,201.1734387,50.62,630.25
787600,632,633.5,1.9,10,-2.5,201.396585,50.62,632.75
787700,634,635.5,1.9,10,-2.5,201.4256324,50.62,634.75
787800,631,632.5,1.9,10,-2.5,201.4197363,50.61,631.75
787900,633.5,635,1.9,10,-2.5,201.5562604,50.6,634.25
788000,637,638.5,1.9,10,-2.5,201.7257877,50.6,637.75
788100,640,641.5,1.9,10,-2.5,201.8567249,50.6,640.75
788200,638.5,640,1.9,10,-2.5,201.8745715,50.59,639.25
788300,636,637.5,1.9,10,-2.5,201.7581909,50.58,636.75
788400,636,637.5,1.9,10,-2.5,201.8503087,50.58,636.75
788500,641.5,643,1.9,10,-2.5,202.216614,50.58,642.25
788600,637,638.5,1.9,10,-2.5,201.8382049,50.57,637.75
788700,633.5,635,1.9,10,-2.5,201.6433704,50.56,634.25
788800,632,633.5,1.9,10,-2.5,201.6913267,50.56,632.75
788900,631,632.5,1.9,10,-2.5,201.6864064,50.56,631.75
789000,629,630.5,1.9,10,-2.5,201.5809616,50.55,629.75
789100,631,632.5,1.9,10,-2.5,201.6832975,50.54,631.75
789200,632.5,634,1.9,10,-2.5,201.7363217,50.54,633.25
789300,633,634.5,1.9,10,-2.5,201.8919022,50.54,633.75
789400,633.5,635,1.9,10,-2.5,202.0883993,50.53,634.25
789500,632,633.5,1.9,10,-2.5,202.0366855,50.52,632.75
789600,630,631.5,1.9,10,-2.5,201.9016417,50.52,630.75
789700,626.5,628,1.9,10,-2.5,201.8847984,50.52,627.25
789800,625.5,627,1.9,10,-2.5,201.6605531,50.51,626.25
789900,628,629.5,1.9,10,-2.5,201.3585601,50.5,628.75
790000,628.5,630,1.9,10,-2.5,201.6165819,50.5,629.25
790100,633,634.5,1.9,10,-2.5,201.8347465,50.5,633.75
790200,632.5,634.5,1.9,10,-2.5,201.5716428,50.49,633.5
790300,628,629.5,1.9,10,-2.5,201.4699942,50.48,628.75
790400,625.5,627,1.9,10,-2.5,200.9993096,50.48,626.25
790500,625,626.5,1.9,10,-2.5,201.0192091,50.48,625.75
790600,627.5,629,1.9,10,-2.5,201.10849,50.47,628.25
790700,625.5,627,1.9,10,-2.5,201.1628556,50.46,626.25
790800,631,632.5,1.9,10,-2.5,201.4001815,50.46,631.75
790900,633,634.5,1.9,10,-2.5,201.4525268,50.46,633.75
791000,636,637.5,1.9,10,-2.5,201.5297172,50.45,636.75
791100,636,638,1.9,10,-2.5,201.2031727,50.44,637
791200,632.5,634,1.9,10,-2.5,200.9861193,50.44,633.25
791300,630.5,632,1.9,10,-2.5,201.0186939,50.44,631.25
791400,631.5,633,1.9,10,-2.5,201.0337488,50.43,632.25
791500,629.5,631,1.9,10,-2.5,200.9120915,50.42,630.25
791600,628,629.5,1.9,10,-2.5,200.8166379,50.42,628.75
791700,626.5,628,1.9,10,-2.5,200.8396326,50.42,627.25
791800,627.5,629,1.9,10,-2.5,200.856935,50.41,628.25
791900,628.5,630,1.9,10,-2.5,200.9666351,50.4,629.25
792000,628.5,630,1.9,10,-2.5,200.8710247,50.4,629.25
792100,634,635.5,1.9,10,-2.5,201.1686936,50.4,634.75
792200,631,632.5,1.9,10,-2.5,200.9438041,50.39,631.75
792300,628.5,630,1.9,10,-2.5,200.8316519,50.38,629.25
792400,630.5,632,1.9,10,-2.5,200.8672578,50.38,631.25
792500,634.5,636,1.9,10,-2.5,201.0066992,50.38,635.25
792600,632.5,634,1.9,10,-2.5,201.0373,50.37,633.25
792700,631,632.5,1.9,10,-2.5,201.043545,50.36,631.75
792800,632,633.5,2,10,-2.5,201.2200408,50.36,632.75
792900,630.5,632,2,10,-2.5,201.074292,50.36,631.25
793000,632,633.5,2,10,-2.5,200.9583141,50.35,632.75
793100,630,631.5,2,10,-2.5,200.7587106,50.34,630.75
793200,630.5,632,2,10,-2.5,200.7929612,50.34,631.25
793300,633,634.5,2,10,-2.5,200.9187862,50.34,633.75
793400,637,638.5,2,10,-2.5,201.0826354,50.33,637.75
793500,633.5,635,2,10,-2.5,200.934968,50.32,634.25
793600,628.5,630,2,10,-2.5,200.7803489,50.32,629.25
793700,629,630.5,2,10,-2.5,200.86395,50.32,629.75
793800,623.5,625,2,10,-2.5,200.5380213,50.31,624.25
793900,621.5,623,2,10,-2.5,200.4717394,50.3,622.25
794000,617.5,619,2,10,-2.5,200.4035977,50.3,618.25
794100,616,617.5,2,10,-2.5,200.4645551,50.3,616.75
794200,609,610.5,2,10,-2.5,200.1689871,50.29,609.75
794300,609,610.5,2,10,-2.5,200.3435088,50.28,609.75
794400,607.5,609,2,10,-2.5,200.3516678,50.28,608.25
794500,608.5,610,2,10,-2.5,200.4470698,50.28,609.25
794600,606.5,608,2,10,-2.5,200.5887321,50.27,607.25
794700,605,606.5,2,10,-2.5,200.6455285,50.26,605.75
794800,607.5,609,2,10,-2.5,200.6936669,50.26,608.25
794900,608,609.5,2,10,-2.5,200.4981276,50.26,608.75
795000,608,609.5,2,10,-2.5,200.5388146,50.25,608.75
795100,610,611.5,2,10,-2.5,200.5965629,50.24,610.75
795200,615.5,617,2,10,-2.5,200.7995292,50.24,616.25
795300,617,618.5,2,10,-2.5,201.1973122,50.24,617.75
795400,616,617.5,2,10,-2.5,201.2461649,50.23,616.75
795500,619.5,621,2,10,-2.5,201.4284804,50.22,620.25
795600,618,619.5,2,10,-2.5,201.3275319,50.22,618.75
795700,618,620,2,10,-2.5,201.4131584,50.22,619
795800,618,619.5,2,10,-2.5,201.407799,50.21,618.75
795900,617.5,619,2,10,-2.5,201.2811171,50.2,618.25
796000,612.5,614,2,10,-2.5,201.0581603,50.2,613.25
796100,608.5,610,2,10,-2.5,200.8768051,50.2,609.25
796200,610,611.5,2,10,-2.5,200.9840113,50.19,610.75
796300,611.5,613,2,10,-2.5,201.1586746,50.18,612.25
796400,611,613,2,10,-2.5,201.1635637,50.18,612
796500,614,615.5,2,10,-2.5,201.3636267,50.18,614.75
796600,614.5,616,2,10,-2.5,201.4257812,50.17,615.25
796700,613,614.5,2,10,-2.5,201.3531368,50.16,613.75
796800,615.5,617,2,10,-2.5,201.4222056,50.16,616.25
796900,612,613.5,2,10,-2.5,201.1925667,50.16,612.75
797000,614,615.5,2,10,-2.5,201.1189603,50.15,614.75
797100,616.5,618,2,10,-2.5,201.4575341,50.14,617.25
797200,616.5,618.5,2,10,-2.5,201.284526,50.14,617.5
797300,616.5,618,2,10,-2.5,201.4833526,50.14,617.25
797400,617.5,619,2,10,-2.5,201.5614993,50.13,618.25
797500,618.5,620,2,10,-2.5,201.4172879,50.12,619.25
797600,617,618.5,2,10,-2.5,201.3111149,50.12,617.75
797700,613,614.5,2,10,-2.5,201.1839592,50.12,613.75
797800,617,618.5,2,10,-2.5,201.4095014,50.11,617.75
797900,620,621.5,2,10,-2.5,201.9353899,50.1,620.75
798000,618.5,620,2,10,-2.5,201.867214,50.1,619.25
798100,618.5,620,2,10,-2.5,202.1540754,50.1,619.25
798200,617.5,619,2,10,-2.5,202.2407282,50.09,618.25
798300,617.5,619,2,10,-2.5,202.3061428,50.08,618.25
798400,618,619.5,2,10,-2.5,202.4342622,50.08,618.75
798500,617.5,619,2,10,-2.5,202.2216114,50.08,618.25
798600,615,616.5,2,10,-2.5,202.0074987,50.07,615.75
798700,612.5,614,2,10,-2.5,201.6924864,50.06,613.25
798800,610.5,612,2,10,-2.5,201.4852029,50.06,611.25
798900,612.5,614,2,10,-2.5,201.7130783,50.06,613.25
799000,614,615.5,2,10,-2.5,201.7005479,50.05,614.75
799100,612,613.5,2,10,-2.5,201.6222465,50.04,612.75
799200,612.5,614,2,10,-2.5,201.5668443,50.04,613.25
799300,614,615.5,2,10,-2.5,201.6746009,50.04,614.75
799400,611.5,613,2,10,-2.5,201.6153008,50.03,612.25
799500,607.5,609,2,10,-2.5,201.3236019,50.02,608.25
799600,608,609.5,2,10,-2.5,201.4546822,50.02,608.75
799700,608.5,610,2,10,-2.5,201.7101734,50.02,609.25
799800,607,608.5,2,10,-2.5,201.4160778,50.01,607.75
799900,609,610.5,2,10,-2.5,201.5654573,50,609.75
800000,604.5,606,2,10,-2.5,201.3222489,50,605.25
800100,607.5,609,2,10,-2.5,201.4896998,50,608.25
800200,607.5,609,2,10,-2.5,201.6021215,50,608.25
800300,604,605.5,2,10,-2.5,201.2424879,50.01,604.75
800400,603.5,605,2,10,-2.5,200.9396472,50.01,604.25
800500,605,606.5,2,10,-2.5,201.0159038,50.01,605.75
800600,602.5,604,2,10,-2.5,200.9679037,50.02,603.25
800700,602,604,2,10,-2.5,200.8813202,50.02,603
800800,600.5,602,2,10,-2.5,200.6124398,50.02,601.25
800900,600,601.5,2,10,-2.5,200.6308136,50.02,600.75
801000,605.5,607,2,10,-2.5,200.8142299,50.02,606.25
801100,607.5,609,2,10,-2.5,200.7205686,50.03,608.25
801200,605,606.5,2,10,-2.5,200.502139,50.03,605.75
801300,606.5,608,2,10,-2.5,200.5035984,50.03,607.25
801400,604.5,606,2,10,-2.5,200.298082,50.04,605.25
801500,603.5,605,2,10,-2.5,200.0506585,50.04,604.25
801600,604,605.5,2,10,-2.5,200.2695058,50.04,604.75
801700,606,607.5,2,10,-2.5,200.2663607,50.04,606.75
801800,608.5,610,2,10,-2.5,200.3109152,50.04,609.25
801900,608,609.5,2,10,-2.5,200.265755,50.05,608.75
802000,612.5,614,2,10,-2.5,200.404558,50.05,613.25
802100,612.5,614,2,10,-2.5,200.3986406,50.05,613.25
802200,610,611.5,2,10,-2.5,200.4185765,50.06,610.75
802300,605.5,607,2,10,-2.5,200.0447245,50.06,606.25
802400,604.5,606,2,10,-2.5,200.0716182,50.06,605.25
802500,607,608.5,2,10,-2.5,200.2727397,50.06,607.75
802600,604.5,606,2,10,-2.5,200.1564448,50.06,605.25
802700,601.5,603,2,10,-2.5,200.0915809,50.07,602.25
802800,598.5,600,2,10,-2.5,199.9159938,50.07,599.25
802900,596,597.5,2,10,-2.5,199.7774167,50.07,596.75
803000,599,600.5,2,10,-2.5,199.9639649,50.08,599.75
803100,601.5,603,2,10,-2.5,200.0668885,50.08,602.25
803200,600,601.5,2,10,-2.5,200.3711868,50.08,600.75
803300,600,601.5,2,10,-2.5,200.1228525,50.08,600.75
803400,600,602,2,10,-2.5,199.8520821,50.08,601
803500,603,604.5,2,10,-2.5,200.0810972,50.09,603.75
803600,604.5,606,2,10,-2.5,200.0419607,50.09,605.25
803700,600,601.5,2,10,-2.5,199.9720853,50.09,600.75
803800,603,604.5,2,10,-2.5,200.0583011,50.1,603.75
803900,596.5,598,2,10,-2.5,200.0224876,50.1,597.25
804000,596.5,598,2,10,-2.5,200.0806692,50.1,597.25
804100,595,596.5,2,10,-2.5,199.8630618,50.1,595.75
804200,598.5,600,2,10,-2.5,199.8654887,50.1,599.25
804300,596.5,598,2,10,-2.5,199.7189039,50.11,597.25
804400,596,597.5,2,10,-2.5,199.6489228,50.11,596.75
804500,592.5,594,2,10,-2.5,199.5172516,50.11,593.25
804600,594,595.5,2,10,-2.5,199.6394105,50.12,594.75
804700,593.5,595,2,10,-2.5,199.5798071,50.12,594.25
804800,596.5,598,2,10,-2.5,199.8154913,50.12,597.25
804900,600,601.5,2,10,-2.5,199.8389419,50.12,600.75
805000,600,601.5,2,10,-2.5,199.831581,50.12,600.75
805100,598,599.5,2,10,-2.5,199.6090113,50.13,598.75
805200,595,596.5,2,10,-2.5,199.4892249,50.13,595.75
805300,597.5,599,2,10,-2.5,199.6721367,50.13,598.25
805400,602,603.5,2,10,-2.5,199.6833573,50.14,602.75
805500,602,603.5,2,10,-2.5,199.7618334,50.14,602.75
805600,597.5,599,2,10,-2.5,199.5522795,50.14,598.25
805700,595.5,597,2,10,-2.5,199.5597418,50.14,596.25
805800,595,596.5,2,10,-2.5,199.4093567,50.14,595.75
805900,596.5,598,2,10,-2.5,199.246701,50.15,597.25
806000,598,599.5,2,10,-2.5,199.2291495,50.15,598.75
806100,597,598.5,2,10,-2.5,199.0241384,50.15,597.75
806200,594,595.5,2,10,-2.5,198.9048322,50.16,594.75
806300,593.5,595.5,2,10,-2.5,198.7585812,50.16,594.5
806400,593.5,595,2,10,-2.5,198.5028677,50.16,594.25
806500,596.5,598,2,10,-2.5,198.6955231,50.16,597.25
806600,593,594.5,2,10,-2.5,198.491726,50.16,593.75
806700,591,592.5,2,10,-2.5,198.3979397,50.17,591.75
806800,590.5,592,2,10,-2.5,198.2722584,50.17,591.25
806900,594,595.5,2,10,-2.5,198.4594819,50.17,594.75
807000,592.5,594,2,10,-2.5,198.274851,50.18,593.25
807100,589,590.5,2,10,-2.5,198.1087485,50.18,589.75
807200,590.5,592,2,10,-2.5,198.2633648,50.18,591.25
807300,592,593.5,2,10,-2.5,198.3860291,50.18,592.75
807400,591.5,593,2,10,-2.5,198.4407964,50.18,592.25
807500,589,590.5,2,10,-2.5,198.1305617,50.19,589.75
807600,589,590.5,2,10,-2.5,198.0988955,50.19,589.75
807700,593,594.5,2,10,-2.5,198.2896225,50.19,593.75
807800,594,595.5,2,10,-2.5,197.9235364,50.2,594.75
807900,595.5,597,2,10,-2.5,198.148203,50.2,596.25
808000,589.5,591,2,10,-2.5,197.8931418,50.2,590.25
808100,588,589.5,2,10,-2.5,197.9839214,50.2,588.75
808200,592,593.5,2,10,-2.5,198.1855609,50.2,592.75
808300,594,595.5,2,10,-2.5,198.4382838,50.21,594.75
808400,589.5,591,2,10,-2.5,197.9945942,50.21,590.25
808500,589.5,591,2,10,-2.5,198.1503046,50.21,590.25
808600,592,593.5,2,10,-2.5,198.181023,50.22,592.75
808700,589,590.5,2,10,-2.5,198.1738889,50.22,589.75
808800,592.5,594,2,10,-2.5,198.3962529,50.22,593.25
808900,596,597.5,2,10,-2.5,198.6394658,50.22,596.75
809000,596,597.5,2,10,-2.5,198.4012127,50.22,596.75
809100,598.5,600,2,10,-2.5,198.6738305,50.23,599.25
809200,596.5,598,2,10,-2.5,198.5474413,50.23,597.25
809300,594.5,596,2,10,-2.5,198.4450107,50.23,595.25
809400,599,600.5,2,10,-2.5,198.482774,50.24,599.75
809500,601,602.5,2,10,-2.5,198.4718065,50.24,601.75
809600,600.5,602,2,10,-2.5,198.5105648,50.24,601.25
809700,600,601.5,2,10,-2.5,198.3639381,50.24,600.75
809800,600,601.5,2,10,-2.5,198.5038975,50.24,600.75
809900,601,602.5,2,10,-2.5,198.4295238,50.25,601.75
810000,603,604.5,2,10,-2.5,198.508638,50.25,603.75
810100,607.5,609,2,10,-2.5,199.010876,50.25,608.25
810200,608.5,610,2,10,-2.5,199.0150317,50.26,609.25
810300,607.5,609,2,10,-2.5,198.9356313,50.26,608.25
810400,604.5,606,2,10,-2.5,198.7217276,50.26,605.25
810500,602,603.5,2,10,-2.5,198.4290643,50.26,602.75
810600,602,603.5,2,10,-2.5,198.4910623,50.26,602.75
810700,600,601.5,2,10,-2.5,198.3400168,50.27,600.75
810800,604.5,606,2,10,-2.5,198.4924186,50.27,605.25
810900,604,605.5,2,10,-2.5,198.3376341,50.27,604.75
811000,604.5,606,2,10,-2.5,198.4764292,50.28,605.25
811100,601,602.5,2,10,-2.5,198.3970366,50.28,601.75
811200,601,602.5,2,10,-2.5,198.3117344,50.28,601.75
811300,601.5,603,2,10,-2.5,198.4839416,50.28,602.25
811400,605.5,607,2,10,-2.5,198.701633,50.28,606.25
811500,605,606.5,2,10,-2.5,198.9069008,50.29,605.75
811600,603,604.5,2,10,-2.5,198.8743138,50.29,603.75
811700,601.5,603,2,10,-2.5,198.769614,50.29,602.25
811800,602,603.5,2,10,-2.5,198.5530762,50.3,602.75
811900,602.5,604,2,10,-2.5,198.7186351,50.3,603.25
812000,604.5,606,2,10,-2.5,198.9249747,50.3,605.25
812100,605,606.5,2,10,-2.5,198.7009671,50.3,605.75
812200,604.5,606,2,10,-2.5,198.6789152,50.3,605.25
812300,602.5,604,2,10,-2.5,198.570288,50.31,603.25
812400,603.5,605,2,10,-2.5,198.7473971,50.31,604.25
812500,605.5,607,2,10,-2.5,198.9125537,50.31,606.25
812600,602.5,604,2,10,-2.5,199.1246335,50.32,603.25
812700,608.5,610,2,10,-2.5,199.4214529,50.32,609.25
812800,607.5,609,2,10,-2.5,199.3937111,50.32,608.25
812900,610.5,612,2,10,-2.5,199.409148,50.32,611.25
813000,614.5,616,2,10,-2.5,199.4686327,50.32,615.25
813100,617,618.5,2,10,-2.5,199.4719788,50.33,617.75
813200,616,617.5,2,10,-2.5,199.2780258,50.33,616.75
813300,619.5,621,2,10,-2.5,199.4245455,50.33,620.25
813400,618.5,620,2,10,-2.5,199.5735999,50.34,619.25
813500,618.5,620,2,10,-2.5,199.5830456,50.34,619.25
813600,615.5,617,2,10,-2.5,199.4958336,50.34,616.25
813700,612,613.5,2,10,-2.5,199.1889879,50.34,612.75
813800,609,610.5,2,10,-2.5,198.8421899,50.34,609.75
813900,605.5,607,2,10,-2.5,198.7144875,50.35,606.25
814000,608.5,610,2,10,-2.5,198.7999786,50.35,609.25
814100,606,607.5,2,10,-2.5,198.7772699,50.35,606.75
814200,608.5,610,2,10,-2.5,198.9013885,50.36,609.25
814300,610,611.5,2,10,-2.5,198.9449254,50.36,610.75
814400,608.5,610,2,10,-2.5,198.5632854,50.36,609.25
814500,608.5,610,2,10,-2.5,198.4902432,50.36,609.25
814600,610,611.5,2,10,-2.5,198.6388465,50.36,610.75
814700,609,610.5,2,10,-2.5,198.6226304,50.37,609.75
814800,611,612.5,2,10,-2.5,198.6661043,50.37,611.75
814900,608.5,610,2,10,-2.5,198.4930794,50.37,609.25
815000,610.5,612,2,10,-2.5,198.7409656,50.38,611.25
815100,611,612.5,2,10,-2.5,198.7017474,50.38,611.75
815200,610.5,612,2,10,-2.5,198.51217,50.38,611.25
815300,609.5,611,2,10,-2.5,198.5067858,50.38,610.25
815400,606.5,608,2,10,-2.5,198.4035882,50.38,607.25
815500,603,604.5,2,10,-2.5,198.2654642,50.39,603.75
815600,603.5,605,2,10,-2.5,198.1793972,50.39,604.25
815700,602,603.5,2,10,-2.5,198.2536242,50.39,602.75
815800,603,604.5,2,10,-2.5,198.3361376,50.4,603.75
815900,603,604.5,2,10,-2.5,198.1121793,50.4,603.75
816000,605,606.5,2,10,-2.5,198.3105384,50.4,605.75
816100,604,605.5,2,10,-2.5,198.2169476,50.4,604.75
816200,602,603.5,2,10,-2.5,198.1888577,50.4,602.75
816300,599,600.5,2,10,-2.5,197.9426896,50.41,599.75
816400,602,603.5,2,10,-2.5,198.2212714,50.41,602.75
816500,596,597.5,2,10,-2.5,198.1092959,50.41,596.75
816600,597.5,599,2,10,-2.5,198.1580105,50.42,598.25
816700,597.5,599,2,10,-2.5,197.9816103,50.42,598.25
816800,597,598.5,2,10,-2.5,197.9942586,50.42,597.75
816900,594,595.5,2,10,-2.5,197.7535874,50.42,594.75
817000,595.5,597,2,10,-2.5,197.9060064,50.42,596.25
817100,597.5,599,2,10,-2.5,198.108017,50.43,598.25
817200,600.5,602,2,10,-2.5,198.2605455,50.43,601.25
817300,605,606.5,1.9,10,-2.5,198.3379952,50.43,605.75
817400,602,603.5,1.9,10,-2.5,198.2816308,50.44,602.75
817500,603,604.5,1.9,10,-2.5,197.9283186,50.44,603.75
817600,603,604.5,1.9,10,-2.5,198.28723,50.44,603.75
817700,605,606.5,1.9,10,-2.5,198.7200601,50.44,605.75
817800,604.5,606.5,1.9,10,-2.5,198.5511915,50.44,605.5
817900,605.5,607,1.9,10,-2.5,198.9490423,50.45,606.25
818000,609,610.5,1.9,10,-2.5,198.9758638,50.45,609.75
818100,606,607.5,1.9,10,-2.5,198.9756036,50.45,606.75
818200,608.5,610,1.9,10,-2.5,198.9339121,50.46,609.25
818300,612,613.5,1.9,10,-2.5,199.021476,50.46,612.75
818400,613.5,615,1.9,10,-2.5,199.0035036,50.46,614.25
818500,615,616.5,1.9,10,-2.5,199.0597788,50.46,615.75
818600,621,622.5,1.9,10,-2.5,199.314042,50.46,621.75
818700,624.5,626,1.9,10,-2.5,199.3406198,50.47,625.25
818800,623,624.5,1.9,10,-2.5,199.4492814,50.47,623.75
818900,621,622.5,1.9,10,-2.5,199.4835542,50.47,621.75
819000,624.5,626,1.9,10,-2.5,199.4235154,50.48,625.25
819100,629,630.5,1.9,10,-2.5,199.837512,50.48,629.75
819200,632,633.5,1.9,10,-2.5,199.9566021,50.48,632.75
819300,628,629.5,1.9,10,-2.5,199.8904718,50.48,628.75
819400,625.5,627,1.9,10,-2.5,199.6290086,50.48,626.25
819500,627.5,629,1.9,10,-2.5,199.7893118,50.49,628.25
819600,625.5,627,1.9,10,-2.5,199.714429,50.49,626.25
819700,625.5,627,1.9,10,-2.5,199.9125609,50.49,626.25
819800,629,630.5,1.9,10,-2.5,199.9829938,50.5,629.75
819900,632,633.5,1.9,10,-2.5,200.2290121,50.5,632.75
820000,631,632.5,1.9,10,-2.5,200.2313058,50.5,631.75
820100,631,632.5,1.9,10,-2.5,200.2370078,50.5,631.75
820200,632,633.5,1.9,10,-2.5,200.3236937,50.5,632.75
820300,632.5,634,1.9,10,-2.5,200.3435321,50.51,633.25
820400,635.5,637,1.9,10,-2.5,200.7276978,50.51,636.25
820500,634.5,636,1.9,10,-2.5,200.8166763,50.51,635.25
820600,634.5,636,1.9,10,-2.5,200.5353608,50.52,635.25
820700,638,639.5,1.9,10,-2.5,200.5866249,50.52,638.75
820800,634,635.5,1.9,10,-2.5,200.4822664,50.52,634.75
820900,637,638.5,1.9,10,-2.5,200.6466053,50.52,637.75
821000,635,636.5,1.9,10,-2.5,200.4305932,50.52,635.75
821100,630.5,632,1.9,10,-2.5,200.1852168,50.53,631.25
821200,626,627.5,1.9,10,-2.5,200.016303,50.53,626.75
821300,627,628.5,1.9,10,-2.5,200.0324769,50.53,627.75
821400,629,630.5,1.9,10,-2.5,200.4161719,50.54,629.75
821500,629,630.5,1.9,10,-2.5,200.3880467,50.54,629.75
821600,629,630.5,1.9,10,-2.5,200.4688333,50.54,629.75
821700,632.5,634,1.9,10,-2.5,200.708762,50.54,633.25
821800,630,631.5,1.9,10,-2.5,200.5473303,50.54,630.75
821900,631.5,633,1.9,10,-2.5,200.7722286,50.55,632.25
822000,632.5,634,1.9,10,-2.5,201.0175259,50.55,633.25
822100,632.5,634,1.9,10,-2.5,201.0096798,50.55,633.25
822200,632,633.5,1.9,10,-2.5,200.8450249,50.56,632.75
822300,631.5,633,1.9,10,-2.5,200.9841746,50.56,632.25
822400,632,633.5,1.9,10,-2.5,200.9343293,50.56,632.75
822500,632.5,634,1.9,10,-2.5,201.105044,50.56,633.25
822600,634,635.5,1.9,10,-2.5,201.2996637,50.56,634.75
822700,637,638.5,1.9,10,-2.5,201.5270587,50.57,637.75
822800,635.5,637,1.9,10,-2.5,201.4162343,50.57,636.25
822900,634.5,636,1.9,10,-2.5,201.3874992,50.57,635.25
823000,632,633.5,1.9,10,-2.5,201.1077429,50.58,632.75
823100,631.5,633,1.9,10,-2.5,201.0940917,50.58,632.25
823200,631,632.5,1.9,10,-2.5,200.7882366,50.58,631.75
823300,632,633.5,1.9,10,-2.5,200.8496664,50.58,632.75
823400,635,636.5,1.9,10,-2.5,201.0873837,50.58,635.75
823500,636.5,638,1.9,10,-2.5,201.415949,50.59,637.25
823600,638,639.5,1.9,10,-2.5,201.4608554,50.59,638.75
823700,640.5,642,1.9,10,-2.5,201.6096341,50.59,641.25
823800,644.5,646,1.9,10,-2.5,201.8088882,50.6,645.25
823900,644.5,646,1.9,10,-2.5,202.1010397,50.6,645.25
824000,645,646.5,1.9,10,-2.5,202.1072562,50.6,645.75
824100,642.5,644,1.9,10,-2.5,202.1053175,50.6,643.25
824200,637.5,639,1.9,10,-2.5,201.7748734,50.6,638.25
824300,639.5,641,1.9,10,-2.5,201.8902025,50.61,640.25
824400,642,643.5,1.9,10,-2.5,201.9697156,50.61,642.75
824500,644,645.5,1.9,10,-2.5,202.1868808,50.61,644.75
824600,640,641.5,1.9,10,-2.5,201.9378711,50.62,640.75
824700,644,645.5,1.9,10,-2.5,202.039491,50.62,644.75
824800,641,642.5,1.9,10,-2.5,201.9359983,50.62,641.75
824900,641,642.5,1.9,10,-2.5,202.0897591,50.62,641.75
825000,643.5,645,1.9,10,-2.5,202.1923612,50.62,644.25
825100,643,644.5,1.9,10,-2.5,201.9279505,50.63,643.75
825200,643.5,645,1.9,10,-2.5,201.8348998,50.63,644.25
825300,643.5,645,1.9,10,-2.5,201.8518793,50.63,644.25
825400,647.5,649,1.9,10,-2.5,202.0031523,50.64,648.25
825500,644.5,646,1.9,10,-2.5,201.9817963,50.64,645.25
825600,643,644.5,1.9,10,-2.5,202.0008102,50.64,643.75
825700,640.5,642,1.9,10,-2.5,201.8107605,50.64,641.25
825800,642.5,644,1.9,10,-2.5,201.8195479,50.64,643.25
825900,645,646.5,1.9,10,-2.5,201.8345676,50.65,645.75
826000,649.5,651,1.9,10,-2.5,201.9172772,50.65,650.25
826100,649,650.5,1.9,10,-2.5,201.5560047,50.65,649.75
826200,647.5,649,1.9,10,-2.5,201.4557283,50.66,648.25
826300,648,649.5,1.9,10,-2.5,201.6762792,50.66,648.75
826400,649,650.5,1.9,10,-2.5,201.6877345,50.66,649.75
826500,646.5,648,1.9,10,-2.5,201.421521,50.66,647.25
826600,649.5,651,1.9,10,-2.5,201.3974954,50.66,650.25
826700,647,648.5,1.9,10,-2.5,201.1743179,50.67,647.75
826800,653.5,655,1.9,10,-2.5,201.4498531,50.67,654.25
826900,649,650.5,1.9,10,-2.5,201.4135742,50.67,649.75
827000,652,653.5,1.9,10,-2.5,201.3293661,50.68,652.75
827100,655,656.5,1.9,10,-2.5,201.3535765,50.68,655.75
827200,654,655.5,1.9,10,-2.5,201.5092555,50.68,654.75
827300,656.5,658,1.9,10,-2.5,201.6390222,50.68,657.25
827400,656.5,658,1.9,10,-2.5,201.8303323,50.68,657.25
827500,659.5,661,1.9,10,-2.5,201.6154735,50.69,660.25
827600,659,660.5,1.9,10,-2.5,201.5417244,50.69,659.75
827700,659.5,661,1.9,10,-2.5,201.5257733,50.69,660.25
827800,660,661.5,2,10,-2.5,201.4746578,50.7,660.75
827900,662.5,664,2,10,-2.5,201.7259379,50.7,663.25
828000,665.5,667,2,10,-2.5,201.922027,50.7,666.25
828100,669.5,671,2,10,-2.5,201.9875968,50.7,670.25
828200,667.5,669,2,10,-2.5,201.8238085,50.7,668.25
828300,669.5,671,2,10,-2.5,202.1925513,50.71,670.25
828400,668.5,670,2,10,-2.5,202.093463,50.71,669.25
828500,669,670.5,2,10,-2.5,202.1746681,50.71,669.75
828600,666.5,668,2,10,-2.5,202.1338706,50.72,667.25
828700,667,668.5,2,10,-2.5,201.9966723,50.72,667.75
828800,665.5,667,2,10,-2.5,201.7574915,50.72,666.25
828900,664,665.5,2,10,-2.5,201.5321022,50.72,664.75
829000,666,667.5,2,10,-2.5,201.8537597,50.72,666.75
829100,662.5,664,2,10,-2.5,201.756229,50.73,663.25
829200,660.5,662,2,10,-2.5,201.5517564,50.73,661.25
829300,658.5,660,2,10,-2.5,201.0910985,50.73,659.25
829400,656.5,658,2,10,-2.5,200.8941752,50.74,657.25
829500,656,658,2,10,-2.5,200.4644564,50.74,657
829600,654.5,656,2,10,-2.5,200.0765971,50.74,655.25
829700,652.5,654,2,10,-2.5,199.9562698,50.74,653.25
829800,651.5,653,2,10,-2.5,199.8049722,50.74,652.25
829900,652,653.5,2,10,-2.5,199.7443044,50.75,652.75
830000,655.5,657,2,10,-2.5,199.950406,50.75,656.25
830100,653.5,655,2,10,-2.5,199.9237451,50.75,654.25
830200,649.5,651,2,10,-2.5,199.8505589,50.76,650.25
830300,651.5,653,2,10,-2.5,199.9338723,50.76,652.25
830400,653.5,655,2,10,-2.5,200.0625964,50.76,654.25
830500,653,655,2,10,-2.5,199.9594169,50.76,654
830600,651.5,653,2,10,-2.5,199.9506968,50.76,652.25
830700,655.5,657,2,10,-2.5,200.0814691,50.77,656.25
830800,655,656.5,2,10,-2.5,200.0260991,50.77,655.75
830900,656.5,658,2,10,-2.5,200.0383738,50.77,657.25
831000,653.5,655,2,10,-2.5,199.9140182,50.78,654.25
831100,650.5,652,2,10,-2.5,199.8096133,50.78,651.25
831200,650.5,652,2,10,-2.5,199.7550633,50.78,651.25
831300,649,650.5,2,10,-2.5,199.6000649,50.78,649.75
831400,646.5,648,2,10,-2.5,199.2792006,50.78,647.25
831500,643,644.5,2,10,-2.5,199.0176302,50.79,643.75
831600,639,640.5,2,10,-2.5,198.3553731,50.79,639.75
831700,638,639.5,2,10,-2.5,198.1236547,50.79,638.75
831800,640,641.5,2,10,-2.5,198.3633661,50.8,640.75
831900,640,641.5,2,10,-2.5,198.2645327,50.8,640.75
832000,639.5,641,2,10,-2.5,198.2555853,50.8,640.25
832100,640.5,642,2,10,-2.5,198.1745044,50.8,641.25
832200,643.5,645,2,10,-2.5,198.3743948,50.8,644.25
832300,643,644.5,2,10,-2.5,198.3574065,50.81,643.75
832400,640.5,642,2,10,-2.5,198.3390933,50.81,641.25
832500,642.5,644,2,10,-2.5,198.301373,50.81,643.25
832600,646,647.5,2,10,-2.5,198.5643639,50.82,646.75
832700,647.5,649,2,10,-2.5,198.6590489,50.82,648.25
832800,651.5,653,2,10,-2.5,199.000558,50.82,652.25
832900,655,656.5,2,10,-2.5,199.1579922,50.82,655.75
833000,656,657.5,2,10,-2.5,199.2407049,50.82,656.75
833100,655,656.5,2,10,-2.5,199.0916038,50.83,655.75
833200,651,652.5,2,10,-2.5,198.68038,50.83,651.75
833300,650,651.5,2,10,-2.5,198.6490813,50.83,650.75
833400,653.5,655,2,10,-2.5,198.852752,50.84,654.25
833500,652,653.5,2,10,-2.5,198.7441481,50.84,652.75
833600,649.5,651,2,10,-2.5,198.7275171,50.84,650.25
833700,651.5,653,2,10,-2.5,198.9679663,50.84,652.25
833800,651.5,653,2,10,-2.5,198.8805682,50.84,652.25
833900,651,652.5,2,10,-2.5,198.787641,50.85,651.75
834000,653.5,655,2,10,-2.5,198.8944758,50.85,654.25
834100,653.5,655,2,10,-2.5,198.942242,50.85,654.25
834200,655,656.5,2,10,-2.5,198.7528755,50.86,655.75
834300,657.5,659,2,10,-2.5,199.0401906,50.86,658.25
834400,656,657.5,2,10,-2.5,199.2982889,50.86,656.75
834500,654,655.5,2,10,-2.5,199.1871113,50.86,654.75
834600,651,652.5,2,10,-2.5,199.0101539,50.86,651.75
834700,650,651.5,2,10,-2.5,198.8784542,50.87,650.75
834800,650,651.5,2,10,-2.5,198.9209303,50.87,650.75
834900,647,648.5,2,10,-2.5,198.9303954,50.87,647.75
835000,643,644.5,2,10,-2.5,198.8741074,50.88,643.75
835100,645,646.5,2,10,-2.5,198.9476587,50.88,645.75
835200,641.5,643,2,10,-2.5,198.781651,50.88,642.25
835300,644,645.5,2,10,-2.5,198.8556583,50.88,644.75
835400,645,646.5,2,10,-2.5,198.7655217,50.88,645.75
835500,641.5,643,2,10,-2.5,198.7283185,50.89,642.25
835600,643.5,645,2,10,-2.5,198.874023,50.89,644.25
835700,642.5,644,2,10,-2.5,198.8633398,50.89,643.25
835800,640,641.5,2,10,-2.5,198.7338317,50.9,640.75
835900,641.5,643,2,10,-2.5,198.3778694,50.9,642.25
836000,643,644.5,2,10,-2.5,198.6800646,50.9,643.75
836100,641,642.5,2,10,-2.5,198.6236447,50.9,641.75
836200,639.5,641,2,10,-2.5,198.1769358,50.9,640.25
836300,639.5,641.5,2,10,-2.5,198.3265597,50.91,640.5
836400,638,639.5,2,10,-2.5,198.1511248,50.91,638.75
836500,635.5,637,2,10,-2.5,198.0821778,50.91,636.25
836600,636,637.5,2,10,-2.5,197.8853509,50.92,636.75
836700,632.5,634,2,10,-2.5,197.6528458,50.92,633.25
836800,633.5,635,2,10,-2.5,197.8241339,50.92,634.25
836900,633.5,635,2,10,-2.5,197.8757062,50.92,634.25
837000,628,629.5,2,10,-2.5,197.784776,50.92,628.75
837100,626,627.5,2,10,-2.5,197.5647556,50.93,626.75
837200,622.5,624,2,10,-2.5,197.211412,50.93,623.25
837300,624.5,626,2,10,-2.5,197.2679512,50.93,625.25
837400,624.5,626,2,10,-2.5,197.3720918,50.94,625.25
837500,626.5,628,2,10,-2.5,197.3518074,50.94,627.25
837600,630,631.5,2,10,-2.5,197.515374,50.94,630.75
837700,633.5,635,2,10,-2.5,197.7471624,50.94,634.25
837800,633,634.5,2,10,-2.5,197.6398399,50.94,633.75
837900,632,633.5,2,10,-2.5,197.7375434,50.95,632.75
838000,630.5,632,2,10,-2.5,198.0919722,50.95,631.25
838100,631.5,633,2,10,-2.5,198.2064892,50.95,632.25
838200,630,631.5,2,10,-2.5,198.4391131,50.96,630.75
838300,631.5,633,2,10,-2.5,198.4866011,50.96,632.25
838400,631,633,2,10,-2.5,198.3878786,50.96,632
838500,630.5,632,2,10,-2.5,198.3137224,50.96,631.25
838600,629.5,631,2,10,-2.5,198.2300968,50.96,630.25
838700,629.5,631,2,10,-2.5,198.2771567,50.97,630.25
838800,627.5,629,2,10,-2.5,198.1212932,50.97,628.25
838900,630.5,632,2,10,-2.5,198.2249384,50.97,631.25
839000,633,634.5,2,10,-2.5,198.4640013,50.98,633.75
839100,631,632.5,2,10,-2.5,198.4218349,50.98,631.75
839200,628.5,630,2,10,-2.5,198.1548186,50.98,629.25
839300,628,629.5,2,10,-2.5,197.7413752,50.98,628.75
839400,631,632.5,2,10,-2.5,197.8164259,50.98,631.75
839500,630,631.5,2,10,-2.5,197.7174145,50.99,630.75
839600,632,633.5,2,10,-2.5,197.7496562,50.99,632.75
839700,637,638.5,2,10,-2.5,198.0663358,50.99,637.75
839800,638.5,640,2,10,-2.5,198.3023342,51,639.25
839900,639.5,641,2,10,-2.5,198.272918,51,640.25
840000,640,641.5,2,10,-2.5,198.2322801,51,640.75
840100,645.5,647,2,10,-2.5,198.7443599,51,646.25
840200,648,649.5,2,10,-2.5,198.8806577,51,648.75
840300,650.5,652,2,10,-2.5,198.8712374,51.01,651.25
840400,648.5,650,2,10,-2.5,198.4886964,51.01,649.25
840500,654,655.5,2,10,-2.5,198.6673732,51.01,654.75
840600,655.5,657,2,10,-2.5,198.7902053,51.02,656.25
840700,658,659.5,2,10,-2.5,198.8677921,51.02,658.75
840800,659,660.5,2,10,-2.5,198.768604,51.02,659.75
840900,662,663.5,2,10,-2.5,199.0632917,51.02,662.75
841000,660,661.5,2,10,-2.5,199.1643491,51.02,660.75
841100,660,661.5,2,10,-2.5,199.3118457,51.03,660.75
841200,660,661.5,2,10,-2.5,199.2405956,51.03,660.75
841300,661.5,663,2,10,-2.5,199.4093169,51.03,662.25
841400,663,664.5,2,10,-2.5,199.7622235,51.04,663.75
841500,662,663.5,2,10,-2.5,199.6614039,51.04,662.75
841600,659,660.5,2,10,-2.5,199.4643812,51.04,659.75
841700,662.5,664,2,10,-2.5,199.6853975,51.04,663.25
841800,661,662.5,2,10,-2.5,199.7297196,51.04,661.75
841900,656,657.5,2,10,-2.5,199.4625321,51.05,656.75
842000,653.5,655,2,10,-2.5,199.2959685,51.05,654.25
842100,650.5,652,2,10,-2.5,199.2823386,51.05,651.25
842200,649,650.5,2,10,-2.5,199.0735593,51.06,649.75
842300,647,648.5,2,10,-2.5,199.1216652,51.06,647.75
842400,651.5,653,2,10,-2.5,199.1640659,51.06,652.25
842500,650.5,652,2,10,-2.5,199.4507144,51.06,651.25
842600,648.5,650,2,10,-2.5,199.3962448,51.06,649.25
842700,647,648.5,2,10,-2.5,199.0815787,51.07,647.75
842800,646.5,648,2,10,-2.5,199.0609531,51.07,647.25
842900,647,648.5,2,10,-2.5,199.1505812,51.07,647.75
843000,646,647.5,2,10,-2.5,199.0910235,51.08,646.75
843100,641.5,643,2,10,-2.5,199.00546,51.08,642.25
843200,637.5,639,2,10,-2.5,198.8305609,51.08,638.25
843300,634.5,636,2,10,-2.5,198.598263,51.08,635.25
843400,634,635.5,2,10,-2.5,198.4580205,51.08,634.75
843500,634,635.5,2,10,-2.5,198.5196639,51.09,634.75
843600,633,634.5,2,10,-2.5,198.6028807,51.09,633.75
843700,632.5,634.5,2,10,-2.5,198.5394398,51.09,633.5
843800,633.5,635,2,10,-2.5,198.4733816,51.1,634.25
843900,632,633.5,2,10,-2.5,198.2797939,51.1,632.75
844000,637,638.5,2,10,-2.5,198.6724652,51.1,637.75
844100,635,636.5,2,10,-2.5,198.5496999,51.1,635.75
844200,635,636.5,2,10,-2.5,198.3410881,51.1,635.75
844300,631,632.5,2,10,-2.5,197.9732052,51.11,631.75
844400,626,627.5,2,10,-2.5,197.7232765,51.11,626.75
844500,624,625.5,2,10,-2.5,197.5908716,51.11,624.75
844600,628,629.5,2,10,-2.5,197.6205927,51.12,628.75
844700,624,625.5,2,10,-2.5,197.2598592,51.12,624.75
844800,623,624.5,2,10,-2.5,197.2431326,51.12,623.75
844900,623,624.5,2,10,-2.5,197.3675138,51.12,623.75
845000,623.5,625,2,10,-2.5,197.6741635,51.12,624.25
845100,623,624.5,2,10,-2.5,197.6573379,51.13,623.75
845200,621.5,623,2,10,-2.5,197.6011293,51.13,622.25
845300,623,624.5,2,10,-2.5,197.6039776,51.13,623.75
845400,626,627.5,2,10,-2.5,197.7168112,51.14,626.75
845500,630.5,632,2,10,-2.5,197.8763843,51.14,631.25
845600,630.5,632,2,10,-2.5,198.1214882,51.14,631.25
845700,631.5,633,2,10,-2.5,198.291767,51.14,632.25
845800,633,634.5,2,10,-2.5,198.3033657,51.14,633.75
845900,630,631.5,2,10,-2.5,198.1881936,51.15,630.75
846000,627.5,629,2,10,-2.5,198.047144,51.15,628.25
846100,622.5,624,2,10,-2.5,198.0251005,51.15,623.25
846200,622,623.5,2,10,-2.5,198.0919379,51.16,622.75
846300,619,620.5,2,10,-2.5,198.0081665,51.16,619.75
846400,622,623.5,2,10,-2.5,198.0257184,51.16,622.75
846500,621,622.5,2,10,-2.5,198.1454051,51.16,621.75
846600,618.5,620,2,10,-2.5,197.8433385,51.16,619.25
846700,617.5,619,2,10,-2.5,197.9317762,51.17,618.25
846800,619,620.5,2,10,-2.5,198.1154707,51.17,619.75
846900,622.5,624,2,10,-2.5,198.1485949,51.17,623.25
847000,621,622.5,2,10,-2.5,197.747279,51.18,621.75
847100,621.5,623,2,10,-2.5,197.723762,51.18,622.25
847200,622.5,624,2,10,-2.5,197.9863911,51.18,623.25
847300,620.5,622,2,10,-2.5,197.8326281,51.18,621.25
847400,620.5,622,2,10,-2.5,197.7907335,51.18,621.25
847500,622.5,624,2,10,-2.5,198.197557,51.19,623.25
847600,621.5,623,2,10,-2.5,198.1244554,51.19,622.25
847700,622,623.5,2,10,-2.5,198.1418927,51.19,622.75
847800,619.5,621,2,10,-2.5,197.8784424,51.2,620.25
847900,621,622.5,2,10,-2.5,198.1839892,51.2,621.75
848000,625.5,627,2,10,-2.5,198.4412806,51.2,626.25
848100,621.5,623,2,10,-2.5,198.276734,51.2,622.25
848200,624,625.5,2,10,-2.5,198.2680101,51.2,624.75
848300,623,624.5,2,10,-2.5,198.3248361,51.21,623.75
848400,622,623.5,2,10,-2.5,198.2011393,51.21,622.75
848500,621,622.5,2,10,-2.5,197.9960288,51.21,621.75
848600,622,623.5,2,10,-2.5,198.1476426,51.22,622.75
848700,620,621.5,2,10,-2.5,197.8382812,51.22,620.75
848800,622.5,624,2,10,-2.5,197.8758167,51.22,623.25
848900,619,620.5,2,10,-2.5,197.5976188,51.22,619.75
849000,620.5,622,2,10,-2.5,197.5970727,51.22,621.25
849100,621.5,623,2,10,-2.5,197.5289122,51.23,622.25
849200,620,621.5,2,10,-2.5,197.430202,51.23,620.75
849300,625.5,627,2,10,-2.5,197.6160577,51.23,626.25
849400,625.5,627,2,10,-2.5,197.5390461,51.24,626.25
849500,622.5,624,2,10,-2.5,197.2208456,51.24,623.25
849600,625.5,627,2,10,-2.5,197.4832034,51.24,626.25
849700,623.5,625,2,10,-2.5,197.2670132,51.24,624.25
849800,620,621.5,2,10,-2.5,196.9666703,51.24,620.75
849900,623.5,625,2,10,-2.5,197.2964314,51.25,624.25
850000,621.5,623,2,10,-2.5,197.1068859,51.25,622.25
850100,620.5,622,2,10,-2.5,196.9768607,51.25,621.25
850200,621.5,623,2,10,-2.5,196.6755435,51.26,622.25
850300,623.5,625,2,10,-2.5,197.0095966,51.26,624.25
850400,626.5,628,2,10,-2.5,197.181585,51.26,627.25
850500,624,625.5,2,10,-2.5,196.7051845,51.26,624.75
850600,625.5,627,2,10,-2.5,196.9081665,51.26,626.25
850700,629,630.5,2,10,-2.5,196.9959892,51.27,629.75
850800,631,632.5,2,10,-2.5,197.2353473,51.27,631.75
850900,634,635.5,2,10,-2.5,197.5168405,51.27,634.75
851000,632,633.5,2,10,-2.5,197.3602646,51.28,632.75
851100,631.5,633,2,10,-2.5,197.3681555,51.28,632.25
851200,631,632.5,2,10,-2.5,197.2263238,51.28,631.75
851300,627.5,629,2,10,-2.5,197.2455021,51.28,628.25
851400,627,628.5,2,10,-2.5,197.0792248,51.28,627.75
851500,627,629,2,10,-2.5,197.1212448,51.29,628
851600,630.5,632,2,10,-2.5,197.3658825,51.29,631.25
851700,630,631.5,2,10,-2.5,197.4280146,51.29,630.75
851800,632.5,634,2,10,-2.5,197.497576,51.3,633.25
851900,633,634.5,2,10,-2.5,197.3613139,51.3,633.75
852000,630,631.5,2,10,-2.5,197.3486222,51.3,630.75
852100,628.5,630,2,10,-2.5,196.9694368,51.3,629.25
852200,625,626.5,2,10,-2.5,196.9123581,51.3,625.75
852300,625,627,2,10,-2.5,197.040226,51.31,626
852400,622.5,624,2,10,-2.5,196.8599494,51.31,623.25
852500,620,621.5,2,10,-2.5,196.8092931,51.31,620.75
852600,623.5,625,2,10,-2.5,196.935032,51.32,624.25
852700,624.5,626,2,10,-2.5,196.9848975,51.32,625.25
852800,624.5,626,2,10,-2.5,197.0619662,51.32,625.25
852900,625,626.5,2,10,-2.5,197.1265984,51.32,625.75
853000,627.5,629,2,10,-2.5,197.2001899,51.32,628.25
853100,629.5,631,2,10,-2.5,197.0658142,51.33,630.25
853200,628.5,630,2,10,-2.5,197.0177904,51.33,629.25
853300,630.5,632,2,10,-2.5,197.0245164,51.33,631.25
853400,636.5,638,2,10,-2.5,197.0591959,51.34,637.25
853500,636,638,2,10,-2.5,197.0659808,51.34,637
853600,639.5,641,2,10,-2.5,197.3673251,51.34,640.25
853700,637.5,639,2,10,-2.5,197.2180458,51.34,638.25
853800,640.5,642,2,10,-2.5,197.225123,51.34,641.25
853900,638.5,640,2,10,-2.5,197.1598367,51.35,639.25
854000,638,639.5,2,10,-2.5,197.0247521,51.35,638.75
854100,638,639.5,2,10,-2.5,196.9390969,51.35,638.75
854200,634.5,636,2,10,-2.5,196.7638214,51.36,635.25
854300,637,638.5,2,10,-2.5,196.8289278,51.36,637.75
854400,635,636.5,2,10,-2.5,196.7366754,51.36,635.75
854500,635.5,637,2,10,-2.5,196.8215298,51.36,636.25
854600,635,636.5,2,10,-2.5,196.8130108,51.36,635.75
854700,634.5,636,2,10,-2.5,196.8633416,51.37,635.25
854800,635.5,637,2,10,-2.5,197.2261863,51.37,636.25
854900,637,638.5,2,10,-2.5,197.2044725,51.37,637.75
855000,640,641.5,2,10,-2.5,197.2363753,51.38,640.75
855100,642,643.5,2,10,-2.5,197.374345,51.38,642.75
855200,639.5,641,2,10,-2.5,197.3000395,51.38,640.25
855300,642,643.5,2,10,-2.5,197.3229488,51.38,642.75
855400,643.5,645,2,10,-2.5,197.3463187,51.38,644.25
855500,642.5,644,2,10,-2.5,197.2673699,51.39,643.25
855600,647.5,649,2,10,-2.5,197.6939433,51.39,648.25
855700,644.5,646,2,10,-2.5,197.6506361,51.39,645.25
855800,641.5,643,2,10,-2.5,197.5537497,51.4,642.25
855900,641,642.5,2,10,-2.5,197.2838579,51.4,641.75
856000,641,642.5,2,10,-2.5,197.0283749,51.4,641.75
856100,642,643.5,2,10,-2.5,197.0693463,51.4,642.75
856200,643,644.5,2,10,-2.5,197.3964375,51.4,643.75
856300,642.5,644,2,10,-2.5,197.4483714,51.41,643.25
856400,646,647.5,2,10,-2.5,197.5867155,51.41,646.75
856500,647,648.5,2,10,-2.5,197.6377577,51.41,647.75
856600,646.5,648.5,2,10,-2.5,197.9902126,51.42,647.5
856700,649,650.5,2,10,-2.5,198.1941001,51.42,649.75
856800,648.5,650.5,2,10,-2.5,198.1825582,51.42,649.5
856900,648,649.5,2,10,-2.5,198.2205882,51.42,648.75
857000,645.5,647,2,10,-2.5,198.1232235,51.42,646.25
857100,647,648.5,2,10,-2.5,197.9089742,51.43,647.75
857200,645.5,647,2,10,-2.5,198.1020034,51.43,646.25
857300,643.5,645,2,10,-2.5,198.1236745,51.43,644.25
857400,646.5,648,2,10,-2.5,198.2333261,51.44,647.25
857500,644,645.5,2,10,-2.5,198.1127943,51.44,644.75
857600,646,647.5,2,10,-2.5,198.4760514,51.44,646.75
857700,649,650.5,2,10,-2.5,198.7240707,51.44,649.75
857800,651,652.5,2,10,-2.5,199.0523453,51.44,651.75
857900,649.5,651,2,10,-2.5,198.6068558,51.45,650.25
858000,649,650.5,2,10,-2.5,198.4904378,51.45,649.75
858100,643,644.5,2,10,-2.5,198.4050575,51.45,643.75
858200,643.5,645,2,10,-2.5,198.3673696,51.46,644.25
858300,643.5,645,2,10,-2.5,198.377514,51.46,644.25
858400,644,645.5,2,10,-2.5,198.4978952,51.46,644.75
858500,648,649.5,2,10,-2.5,198.7067005,51.46,648.75
858600,652.5,654,2,10,-2.5,198.7460398,51.46,653.25
858700,652,653.5,2,10,-2.5,198.5886986,51.47,652.75
858800,652,653.5,2,10,-2.5,198.5883493,51.47,652.75
858900,652,653.5,2,10,-2.5,198.5397088,51.47,652.75
859000,656,657.5,2,10,-2.5,198.6953834,51.48,656.75
859100,656.5,658,2,10,-2.5,198.8303475,51.48,657.25
859200,654.5,656,2,10,-2.5,198.5260812,51.48,655.25
859300,655.5,657,2,10,-2.5,198.5637437,51.48,656.25
859400,655,656.5,2,10,-2.5,198.6518747,51.48,655.75
859500,658.5,660,2,10,-2.5,198.8048559,51.49,659.25
859600,659,660.5,2,10,-2.5,198.742756,51.49,659.75
859700,656,657.5,2,10,-2.5,198.6171853,51.49,656.75
859800,658,659.5,2,10,-2.5,198.9386295,51.5,658.75
859900,655,656.5,2,10,-2.5,198.5701835,51.5,655.75
860000,652.5,654,2,10,-2.5,198.7235899,51.5,653.25
860100,651.5,653,2,10,-2.5,199.0243508,51.5,652.25
860200,651,653,2,10,-2.5,199.079264,51.5,652
860300,650,651.5,2,10,-2.5,198.6374268,51.51,650.75
860400,652,653.5,2,10,-2.5,198.7571785,51.51,652.75
860500,653,654.5,2,10,-2.5,198.4991731,51.51,653.75
860600,653,654.5,2,10,-2.5,198.293677,51.52,653.75
860700,654,655.5,2,10,-2.5,198.1146943,51.52,654.75
860800,653,654.5,2,10,-2.5,198.0345978,51.52,653.75
860900,652.5,654.5,2,10,-2.5,197.8080695,51.52,653.5
861000,650.5,652,2,10,-2.5,197.7818258,51.52,651.25
861100,651.5,653,2,10,-2.5,197.8087286,51.53,652.25
861200,651,653,2,10,-2.5,197.9932991,51.53,652
861300,652.5,654,2,10,-2.5,197.7246208,51.53,653.25
861400,645.5,647,2,10,-2.5,197.3999641,51.54,646.25
861500,647.5,649,2,10,-2.5,197.5708982,51.54,648.25
861600,649.5,651,2,10,-2.5,197.6512402,51.54,650.25
861700,651.5,653,2,10,-2.5,197.7026356,51.54,652.25
861800,650,651.5,2,10,-2.5,197.8977019,51.54,650.75
861900,647,648.5,2,10,-2.5,197.8581921,51.55,647.75
862000,648.5,650,2,10,-2.5,197.9103898,51.55,649.25
862100,654,655.5,2,10,-2.5,198.0515029,51.55,654.75
862200,655,656.5,2,10,-2.5,198.0105596,51.56,655.75
862300,661,662.5,2,10,-2.5,198.0804106,51.56,661.75
862400,657.5,659,2,10,-2.5,197.8284488,51.56,658.25
862500,660,661.5,2,10,-2.5,197.8358362,51.56,660.75
862600,655,656.5,2,10,-2.5,197.6999447,51.56,655.75
862700,656.5,658,2,10,-2.5,197.5236456,51.57,657.25
862800,656.5,658,2,10,-2.5,197.5702296,51.57,657.25
862900,656,657.5,2,10,-2.5,197.4262066,51.57,656.75
863000,656.5,658,2,10,-2.5,197.4583247,51.58,657.25
863100,656.5,658.5,2,10,-2.5,197.3197313,51.58,657.5
863200,656.5,658,2,10,-2.5,197.2537671,51.58,657.25
863300,661.5,663,2,10,-2.5,197.6539167,51.58,662.25
863400,663.5,665,2,10,-2.5,197.8841588,51.58,664.25
863500,665,666.5,2,10,-2.5,197.8925808,51.59,665.75
863600,662,663.5,2,10,-2.5,197.9159742,51.59,662.75
863700,660,661.5,2,10,-2.5,197.7412407,51.59,660.75
863800,659.5,661,2,10,-2.5,197.8834679,51.6,660.25
863900,660.5,662,2,10,-2.5,198.0441959,51.6,661.25
864000,654.5,656,2,10,-2.5,198.0272205,51.6,655.25
864100,654.5,656,2,10,-2.5,198.0040774,51.6,655.25
864200,659,660.5,2,10,-2.5,198.2540468,51.6,659.75
864300,659.5,661,2,10,-2.5,198.2362345,51.61,660.25
864400,657.5,659,2,10,-2.5,198.2946513,51.61,658.25
864500,656,657.5,2,10,-2.5,198.3427197,51.61,656.75
864600,658.5,660,2,10,-2.5,198.5463297,51.62,659.25
864700,661,662.5,2,10,-2.5,198.6795959,51.62,661.75
864800,664,665.5,2,10,-2.5,198.9156908,51.62,664.75
864900,661,662.5,2,10,-2.5,198.6786318,51.62,661.75
865000,658.5,660,2,10,-2.5,198.4756015,51.62,659.25
865100,658,659.5,2,10,-2.5,198.2281149,51.63,658.75
865200,653,654.5,2,10,-2.5,197.8440395,51.63,653.75
865300,653,654.5,2,10,-2.5,197.9240079,51.63,653.75
865400,652.5,654,2,10,-2.5,198.1318316,51.64,653.25
865500,653.5,655,2,10,-2.5,198.0602194,51.64,654.25
865600,658.5,660,2,10,-2.5,198.1041183,51.64,659.25
865700,661,662.5,2,10,-2.5,198.5900315,51.64,661.75
865800,658,659.5,2,10,-2.5,198.3461467,51.64,658.75
865900,660.5,662,2,10,-2.5,198.4421172,51.65,661.25
866000,666,667.5,2,10,-2.5,198.5932699,51.65,666.75
866100,665,666.5,2,10,-2.5,198.8659731,51.65,665.75
866200,666,667.5,2,10,-2.5,199.0138433,51.66,666.75
866300,664.5,666,2,10,-2.5,198.9364238,51.66,665.25
866400,664,665.5,2,10,-2.5,198.884067,51.66,664.75
866500,667,668.5,2,10,-2.5,199.1639711,51.66,667.75
866600,663.5,665,2,10,-2.5,198.8093086,51.66,664.25
866700,665,666.5,2,10,-2.5,198.8286742,51.67,665.75
866800,669,670.5,2,10,-2.5,198.904371,51.67,669.75
866900,667.5,669,2,10,-2.5,198.7666189,51.67,668.25
867000,672,673.5,2,10,-2.5,199.1024867,51.68,672.75
867100,669,670.5,2,10,-2.5,198.7222734,51.68,669.75
867200,665,666.5,2,10,-2.5,198.46012,51.68,665.75
867300,665.5,667,2,10,-2.5,198.3954575,51.68,666.25
867400,667.5,669,2,10,-2.5,198.470568,51.68,668.25
867500,670.5,672,2,10,-2.5,198.8568057,51.69,671.25
867600,670.5,672,2,10,-2.5,198.8285941,51.69,671.25
867700,672,673.5,2,10,-2.5,199.0084861,51.69,672.75
867800,667,668.5,2,10,-2.5,198.9774558,51.7,667.75
867900,668,669.5,2,10,-2.5,199.0523492,51.7,668.75
868000,666.5,668,2,10,-2.5,199.0677238,51.7,667.25
868100,668.5,670,2,10,-2.5,199.105695,51.7,669.25
868200,669,670.5,2,10,-2.5,199.0900717,51.7,669.75
868300,667.5,669,2,10,-2.5,198.8104331,51.71,668.25
868400,668.5,670,2,10,-2.5,198.8997492,51.71,669.25
868500,665,666.5,2,10,-2.5,198.4471082,51.71,665.75
868600,663,664.5,2,10,-2.5,198.2879348,51.72,663.75
868700,664,665.5,2,10,-2.5,198.3182558,51.72,664.75
868800,662.5,664,2,10,-2.5,198.1290318,51.72,663.25
868900,660.5,662,2,10,-2.5,198.1171649,51.72,661.25
869000,662.5,664,2,10,-2.5,198.252036,51.72,663.25
869100,657.5,659,2,10,-2.5,197.9886565,51.73,658.25
869200,656.5,658,2,10,-2.5,197.6794738,51.73,657.25
869300,656,657.5,2,10,-2.5,197.4676874,51.73,656.75
869400,653,654.5,2,10,-2.5,197.2363898,51.74,653.75
869500,656.5,658,2,10,-2.5,197.4340889,51.74,657.25
869600,656,657.5,2,10,-2.5,197.3560062,51.74,656.75
869700,653.5,655,2,10,-2.5,197.4348534,51.74,654.25
869800,653.5,655,2,10,-2.5,197.0950409,51.74,654.25
869900,655.5,657,2,10,-2.5,197.1725433,51.75,656.25
870000,656,657.5,2,10,-2.5,197.1076557,51.75,656.75
870100,653,654.5,2,10,-2.5,197.1723698,51.75,653.75
870200,656.5,658,2,10,-2.5,197.3057819,51.76,657.25
870300,656.5,658,2,10,-2.5,197.4677447,51.76,657.25
870400,654,655.5,2,10,-2.5,197.1552425,51.76,654.75
870500,657,658.5,2,10,-2.5,197.2491999,51.76,657.75
870600,656.5,658,2,10,-2.5,197.2674516,51.76,657.25
870700,657,658.5,2,10,-2.5,197.3132824,51.77,657.75
870800,657.5,659,2,10,-2.5,197.3176972,51.77,658.25
870900,657,658.5,2,10,-2.5,197.4228182,51.77,657.75
871000,655,656.5,2,10,-2.5,197.4311201,51.78,655.75
871100,652.5,654,2,10,-2.5,197.3725723,51.78,653.25
871200,653,654.5,2,10,-2.5,197.7068525,51.78,653.75
871300,650.5,652,2,10,-2.5,197.5858123,51.78,651.25
871400,650,652,2,10,-2.5,197.4488381,51.78,651
871500,649,650.5,2,10,-2.5,197.4237528,51.79,649.75
871600,646.5,648,2,10,-2.5,197.2591734,51.79,647.25
871700,646,647.5,2,10,-2.5,197.2769132,51.79,646.75
871800,644.5,646,2,10,-2.5,197.2269763,51.8,645.25
871900,639,640.5,2,10,-2.5,196.9490751,51.8,639.75
872000,637.5,639,2,10,-2.5,196.6008446,51.8,638.25
872100,632.5,634,2,10,-2.5,196.4131243,51.8,633.25
872200,630.5,632,2,10,-2.5,196.2642099,51.8,631.25
872300,631,632.5,2,10,-2.5,196.141743,51.81,631.75
872400,632,633.5,2,10,-2.5,196.137129,51.81,632.75
872500,629,630.5,2,10,-2.5,195.9048591,51.81,629.75
872600,631.5,633,2,10,-2.5,195.9420249,51.82,632.25
872700,630.5,632,2,10,-2.5,195.6414218,51.82,631.25
872800,628.5,630,2,10,-2.5,195.4130059,51.82,629.25
872900,627,628.5,2,10,-2.5,195.6872815,51.82,627.75
873000,628,629.5,2,10,-2.5,195.2981005,51.82,628.75
873100,625,626.5,2,10,-2.5,194.9905162,51.83,625.75
873200,625.5,627,2,10,-2.5,195.25529,51.83,626.25
873300,624,625.5,2,10,-2.5,195.1732842,51.83,624.75
873400,622.5,624,2,10,-2.5,195.4514396,51.84,623.25
873500,620,621.5,2,10,-2.5,195.5692233,51.84,620.75
873600,618,619.5,2,10,-2.5,195.4989491,51.84,618.75
873700,618,619.5,2,10,-2.5,195.2936994,51.84,618.75
873800,621.5,623,2,10,-2.5,195.6439806,51.84,622.25
873900,623.5,625,2,10,-2.5,195.7331807,51.85,624.25
874000,624,625.5,2,10,-2.5,195.7380823,51.85,624.75
874100,625.5,627,2,10,-2.5,195.9417049,51.85,626.25
874200,624,625.5,2,10,-2.5,195.8790139,51.86,624.75
874300,622,623.5,2,10,-2.5,195.8907678,51.86,622.75
874400,621.5,623,2,10,-2.5,195.7350826,51.86,622.25
874500,619,620.5,2,10,-2.5,195.4230151,51.86,619.75
874600,617,618.5,2,10,-2.5,195.0331251,51.86,617.75
874700,618,619.5,2,10,-2.5,195.3198203,51.87,618.75
874800,615.5,617,2,10,-2.5,195.1102423,51.87,616.25
874900,617,618.5,2,10,-2.5,195.3304081,51.87,617.75
875000,614,615.5,2,10,-2.5,195.250248,51.88,614.75
875100,614,615.5,2,10,-2.5,195.4137443,51.88,614.75
875200,610,611.5,2,10,-2.5,195.0409885,51.88,610.75
875300,611.5,613,2,10,-2.5,195.3276151,51.88,612.25
875400,611.5,613,2,10,-2.5,195.3174638,51.88,612.25
875500,613,614.5,2,10,-2.5,195.3345866,51.89,613.75
875600,615,616.5,2,10,-2.5,195.3690158,51.89,615.75
875700,614,615.5,2,10,-2.5,195.3299068,51.89,614.75
875800,612.5,614,2,10,-2.5,195.0041768,51.9,613.25
875900,614,615.5,2,10,-2.5,195.0254007,51.9,614.75
876000,614,615.5,2,10,-2.5,194.7497082,51.9,614.75
876100,608,609.5,2,10,-2.5,194.6741996,51.9,608.75
876200,610.5,612,2,10,-2.5,194.8966376,51.9,611.25
876300,609.5,611,2,10,-2.5,195.0408967,51.91,610.25
876400,611.5,613,2,10,-2.5,195.1605149,51.91,612.25
876500,613,614.5,2,10,-2.5,195.2164881,51.91,613.75
876600,612.5,614,2,10,-2.5,195.1222826,51.92,613.25
876700,610,611.5,2,10,-2.5,195.0173156,51.92,610.75
876800,609.5,611,2,10,-2.5,194.8799033,51.92,610.25
876900,609,610.5,2,10,-2.5,194.7683225,51.92,609.75
877000,606.5,608,2,10,-2.5,194.8735018,51.92,607.25
877100,609.5,611,2,10,-2.5,195.2745594,51.93,610.25
877200,608,609.5,2,10,-2.5,195.1123332,51.93,608.75
877300,607.5,609.5,2,10,-2.5,194.9929918,51.93,608.5
877400,611.5,613,2,10,-2.5,195.5116992,51.94,612.25
877500,614.5,616,2,10,-2.5,195.6598517,51.94,615.25
877600,619.5,621,2,10,-2.5,195.8254313,51.94,620.25
877700,616.5,618,2,10,-2.5,196.0880749,51.94,617.25
877800,616,617.5,2,10,-2.5,196.0064315,51.94,616.75
877900,619.5,621,2,10,-2.5,196.0158037,51.95,620.25
878000,618,619.5,2,10,-2.5,195.8274843,51.95,618.75
878100,615,616.5,2,10,-2.5,195.66752,51.95,615.75
878200,620,621.5,2,10,-2.5,195.9866634,51.96,620.75
878300,622.5,624,2,10,-2.5,196.069375,51.96,623.25
878400,618,619.5,2,10,-2.5,195.9940289,51.96,618.75
878500,619,620.5,2,10,-2.5,196.2237538,51.96,619.75
878600,619.5,621,2,10,-2.5,196.3017312,51.96,620.25
878700,617.5,619,2,10,-2.5,196.0328387,51.97,618.25
878800,617,618.5,2,10,-2.5,195.8640389,51.97,617.75
878900,619,620.5,2,10,-2.5,196.3768791,51.97,619.75
879000,620,621.5,2,10,-2.5,196.44296,51.98,620.75
879100,622,623.5,2,10,-2.5,196.6566706,51.98,622.75
879200,620.5,622,2,10,-2.5,196.7701334,51.98,621.25
879300,624.5,626,2,10,-2.5,197.197123,51.98,625.25
879400,623,624.5,2,10,-2.5,197.2099016,51.98,623.75
879500,623,624.5,2,10,-2.5,197.3043258,51.99,623.75
879600,620,621.5,2,10,-2.5,197.2649691,51.99,620.75
879700,618,619.5,2,10,-2.5,197.0954075,51.99,618.75
879800,617.5,619.5,2,10,-2.5,196.9076688,52,618.5
879900,616.5,618,2,10,-2.5,196.7908946,52,617.25
880000,618.5,620,2,10,-2.5,196.896676,52,619.25
880100,617.5,619,2,10,-2.5,196.8234528,52,618.25
880200,616,617.5,2,10,-2.5,196.6992182,52,616.75
880300,614,615.5,2,10,-2.5,196.722086,52.01,614.75
880400,616.5,618,2,10,-2.5,197.0041016,52.01,617.25
880500,615,616.5,2,10,-2.5,196.9861687,52.01,615.75
880600,614,615.5,2,10,-2.5,196.9932554,52.02,614.75
880700,613,614.5,2,10,-2.5,196.9009341,52.02,613.75
880800,616.5,618,2,10,-2.5,197.0796487,52.02,617.25
880900,614.5,616,2,10,-2.5,196.759687,52.02,615.25
881000,615,616.5,2,10,-2.5,196.9750752,52.02,615.75
881100,616.5,618,2,10,-2.5,197.0247212,52.03,617.25
881200,614,615.5,2,10,-2.5,196.9133761,52.03,614.75
881300,616.5,618,2,10,-2.5,197.095059,52.03,617.25
881400,621,622.5,2,10,-2.5,197.2379239,52.04,621.75
881500,622.5,624,2,10,-2.5,197.2884138,52.04,623.25
881600,625,626.5,2,10,-2.5,197.3645385,52.04,625.75
881700,623,624.5,2,10,-2.5,197.0726558,52.04,623.75
881800,620.5,622,2,10,-2.5,196.7579564,52.04,621.25
881900,618.5,620,2,10,-2.5,196.6739786,52.05,619.25
882000,617.5,619,2,10,-2.5,196.5406044,52.05,618.25
882100,621,622.5,2,10,-2.5,196.940616,52.05,621.75
882200,622,623.5,2,10,-2.5,197.0024928,52.06,622.75
882300,620,621.5,2,10,-2.5,196.7773094,52.06,620.75
882400,621.5,623,2,10,-2.5,196.8438258,52.06,622.25
882500,618.5,620,2,10,-2.5,196.6888421,52.06,619.25
882600,618.5,620,2,10,-2.5,197.2620329,52.06,619.25
882700,617.5,619,2,10,-2.5,196.9749939,52.07,618.25
882800,618,619.5,2,10,-2.5,197.05978,52.07,618.75
882900,619,620.5,2,10,-2.5,197.165505,52.07,619.75
883000,618.5,620,2,10,-2.5,196.9597391,52.08,619.25
883100,618.5,620.5,2,10,-2.5,197.2722203,52.08,619.5
883200,620.5,622,2,10,-2.5,197.448092,52.08,621.25
883300,618,619.5,2,10,-2.5,197.3742096,52.08,618.75
883400,617.5,619.5,2,10,-2.5,197.3678575,52.08,618.5
883500,618.5,620,2,10,-2.5,197.3983304,52.09,619.25
883600,620.5,622,2,10,-2.5,197.417271,52.09,621.25
883700,623.5,625,2,10,-2.5,197.7542529,52.09,624.25
883800,626,627.5,2,10,-2.5,197.8627579,52.1,626.75
883900,628,629.5,2,10,-2.5,198.1888101,52.1,628.75
884000,628.5,630,2,10,-2.5,198.1435679,52.1,629.25
884100,627.5,629,2,10,-2.5,198.0863486,52.1,628.25
884200,625,626.5,2,10,-2.5,197.9670177,52.1,625.75
884300,624.5,626,2,10,-2.5,197.7276628,52.11,625.25
884400,621.5,623,2,10,-2.5,197.5187681,52.11,622.25
884500,619.5,621,2,10,-2.5,197.7777903,52.11,620.25
884600,618.5,620,2,10,-2.5,197.720428,52.12,619.25
884700,616,617.5,2,10,-2.5,198.0167985,52.12,616.75
884800,618,619.5,2,10,-2.5,198.0223359,52.12,618.75
884900,621.5,623,2,10,-2.5,198.0164547,52.12,622.25
885000,624,625.5,2,10,-2.5,197.9374,52.12,624.75
885100,625.5,627,2,10,-2.5,198.0723583,52.13,626.25
885200,627.5,629,2,10,-2.5,198.0424431,52.13,628.25
885300,629,630.5,2,10,-2.5,198.0746093,52.13,629.75
885400,634,635.5,2,10,-2.5,198.2452667,52.14,634.75
885500,632,633.5,2,10,-2.5,198.0980594,52.14,632.75
885600,628.5,630,2,10,-2.5,198.1419327,52.14,629.25
885700,630,631.5,2,10,-2.5,197.8956859,52.14,630.75
885800,633,634.5,2,10,-2.5,198.0369487,52.14,633.75
885900,631.5,633,2,10,-2.5,198.2775499,52.15,632.25
886000,626.5,628,2,10,-2.5,198.1790352,52.15,627.25
886100,621.5,623,2,10,-2.5,198.0359081,52.15,622.25
886200,624.5,626,2,10,-2.5,198.1005824,52.16,625.25
886300,622.5,624,2,10,-2.5,198.015847,52.16,623.25
886400,620.5,622,2,10,-2.5,197.8934895,52.16,621.25
886500,623.5,625,2,10,-2.5,197.8569635,52.16,624.25
886600,626.5,628,2,10,-2.5,198.0833539,52.16,627.25
886700,626,627.5,2,10,-2.5,197.9138983,52.17,626.75
886800,627.5,629,2,10,-2.5,197.9210097,52.17,628.25
886900,628.5,630,2,10,-2.5,197.943126,52.17,629.25
887000,628.5,630,2,10,-2.5,198.0591525,52.18,629.25
887100,625.5,627,2,10,-2.5,197.8655956,52.18,626.25
887200,625,626.5,2,10,-2.5,197.4142909,52.18,625.75
887300,628,629.5,2,10,-2.5,197.4958729,52.18,628.75
887400,625,626.5,2,10,-2.5,197.2866156,52.18,625.75
887500,625.5,627,2,10,-2.5,197.3120076,52.19,626.25
887600,625,626.5,2,10,-2.5,197.2665387,52.19,625.75
887700,624,625.5,2,10,-2.5,197.2274467,52.19,624.75
887800,621,622.5,2,10,-2.5,197.0342978,52.2,621.75
887900,622,623.5,2,10,-2.5,197.3119476,52.2,622.75
888000,625,626.5,2,10,-2.5,197.501938,52.2,625.75
888100,630.5,632,2,10,-2.5,197.9324286,52.2,631.25
888200,631.5,633,2,10,-2.5,197.7840282,52.2,632.25
888300,636,637.5,2,10,-2.5,197.8676712,52.21,636.75
888400,640,641.5,2,10,-2.5,198.3357177,52.21,640.75
888500,642,643.5,2,10,-2.5,198.5537374,52.21,642.75
888600,640,641.5,2,10,-2.5,198.4789474,52.22,640.75
888700,640.5,642,2,10,-2.5,198.4641833,52.22,641.25
888800,644.5,646,2,10,-2.5,198.7850986,52.22,645.25
888900,647,648.5,2,10,-2.5,198.8710555,52.22,647.75
889000,644.5,646,2,10,-2.5,198.7496736,52.22,645.25
889100,644.5,646,2,10,-2.5,198.7063004,52.23,645.25
889200,642,643.5,2,10,-2.5,198.5574824,52.23,642.75
889300,642,643.5,2,10,-2.5,198.9519833,52.23,642.75
889400,639,640.5,2,10,-2.5,198.7481957,52.24,639.75
889500,636.5,638,2,10,-2.5,198.6287432,52.24,637.25
889600,638,639.5,2,10,-2.5,198.7957496,52.24,638.75
889700,641,642.5,2,10,-2.5,198.6973494,52.24,641.75
889800,637,638.5,2,10,-2.5,198.6684236,52.24,637.75
889900,636.5,638,2,10,-2.5,198.5279731,52.25,637.25
890000,631,632.5,2,10,-2.5,198.2526373,52.25,631.75
890100,636.5,638,2,10,-2.5,198.5645648,52.25,637.25
890200,639.5,641,2,10,-2.5,198.5886174,52.26,640.25
890300,642.5,644,2,10,-2.5,198.9049342,52.26,643.25
890400,644.5,646,2,10,-2.5,199.0569313,52.26,645.25
890500,646.5,648,2,10,-2.5,199.1444692,52.26,647.25
890600,645,646.5,2,10,-2.5,199.1129915,52.26,645.75
890700,644,645.5,2,10,-2.5,199.2285806,52.27,644.75
890800,644,645.5,2,10,-2.5,199.2178984,52.27,644.75
890900,645,646.5,2,10,-2.5,198.9903066,52.27,645.75
891000,645.5,647,2,10,-2.5,199.331165,52.28,646.25
891100,645.5,647,2,10,-2.5,199.3663502,52.28,646.25
891200,642,643.5,2,10,-2.5,199.243136,52.28,642.75
891300,647.5,649,2,10,-2.5,199.56266,52.28,648.25
891400,647.5,649,2,10,-2.5,199.5109165,52.28,648.25
891500,650,651.5,2,10,-2.5,199.6879429,52.29,650.75
891600,653,654.5,2,10,-2.5,199.909519,52.29,653.75
891700,654.5,656,2,10,-2.5,200.128098,52.29,655.25
891800,649.5,651,2,10,-2.5,199.8990421,52.3,650.25
891900,648,649.5,2,10,-2.5,199.6183475,52.3,648.75
892000,648,649.5,2,10,-2.5,199.6252257,52.3,648.75
892100,646.5,648,2,10,-2.5,199.3953122,52.3,647.25
892200,647,648.5,2,10,-2.5,199.5729028,52.3,647.75
892300,646.5,648,2,10,-2.5,199.5964031,52.31,647.25
892400,646,648,2,10,-2.5,199.2979086,52.31,647
892500,650,651.5,2,10,-2.5,199.5695024,52.31,650.75
892600,648.5,650,2,10,-2.5,199.8760793,52.32,649.25
892700,652.5,654,2,10,-2.5,200.0620638,52.32,653.25
892800,650,651.5,2,10,-2.5,199.9039003,52.32,650.75
892900,649.5,651,2,10,-2.5,200.0501397,52.32,650.25
893000,649.5,651,2,10,-2.5,200.0764212,52.32,650.25
893100,652.5,654,2,10,-2.5,200.1991148,52.33,653.25
893200,651,652.5,2,10,-2.5,199.8837565,52.33,651.75
893300,648,649.5,2,10,-2.5,199.8944093,52.33,648.75
893400,645.5,647,2,10,-2.5,199.9959026,52.34,646.25
893500,645.5,647,2,10,-2.5,200.3225797,52.34,646.25
893600,645.5,647,2,10,-2.5,200.3515974,52.34,646.25
893700,648,649.5,2,10,-2.5,200.7850341,52.34,648.75
893800,649,650.5,2,10,-2.5,200.6589783,52.34,649.75
893900,649,650.5,2,10,-2.5,200.7239806,52.35,649.75
894000,649.5,651,2,10,-2.5,200.6573571,52.35,650.25
894100,649.5,651,2,10,-2.5,200.6875047,52.35,650.25
894200,651,652.5,2,10,-2.5,200.8795579,52.36,651.75
894300,650.5,652.5,1.9,10,-2.5,200.7295731,52.36,651.5
894400,652,653.5,1.9,10,-2.5,200.5273455,52.36,652.75
894500,655,656.5,1.9,10,-2.5,200.5424557,52.36,655.75
894600,654,655.5,1.9,10,-2.5,200.7049948,52.36,654.75
894700,652,653.5,1.9,10,-2.5,200.6667523,52.37,652.75
894800,648.5,650,1.9,10,-2.5,200.6448592,52.37,649.25
894900,647.5,649,1.9,10,-2.5,200.5972953,52.37,648.25
895000,645,646.5,1.9,10,-2.5,200.5572329,52.38,645.75
895100,647,648.5,1.9,10,-2.5,200.5140401,52.38,647.75
895200,651,652.5,1.9,10,-2.5,200.8220792,52.38,651.75
895300,652.5,654,1.9,10,-2.5,200.6217819,52.38,653.25
895400,654,655.5,1.9,10,-2.5,200.672766,52.38,654.75
895500,659,660.5,1.9,10,-2.5,200.839874,52.39,659.75
895600,658.5,660,1.9,10,-2.5,200.8285347,52.39,659.25
895700,653.5,655,1.9,10,-2.5,200.7792895,52.39,654.25
895800,650.5,652,1.9,10,-2.5,200.796643,52.4,651.25
895900,650.5,652,1.9,10,-2.5,200.8549828,52.4,651.25
896000,654.5,656,1.9,10,-2.5,200.8852743,52.4,655.25
896100,657,658.5,1.9,10,-2.5,201.18807,52.4,657.75
896200,661.5,663,1.9,10,-2.5,201.3182556,52.4,662.25
896300,659.5,661,1.9,10,-2.5,201.2951516,52.41,660.25
896400,657,658.5,1.9,10,-2.5,201.1220522,52.41,657.75
896500,659.5,661,1.9,10,-2.5,201.1576027,52.41,660.25
896600,656.5,658,1.9,10,-2.5,200.8102148,52.42,657.25
896700,659,660.5,1.9,10,-2.5,200.9567746,52.42,659.75
896800,654.5,656,1.9,10,-2.5,200.5853806,52.42,655.25
896900,654.5,656,1.9,10,-2.5,200.550034,52.42,655.25
897000,655,656.5,1.9,10,-2.5,200.6294531,52.42,655.75
897100,658,659.5,1.9,10,-2.5,200.7168452,52.43,658.75
897200,661.5,663,1.9,10,-2.5,200.8790854,52.43,662.25
897300,662,663.5,1.9,10,-2.5,201.2434614,52.43,662.75
897400,660.5,662,1.9,10,-2.5,201.2101948,52.44,661.25
897500,655.5,657,1.9,10,-2.5,201.0327992,52.44,656.25
897600,653.5,655,1.9,10,-2.5,200.9767464,52.44,654.25
897700,653,654.5,1.9,10,-2.5,200.8786324,52.44,653.75
897800,652.5,654,1.9,10,-2.5,200.6640456,52.44,653.25
897900,658,659.5,1.9,10,-2.5,200.8963894,52.45,658.75
898000,658,659.5,1.9,10,-2.5,200.9578211,52.45,658.75
898100,656,657.5,1.9,10,-2.5,200.9158766,52.45,656.75
898200,659.5,661,1.9,10,-2.5,201.0189188,52.46,660.25
898300,659.5,661,1.9,10,-2.5,201.1187625,52.46,660.25
898400,658.5,660,1.9,10,-2.5,201.1824524,52.46,659.25
898500,663,664.5,1.9,10,-2.5,201.2211991,52.46,663.75
898600,662,663.5,1.9,10,-2.5,201.0690476,52.46,662.75
898700,660.5,662,1.9,10,-2.5,200.7551768,52.47,661.25
898800,665,666.5,1.9,10,-2.5,200.8412578,52.47,665.75
898900,664,665.5,1.9,10,-2.5,200.8670076,52.47,664.75
899000,659.5,661,1.9,10,-2.5,200.7117304,52.48,660.25
899100,659,660.5,1.9,10,-2.5,200.6880261,52.48,659.75
899200,654.5,656,1.8,10,-2.5,200.4506454,52.48,655.25
899300,650.5,652,1.8,10,-2.5,200.2968543,52.48,651.25
899400,647,648.5,1.8,10,-2.5,200.0346551,52.48,647.75
899500,645.5,647,1.8,10,-2.5,199.7835571,52.49,646.25
899600,643.5,645,1.8,10,-2.5,199.7482212,52.49,644.25
899700,641.5,643,1.8,10,-2.5,199.6011353,52.49,642.25
899800,643,644.5,1.8,10,-2.5,199.6643292,52.5,643.75
899900,640,641.5,1.8,10,-2.5,199.6480675,52.5,640.75
900000,637,638.5,1.8,10,-2.5,199.4957231,52.5,637.75
900100,643,644.5,1.8,10,-2.5,199.5806897,52.5,643.75
900200,643,644.5,1.8,10,-2.5,199.6954092,52.5,643.75
900300,641,642.5,1.8,10,-2.5,199.5474343,52.51,641.75
900400,643,644.5,1.8,10,-2.5,199.6241921,52.51,643.75
900500,640,641.5,1.8,10,-2.5,199.5199272,52.51,640.75
900600,642,643.5,1.8,10,-2.5,199.6946087,52.52,642.75
900700,643,644.5,1.8,10,-2.5,199.6593167,52.52,643.75
900800,641,642.5,1.8,10,-2.5,199.5732503,52.52,641.75
900900,639.5,641,1.8,10,-2.5,199.3321818,52.52,640.25
901000,638,639.5,1.8,10,-2.5,199.5627239,52.52,638.75
901100,634.5,636,1.8,10,-2.5,199.2914892,52.53,635.25
901200,632,633.5,1.8,10,-2.5,199.2563959,52.53,632.75
901300,635.5,637,1.8,10,-2.5,199.5317642,52.53,636.25
901400,635,636.5,1.8,10,-2.5,199.3577552,52.54,635.75
901500,634.5,636,1.8,10,-2.5,198.9079562,52.54,635.25
901600,631,632.5,1.8,10,-2.5,198.8509726,52.54,631.75
901700,629,630.5,1.8,10,-2.5,198.7184322,52.54,629.75
901800,628.5,630,1.8,10,-2.5,198.5946019,52.54,629.25
901900,623,624.5,1.8,10,-2.5,198.4121058,52.55,623.75
902000,624,625.5,1.8,10,-2.5,198.3552159,52.55,624.75
902100,627,628.5,1.8,10,-2.5,198.7283498,52.55,627.75
902200,630.5,632,1.8,10,-2.5,198.9413724,52.56,631.25
902300,633,634.5,1.8,10,-2.5,199.0439704,52.56,633.75
902400,631,632.5,1.8,10,-2.5,198.8341282,52.56,631.75
902500,631,632.5,1.8,10,-2.5,198.7088722,52.56,631.75
902600,631.5,633,1.8,10,-2.5,198.6478344,52.56,632.25
902700,632,633.5,1.8,10,-2.5,198.5182404,52.57,632.75
902800,634.5,636,1.8,10,-2.5,198.7523109,52.57,635.25
902900,632,633.5,1.8,10,-2.5,198.5300648,52.57,632.75
903000,635,636.5,1.8,10,-2.5,198.842978,52.58,635.75
903100,638,639.5,1.8,10,-2.5,199.0377627,52.58,638.75
903200,640,641.5,1.8,10,-2.5,199.2061697,52.58,640.75
903300,638.5,640,1.8,10,-2.5,199.1557972,52.58,639.25
903400,640.5,642,1.8,10,-2.5,199.4832727,52.58,641.25
903500,638.5,640,1.8,10,-2.5,199.3771628,52.59,639.25
903600,638.5,640,1.8,10,-2.5,199.6021391,52.59,639.25
903700,633.5,635,1.8,10,-2.5,199.3439311,52.59,634.25
903800,635.5,637,1.8,10,-2.5,199.396597,52.6,636.25
903900,633,634.5,1.8,10,-2.5,199.388305,52.6,633.75
904000,631,632.5,1.8,10,-2.5,199.3896633,52.6,631.75
904100,637.5,639,1.8,10,-2.5,199.666375,52.6,638.25
904200,638,639.5,1.8,10,-2.5,199.7695933,52.6,638.75
904300,635,636.5,1.8,10,-2.5,199.7667466,52.61,635.75
904400,637.5,639,1.8,10,-2.5,199.7646442,52.61,638.25
904500,638,639.5,1.8,10,-2.5,199.6824402,52.61,638.75
904600,638,639.5,1.8,10,-2.5,199.4940232,52.62,638.75
904700,639,640.5,1.8,10,-2.5,199.6476974,52.62,639.75
904800,639.5,641,1.8,10,-2.5,199.5525618,52.62,640.25
904900,641.5,643,1.8,10,-2.5,199.4932342,52.62,642.25
905000,640,641.5,1.8,10,-2.5,199.3123719,52.62,640.75
905100,637.5,639,1.8,10,-2.5,199.0129372,52.63,638.25
905200,641,642.5,1.8,10,-2.5,198.9806633,52.63,641.75
905300,640.5,642.5,1.8,10,-2.5,198.9674858,52.63,641.5
905400,636.5,638,1.8,10,-2.5,198.6934738,52.64,637.25
905500,638,639.5,1.8,10,-2.5,198.7053915,52.64,638.75
905600,636,637.5,1.8,10,-2.5,198.6623409,52.64,636.75
905700,638.5,640,1.8,10,-2.5,198.6738211,52.64,639.25
905800,642,643.5,1.8,10,-2.5,198.6829813,52.64,642.75
905900,642.5,644,1.8,10,-2.5,198.5842702,52.65,643.25
906000,643.5,645,1.8,10,-2.5,198.5701166,52.65,644.25
906100,645.5,647,1.8,10,-2.5,198.6998801,52.65,646.25
906200,645,647,1.8,10,-2.5,198.7270254,52.66,646
906300,646,647.5,1.8,10,-2.5,198.7069281,52.66,646.75
906400,644.5,646,1.8,10,-2.5,198.6816135,52.66,645.25
906500,647.5,649,1.8,10,-2.5,198.7773368,52.66,648.25
906600,647.5,649,1.8,10,-2.5,198.8099763,52.66,648.25
906700,648.5,650,1.8,10,-2.5,198.9932922,52.67,649.25
906800,646.5,648,1.8,10,-2.5,198.8366152,52.67,647.25
906900,645,646.5,1.8,10,-2.5,198.3210926,52.67,645.75
907000,649,650.5,1.8,10,-2.5,198.6072233,52.68,649.75
907100,647,648.5,1.8,10,-2.5,198.4570365,52.68,647.75
907200,647,648.5,1.8,10,-2.5,198.3082585,52.68,647.75
907300,646,647.5,1.8,10,-2.5,198.323053,52.68,646.75
907400,645.5,647.5,1.8,10,-2.5,198.0605226,52.68,646.5
907500,642,643.5,1.8,10,-2.5,198.0239051,52.69,642.75
907600,643,644.5,1.8,10,-2.5,198.1793345,52.69,643.75
907700,643,644.5,1.8,10,-2.5,198.1851071,52.69,643.75
907800,643,644.5,1.8,10,-2.5,198.2030717,52.7,643.75
907900,646,647.5,1.8,10,-2.5,198.4275268,52.7,646.75
908000,644,645.5,1.8,10,-2.5,198.3675378,52.7,644.75
908100,644,646,1.8,10,-2.5,198.6171029,52.7,645
908200,642.5,644,1.8,10,-2.5,198.4890045,52.7,643.25
908300,646.5,648,1.8,10,-2.5,198.602908,52.71,647.25
908400,644.5,646,1.8,10,-2.5,198.37589,52.71,645.25
908500,644,645.5,1.8,10,-2.5,198.207892,52.71,644.75
908600,645,646.5,1.8,10,-2.5,198.2984057,52.72,645.75
908700,645,646.5,1.8,10,-2.5,198.3528978,52.72,645.75
908800,650.5,652,1.8,10,-2.5,198.7048296,52.72,651.25
908900,652.5,654,1.8,10,-2.5,198.8117466,52.72,653.25
909000,652.5,654,1.8,10,-2.5,198.6826192,52.72,653.25
909100,652.5,654,1.8,10,-2.5,198.5250892,52.73,653.25
909200,656,657.5,1.8,10,-2.5,198.9566535,52.73,656.75
909300,659.5,661,1.8,10,-2.5,199.1997121,52.73,660.25
909400,662.5,664,1.8,10,-2.5,199.4801625,52.74,663.25
909500,660.5,662,1.8,10,-2.5,199.3869219,52.74,661.25
909600,660.5,662.5,1.8,10,-2.5,199.6014571,52.74,661.5
909700,661.5,663,1.8,10,-2.5,199.8234795,52.74,662.25
909800,660,661.5,1.8,10,-2.5,199.9714864,52.74,660.75
909900,660,661.5,1.8,10,-2.5,199.8904738,52.75,660.75
910000,663,664.5,1.8,10,-2.5,199.9736828,52.75,663.75
910100,667.5,669,1.8,10,-2.5,199.985752,52.75,668.25
910200,664,665.5,1.8,10,-2.5,199.9498687,52.76,664.75
910300,666,667.5,1.8,10,-2.5,199.9886196,52.76,666.75
910400,663,664.5,1.8,10,-2.5,199.9022325,52.76,663.75
910500,667.5,669,1.8,10,-2.5,199.9987526,52.76,668.25
910600,669.5,671,1.8,10,-2.5,200.0199048,52.76,670.25
910700,671,672.5,1.8,10,-2.5,200.2502494,52.77,671.75
910800,672,673.5,1.8,10,-2.5,200.1688605,52.77,672.75
910900,673,674.5,1.8,10,-2.5,200.2869492,52.77,673.75
911000,673,674.5,1.8,10,-2.5,200.3495243,52.78,673.75
911100,674,675.5,1.8,10,-2.5,200.2604536,52.78,674.75
911200,671.5,673,1.8,10,-2.5,200.1491851,52.78,672.25
911300,673,674.5,1.8,10,-2.5,200.3733115,52.78,673.75
911400,671,672.5,1.8,10,-2.5,200.1059216,52.78,671.75
911500,675,676.5,1.8,10,-2.5,200.1390648,52.79,675.75
911600,675.5,677,1.8,10,-2.5,200.2451379,52.79,676.25
911700,674.5,676,1.8,10,-2.5,199.9996739,52.79,675.25
911800,676,677.5,1.8,10,-2.5,200.1697318,52.8,676.75
911900,680.5,682,1.8,10,-2.5,200.23777,52.8,681.25
912000,678,679.5,1.8,10,-2.5,200.2816765,52.8,678.75
912100,679,680.5,1.8,10,-2.5,200.5148182,52.8,679.75
912200,678,679.5,1.8,10,-2.5,200.4688894,52.8,678.75
912300,680.5,682,1.8,10,-2.5,200.5669325,52.81,681.25
912400,684,685.5,1.8,10,-2.5,200.7694548,52.81,684.75
912500,684,685.5,1.8,10,-2.5,200.8708522,52.81,684.75
912600,681.5,683,1.8,10,-2.5,200.7137227,52.82,682.25
912700,681.5,683,1.8,10,-2.5,200.7326877,52.82,682.25
912800,682,683.5,1.8,10,-2.5,200.6342149,52.82,682.75
912900,683.5,685,1.8,10,-2.5,200.7564956,52.82,684.25
913000,681,682.5,1.8,10,-2.5,200.6459776,52.82,681.75
913100,681,682.5,1.8,10,-2.5,200.4655448,52.83,681.75
913200,683.5,685,1.8,10,-2.5,200.4312976,52.83,684.25
913300,681,682.5,1.8,10,-2.5,200.1803109,52.83,681.75
913400,678.5,680,1.8,10,-2.5,199.9962733,52.84,679.25
913500,678.5,680,1.8,10,-2.5,200.1226758,52.84,679.25
913600,679.5,681,1.8,10,-2.5,200.1901881,52.84,680.25
913700,674,675.5,1.8,10,-2.5,200.1122952,52.84,674.75
913800,673.5,675,1.8,10,-2.5,200.1529283,52.84,674.25
913900,673.5,675,1.8,10,-2.5,200.1509206,52.85,674.25
914000,673.5,675,1.8,10,-2.5,200.1751379,52.85,674.25
914100,672.5,674,1.8,10,-2.5,199.9625682,52.85,673.25
914200,671.5,673,1.8,10,-2.5,199.8883498,52.86,672.25
914300,671.5,673,1.8,10,-2.5,200.2285085,52.86,672.25
914400,674.5,676,1.8,10,-2.5,200.5959013,52.86,675.25
914500,674.5,676,1.8,10,-2.5,200.43317,52.86,675.25
914600,670.5,672,1.8,10,-2.5,200.291651,52.86,671.25
914700,671,672.5,1.8,10,-2.5,200.6135015,52.87,671.75
914800,676,677.5,1.8,10,-3,200.7003802,52.87,676.75
914900,675,676.5,1.8,10,-3,200.7791258,52.87,675.75
915000,674.5,676,1.8,10,-3,200.7073022,52.88,675.25
915100,675.5,677,1.8,10,-3,200.6661417,52.88,676.25
915200,675.5,677,1.8,10,-3,200.4548851,52.88,676.25
915300,673.5,675,1.8,10,-3,200.3101656,52.88,674.25
915400,680,681.5,1.8,10,-3,200.630878,52.88,680.75
915500,674,675.5,1.8,10,-3,200.4390162,52.89,674.75
915600,672.5,674,1.8,10,-3,200.0363875,52.89,673.25
915700,672.5,674,1.8,10,-3,199.9422937,52.89,673.25
915800,668.5,670,1.8,10,-3,199.643694,52.9,669.25
915900,670.5,672,1.8,10,-3,199.7037441,52.9,671.25
916000,670,671.5,1.8,10,-3,199.2097906,52.9,670.75
916100,672,673.5,1.8,10,-3,199.5313182,52.9,672.75
916200,673.5,675,1.8,10,-3,199.5380606,52.9,674.25
916300,671.5,673,1.9,10,-3,199.4579111,52.91,672.25
916400,672,673.5,1.9,10,-3,199.4792372,52.91,672.75
916500,680.5,682,1.9,10,-3,199.6203126,52.91,681.25
916600,680,681.5,1.9,10,-3,199.4901045,52.92,680.75
916700,680,681.5,1.9,10,-3,199.2379817,52.92,680.75
916800,680.5,682,1.9,10,-3,199.3256288,52.92,681.25
916900,680,681.5,1.9,10,-3,199.3132622,52.92,680.75
917000,683.5,685,1.9,10,-3,199.220056,52.92,684.25
917100,683.5,685,1.9,10,-3,199.282963,52.93,684.25
917200,687,688.5,1.9,10,-3,199.4823448,52.93,687.75
917300,686,687.5,1.9,10,-3,199.604734,52.93,686.75
917400,684.5,686,1.9,10,-3,199.4208411,52.94,685.25
917500,682,683.5,1.9,10,-3,199.3584997,52.94,682.75
917600,681.5,683,1.9,10,-3,199.3577619,52.94,682.25
917700,681.5,683,1.9,10,-3,199.4552138,52.94,682.25
917800,681.5,683,1.9,10,-3,198.9257933,52.94,682.25
917900,685,686.5,1.9,10,-3,198.9363733,52.95,685.75
918000,684,685.5,1.9,10,-3,199.0552301,52.95,684.75
918100,684,685.5,1.9,10,-3,199.0500351,52.95,684.75
918200,681.5,683,1.9,10,-3,198.9808386,52.96,682.25
918300,683.5,685,1.9,10,-3,199.1701181,52.96,684.25
918400,681.5,683,1.9,10,-3,199.1092357,52.96,682.25
918500,683,684.5,1.9,10,-3,199.3376378,52.96,683.75
918600,687.5,689,1.9,10,-3,199.3323181,52.96,688.25
918700,687.5,689,1.9,10,-3,199.1667696,52.97,688.25
918800,690.5,692,1.9,10,-3,199.3469087,52.97,691.25
918900,688,689.5,1.9,10,-3,199.4710816,52.97,688.75
919000,687.5,689,1.9,10,-3,199.4973804,52.98,688.25
919100,688.5,690,1.9,10,-3,199.4903986,52.98,689.25
919200,684.5,686,1.9,10,-3,199.2026118,52.98,685.25
919300,682,683.5,1.9,10,-3,198.9994731,52.98,682.75
919400,681,682.5,1.9,10,-3,198.8873498,52.98,681.75
919500,679,680.5,1.9,10,-3,198.6764221,52.99,679.75
919600,679.5,681,1.9,10,-3,198.6337191,52.99,680.25
919700,684,685.5,1.9,10,-3,198.8520432,52.99,684.75
919800,685.5,687,1.9,10,-3,199.1825307,53,686.25
919900,681,682.5,1.9,10,-3,199.0640329,53,681.75
920000,681,683,1.9,10,-3,199.3347355,53,682
920100,684,685.5,1.9,10,-3,199.3141129,53,684.75
920200,684.5,686,1.9,10,-3,199.0077129,53,685.25
920300,683,684.5,1.9,10,-3,198.6231702,53.01,683.75
920400,682.5,684.5,1.9,10,-3,198.6078851,53.01,683.5
920500,681.5,683,1.9,10,-3,198.4362676,53.01,682.25
920600,685.5,687,1.9,10,-3,198.4623172,53.02,686.25
920700,682.5,684,1.9,10,-3,198.2181376,53.02,683.25
920800,679,680.5,1.9,10,-3,198.1333289,53.02,679.75
920900,679,680.5,1.9,10,-3,198.0930815,53.02,679.75
921000,680.5,682,1.9,10,-3,198.1612878,53.02,681.25
921100,685,686.5,1.9,10,-3,198.4131964,53.03,685.75
921200,683.5,685,1.9,10,-3,198.2352574,53.03,684.25
921300,685.5,687,1.9,10,-3,198.3009293,53.03,686.25
921400,682,683.5,1.9,10,-3,198.2931207,53.04,682.75
921500,679,680.5,1.9,10,-3,198.1229236,53.04,679.75
921600,681.5,683,1.9,10,-3,198.1351321,53.04,682.25
921700,677,678.5,1.9,10,-3,197.9923931,53.04,677.75
921800,678,679.5,1.9,10,-3,197.7129917,53.04,678.75
921900,679,680.5,1.9,10,-3,197.9905636,53.05,679.75
922000,678,679.5,1.9,10,-3,197.9238419,53.05,678.75
922100,679,680.5,1.9,10,-3,197.5009312,53.05,679.75
922200,681,682.5,1.9,10,-3,197.5828268,53.06,681.75
922300,679.5,681,1.9,10,-3,197.9420226,53.06,680.25
922400,683,684.5,1.9,10,-3,198.0644652,53.06,683.75
922500,683,684.5,1.9,10,-3,198.2232845,53.06,683.75
922600,684,685.5,1.9,10,-3,198.3383952,53.06,684.75
922700,686,687.5,1.9,10,-3,198.4243842,53.07,686.75
922800,686,688,1.9,10,-3,198.6244816,53.07,687
922900,687,688.5,1.9,10,-3,198.5815531,53.07,687.75
923000,683.5,685,1.9,10,-3,198.4184193,53.08,684.25
923100,685.5,687,1.9,10,-3,198.6380704,53.08,686.25
923200,683,684.5,1.9,10,-3,198.4293973,53.08,683.75
923300,683,684.5,1.9,10,-3,198.4525088,53.08,683.75
923400,684.5,686,1.9,10,-3,198.5760942,53.08,685.25
923500,683,684.5,1.9,10,-3,198.5190751,53.09,683.75
923600,677.5,679,1.9,10,-3,198.4391192,53.09,678.25
923700,681,682.5,1.9,10,-3,198.5788303,53.09,681.75
923800,680.5,682.5,1.9,10,-3,198.7462374,53.1,681.5
923900,685,686.5,1.9,10,-3,199.1389423,53.1,685.75
924000,683,684.5,1.9,10,-3,199.1029082,53.1,683.75
924100,680.5,682,1.9,10,-3,198.9511032,53.1,681.25
924200,685,686.5,1.9,10,-3,199.1589301,53.1,685.75
924300,684.5,686,1.9,10,-3,199.1555863,53.11,685.25
924400,681.5,683,1.9,10,-3,198.9087587,53.11,682.25
924500,678.5,680,1.9,10,-3,198.8362315,53.11,679.25
924600,676,677.5,1.9,10,-3,198.47694,53.12,676.75
924700,676,678,1.9,10,-3,198.5965632,53.12,677
924800,676.5,678,1.9,10,-3,198.551449,53.12,677.25
924900,678,679.5,1.9,10,-3,198.6597973,53.12,678.75
925000,677,678.5,1.9,10,-3,198.5349007,53.12,677.75
925100,674.5,676,1.9,10,-3,198.3145137,53.13,675.25
925200,674.5,676,1.9,10,-3,198.4918184,53.13,675.25
925300,675,676.5,1.9,10,-3,198.5020201,53.13,675.75
925400,676,677.5,1.9,10,-3,198.672837,53.14,676.75
925500,678,679.5,1.9,10,-3,198.8590818,53.14,678.75
925600,673,674.5,1.9,10,-3,198.763263,53.14,673.75
925700,676.5,678,1.9,10,-3,198.794446,53.14,677.25
925800,676.5,678,1.9,10,-3,198.70343,53.14,677.25
925900,679.5,681,1.9,10,-3,198.9431164,53.15,680.25
926000,681,682.5,1.9,10,-3,199.0219166,53.15,681.75
926100,677.5,679,1.9,10,-3,198.750139,53.15,678.25
926200,682,683.5,1.9,10,-3,198.8183615,53.16,682.75
926300,682.5,684,1.9,10,-3,198.8411958,53.16,683.25
926400,678.5,680,1.9,10,-3,198.7101196,53.16,679.25
926500,677,678.5,1.9,10,-3,198.2908295,53.16,677.75
926600,682,683.5,1.9,10,-3,198.4409177,53.16,682.75
926700,679.5,681,1.9,10,-3,198.540417,53.17,680.25
926800,677.5,679,1.9,10,-3,198.3186867,53.17,678.25
926900,676,677.5,1.9,10,-3,198.2764326,53.17,676.75
927000,676,677.5,1.9,10,-3,198.0702459,53.18,676.75
927100,675.5,677,1.9,10,-3,198.1563844,53.18,676.25
927200,679.5,681,1.9,10,-3,198.3724432,53.18,680.25
927300,683,684.5,1.9,10,-3,198.5612712,53.18,683.75
927400,687,688.5,1.9,10,-3,198.8931191,53.18,687.75
927500,687,688.5,1.9,10,-3,198.9290979,53.19,687.75
927600,685.5,687,1.9,10,-3,198.771914,53.19,686.25
927700,686.5,688,1.9,10,-3,198.7863469,53.19,687.25
927800,683.5,685,1.9,10,-3,198.5800394,53.2,684.25
927900,684.5,686,1.9,10,-3,198.6775434,53.2,685.25
928000,683.5,685,1.9,10,-3,198.5509724,53.2,684.25
928100,683.5,685,1.9,10,-3,198.3453659,53.2,684.25
928200,686,687.5,1.9,10,-3,198.4478462,53.2,686.75
928300,689,690.5,1.9,10,-3,198.6322531,53.21,689.75
928400,689.5,691,1.9,10,-3,198.3541452,53.21,690.25
928500,686.5,688,1.9,10,-3,198.1384394,53.21,687.25
928600,687,688.5,1.9,10,-3,197.7844724,53.22,687.75
928700,689.5,691,1.9,10,-3,197.9879879,53.22,690.25
928800,688,689.5,1.9,10,-3,197.756098,53.22,688.75
928900,687.5,689,1.9,10,-3,197.8667206,53.22,688.25
929000,687.5,689,1.9,10,-3,197.9504321,53.22,688.25
929100,683.5,685,1.9,10,-3,197.7617082,53.23,684.25
929200,681,682.5,1.9,10,-3,197.6278845,53.23,681.75
929300,682.5,684,1.9,10,-3,197.7889755,53.23,683.25
929400,682.5,684,1.9,10,-3,197.7946522,53.24,683.25
929500,684,685.5,1.9,10,-3,197.8209413,53.24,684.75
929600,683,684.5,1.9,10,-3,197.5688284,53.24,683.75
929700,683,685,1.9,10,-3,197.7268753,53.24,684
929800,686.5,688,1.9,10,-3,197.7812321,53.24,687.25
929900,686.5,688,1.9,10,-3,198.0973901,53.25,687.25
930000,688,689.5,1.9,10,-3,198.2129711,53.25,688.75
930100,688,689.5,1.9,10,-3,198.0782008,53.25,688.75
930200,689.5,691,1.9,10,-3,198.2509841,53.26,690.25
930300,691,692.5,1.9,10,-3,198.289378,53.26,691.75
930400,695.5,697,1.9,10,-3,198.3344416,53.26,696.25
930500,695.5,697,1.9,10,-3,198.3060925,53.26,696.25
930600,690.5,692,1.9,10,-3,197.8305122,53.26,691.25
930700,692.5,694,1.9,10,-3,198.1210617,53.27,693.25
930800,692,693.5,1.9,10,-3,198.3381356,53.27,692.75
930900,692.5,694,1.9,10,-3,198.5040182,53.27,693.25
931000,693,694.5,1.9,10,-3,198.8029577,53.28,693.75
931100,694,695.5,1.9,10,-3,199.1091504,53.28,694.75
931200,695.5,697,1.9,10,-3,199.3947302,53.28,696.25
931300,693,694.5,1.9,10,-3,199.2581698,53.28,693.75
931400,696,697.5,1.9,10,-3,199.4295908,53.28,696.75
931500,696,697.5,1.9,10,-3,199.4253411,53.29,696.75
931600,694,695.5,1.9,10,-3,199.354903,53.29,694.75
931700,694,695.5,1.9,10,-3,199.2212829,53.29,694.75
931800,692.5,694,1.9,10,-3,199.1621177,53.3,693.25
931900,696.5,698,1.9,10,-3,199.2943862,53.3,697.25
932000,695,696.5,1.9,10,-3,199.1183123,53.3,695.75
932100,695.5,697,1.9,10,-3,199.1621168,53.3,696.25
932200,693,694.5,1.9,10,-3,199.1061921,53.3,693.75
932300,694,695.5,1.9,10,-3,199.221235,53.31,694.75
932400,696.5,698,1.9,10,-3,199.4308262,53.31,697.25
932500,695.5,697,1.9,10,-3,199.5703143,53.31,696.25
932600,696.5,698,1.9,10,-3,199.6038769,53.32,697.25
932700,693,694.5,1.9,10,-3,199.2564855,53.32,693.75
932800,691,692.5,1.9,10,-3,199.1306292,53.32,691.75
932900,695,696.5,1.9,10,-3,199.2111371,53.32,695.75
933000,693,694.5,1.9,10,-3,199.2156531,53.32,693.75
933100,697.5,699,1.9,10,-3,199.5043899,53.33,698.25
933200,699,700.5,1.9,10,-3,199.5801013,53.33,699.75
933300,694.5,696,1.9,10,-3,199.385155,53.33,695.25
933400,693,694.5,1.9,10,-3,199.2411527,53.34,693.75
933500,691.5,693,1.9,10,-3,199.0021769,53.34,692.25
933600,690,691.5,1.9,10,-3,198.973834,53.34,690.75
933700,693,694.5,1.9,10,-3,199.2127111,53.34,693.75
933800,693,695,1.9,10,-3,199.0546486,53.34,694
933900,690,691.5,1.9,10,-3,198.9108507,53.35,690.75
934000,691,692.5,1.9,10,-3,198.9180811,53.35,691.75
934100,690,691.5,1.9,10,-3,198.8617571,53.35,690.75
934200,688,689.5,1.9,10,-3,198.7816956,53.36,688.75
934300,687.5,689,1.9,10,-3,198.9586707,53.36,688.25
934400,690,691.5,1.9,10,-3,199.0862981,53.36,690.75
934500,690.5,692,1.9,10,-3,198.9302276,53.36,691.25
934600,690,692,1.9,10,-3,198.9100592,53.36,691
934700,689.5,691,1.9,10,-3,198.8248204,53.37,690.25
934800,690.5,692,1.9,10,-3,198.866271,53.37,691.25
934900,688.5,690,1.9,10,-3,198.7962095,53.37,689.25
935000,693,694.5,1.9,10,-3,199.0382067,53.38,693.75
935100,692.5,694,1.9,10,-3,199.0912913,53.38,693.25
935200,689.5,691,1.9,10,-3,198.9126089,53.38,690.25
935300,689.5,691,1.9,10,-3,198.836209,53.38,690.25
935400,688.5,690,1.9,10,-3,198.769751,53.38,689.25
935500,693,694.5,1.9,10,-3,198.9376932,53.39,693.75
935600,692.5,694,1.9,10,-3,198.939012,53.39,693.25
935700,690.5,692,1.9,10,-3,199.0507785,53.39,691.25
935800,693.5,695,1.9,10,-3,199.2197788,53.4,694.25
935900,692.5,694,1.9,10,-3,199.3368389,53.4,693.25
936000,692,693.5,1.9,10,-3,199.4973787,53.4,692.75
936100,696,697.5,1.9,10,-3,199.6382664,53.4,696.75
936200,698.5,700,1.9,10,-3,199.8629165,53.4,699.25
936300,693.5,695,1.9,10,-3,199.5232806,53.41,694.25
936400,690.5,692,1.9,10,-3,199.2460224,53.41,691.25
936500,691,692.5,1.9,10,-3,199.5344105,53.41,691.75
936600,692,693.5,1.9,10,-3,199.5143351,53.42,692.75
936700,688.5,690,1.9,10,-3,199.4359517,53.42,689.25
936800,688.5,690,1.9,10,-3,199.3336157,53.42,689.25
936900,690,691.5,1.9,10,-3,199.3485372,53.42,690.75
937000,691.5,693,1.9,10,-3,199.3787774,53.42,692.25
937100,691.5,693,1.9,10,-3,199.3629074,53.43,692.25
937200,692,693.5,1.9,10,-3,199.4957811,53.43,692.75
937300,691,692.5,1.9,10,-3,199.3810031,53.43,691.75
937400,692.5,694,1.9,10,-3,199.4535238,53.44,693.25
937500,690.5,692,1.9,10,-3,199.1973884,53.44,691.25
937600,691.5,693,1.9,10,-3,199.2460728,53.44,692.25
937700,691.5,693,1.9,10,-3,199.3876354,53.44,692.25
937800,692.5,694,1.9,10,-3,199.6091518,53.44,693.25
937900,693,694.5,1.9,10,-3,199.5974715,53.45,693.75
938000,691.5,693,1.9,10,-3,199.3954263,53.45,692.25
938100,690.5,692,1.9,10,-3,199.2251007,53.45,691.25
938200,688.5,690,1.9,10,-3,198.7952717,53.46,689.25
938300,686.5,688,1.9,10,-3,198.5344127,53.46,687.25
938400,691.5,693,1.9,10,-3,198.5421362,53.46,692.25
938500,691.5,693,1.9,10,-3,198.5410863,53.46,692.25
938600,689,690.5,1.9,10,-3,198.1130487,53.46,689.75
938700,689.5,691,1.9,10,-3,198.1693218,53.47,690.25
938800,684.5,686,1.9,10,-3,198.0578846,53.47,685.25
938900,686,687.5,1.9,10,-3,197.9290092,53.47,686.75
939000,689,690.5,1.9,10,-3,197.9139971,53.48,689.75
939100,688.5,690,1.9,10,-3,197.7925656,53.48,689.25
939200,683.5,685,1.9,10,-3,197.5645319,53.48,684.25
939300,681.5,683,1.9,10,-3,197.4897596,53.48,682.25
939400,683.5,685,1.9,10,-3,197.660532,53.48,684.25
939500,685,686.5,1.9,10,-3,197.5530025,53.49,685.75
939600,684.5,686.5,1.9,10,-3,197.7370356,53.49,685.5
939700,683.5,685,1.9,10,-3,197.7940594,53.49,684.25
939800,686.5,688,1.9,10,-3,198.1984811,53.5,687.25
939900,686.5,688,1.9,10,-3,198.2630389,53.5,687.25
940000,686.5,688,1.9,10,-3,198.43016,53.5,687.25
940100,683.5,685,1.9,10,-3,198.3185572,53.5,684.25
940200,686,687.5,1.9,10,-3,198.5708136,53.5,686.75
940300,686,687.5,1.9,10,-3,198.6478499,53.51,686.75
940400,687,688.5,1.9,10,-3,198.9075541,53.51,687.75
940500,688.5,690,1.9,10,-3,199.1328903,53.51,689.25
940600,690.5,692,1.9,10,-3,199.2295127,53.52,691.25
940700,689,690.5,1.9,10,-3,199.3338962,53.52,689.75
940800,690.5,692,1.9,10,-3,199.4560075,53.52,691.25
940900,688.5,690,1.9,10,-3,199.3869146,53.52,689.25
941000,685,686.5,1.9,10,-3,199.2984553,53.52,685.75
941100,684,685.5,1.9,10,-3,199.2386213,53.53,684.75
941200,683,684.5,1.9,10,-3,199.2564377,53.53,683.75
941300,679.5,681,1.9,10,-3,199.1235786,53.53,680.25
941400,682.5,684,1.9,10,-3,199.2278715,53.54,683.25
941500,678.5,680,1.9,10,-3,199.1053642,53.54,679.25
941600,681.5,683,1.9,10,-3,199.1569485,53.54,682.25
941700,681.5,683,1.9,10,-3,199.2353424,53.54,682.25
941800,684.5,686,1.9,10,-3,199.4095255,53.54,685.25
941900,684.5,686,1.9,10,-3,199.7767271,53.55,685.25
942000,684,685.5,1.9,10,-3,199.7201365,53.55,684.75
942100,679.5,681,1.9,10,-3,199.6910337,53.55,680.25
942200,685,686.5,1.9,10,-3,199.7784347,53.56,685.75
942300,686.5,688,1.9,10,-3,199.8073758,53.56,687.25
942400,687.5,689,1.9,10,-3,199.8429111,53.56,688.25
942500,688.5,690,1.9,10,-3,200.020807,53.56,689.25
942600,688.5,690.5,1.9,10,-3,199.864216,53.56,689.5
942700,685.5,687,1.9,10,-3,199.7218036,53.57,686.25
942800,683,684.5,1.9,10,-3,199.6101403,53.57,683.75
942900,677.5,679,1.9,10,-3,199.2725257,53.57,678.25
943000,676,677.5,1.9,10,-3,199.3863358,53.58,676.75
943100,676,677.5,1.9,10,-3,199.5061723,53.58,676.75
943200,675,676.5,1.9,10,-3,199.4739077,53.58,675.75
943300,678,679.5,1.9,10,-3,199.5500985,53.58,678.75
943400,676,677.5,1.9,10,-3,199.3599104,53.58,676.75
943500,671,672.5,1.9,10,-3,199.0242437,53.59,671.75
943600,673,674.5,1.9,10,-3,199.0335614,53.59,673.75
943700,672.5,674,1.9,10,-3,199.1522608,53.59,673.25
943800,671,672.5,1.9,10,-3,199.1676372,53.6,671.75
943900,674,675.5,1.9,10,-3,199.1759643,53.6,674.75
944000,677.5,679,1.9,10,-3,199.2836699,53.6,678.25
944100,675,676.5,1.9,10,-3,199.25328,53.6,675.75
944200,673.5,675,1.9,10,-3,199.2578661,53.6,674.25
944300,673.5,675,1.9,10,-3,199.2912869,53.61,674.25
944400,675,676.5,1.9,10,-3,199.3179558,53.61,675.75
944500,672.5,674,1.9,10,-3,199.1306995,53.61,673.25
944600,670,671.5,1.9,10,-3,198.8698827,53.62,670.75
944700,671,672.5,1.9,10,-3,198.8717553,53.62,671.75
944800,669,670.5,1.9,10,-3,198.8683263,53.62,669.75
944900,673,674.5,1.9,10,-3,198.9840882,53.62,673.75
945000,672.5,674,1.9,10,-3,198.9981413,53.62,673.25
945100,673.5,675,1.9,10,-3,199.007903,53.63,674.25
945200,673,675,1.9,10,-3,199.0533904,53.63,674
945300,673.5,675,1.9,10,-3,199.2575921,53.63,674.25
945400,673,674.5,1.9,10,-3,199.3941571,53.64,673.75
945500,676.5,678,1.9,10,-3,199.7408357,53.64,677.25
945600,673,674.5,1.9,10,-3,199.4208787,53.64,673.75
945700,676.5,678,1.9,10,-3,199.6072824,53.64,677.25
945800,680,681.5,1.9,10,-3,199.7728255,53.64,680.75
945900,683,684.5,1.9,10,-3,199.9231149,53.65,683.75
946000,685,686.5,1.9,10,-3,200.0414379,53.65,685.75
946100,683.5,685,1.9,10,-3,199.7367057,53.65,684.25
946200,684.5,686,1.9,10,-3,199.6553742,53.66,685.25
946300,681,682.5,1.9,10,-3,199.6396312,53.66,681.75
946400,681,683,1.9,10,-3,199.9240164,53.66,682
946500,682.5,684,1.9,10,-3,199.9568917,53.66,683.25
946600,682.5,684,1.9,10,-3,199.972048,53.66,683.25
946700,685,686.5,1.9,10,-3,200.0675667,53.67,685.75
946800,685.5,687,1.9,10,-3,199.9631166,53.67,686.25
946900,686,687.5,1.9,10,-3,199.9369073,53.67,686.75
947000,684,685.5,1.9,10,-3,199.7542537,53.68,684.75
947100,683.5,685,1.9,10,-3,199.4462583,53.68,684.25
947200,684,685.5,1.9,10,-3,199.5627925,53.68,684.75
947300,688.5,690,1.9,10,-3,199.8385997,53.68,689.25
947400,688.5,690.5,1.9,10,-3,199.6717754,53.68,689.5
947500,688,689.5,1.9,10,-3,199.6480973,53.69,688.75
947600,686.5,688,1.9,10,-3,199.529571,53.69,687.25
947700,685.5,687,1.9,10,-3,199.4014097,53.69,686.25
947800,685.5,687,1.9,10,-3,199.011731,53.7,686.25
947900,686,687.5,1.9,10,-3,198.9149243,53.7,686.75
948000,685.5,687,1.9,10,-3,198.4208326,53.7,686.25
948100,682.5,684,1.9,10,-3,198.0679791,53.7,683.25
948200,680.5,682,1.9,10,-3,197.8757921,53.7,681.25
948300,682,683.5,1.9,10,-3,198.0599866,53.71,682.75
948400,678.5,680,1.9,10,-3,197.9187199,53.71,679.25
948500,677.5,679,1.9,10,-3,197.8138673,53.71,678.25
948600,677.5,679.5,1.9,10,-3,197.9299137,53.72,678.5
948700,680.5,682,1.9,10,-3,198.1200109,53.72,681.25
948800,682,683.5,1.9,10,-3,198.298262,53.72,682.75
948900,683.5,685,1.9,10,-3,198.2716121,53.72,684.25
949000,680,681.5,1.9,10,-3,198.0035811,53.72,680.75
949100,678,679.5,1.9,10,-3,197.8774329,53.73,678.75
949200,680,681.5,1.9,10,-3,197.8599697,53.73,680.75
949300,674,675.5,1.9,10,-3,197.5614016,53.73,674.75
949400,675,676.5,1.9,10,-3,197.3411219,53.74,675.75
949500,677,678.5,1.9,10,-3,197.7186208,53.74,677.75
949600,675,676.5,1.9,10,-3,197.692541,53.74,675.75
949700,671.5,673,1.9,10,-3,197.4537927,53.74,672.25
949800,666.5,668,1.9,10,-3,197.3218466,53.74,667.25
949900,663,664.5,1.9,10,-3,197.1394437,53.75,663.75
950000,666,667.5,1.9,10,-3,197.2342772,53.75,666.75
950100,663,664.5,1.9,10,-3,197.0230144,53.75,663.75
950200,664,665.5,1.9,10,-3,197.0602449,53.76,664.75
950300,666,667.5,1.9,10,-3,197.4150152,53.76,666.75
950400,666,668,1.9,10,-3,197.5496596,53.76,667
950500,666,667.5,1.9,10,-3,197.3567812,53.76,666.75
950600,666,667.5,1.9,10,-3,196.8429221,53.76,666.75
950700,668.5,670,1.9,10,-3,197.0690886,53.77,669.25
950800,667.5,669,1.9,10,-3,196.8867559,53.77,668.25
950900,662,663.5,1.9,10,-3,196.6856015,53.77,662.75
951000,661,662.5,1.9,10,-3,196.5840281,53.78,661.75
951100,660.5,662,1.9,10,-3,196.5959558,53.78,661.25
951200,662,663.5,1.9,10,-3,196.8048266,53.78,662.75
951300,657.5,659,1.9,10,-3,196.6905514,53.78,658.25
951400,655.5,657,1.9,10,-3,196.3636339,53.78,656.25
951500,653,654.5,1.9,10,-3,196.3216833,53.79,653.75
951600,650,651.5,1.9,10,-3,196.3146606,53.79,650.75
951700,655.5,657,1.9,10,-3,196.3890403,53.79,656.25
951800,653.5,655,1.9,10,-3,196.4942413,53.8,654.25
951900,656.5,658,1.9,10,-3,196.5641279,53.8,657.25
952000,655.5,657,1.9,10,-3,196.2500112,53.8,656.25
952100,657.5,659,1.9,10,-3,196.4308863,53.8,658.25
952200,653.5,655,1.9,10,-3,196.3874175,53.8,654.25
952300,652.5,654,1.9,10,-3,196.246774,53.81,653.25
952400,655,656.5,1.9,10,-3,196.4015814,53.81,655.75
952500,655,656.5,1.9,10,-3,196.5649408,53.81,655.75
952600,653,654.5,1.9,10,-3,196.3788197,53.82,653.75
952700,649,650.5,1.9,10,-3,196.1288159,53.82,649.75
952800,644.5,646,1.9,10,-3,195.9026392,53.82,645.25
952900,642,643.5,1.9,10,-3,195.730758,53.82,642.75
953000,643.5,645,1.9,10,-3,195.757789,53.82,644.25
953100,640,641.5,2,10,-3,195.7280545,53.83,640.75
953200,639.5,641,2,10,-3,196.0492268,53.83,640.25
953300,639,640.5,2,10,-3,196.0805252,53.83,639.75
953400,637,638.5,2,10,-3,195.8337022,53.84,637.75
953500,639,640.5,2,10,-3,196.1262809,53.84,639.75
953600,636,637.5,2,10,-3,195.94916,53.84,636.75
953700,638.5,640,2,10,-3,195.9850429,53.84,639.25
953800,637,638.5,2.1,10,-3,195.7413755,53.84,637.75
953900,638.5,640,2.1,10,-3,195.9355772,53.85,639.25
954000,641,642.5,2.1,10,-3,196.11997,53.85,641.75
954100,642,643.5,2.1,10,-3,196.2542753,53.85,642.75
954200,640,641.5,2.1,10,-3,196.0447492,53.86,640.75
954300,644,645.5,2.1,10,-3,196.7399533,53.86,644.75
954400,643,644.5,2.1,10,-3,196.8783608,53.86,643.75
954500,642.5,644,2.1,10,-3,196.7793946,53.86,643.25
954600,639.5,641,2.1,10,-3,196.6102124,53.86,640.25
954700,636.5,638,2.1,10,-3,196.3282936,53.87,637.25
954800,637,638.5,2.1,10,-3,196.6573299,53.87,637.75
954900,638.5,640,2.1,10,-3,196.9909953,53.87,639.25
955000,640,641.5,2.1,10,-3,196.6106578,53.88,640.75
955100,641,642.5,2.1,10,-3,196.4736983,53.88,641.75
955200,641.5,643,2.1,10,-3,196.6174017,53.88,642.25
955300,640,641.5,2.1,10,-3,196.4061704,53.88,640.75
955400,642,643.5,2.1,10,-3,196.4629057,53.88,642.75
955500,642.5,644,2.1,10,-3,196.494381,53.89,643.25
955600,642,643.5,2.1,10,-3,196.1864752,53.89,642.75
955700,643,644.5,2.1,10,-3,196.0551483,53.89,643.75
955800,641,642.5,2.1,10,-3,195.7715991,53.9,641.75
955900,636.5,638,2.1,10,-3,195.5676792,53.9,637.25
956000,634,635.5,2.1,10,-3,195.4432079,53.9,634.75
956100,631,632.5,2.1,10,-3,195.6288671,53.9,631.75
956200,628,629.5,2.1,10,-3,195.4280681,53.9,628.75
956300,629.5,631,2.1,10,-3,195.3600814,53.91,630.25
956400,629.5,631,2.1,10,-3,195.4922252,53.91,630.25
956500,628.5,630,2.1,10,-3,195.4899761,53.91,629.25
956600,631,632.5,2.1,10,-3,195.5812269,53.92,631.75
956700,628.5,630,2.1,10,-3,195.4819195,53.92,629.25
956800,629.5,631,2.1,10,-3,195.3961618,53.92,630.25
956900,624,625.5,2.1,10,-3,195.2944496,53.92,624.75
957000,626.5,628,2.1,10,-3,195.5329251,53.92,627.25
957100,625,626.5,2.1,10,-3,195.4831019,53.93,625.75
957200,628,629.5,2.1,10,-3,195.8819275,53.93,628.75
957300,626,627.5,2.1,10,-3,195.8190522,53.93,626.75
957400,628,629.5,2.1,10,-3,195.8351341,53.94,628.75
957500,628,629.5,2.1,10,-3,195.6520493,53.94,628.75
957600,630,631.5,2.1,10,-3,195.5470623,53.94,630.75
957700,628.5,630,2.1,10,-3,195.6150698,53.94,629.25
957800,625.5,627,2.1,10,-3,195.3552716,53.94,626.25
957900,624.5,626,2.1,10,-3,195.3184488,53.95,625.25
958000,623,624.5,2.1,10,-3,195.387203,53.95,623.75
958100,626.5,628,2.1,10,-3,195.513743,53.95,627.25
958200,625,626.5,2.1,10,-3,195.5322906,53.96,625.75
958300,622,623.5,2.1,10,-3,195.1643229,53.96,622.75
958400,616,617.5,2.1,10,-3,194.9098703,53.96,616.75
958500,615.5,617,2.1,10,-3,194.7640822,53.96,616.25
958600,616,617.5,2.1,10,-3,195.0139102,53.96,616.75
958700,616,617.5,2.1,10,-3,195.1021232,53.97,616.75
958800,619.5,621,2.1,10,-3,195.1249795,53.97,620.25
958900,622,623.5,2.1,10,-3,195.2461011,53.97,622.75
959000,623.5,625,2.1,10,-3,195.309761,53.98,624.25
959100,618,619.5,2.1,10,-3,195.2217682,53.98,618.75
959200,620,621.5,2.1,10,-3,195.3104346,53.98,620.75
959300,622.5,624,2.1,10,-3,195.3928766,53.98,623.25
959400,620.5,622,2.1,10,-3,195.2821678,53.98,621.25
959500,619.5,621,2.1,10,-3,195.1124948,53.99,620.25
959600,619,620.5,2.1,10,-3,194.9314836,53.99,619.75
959700,620.5,622,2.1,10,-3,194.9380457,53.99,621.25
959800,621.5,623,2.1,10,-3,195.4599967,54,622.25
959900,623,624.5,2.1,10,-3,195.4678881,54,623.75
960000,620,621.5,2.1,10,-3,195.313946,54,620.75
960100,621,622.5,2.1,10,-3,195.6888379,54,621.75
960200,624,625.5,2.1,10,-3,195.7258595,54,624.75
960300,623,624.5,2.1,10,-3,195.4982416,54.01,623.75
960400,623,624.5,2.1,10,-3,195.5438448,54.01,623.75
960500,623,624.5,2.1,10,-3,195.2556756,54.01,623.75
960600,623.5,625,2.1,10,-3,195.2592379,54.02,624.25
960700,620,621.5,2.1,10,-3,195.2307611,54.02,620.75
960800,622,623.5,2.1,10,-3,195.3485996,54.02,622.75
960900,619.5,621,2.1,10,-3,195.2432394,54.02,620.25
961000,616,617.5,2.1,10,-3,194.8679891,54.02,616.75
961100,617.5,619,2.1,10,-3,194.8128865,54.03,618.25
961200,615.5,617,2.1,10,-3,194.6934816,54.03,616.25
961300,613,614.5,2.1,10,-3,194.2929278,54.03,613.75
961400,613.5,615,2.1,10,-3,194.244988,54.04,614.25
961500,615,616.5,2.1,10,-3,194.1644347,54.04,615.75
961600,611.5,613,2.1,10,-3,193.9015242,54.04,612.25
961700,612,613.5,2.1,10,-3,193.5920468,54.04,612.75
961800,613,614.5,2.1,10,-3,193.7259721,54.04,613.75
961900,610.5,612,2.1,10,-3,193.2987498,54.05,611.25
962000,608,609.5,2.1,10,-3,193.091007,54.05,608.75
962100,612,613.5,2.1,10,-3,193.2205086,54.05,612.75
962200,615,616.5,2.1,10,-3,193.4160513,54.06,615.75
962300,618,619.5,2.1,10,-3,193.6692953,54.06,618.75
962400,621,622.5,2.1,10,-3,194.2629977,54.06,621.75
962500,620,621.5,2.1,10,-3,194.2905891,54.06,620.75
962600,618.5,620,2.1,10,-3,194.2573482,54.06,619.25
962700,618.5,620.5,2.1,10,-3,194.3203153,54.07,619.5
962800,623.5,625,2.1,10,-3,194.4768966,54.07,624.25
962900,625,626.5,2.1,10,-3,194.6905417,54.07,625.75
963000,623.5,625,2.1,10,-3,194.4463906,54.08,624.25
963100,627,628.5,2.1,10,-3,194.4878287,54.08,627.75
963200,624,625.5,2.1,10,-3,194.1507467,54.08,624.75
963300,624,626,2.1,10,-3,194.2626856,54.08,625
963400,625.5,627,2.1,10,-3,194.569967,54.08,626.25
963500,625,626.5,2.1,10,-3,194.7265748,54.09,625.75
963600,625,626.5,2.1,10,-3,194.7378224,54.09,625.75
963700,626.5,628,2.1,10,-3,194.7607366,54.09,627.25
963800,628,629.5,2.1,10,-3,194.8039978,54.1,628.75
963900,628.5,630,2.1,10,-3,194.7504555,54.1,629.25
964000,633.5,635,2.1,10,-3,194.7855701,54.1,634.25
964100,630.5,632,2.1,10,-3,194.771706,54.1,631.25
964200,625.5,627,2.1,10,-3,194.4956824,54.1,626.25
964300,626,627.5,2.1,10,-3,194.5845908,54.11,626.75
964400,630,631.5,2.1,10,-3,195.0586522,54.11,630.75
964500,629,630.5,2.1,10,-3,194.9815155,54.11,629.75
964600,630.5,632,2.1,10,-3,194.9831827,54.12,631.25
964700,633,634.5,2.1,10,-3,195.0283604,54.12,633.75
964800,631,632.5,2.1,10,-3,194.904396,54.12,631.75
964900,631,632.5,2.1,10,-3,194.7837265,54.12,631.75
965000,635,636.5,2.1,10,-3,194.9360037,54.12,635.75
965100,634,635.5,2.1,10,-3,195.2437185,54.13,634.75
965200,632,633.5,2.1,10,-3,195.3590921,54.13,632.75
965300,629,630.5,2.1,10,-3,195.1248241,54.13,629.75
965400,625,626.5,2.1,10,-3,194.8696907,54.14,625.75
965500,621,622.5,2.1,10,-3,194.8451234,54.14,621.75
965600,622.5,624,2.1,10,-3,194.6663874,54.14,623.25
965700,621,622.5,2.1,10,-3,194.6305496,54.14,621.75
965800,616.5,618,2.1,10,-3,194.3419221,54.14,617.25
965900,620.5,622,2.1,10,-3,194.6381064,54.15,621.25
966000,620.5,622.5,2.1,10,-3,194.6522758,54.15,621.5
966100,624,625.5,2.1,10,-3,194.6810316,54.15,624.75
966200,623.5,625.5,2.1,10,-3,194.526824,54.16,624.5
966300,624,625.5,2.1,10,-3,194.4735724,54.16,624.75
966400,625,626.5,2.1,10,-3,194.5525461,54.16,625.75
966500,625.5,627,2.1,10,-3,194.6621322,54.16,626.25
966600,629,630.5,2.1,10,-3,194.8542642,54.16,629.75
966700,629,631,2.1,10,-3,195.0878044,54.17,630
966800,628.5,630,2.1,10,-3,195.047562,54.17,629.25
966900,630.5,632,2.1,10,-3,195.2372867,54.17,631.25
967000,632,633.5,2.1,10,-3,195.3318615,54.18,632.75
967100,636.5,638,2.1,10,-3,195.5752288,54.18,637.25
967200,638,639.5,2.1,10,-3,195.8270903,54.18,638.75
967300,639,640.5,2.1,10,-3,195.8809496,54.18,639.75
967400,636.5,638,2.1,10,-3,195.670731,54.18,637.25
967500,634,635.5,2.1,10,-3,195.5009988,54.19,634.75
967600,637.5,639,2.1,10,-3,195.9953439,54.19,638.25
967700,638.5,640,2.1,10,-3,196.3690582,54.19,639.25
967800,640,641.5,2.1,10,-3,196.2064815,54.2,640.75
967900,642,643.5,2.1,10,-3,196.318329,54.2,642.75
968000,641,642.5,2.1,10,-3,196.2556294,54.2,641.75
968100,641.5,643,2.1,10,-3,196.46203,54.2,642.25
968200,643.5,645,2.1,10,-3,196.5641245,54.2,644.25
968300,640,641.5,2.1,10,-3,196.3467718,54.21,640.75
968400,640.5,642,2.1,10,-3,196.3673551,54.21,641.25
968500,642,643.5,2.1,10,-3,196.5020158,54.21,642.75
968600,644,645.5,2.1,10,-3,196.8329454,54.22,644.75
968700,641.5,643,2.1,10,-3,196.6081919,54.22,642.25
968800,641.5,643,2.1,10,-3,196.7102989,54.22,642.25
968900,640,641.5,2.1,10,-3,196.2778328,54.22,640.75
969000,643,644.5,2.1,10,-3,196.719357,54.22,643.75
969100,644.5,646,2.1,10,-3,196.9363698,54.23,645.25
969200,646.5,648,2.1,10,-3,197.0464972,54.23,647.25
969300,646.5,648.5,2.1,10,-3,196.9673694,54.23,647.5
969400,646,647.5,2.1,10,-3,196.8293477,54.24,646.75
969500,646,647.5,2.1,10,-3,196.8346285,54.24,646.75
969600,649,650.5,2.1,10,-3,197.0722992,54.24,649.75
969700,647,648.5,2.1,10,-3,196.9752881,54.24,647.75
969800,643,644.5,2.1,10,-3,196.85501,54.24,643.75
969900,645.5,647,2.1,10,-3,196.9195697,54.25,646.25
970000,648,649.5,2.1,10,-3,197.2389698,54.25,648.75
970100,649,650.5,2.1,10,-3,197.0132656,54.25,649.75
970200,653,654.5,2.1,10,-3,197.1631619,54.26,653.75
970300,650,651.5,2.1,10,-3,197.1369049,54.26,650.75
970400,651.5,653,2.1,10,-3,197.2031591,54.26,652.25
970500,651.5,653,2.1,10,-3,196.8882914,54.26,652.25
970600,652.5,654,2.1,10,-3,196.9210448,54.26,653.25
970700,652,653.5,2.1,10,-3,197.0912399,54.27,652.75
970800,654.5,656,2.1,10,-3,197.2186236,54.27,655.25
970900,654,656,2.1,10,-3,197.5056972,54.27,655
971000,660.5,662,2.1,10,-3,197.7646189,54.28,661.25
971100,661.5,663,2.1,10,-3,197.780731,54.28,662.25
971200,661,663,2.1,10,-3,197.7120737,54.28,662
971300,661,662.5,2.1,10,-3,197.6842965,54.28,661.75
971400,655.5,657,2.1,10,-3,197.6919354,54.28,656.25
971500,657,658.5,2.1,10,-3,197.8229199,54.29,657.75
971600,658.5,660,2.1,10,-3,197.944238,54.29,659.25
971700,655,656.5,2.1,10,-3,197.7620654,54.29,655.75
971800,654.5,656,2.1,10,-3,197.6848246,54.3,655.25
971900,655.5,657,2.1,10,-3,197.8370719,54.3,656.25
972000,654.5,656,2.1,10,-3,198.2896566,54.3,655.25
972100,655.5,657,2.1,10,-3,198.4687572,54.3,656.25
972200,658,659.5,2.1,10,-3,198.6055325,54.3,658.75
972300,660,661.5,2.1,10,-3,198.6386223,54.31,660.75
972400,656,657.5,2.1,10,-3,198.4760309,54.31,656.75
972500,660,661.5,2.1,10,-3,198.6031354,54.31,660.75
972600,666,667.5,2.1,10,-3,198.6272469,54.32,666.75
972700,669,670.5,2.1,10,-3,198.817913,54.32,669.75
972800,669,670.5,2.1,10,-3,198.7442286,54.32,669.75
972900,665,666.5,2.1,10,-3,198.4072837,54.32,665.75
973000,665,667,2.1,10,-3,198.2203377,54.32,666
973100,664,665.5,2.1,10,-3,197.8174416,54.33,664.75
973200,664.5,666,2.1,10,-3,197.2866803,54.33,665.25
973300,667.5,669,2.1,10,-3,197.2081332,54.33,668.25
973400,665.5,667,2.1,10,-3,197.3022276,54.34,666.25
973500,661.5,663,2.1,10,-3,197.1449082,54.34,662.25
973600,660.5,662,2.1,10,-3,196.7686784,54.34,661.25
973700,662.5,664,2.1,10,-3,196.886177,54.34,663.25
973800,661.5,663,2.1,10,-3,196.8808552,54.34,662.25
973900,657.5,659,2.1,10,-3,196.830716,54.35,658.25
974000,654.5,656,2.1,10,-3,196.5946116,54.35,655.25
974100,655.5,657,2.1,10,-3,196.7612501,54.35,656.25
974200,650,651.5,2.1,10,-3,196.4822362,54.36,650.75
974300,653.5,655,2.1,10,-3,196.714023,54.36,654.25
974400,655.5,657,2.1,10,-3,196.9611078,54.36,656.25
974500,657,658.5,2.1,10,-3,196.7359768,54.36,657.75
974600,656.5,658,2.1,10,-3,196.3796255,54.36,657.25
974700,654.5,656,2.1,10,-3,196.0750966,54.37,655.25
974800,651.5,653,2.1,10,-3,196.2522925,54.37,652.25
974900,653,654.5,2.1,10,-3,196.1947844,54.37,653.75
975000,655,656.5,2.1,10,-3,196.3073972,54.38,655.75
975100,656.5,658,2.1,10,-3,196.5590903,54.38,657.25
975200,658.5,660,2.1,10,-3,196.6655826,54.38,659.25
975300,659.5,661,2.1,10,-3,196.8298938,54.38,660.25
975400,658.5,660,2.1,10,-3,196.7186978,54.38,659.25
975500,657,658.5,2.1,10,-3,196.6075955,54.39,657.75
975600,656,657.5,2.1,10,-3,196.5161562,54.39,656.75
975700,654.5,656,2.1,10,-3,196.519953,54.39,655.25
975800,657,658.5,2.1,10,-3,196.5409312,54.4,657.75
975900,656,657.5,2.1,10,-3,196.363673,54.4,656.75
976000,657,658.5,2.1,10,-3,196.390358,54.4,657.75
976100,658.5,660,2.1,10,-3,196.5390212,54.4,659.25
976200,657.5,659,2.1,10,-3,196.3821466,54.4,658.25
976300,659,660.5,2.1,10,-3,195.8635955,54.41,659.75
976400,660.5,662,2.1,10,-3,195.9177674,54.41,661.25
976500,663,664.5,2.1,10,-3,195.9590136,54.41,663.75
976600,661.5,663,2.1,10,-3,195.9235979,54.42,662.25
976700,665,666.5,2.1,10,-3,196.032643,54.42,665.75
976800,665,666.5,2.1,10,-3,196.0211506,54.42,665.75
976900,664.5,666,2.1,10,-3,196.0756756,54.42,665.25
977000,662.5,664,2.1,10,-3,195.9609708,54.42,663.25
977100,661,662.5,2.1,10,-3,196.1034239,54.43,661.75
977200,662.5,664,2.1,10,-3,196.3032213,54.43,663.25
977300,665,666.5,2.1,10,-3,196.3536385,54.43,665.75
977400,666.5,668,2.1,10,-3,196.6487441,54.44,667.25
977500,666.5,668,2.1,10,-3,196.6568912,54.44,667.25
977600,665,666.5,2.1,10,-3,196.4628605,54.44,665.75
977700,668,669.5,2.1,10,-3,196.5284292,54.44,668.75
977800,669,670.5,2.1,10,-3,196.4769519,54.44,669.75
977900,665.5,667,2.1,10,-3,196.4593655,54.45,666.25
978000,662.5,664,2.1,10,-3,196.2875523,54.45,663.25
978100,667.5,669,2.1,10,-3,196.5588429,54.45,668.25
978200,666,667.5,2.1,10,-3,196.5101245,54.46,666.75
978300,668,669.5,2.1,10,-3,196.6448075,54.46,668.75
978400,665,666.5,2.1,10,-3,196.4252509,54.46,665.75
978500,668.5,670,2.1,10,-3,196.6952853,54.46,669.25
978600,670,671.5,2.1,10,-3,196.678245,54.46,670.75
978700,670,671.5,2.1,10,-3,196.6724786,54.47,670.75
978800,672.5,674,2.1,10,-3,197.0157113,54.47,673.25
978900,674,675.5,2.1,10,-3,197.0657032,54.47,674.75
979000,673.5,675,2.1,10,-3,196.8941365,54.48,674.25
979100,673.5,675,2.1,10,-3,197.0781585,54.48,674.25
979200,671.5,673,2.1,10,-3,196.9753157,54.48,672.25
979300,667.5,669,2.1,10,-3,196.9738722,54.48,668.25
979400,664.5,666,2.1,10,-3,196.8537974,54.48,665.25
979500,666,667.5,2.1,10,-3,196.8988559,54.49,666.75
979600,663.5,665,2.1,10,-3,196.5579443,54.49,664.25
979700,663.5,665.5,2.1,10,-3,196.6329407,54.49,664.5
979800,659.5,661,2.1,10,-3,196.6195843,54.5,660.25
979900,659,660.5,2.1,10,-3,196.7515538,54.5,659.75
980000,654.5,656,2.1,10,-3,196.6207715,54.5,655.25
980100,660.5,662,2.1,10,-3,196.7883465,54.5,661.25
980200,661,662.5,2.1,10,-3,196.7551767,54.5,661.75
980300,661,662.5,2.1,10,-3,196.9861954,54.51,661.75
980400,664,665.5,2.1,10,-3,197.0564982,54.51,664.75
980500,662,663.5,2.1,10,-3,196.7646346,54.51,662.75
980600,665,666.5,2.1,10,-3,196.8307127,54.52,665.75
980700,662.5,664,2.1,10,-3,196.8557795,54.52,663.25
980800,660.5,662,2.1,10,-3,197.2775311,54.52,661.25
980900,658,659.5,2.1,10,-3,197.2741494,54.52,658.75
981000,659.5,661,2.1,10,-3,197.4344441,54.52,660.25
981100,659.5,661,2.1,10,-3,197.4891584,54.53,660.25
981200,656,657.5,2.1,10,-3,197.3230398,54.53,656.75
981300,654,655.5,2.1,10,-3,197.2620268,54.53,654.75
981400,658,659.5,2.1,10,-3,197.338275,54.54,658.75
981500,657.5,659.5,2.1,10,-3,197.4535683,54.54,658.5
981600,655.5,657,2.1,10,-3,197.3957548,54.54,656.25
981700,657,658.5,2.1,10,-3,197.4484313,54.54,657.75
981800,660,661.5,2.1,10,-3,197.6846366,54.54,660.75
981900,661,662.5,2.1,10,-3,197.7271153,54.55,661.75
982000,657.5,659,2.1,10,-3,197.6484473,54.55,658.25
982100,656,657.5,2.1,10,-3,197.345627,54.55,656.75
982200,656,657.5,2.1,10,-3,197.0486886,54.56,656.75
982300,653.5,655,2.1,10,-3,196.9020328,54.56,654.25
982400,654,655.5,2.1,10,-3,196.902372,54.56,654.75
982500,652,653.5,2.1,10,-3,196.5423508,54.56,652.75
982600,650.5,652,2.1,10,-3,196.3564099,54.56,651.25
982700,648.5,650,2.1,10,-3,196.3333147,54.57,649.25
982800,647,648.5,2.1,10,-3,196.2481142,54.57,647.75
982900,651,652.5,2.1,10,-3,196.3584852,54.57,651.75
983000,651,652.5,2.1,10,-3,196.3474559,54.58,651.75
983100,649,650.5,2.1,10,-3,196.2156593,54.58,649.75
983200,650.5,652,2.1,10,-3,196.4763198,54.58,651.25
983300,654,655.5,2.1,10,-3,196.5451101,54.58,654.75
983400,653.5,655,2.1,10,-3,196.5319986,54.58,654.25
983500,655.5,657,2.1,10,-3,196.7329813,54.59,656.25
983600,656.5,658,2.1,10,-3,196.8841046,54.59,657.25
983700,655.5,657,2.1,10,-3,196.8678228,54.59,656.25
983800,652,653.5,2.1,10,-3,196.3735484,54.6,652.75
983900,652,653.5,2.1,10,-3,196.4892074,54.6,652.75
984000,650.5,652,2.1,10,-3,196.3700001,54.6,651.25
984100,649,650.5,2.1,10,-3,196.4873729,54.6,649.75
984200,655.5,657,2.1,10,-3,196.7209685,54.6,656.25
984300,657,658.5,2.1,10,-3,196.9438106,54.61,657.75
984400,660.5,662,2.1,10,-3,197.4650433,54.61,661.25
984500,658.5,660,2.1,10,-3,197.3962247,54.61,659.25
984600,657.5,659,2.1,10,-3,197.378883,54.62,658.25
984700,657.5,659,2.1,10,-3,197.539477,54.62,658.25
984800,661.5,663,2.1,10,-3,197.7152329,54.62,662.25
984900,655.5,657,2.1,10,-3,197.6286021,54.62,656.25
985000,652.5,654,2.1,10,-3,197.4586734,54.62,653.25
985100,652.5,654,2.1,10,-3,197.5645571,54.63,653.25
985200,654,655.5,2.1,10,-3,197.5493935,54.63,654.75
985300,658.5,660,2.1,10,-3,197.7605596,54.63,659.25
985400,658.5,660,2.1,10,-3,197.8754986,54.64,659.25
985500,662,663.5,2.1,10,-3,197.9821778,54.64,662.75
985600,665,666.5,2.1,10,-3,198.3321415,54.64,665.75
985700,669.5,671,2.1,10,-3,198.5569046,54.64,670.25
985800,674.5,676,2.1,10,-3,198.7702593,54.64,675.25
985900,675.5,677,2.1,10,-3,198.7756382,54.65,676.25
986000,678,679.5,2.1,10,-3,198.6872455,54.65,678.75
986100,683.5,685,2.1,10,-3,198.7255645,54.65,684.25
986200,689,690.5,2.1,10,-3,198.8657311,54.66,689.75
986300,693,694.5,2.1,10,-3,199.2245108,54.66,693.75
986400,692,693.5,2.1,10,-3,199.0015078,54.66,692.75
986500,691,692.5,2.1,10,-3,198.7664089,54.66,691.75
986600,692,693.5,2.1,10,-3,198.9063139,54.66,692.75
986700,694.5,696,2.1,10,-3,199.2464925,54.67,695.25
986800,697.5,699,2.1,10,-3,199.462892,54.67,698.25
986900,695.5,697,2.1,10,-3,199.3625567,54.67,696.25
987000,692.5,694,2.1,10,-3,198.9342022,54.68,693.25
987100,689.5,691,2.1,10,-3,198.6884637,54.68,690.25
987200,685.5,687,2.1,10,-3,198.5453218,54.68,686.25
987300,687.5,689,2.1,10,-3,198.2628772,54.68,688.25
987400,691.5,693,2.1,10,-3,198.5130227,54.68,692.25
987500,689,690.5,2.1,10,-3,198.3454237,54.69,689.75
987600,686.5,688,2.1,10,-3,198.4205676,54.69,687.25
987700,684.5,686,2.1,10,-3,198.3243338,54.69,685.25
987800,683.5,685,2.1,10,-3,198.1422644,54.7,684.25
987900,686,687.5,2.1,10,-3,198.3000441,54.7,686.75
988000,685.5,687,2.1,10,-3,198.1350068,54.7,686.25
988100,688,689.5,2.1,10,-3,198.3448469,54.7,688.75
988200,685.5,687,2.1,10,-3,198.3218652,54.7,686.25
988300,682,683.5,2.1,10,-3,198.0532588,54.71,682.75
988400,682,683.5,2.1,10,-3,198.4202857,54.71,682.75
988500,680,681.5,2.1,10,-3,198.373967,54.71,680.75
988600,679,680.5,2.1,10,-3,198.2916025,54.72,679.75
988700,674,675.5,2.1,10,-3,198.2378628,54.72,674.75
988800,677,678.5,2.1,10,-3,198.4389797,54.72,677.75
988900,679,680.5,2.1,10,-3,198.5562122,54.72,679.75
989000,680,681.5,2.1,10,-3,198.5956208,54.72,680.75
989100,680.5,682,2.1,10,-3,198.623542,54.73,681.25
989200,679.5,681,2.1,10,-3,198.5545824,54.73,680.25
989300,681,682.5,2.1,10,-3,198.7508932,54.73,681.75
989400,679.5,681,2.1,10,-3,198.6992881,54.74,680.25
989500,680,681.5,2.1,10,-3,198.9539611,54.74,680.75
989600,684,685.5,2.1,10,-3,199.061585,54.74,684.75
989700,683.5,685,2.1,10,-3,198.8548447,54.74,684.25
989800,683.5,685,2.1,10,-3,198.7940438,54.74,684.25
989900,683.5,685,2.1,10,-3,198.6500437,54.75,684.25
990000,688.5,690,2.1,10,-3,198.8441633,54.75,689.25
990100,685,686.5,2.1,10,-3,198.8045017,54.75,685.75
990200,684,685.5,2.1,10,-3,198.8436834,54.76,684.75
990300,686.5,688,2.1,10,-3,198.5845064,54.76,687.25
990400,689.5,691,2.1,10,-3,199.1255409,54.76,690.25
990500,691.5,693,2.1,10,-3,199.2481845,54.76,692.25
990600,690.5,692,2.1,10,-3,199.3588202,54.76,691.25
990700,693,694.5,2.1,10,-3,199.5393241,54.77,693.75
990800,692.5,694,2.1,10,-3,199.3093785,54.77,693.25
990900,692.5,694,2.1,10,-3,199.3180344,54.77,693.25
991000,693.5,695,2.1,10,-3,199.2427705,54.78,694.25
991100,695,696.5,2.1,10,-3,199.2509845,54.78,695.75
991200,690.5,692,2.1,10,-3,199.2028624,54.78,691.25
991300,689.5,691,2.1,10,-3,199.1742329,54.78,690.25
991400,689,690.5,2.1,10,-3,199.2825805,54.78,689.75
991500,685.5,687,2.1,10,-3,198.950605,54.79,686.25
991600,681.5,683,2.1,10,-3,198.845607,54.79,682.25
991700,681.5,683.5,2.1,10,-3,198.7435117,54.79,682.5
991800,683,684.5,2.1,10,-3,198.8274154,54.8,683.75
991900,680.5,682,2.1,10,-3,198.9289967,54.8,681.25
992000,677,678.5,2.1,10,-3,198.8195118,54.8,677.75
992100,676,677.5,2.1,10,-3,198.7779536,54.8,676.75
992200,679.5,681,2.1,10,-3,198.840035,54.8,680.25
992300,679.5,681,2.1,10,-3,198.859847,54.81,680.25
992400,681.5,683,2.1,10,-3,198.9267827,54.81,682.25
992500,680.5,682,2.1,10,-3,199.0566678,54.81,681.25
992600,676.5,678,2.1,10,-3,198.8865551,54.82,677.25
992700,673,674.5,2.1,10,-3,198.8157316,54.82,673.75
992800,671,672.5,2.1,10,-3,198.8673662,54.82,671.75
992900,672,673.5,2.1,10,-3,198.6853354,54.82,672.75
993000,670.5,672,2.1,10,-3,198.5052894,54.82,671.25
993100,670,671.5,2.1,10,-3,198.5013099,54.83,670.75
993200,669,670.5,2.1,10,-3,198.3733438,54.83,669.75
993300,666.5,668,2.1,10,-3,198.1641578,54.83,667.25
993400,665,666.5,2.1,10,-3,198.0369295,54.84,665.75
993500,662.5,664,2.1,10,-3,197.723233,54.84,663.25
993600,662.5,664,2.1,10,-3,197.347235,54.84,663.25
993700,667,668.5,2.1,10,-3,197.8788974,54.84,667.75
993800,667.5,669,2.1,10,-3,198.0825187,54.84,668.25
993900,670,671.5,2.1,10,-3,198.1277128,54.85,670.75
994000,672,673.5,2.1,10,-3,198.1879521,54.85,672.75
994100,670.5,672,2.1,10,-3,197.74407,54.85,671.25
994200,667,668.5,2.1,10,-3,197.61497,54.86,667.75
994300,670,671.5,2.1,10,-3,197.9151289,54.86,670.75
994400,671.5,673,2.1,10,-3,198.0089926,54.86,672.25
994500,673,674.5,2.1,10,-3,198.0988992,54.86,673.75
994600,672,673.5,2.1,10,-3,198.0804365,54.86,672.75
994700,670.5,672,2.1,10,-3,197.6258103,54.87,671.25
994800,665,666.5,2.1,10,-3,197.5767096,54.87,665.75
994900,664,665.5,2.1,10,-3,197.5166107,54.87,664.75
995000,660.5,662,2.1,10,-3,197.4233193,54.88,661.25
995100,663,664.5,2.1,10,-3,197.5004682,54.88,663.75
995200,662,663.5,2.1,10,-3,197.3352539,54.88,662.75
995300,662,663.5,2.1,10,-3,197.4041853,54.88,662.75
995400,664.5,666,2.1,10,-3,197.5930255,54.88,665.25
995500,663.5,665,2.1,10,-3,197.3458316,54.89,664.25
995600,663,664.5,2.1,10,-3,197.3365973,54.89,663.75
995700,660,661.5,2.1,10,-3,196.9115345,54.89,660.75
995800,658.5,660,2.1,10,-3,196.9173801,54.9,659.25
995900,662.5,664,2.1,10,-3,197.2552069,54.9,663.25
996000,663,664.5,2.1,10,-3,197.3511357,54.9,663.75
996100,661,662.5,2.1,10,-3,197.2979294,54.9,661.75
996200,665.5,667,2.1,10,-3,197.4369073,54.9,666.25
996300,666,667.5,2.1,10,-3,197.5285397,54.91,666.75
996400,665,666.5,2.1,10,-3,197.4542078,54.91,665.75
996500,664.5,666,2.1,10,-3,197.2048671,54.91,665.25
996600,662.5,664,2.1,10,-3,197.0638107,54.92,663.25
996700,662.5,664,2.1,10,-3,197.1690655,54.92,663.25
996800,665,666.5,2.1,10,-3,196.9074902,54.92,665.75
996900,665.5,667,2.1,10,-3,197.1969808,54.92,666.25
997000,664,665.5,2.1,10,-3,197.1234076,54.92,664.75
997100,664,665.5,2.1,10,-3,197.1576731,54.93,664.75
997200,667,668.5,2.1,10,-3,197.292087,54.93,667.75
997300,670,671.5,2.1,10,-3,197.4057587,54.93,670.75
997400,670,671.5,2.1,10,-3,197.4908323,54.94,670.75
997500,667,668.5,2.1,10,-3,197.3237694,54.94,667.75
997600,668.5,670,2.1,10,-3,197.3377513,54.94,669.25
997700,668,669.5,2.1,10,-3,197.3546026,54.94,668.75
997800,668,670,2.1,10,-3,197.5547766,54.94,669
997900,668,669.5,2.1,10,-3,197.5114984,54.95,668.75
998000,666.5,668,2.1,10,-3,197.4534778,54.95,667.25
998100,663.5,665,2.1,10,-3,197.2325667,54.95,664.25
998200,665.5,667,2.1,10,-3,197.4488281,54.96,666.25
998300,667,668.5,2.1,10,-3,197.6102591,54.96,667.75
998400,666.5,668,2.1,10,-3,197.5196943,54.96,667.25
998500,670.5,672,2.1,10,-3,197.5823485,54.96,671.25
998600,674,675.5,2.1,10,-3,197.8578192,54.96,674.75
998700,675,676.5,2.1,10,-3,197.7458891,54.97,675.75
998800,673.5,675,2.1,10,-3,197.7379978,54.97,674.25
998900,671,672.5,2.1,10,-3,197.7138062,54.97,671.75
999000,672.5,674,2.1,10,-3,198.1715196,54.98,673.25
999100,675,676.5,2.1,10,-3,198.2942652,54.98,675.75
999200,678.5,680,2.1,10,-3,198.3750189,54.98,679.25
999300,674.5,676,2.1,10,-3,198.0523862,54.98,675.25
999400,673.5,675,2.1,10,-3,198.1034423,54.98,674.25
999500,675.5,677,2.1,10,-3,198.1322718,54.99,676.25
999600,670.5,672,2.1,10,-3,197.8993744,54.99,671.25
999700,670,672,2.1,10,-3,197.9001152,54.99,671
999800,668.5,670,2.1,10,-3,198.1923812,55,669.25
999900,668.5,670.5,2.1,10,-3,198.576193,55,669.5